{"title": "An Intro To The World of Connectomics", "data": [{"type": "sentence", "content": "The brain is a miraculous organ, and that's not a secret to anyone. Our brains may only be 3 pounds, however, it's the powerhouse of intelligence, interpretation, initiating body movement, and is the steering wheel that controls all of our behaviours."}, {"type": "sentence", "content": "Although the brain is one of the most important organs within all living organisms, neuroscientists still don't understand nor can comprehend how some components within the brain work. If neuroscientists don't even fully comprehend how information is processed within the brain of a tiny worm with a few hundred neurons, we shouldn't be surprised that the human brain with 80-100 billion neurons, is still a mystery to us."}, {"type": "sentence", "content": "What if we want to ask more questions about brain activity? Like how neurological disorders, such as Alzheimer's and ADHD develop?"}, {"type": "sentence", "content": "Through the study of connectomics, we can ask better questions about specifics within the brain."}, {"type": "sentence", "content": "In this article, I'll be giving you an overview of the world of connectomics."}, {"type": "image", "content": "https://miro.medium.com/max/1600/0*6w4ijdoXdCsMZxyp.gif"}, {"type": "subtitle", "content": "Brain Communication"}, {"type": "sentence", "content": "In order to understand connectomics, we need to have a basic understanding of communication within the brain."}, {"type": "sentence", "content": "I don't know about you, but when I hear really good music, I automatically start dancing. I don't care where I am, good music calls for a dance party at any moment."}, {"type": "sentence", "content": "When someone throws a ball at me, my first instinct is not to dodge it, but rather run towards the ball and catch it."}, {"type": "sentence", "content": "Occasionally, when my mother asks me to put away my dishes, I run downstairs to put them away before my mother gets annoyed at me."}, {"type": "sentence", "content": "How do we instinctively know how to do these tasks?"}, {"type": "sentence", "content": "The brain is made up of billions of cells referred to as neurons."}, {"type": "sentence", "content": "These neurons carry information that consists of electrical pulses, and whenever you perform any action, neurons in your brain fire off."}, {"type": "sentence", "content": "A neuron has branches that look like a tree, and they are called dendrites. The dendrites receive signals, and a longer projection that looks like a tree trunk, called the axon, sends signals."}, {"type": "sentence", "content": "These electrical pulses can jump from neurons to neurons through the use of the nerve releasing chemical signals called neurotransmitters."}, {"type": "sentence", "content": "At the end of the axons, we can find synapses that act as a channel for neurons to communicate. The neuron transmitters will then use the synapses as a tunnel to travel from different neurons, creating new electrical waves where it travels."}, {"type": "image", "content": "https://miro.medium.com/max/1530/0*x8FMIbwzStGgD44M.jpg"}, {"type": "subtitle", "content": "The Connectome"}, {"type": "sentence", "content": "The connectome is a comprehensive map of the neural connections within the brain of an organism. It's often thought of as a wiring diagram that maps all the neural connections within the nervous system of an organism. A connectome can refer to the mapping of a brain of an entire organism, or the mapping of brain subsystems, such as hippocampal connectomes, thalamic connectomes, or cortical connectomes."}, {"type": "sentence", "content": "Currently, the only organism that we have a complete connectome for is C. elegans , which is a one and a half millimetre organism. This organism has a very small neural network, consisting of around 300 neurons and around 7,000 synaptic connections."}, {"type": "image", "content": "https://miro.medium.com/max/4582/0*HjGMZQ2qzaq94RHB.jpg"}, {"type": "sentence", "content": "Construction of the C. elegans connectome took a very long time and involved very tedious scientific manpower. Every individual neuron was identified, located, and traced, just through manual visual recognition. This means that individual scientists had to follow the organism's neuronal pathways with their own vision, and the convoluted paths were tracked through many microscopic images."}, {"type": "sentence", "content": "Unsurprisingly, the human brain is far more complicated in comparison to the brain of C. elegans. In fact, our brains have 80-100 billion neurons and an estimated amount of 700 trillion synaptic connections. Today, completing the human connectome is out of our reach due to the existing technology we have. The first reason is that there aren't enough electron microscopes in existence to make imaging of the large amounts of tissue in our brains feasible. Second, interpreting these images and tracing projections from each neuron is still carried out through humans clicking through images, which is not efficient what so ever."}, {"type": "sentence", "content": "If we want to accomplish building a single human connectome, we will need many electron microscopes and artificial intelligence that can accomplish the task of visually tracing neuronal projections and recognizing and recording synaptic connections."}, {"type": "sentence", "content": "Although there are possible challenges related to mapping the human connectome, there are many opportunities that create optimism for this possibility."}, {"type": "sentence", "content": "Electron microscopy is rapidly improving and decreasing in cost, and there is a promising future of faster and stronger prototypes of these microscopes. Additionally, artificial intelligence is being pursued in many labs to accomplish the tedious task of visualization that comes with mapping a connectome."}, {"type": "subtitle", "content": "The Importance of Constructing a Human Connectome"}, {"type": "sentence", "content": "Human mental behaviour, such as intelligence (general abilities), depression, ADHD, and schizophrenia are hypothesized to be related to different parts and features of the human brain. Currently, we lack the tools necessary to investigate such theories. However, once we can fully construct human connectomes, scientists and doctors will solve many mysteries related to the correlation between our brain structure and abilities and behaviours. By comparing wiring diagrams of different human brains, it is likely that with this information, we will be able to develop target treatments such as better drugs, neural prostheses, and different surgical practices."}, {"type": "subtitle", "content": "Key Takeaways \ud83d\udd11"}, {"type": "subtitle", "content": "Contact me for any inquiries \ud83d\ude80"}, {"type": "sentence", "content": "Hi, I'm Ashley, a 16-year-old coding nerd, and an A.I. and neuroscience enthusiast!"}, {"type": "sentence", "content": "I hope you enjoyed reading my article, and if you did, feel free to check out some of my other pieces on Medium :)"}, {"type": "sentence", "content": "Articles you will like if you read this one:"}, {"type": "sentence", "content": "\ud83d\udcab A Crash Course On Brain-Computer Interfaces"}, {"type": "sentence", "content": "\ud83d\udcabNeuralink: Making Mind Control Possible"}, {"type": "sentence", "content": "\ud83d\udcabNeuroPace- The Device That Stops Seizures Before They Happen"}, {"type": "sentence", "content": "\ud83d\udcab Detecting Pneumonia Using CNNs In TensorFlow"}, {"type": "sentence", "content": "If you have any questions, would like to learn more about me, or want resources for anything A.I. or programming related, you can contact me by:"}, {"type": "sentence", "content": "\ud83d\udcabEmail: ashleycinquires@gmail.com"}, {"type": "sentence", "content": "\ud83d\udcab Linkedin"}, {"type": "sentence", "content": "\ud83d\udcabGithub"}], "topic": "neuroscience", "uuid": "01bab62a6d57c00c05be25a4342b99597f75cd79472fc8bc434f4434", "link": "https://ashleyy-czumak.medium.com/an-intro-to-the-world-of-connectomics-84934c29047e"}