{"title": "A Ban on US Banks Issuing Dividends Would Be Bad Policy", "data": [{"type": "image", "content": "https://miro.medium.com/max/1800/0*q0UaqwCy5UFcqsw2"}, {"type": "sentence", "content": "Economic turmoil related to the Covid-19 pandemic has spurred calls for the Federal Reserve to prevent US banks from issuing dividends, following similar moves by regulators in Europe and the UK. Such action would produce little to no benefits and substantial costs. In fact, a ban could strain banks' ability to support lending and economic growth, both now and over the long term."}, {"type": "sentence", "content": "Thus far, US banks have been able to meet much of the unexpected demand for capital and liquidity created by this abrupt decline in economic activity. US banks dramatically expanded their lending at the onset of the health and economic crisis. While Fed lending has risen by about $120bn, bank lending has risen by $800bn, mostly funding companies drawing on their lines of credit."}, {"type": "sentence", "content": "The banks have further capacity to lend. Post-crisis regulations require larger banks to operate with huge capital buffers above their regulatory requirements. As of the end of the first quarter, the largest banks - those with more than $100bn in assets - held more than $245bn in capital above those requirements, including all applicable regulatory buffers. That translates into lending capacity of more than $2tn."}, {"type": "sentence", "content": "US banks also remain highly capitalised, with buffers intact even after taking large earnings charges in the first quarter to establish reserves under the new \" current expected credit loss \" (CECL) accounting standard. This new rule, similar to Europe's IFRS 9, requires banks to establish an allowance - basically, a reserve - for every loan, based on its expected losses under the current economic outlook. The largest US banks added about $60bn to their allowances in the first quarter of 2020 - yet still maintained a high average common equity tier one capital ratio of 11.4 per cent. That is well above the minimum level of 4.5 per cent."}, {"type": "sentence", "content": "Of course, if the recession were to deepen, banks would need to build their reserves further. However, banks continue to generate earnings that can be used for this purpose. And buffers could be used to fill any gaps."}, {"type": "sentence", "content": "In the US, the Fed also governs the ability of banks to pay dividends through its annual stress test. Under that test, banks must capitalise the next four quarters of dividends - that is, pass all the minimum post-stress capital requirements even after pre-funding a year of dividends. Those proposing a blanket ban would effectively abandon this process."}, {"type": "sentence", "content": "Leaving aside its putative benefits, a blanket dividend ban imposed outside the current regulatory framework would come with a substantial cost. It would make it difficult for investors to value banks, and thereby make them decidedly less investable. Investors might logically prefer companies whose boards of directors retain authority to maximise value for shareholders, so long as all regulatory requirements are met."}, {"type": "sentence", "content": "This would continue a worrisome trend. The market value of US banks, relative to their book value, has fallen over the past 10 years due to a variety of factors, including heightened regulation. As a result, US banks included in the S&P 500 index are trading at an average of 1.1 times their tangible book value - compared with 9.9 times for the index as a whole."}, {"type": "sentence", "content": "At this point, then, the big attraction to investors of highly regulated banks is the ability to produce a stable stream of dividends. If that ability were taken away arbitrarily, the investment case would become difficult to understand."}, {"type": "sentence", "content": "Moreover, the European and UK experience provides no support for the US following suit. While US banks in 2019 accomplished approximately 73 per cent of capital distributions through share repurchases and only 27 per cent through dividends, European banks distributed 4 per cent through buybacks and 96 per cent through dividends. Large US banks have already announced a voluntary halt to share repurchases through the second quarter."}, {"type": "sentence", "content": "More importantly, the European and UK experience may serve as a cautionary tale. The UK's Prudential Regulation Authority announced its dividend ban on March 31, which increased the combined book value of UK banks by about \u00a38bn. But at the opening of markets the following day, the market value of the relevant UK banks fell by \u00a335bn, or \u00a343bn including the lost dividends, despite broader equity markets being generally flat. So: eight steps forwards, 43 steps backwards. UK and European banks now trade at an average of just 0.4 times their tangible book value."}, {"type": "sentence", "content": "In short, those advocating for government-mandated halts to dividends appear to have adopted an \"if it ain't broke, let's break it\" approach. While perhaps politically expedient, such an approach is bad policy and a repudiation of the good work that both banks and their regulators have done since the last financial crisis."}, {"type": "sentence", "content": "The writer is president and chief executive of the Bank Policy Institute, a Washington, DC-based advocacy group"}, {"type": "sentence", "content": "Originally published at https://www.ft.com on May 25, 2020."}], "topic": "economy", "uuid": "01de61f6ea19d7f1cfff894b4b268030602c5da7918939c188703b91", "link": "https://medium.com/bank-policy-institute/a-ban-on-us-banks-issuing-dividends-would-be-bad-policy-abeb348fbb62"}