{"title": "I spent a night in a camper van in a Cracker Barrel parking lot, and the experience revealed a surprising side of the van-life movement", "data": [{"type": "sentence", "content": "An Insider reporter spent a night at a Cracker Barrel outside Philadelphia. It introduced him to a side of van life that social media rarely shows."}, {"type": "sentence", "content": "By Frank Olito"}, {"type": "sentence", "content": "When I rented a camper van for a weekend, I expected a road trip filled with stunning landscapes and unforgettable views, like those shared with the #vanlife hashtag on social media."}, {"type": "sentence", "content": "Instead, I spent the night in a Cracker Barrel parking lot."}, {"type": "sentence", "content": "The strange adventure started when I rented a Mercedes-Benz Sprinter van in January from Outdoorsy and enlisted the help of my friend to drive to Philadelphia and spend the weekend in the van with me. Together, we endured a cold evening in the parking lot of the restaurant chain."}, {"type": "sentence", "content": "Here's how we ended up in a Cracker Barrel parking lot, what the experience was like, and how it shaped my view of van life."}, {"type": "subtitle", "content": "When I planned my road trip, it took a surprising amount of time to find the right spot to park overnight."}, {"type": "image", "content": "https://miro.medium.com/max/2600/0*T3dYZpjfPwXtB2bc"}, {"type": "sentence", "content": "At first, I was looking for overnight parking in national parks and campgrounds. Quickly, I realized that most of these were closed because it was off-season."}, {"type": "sentence", "content": "After asking for advice from full-time van-lifers, I learned of the best-kept secrets about van life: Most van-lifers sleep in parking lots. In fact, I learned that Walmart is one of the most popular overnight parking spots for van-lifers and RVers - not beaches and national parks, like many might assume."}, {"type": "sentence", "content": "After researching overnight parking at Walmart, I learned that I needed permission from a manager to spend the night. I called a few Walmarts around Philadelphia, and none could grant me permission to park overnight."}, {"type": "sentence", "content": "Luckily, my research also showed that Cracker Barrel was another popular destination for van-lifers. The first Cracker Barrel I called immediately granted me permission to park overnight."}, {"type": "subtitle", "content": "Before arriving at the Cracker Barrel, I was nervous about sleeping in a parking lot."}, {"type": "image", "content": "https://miro.medium.com/max/2600/0*lMtoIC_ap95jWOPO"}, {"type": "sentence", "content": "On our journey down to Philadelphia, we hit traffic, so the two-hour trip turned into a three-hour road trip."}, {"type": "sentence", "content": "While sitting in traffic, I became increasingly worried about sleeping in the Cracker Barrel parking lot. I wondered if the phone call was enough and whether I needed to go inside the restaurant and ask for permission again. I even imagined the police knocking on the door of the van in the middle of the night, forcing us to leave."}, {"type": "sentence", "content": "I also worried about our safety. Sleeping overnight in a strange parking lot just outside a city didn't seem like the safest option for two people who had never experienced van life before."}, {"type": "subtitle", "content": "When we finally arrived at the restaurant in Ridley Park, Pennsylvania, I was surprised to find three designated parking spaces for RVs."}, {"type": "image", "content": "https://miro.medium.com/max/2600/0*eFVHZBokdA1nIBBX"}, {"type": "sentence", "content": "When I saw the large parking spaces designated for RVs, I knew all my worries were for nothing. The fact that the company created these spaces put my mind at ease, and I knew we wouldn't get in trouble for parking there overnight."}, {"type": "subtitle", "content": "After choosing one of the RV parking spaces, I started looking for dinner."}, {"type": "image", "content": "https://miro.medium.com/max/2600/0*AxzrHRo6nyOgqdyr"}, {"type": "sentence", "content": "When we arrived, the Cracker Barrel was already closed for the night, so I had to look elsewhere for food. Luckily, there was a Wendy's across the parking lot. Unfortunately, though, only the drive-thru was open, and the camper van exceeded the height limit, so I had to awkwardly wait in line outside with the cars and walk through the drive-thru."}, {"type": "sentence", "content": "I decided to eat my Wendy's outside the camper van because the interior was already starting to feel too cramped for two people. Many van-lifers have told me that the best part of the lifestyle is how you can do most things outside, and I loved the idea of eating my dinner just outside my temporary home. But that night was cold, and I shivered as I ate my chicken nuggets."}, {"type": "sentence", "content": "Read more: 10 things I wish I knew about van life before spending a weekend in a camper van"}, {"type": "subtitle", "content": "After dinner, I converted the seating area into a bed. It was more complicated than I expected."}, {"type": "image", "content": "https://miro.medium.com/max/2268/0*TsFPe2aTYjjByxeR"}, {"type": "sentence", "content": "This was the first night of my road trip, so I had never made the bed before. Though it may seem simple to just move the cushions and then unfold the platform, it was much more difficult in practice. It was nearly impossible to find a place to put the large cushions in the van when I was trying to build the bed."}, {"type": "sentence", "content": "Additionally, putting a fitted sheet on a bed that's up against three walls is something I never wish to do again. I was crawling around the bed for a full 10 minutes attempting to shove the sheet into each corner before it popped out of another."}, {"type": "subtitle", "content": "Once the bed was finally made, my friend and I settled into an episode of \"The Bachelor.\""}, {"type": "image", "content": "https://miro.medium.com/max/2600/0*MAqu7qkSpAw7MXO5"}, {"type": "sentence", "content": "We had to use our phone's hotspot for WiFi because neither the van nor the Cracker Barrel had WiFi that we could use. Since the reception wasn't great, the show did freeze a few times."}, {"type": "sentence", "content": "At that moment, I struggled to imagine how people could work full time in their camper vans with such spotty internet (though some vans have WiFi setups)."}, {"type": "subtitle", "content": "When the show ended, we slowly realized a horrifying truth: The van's heat was not working."}, {"type": "image", "content": "https://miro.medium.com/max/2328/0*vmE8iMx19iPL8Wn3"}, {"type": "sentence", "content": "The thermostat on the wall above the bed kept giving a strange error message, which made zero sense to me. Slowly, we came to accept that the heat was broken and that we had a cold night ahead of us. Almost simultaneously, we also learned that none of the outlets were working, so we couldn't charge our phones."}, {"type": "sentence", "content": "We decided we were too tired to deal with these issues, so we bundled up and just went to sleep. We would worry about it in the morning (or so I thought)."}, {"type": "subtitle", "content": "As I tried to fall asleep, I became acutely aware that I was in a Cracker Barrel parking lot."}, {"type": "image", "content": "https://miro.medium.com/max/2600/0*3MDNVb55hhAgWSkE"}, {"type": "sentence", "content": "Just before falling asleep, my worries from earlier crept back into my mind. We were the only vehicle parked in this parking lot, and the van stuck out like a sore thumb. Was it safe to be sleeping in this spot? Should we move the van to a spot that's more hidden?"}, {"type": "sentence", "content": "Another thought kept bothering me: I'm about to fall asleep in a parking lot."}, {"type": "sentence", "content": "It felt like a strange thought. It felt even stranger that a whole group of people chooses to do this every night to make their van-life dreams a reality. It upset me even more that there are some people who live in their cars in parking lots during the cold winters involuntarily."}, {"type": "sentence", "content": "Read more: 10 safe places to travel with your RV this spring"}, {"type": "subtitle", "content": "I woke up several times throughout the night because I was so cold and because of sounds outside the van."}, {"type": "image", "content": "https://miro.medium.com/max/2256/0*BHB6f8dHleUQ3qUj"}, {"type": "sentence", "content": "Unfortunately, the broken heater was a bigger issue than I had expected, and just bundling up did nothing to protect me from the cold weather. All night long, I kept waking myself up because it was so cold. Since the van was barely insulated, my friend and I were basically sleeping outside in the middle of the winter."}, {"type": "sentence", "content": "At another point in the night, a garbage truck startled me awake. The RV parking spots were directly across from the Cracker Barrel's dumpsters, so the banging of the truck sounded like an earthquake inside the van. I stayed awake, shivering until sunrise."}, {"type": "subtitle", "content": "After a terrible night's sleep, I turned to the only remedy I could find: a great breakfast from Cracker Barrel."}, {"type": "image", "content": "https://miro.medium.com/max/2308/0*PDeG-ez4TT8pXCW6"}, {"type": "sentence", "content": "In the morning, my friend and I commiserated over the terrible night's sleep we'd had."}, {"type": "sentence", "content": "We also decided it would be too difficult to turn the bed back into a seating area (only to make it a bed again later that night), so we kept the bed folded down. Unfortunately, that meant I had nowhere to sit and eat my breakfast, so I stood awkwardly in the middle of the kitchen."}, {"type": "sentence", "content": "As I ate my pancakes, eggs, and bacon, I realized that the proximity to delicious food was one of the only positives to sleeping in a Cracker Barrel parking lot."}, {"type": "subtitle", "content": "That morning, I gave the owner of the van a call to fix the heater and outlets."}, {"type": "image", "content": "https://miro.medium.com/max/2600/0*e-8zESC2sgwiHjKh"}, {"type": "sentence", "content": "During my lengthy FaceTime call with the van's owner, I was told to open one of the benches beneath the bed and to press a bunch of buttons on one of the systems. Though I had no idea what I was doing or even what I was looking at, I realized that if I had to live in this van full time, I would have to learn and understand all these systems inside and out, leaving me better prepared for a night in a parking lot."}, {"type": "sentence", "content": "In the end, we were able to fix the outlets, but the heater remained out of commission."}, {"type": "subtitle", "content": "Later that morning, we left the Cracker Barrel parking lot and headed toward a campground."}, {"type": "image", "content": "https://miro.medium.com/max/2600/0*IBpzgGFNB3iwPW81"}, {"type": "sentence", "content": "As we pulled out of the parking lot, I realized that my experience was something I'd never seen on social media. The van-lifers I follow post pictures of themselves parked near a beach or in a beautiful landscape. They never post pictures of themselves parked in a Cracker Barrel or Walmart parking lot. They never talk about shivering through the night. And they never share images of themselves eating in the middle of the kitchen with nowhere to sit."}, {"type": "sentence", "content": "When I returned, I talked to Dan Lin, who has been living in a camper van with his family of five since 2008. He told me that my experience was a more accurate representation of what van life is really like."}, {"type": "sentence", "content": "\"This lifestyle has been so overly glorified on social media, I'm surprised experiences like yours aren't more common,\" Lin said."}, {"type": "sentence", "content": "Obviously, social media shows only a small portion of one's life, but the realities of van life were so far from what I had expected."}, {"type": "sentence", "content": "Read more: Social media makes living in a camper van look like the simple life. The reality is a lot more complicated."}, {"type": "subtitle", "content": "I learned that van life is nothing like I expected, and the experience taught me that the lifestyle isn't for me."}, {"type": "image", "content": "https://miro.medium.com/max/2600/0*3FDSTCv0HloR081O"}, {"type": "sentence", "content": "Though I didn't enjoy my experience in the Cracker Barrel parking lot, I'm glad van-lifers have this as a safe option when campgrounds or parks are closed and zoning laws are working against them."}, {"type": "sentence", "content": "That said, I wish van-lifers were more open about this legitimate form of parking."}, {"type": "sentence", "content": "My grid on social media is filled with camper vans parked next to beaches and picturesque landscapes. But I learned firsthand what van life is really like after staying overnight in the Cracker Barrel parking lot. I learned what happens in between glamour shots that van-lifers post on social media, and I didn't love what I saw."}, {"type": "sentence", "content": "Though many van-lifers don't have any issues with sleeping in a parking lot overnight or repairing their home consistently - and others have a comfortable night with far less - I quickly learned I am not one of those people who would choose this life voluntarily."}, {"type": "sentence", "content": "For more great stories, visit Insider's homepage."}], "topic": "travel", "uuid": "027f8f96aa9a5c2045c8eb22f17e473b656d9aaf601cfa3c7a11b1c2", "link": "https://medium.com/insider/i-spent-a-night-in-a-camper-van-in-a-parking-lot-it-revealed-a-surprising-side-of-van-life-f4013aa8ec47"}