{"title": "Nine Tips for Travelling as a Disabled Woman.", "data": [{"type": "sentence", "content": "by guest writer Elvy."}, {"type": "sentence", "content": "It was summer of 2016 when I found myself stranded alone, somewhere in Denmark with the train station staff telling me there was no way I was getting ramp assistance to get my wheelchair onto the train I needed. The famous \"we need at least 24 hours notice\" line was relayed (because why would disabled people want to be spontaneous like everyone else). Slightly panicked and mentally going through different scenarios in my head, I saw three men on the platform and a light bulb went on. I approached them and asked them to help carry me and my very heavy powered wheelchair onto the train. Now, I wouldn't recommend this, but desperate times call for desperate measures. It was either that, or spend my first night solo travelling in a train station."}, {"type": "sentence", "content": "A few solo trips and years later, I can't help but reflect on my experience of travelling alone as a disabled woman."}, {"type": "sentence", "content": "Travelling alone is one thing, travelling alone as a woman is another, and adding disability to that mix gives you a beautiful concoction of scenarios and lessons learnt. Having muscular dystrophy means that I have general muscle weakness and I use a powered wheelchair to glide around, so planning a solo trip requires a lot more thought and creativity than a non-disabled traveller."}, {"type": "sentence", "content": "The global impact of the Coronavirus pandemic has particularly been felt in the travel industry. Whilst many countries are open for travel, many have varying levels of restrictions and lockdowns and it is worth noting that travel may be very limited at this time. It's important to prioritise your safety, and this article is meant to inspire and bring hope about the possibility of more travel adventures in the future."}, {"type": "sentence", "content": "But taking a step back, the decision to travel alone is a big decision for any person. With some hope for the future of travel slowly creeping in, I can't help but reflect on my previous experiences and how these will help me in my future planning. If you've ever caught yourself thinking about travelling alone, but then stopped yourself for whatever reason, here are some lessons I've learnt over the years that continue to give me the push and confidence to just go for it."}, {"type": "sentence", "content": "No two disabilities are the same and this is worth bearing in mind when reading up on \"accessible travel\"."}, {"type": "sentence", "content": "The psychological aspect of solo travelling is often underestimated, yet can sometimes be the main reason people choose not to solo travel. We often think of the practicalities, which of course matter just as much, (especially when we're talking about travelling as a disabled person), however, I found the psychological aspects just as important as the physical planning. Below are a few tips that will help you think about travelling alone:"}, {"type": "sentence", "content": "Solo travelling with creativity and planning can really be a life changing experience for everyone."}, {"type": "sentence", "content": "Whilst we as disabled women have to take extra steps to enjoy things that society refuses to include us in, the more of us that are out there challenging these barriers and making sure we're seen, the more progress we can hopefully make in making travel more safe and inclusive."}, {"type": "sentence", "content": "Happy travels!"}, {"type": "sentence", "content": "Elvy is a London based disabled blogger whose focus is on disabled travel, dating and lifestyle. You can find Elvy on twitter or read her blog on elvysblog.com."}], "topic": "travel", "uuid": "0315f8b83a25612dd9112f21252cb7fc1947361043a4ddb929856d30", "link": "https://medium.com/conscious-life/nine-tips-for-travelling-as-a-disabled-woman-62aa83733f23"}