{"title": "How Wearing Pants Again Dramatically Increased My Productivity", "data": [{"type": "image", "content": "https://miro.medium.com/max/12000/0*5PQ5MxF4nYLLWZaN"}, {"type": "sentence", "content": "330 days."}, {"type": "sentence", "content": "That's the amount of time I've been working from home."}, {"type": "sentence", "content": "In the beginning, it was perfect. Less commute time, no need to meet face-to-face and therefore more time for myself. I could invest that time however I wanted - new skills, online courses, reading more books."}, {"type": "sentence", "content": "Then the complacency set in."}, {"type": "sentence", "content": "I took a golden opportunity for productivity and squandered it. There were so many things I wanted to do but just didn't. Looking back, I blame my flippant attitude on what I wore during that period."}, {"type": "sentence", "content": "You could almost chart my sartorial decline. As the coronavirus pandemic became more serious, the formality of my work attire decreased. What started off as small compromises snowballed into bigger ones. The virus wasn't the only thing that charted exponentially."}, {"type": "sentence", "content": "You can call it Michael's Law."}, {"type": "sentence", "content": "I am not proud to say how many days I wore sweatpants (or 'trackies' for my fellow Aussies out there). After some weeks I couldn't tell where the pants ended and my skin began. On most workdays, the top half was business. The bottom half was comfort. A great balance to strike I thought."}, {"type": "sentence", "content": "But I slowly witnessed my productivity decline."}, {"type": "sentence", "content": "An hour of Netflix during work? Why not. I was already in the clothes for it. A quick tactical nap before that big meeting? Of course. I can jump straight into bed with what I have on and no one will know. Familiarity breeds complacency."}, {"type": "sentence", "content": "Whether you like it or not, we are all judged for how we look and dress. And we are our own worst critics. My outward dress was really a reflection of my inner state. A poor dress code represented a poor mindset."}, {"type": "sentence", "content": "The standard I accepted was now the standard I lived by."}, {"type": "image", "content": "https://miro.medium.com/max/12000/0*pdfuOHtvJ9DgFkkm"}, {"type": "subtitle", "content": "The Power of Dressing Up"}, {"type": "sentence", "content": "There is a certain magic about putting on proper pants in the morning for work. Jeans, slacks or chinos. The tactile feeling of the pants, the judgemental constriction of the waistline primes my mind for a full day of productive work."}, {"type": "sentence", "content": "While wearing pants, I hold myself to a higher standard."}, {"type": "sentence", "content": "I sit up straighter. I talk with more confidence."}, {"type": "sentence", "content": "Almost like how the uniform of a police officer or firefighter is imbued with certain rights and responsibilities. My pants function like my uniform. When I am in my work pants, I am in the mindset to save the world and get things done."}, {"type": "sentence", "content": "The old advice is to \"dress for the job you want\". The new advice is to wear the pants that make you feel most productive."}, {"type": "sentence", "content": "We have all felt it before. When we look good, we tend to feel better. Dressing up and being fancy once in a while is great for your mental well-being."}, {"type": "sentence", "content": "When applied to work, what you wear can make you feel sharper and clearer. This faux confidence translates into more productivity and creativity in what I produce at work."}, {"type": "sentence", "content": "But don't take my anecdotes as gospel. There is science behind this."}, {"type": "image", "content": "https://miro.medium.com/max/6912/0*7Ma80kjIHghKD_mm"}, {"type": "sentence", "content": "An article by Scientific America details how the clothes you wear can significantly affect your physical and cognitive performance. They called this phenomenon 'enclothed cognition'."}, {"type": "sentence", "content": "That is just a fancy way of saying certain clothes bring out certain cognitive performance."}, {"type": "sentence", "content": "For instance, a paper in August 2015 in Social Psychological and Personality Science tested the link between clothing and cognitive tests."}, {"type": "sentence", "content": "What they found was that:"}, {"type": "sentence", "content": "You wouldn't find an Olympic swimmer about to compete wearing a business suit. Nor would you fully trust a Doctor dressed in a clown suit. Every costume has an appropriate context."}, {"type": "sentence", "content": "The old trick of imagining everyone in their underwear to get more confidence, the new trick is imagining yourself in pants to get more productive."}, {"type": "sentence", "content": "You get the point."}, {"type": "sentence", "content": "If you're not convinced, try it yourself."}, {"type": "sentence", "content": "If you feel like your productivity working from home has been slipping, wear some nice pants. Maybe even a nice top."}, {"type": "sentence", "content": "As working from home becomes the new normal, you need to find ways to stay on top of your game, stop complacency and maintain your productivity. Your environment is important and what you wear to work matters. A lot."}], "topic": "productivity", "uuid": "032d422d0a243a1344480a3bb80389188ee3500fbea86531d7b842a7", "link": "https://medium.com/curious/how-wearing-pants-again-dramatically-increased-my-productivity-b82046391111"}