{"title": "Goes Without Saying", "data": [{"type": "image", "content": "https://miro.medium.com/max/5336/0*pTvbiCFfr_tSlQGh"}, {"type": "sentence", "content": "Bobby's wife left him. The couch. The TV. The bedroom furniture. She left him the toaster, the blender, but not the expensive juicer they bought as part of their New Year's resolution. She didn't leave him a note either. Bobby called his sister Josie and asked her. Why, do you think, there was no note?"}, {"type": "sentence", "content": "She told him."}, {"type": "sentence", "content": "\"It goes without saying.\""}, {"type": "sentence", "content": "Bobby didn't like that answer and began to scour the apartment for clues. In his mind, everything had been going along as usual, fine in his estimation, just fine. He had no complaints. Saw nothing wrong."}, {"type": "sentence", "content": "Did I miss something? he wondered."}, {"type": "sentence", "content": "Apparently so."}, {"type": "sentence", "content": "Bobby looked under the couch cushions but all he found was the remote. And a few nickels, a quarter and a dime. He left them there. Bobby looked in the kitchen cabinets, the dishwasher, the refrigerator and the oven. It got ridiculous at that point. What was he hoping to find there?"}, {"type": "sentence", "content": "Bobby went into the bedroom and riffled through his dresser drawers. Her drawers were all empty, of course, and how he first realized that she had left, her house key sitting quietly next to the lamp, the drawers pulled open to reveal the emptiness. He'd come home one night to find things that way. And the expensive juicer gone missing, of course. He stood in the bedroom blankly for a moment, remembering that day. Wondering, what possibly could have gone wrong?"}, {"type": "sentence", "content": "That was the big question he needed an answer to."}, {"type": "sentence", "content": "He wandered next into the bathroom they shared, just off their bedroom, with its step-in shower they used to make fun love in sometimes, the pink wallpaper, dimmer-switch lighting and its double sink vanity."}, {"type": "sentence", "content": "You can do anything you want over in that sink, but don't do it in mine, she'd said to him right after they moved in together, a year before they married."}, {"type": "sentence", "content": "She was possessive that way and what the heck did she think he was gonna do in the sink anyway? Bobby stood looking at himself in the bathroom mirror."}, {"type": "sentence", "content": "Am I such a bad guy? What did I do? Where did she go?"}, {"type": "sentence", "content": "He ran his fingers through his hair, across his three-day beard growth. His eyes, a bit bloodshot around the rims of their sleepy blue orbs, but what did you expect. It had been six days since she'd left, after all. Bobby was handsome even when rough around the edges and he knew it. He placed both hands on the vanity and leaned in closer for a better look, sizing himself up, tilting his head to one side then the other to take in the full view."}, {"type": "sentence", "content": "The doorbell rang."}, {"type": "sentence", "content": "\"Jesus, who's bothering me at this hour,\" he said aloud to himself."}, {"type": "sentence", "content": "Bobby padded out to the living room in his pajamas and wool socks, coming up just a few feet away from the front door. The white curtain covering the glass door was just sheer enough that he could see the visage of a visitor but just opaque enough that they could not see in. Like a one-way mirror that cops always use in TV shows."}, {"type": "sentence", "content": "A woman."}, {"type": "sentence", "content": "But not just any woman, he could tell, as he stepped a few inches closer."}, {"type": "sentence", "content": "It was her."}, {"type": "sentence", "content": "Is she back? Changed her mind? What is happening right now?"}, {"type": "sentence", "content": "He contemplated opening or not opening the door to her. He inched in a bit closer."}, {"type": "sentence", "content": "He could see she was leaning in now, too, knowing the precision of the viewing characteristics of the door. She would have guessed he was watching her from the other side. Her face was up close to the glass now. Then turned to the side. Her ear pressing just against it, then."}, {"type": "sentence", "content": "Bobby took two steps back and stood staring at the door, watching her. All that was keeping them from each other was some hardwood, some metal framing and a little red paint. That was peeling. The paint, that is, the door in need of a new coat years ago. His gaze fell into the living room, scanning the table, the chairs, the couch. The couch she left him, the couch they used to snuggle together on to watch movies and eat ice cream."}, {"type": "sentence", "content": "Something caught his eye on the coffee table. A magazine. Opened to a dog-eared page for someone not yet done reading. He shuffled quietly over to the center of the room, picked it up and read the title. Then the first paragraph. He read the next, and the next and realized it was meant for him. Or at least he assumed so."}, {"type": "sentence", "content": "Sometimes a thing is in plain sight but we don't even notice it."}, {"type": "sentence", "content": "He read through the first page and turned it for more. But then he stopped. Bobby set the magazine back down on the coffee table and stared at it. Like a stain that needed cleaning but was just as easily ignored."}, {"type": "sentence", "content": "The doorbell rang again."}, {"type": "sentence", "content": "He looked towards the door but didn't move. Couldn't move."}, {"type": "sentence", "content": "He had his answer."}, {"type": "sentence", "content": ". . . . ."}, {"type": "sentence", "content": "From the Renderings collection, \u00a9 Mary Corbin 2020"}, {"type": "sentence", "content": "marycorbinwrites.com"}, {"type": "sentence", "content": "marycorbinart.com"}], "topic": "fiction", "uuid": "0346208c3b15f734177a7ed43a272b5af1d8c5936e0d72f5c731e05a", "link": "https://thecreative.cafe/it-goes-without-saying-1f6cbd5f2868"}