{"title": "Pok\u00e9mon's 25th Anniversary Needs to Mark a Pivot for Mainline Games", "data": [{"type": "image", "content": "https://miro.medium.com/max/2400/1*6DnPwisW43far8eY-vOV2g.jpeg"}, {"type": "sentence", "content": "When the Pok\u00e9mon company coined the catchphrase \"Gotta Catch 'Em All,\" they weren't talking about pocket monsters. They were talking about our hearts. Ever since I was young, I've always loved the Pok\u00e9mon franchise. From the anime series to the video games, Pok\u00e9mon has been something I've adored. After the release in 1996, the Pok\u00e9mon IP has grown tremendously, still triumphing today as a globally known media franchise. One of the most successful games in the series, Pok\u00e9mon GO, earned over $1 billion in 2020 alone. That's a lot of money for a game that's largely played outdoors to earn during a quarantine."}, {"type": "sentence", "content": "Despite Pok\u00e9mon's apparent success, the mainline series of games has stagnated for years. Pok\u00e9mon Sun and Moon were amazing send-offs for the last games released on the Nintendo DS line of systems, but the release of Sword and Shield were massive disappointments. They sold handsomely and made a profit for Nintendo, but the games themselves were exceptionally uninspired and, frankly, boring. From the music to the story (or lack thereof), the latest entry in the mainline series of Pok\u00e9mon titles left much to be desired. It's time for the series to innovate."}, {"type": "image", "content": "https://miro.medium.com/max/3840/1*v8fZ580j78aJ4zlckfMBCQ.jpeg"}, {"type": "sentence", "content": "At its core, the mainline Pok\u00e9mon games are JRPGs. Other than the fact that these games are developed within Japan, this is apparent by its turn-based combat systems, character-based parties, and a narrative built around growing as powerful as possible. These tropes are fine and well, as even some of the most popular JRPGs to date still utilize them, but Pok\u00e9mon follows a tried and true path with every release."}, {"type": "sentence", "content": "You are a trainer in your home region. You are heading out on a journey at a young age to battle gym leaders across the region. By the end, you aim to defeat the Elite Four and become the champion of your region. This foundational story structure is and has been vital to the Pok\u00e9mon series since its inception with Pok\u00e9mon Red and Blue, but the series' spices the story up with every release. Game Freak, the developers of the Pok\u00e9mon games, keep things somewhat interesting through their usage of villainous groups."}, {"type": "image", "content": "https://miro.medium.com/max/2560/1*lSCY-qHHRLMaOP7U3GCCVg.jpeg"}, {"type": "subtitle", "content": "Sun and Moon's Innovation"}, {"type": "sentence", "content": "The original Pok\u00e9mon games had Team Rocket. The comically mischievous partisan group, gang, or company that has an ultimate, idealistic goal holding the faction together. These groups often have world-changing beliefs that challenge the current establishment in some way, shape, or form. In Pok\u00e9mon Sun and Moon, the gang known as \"Team Skull\" strayed from this idea in such a way that was profound."}, {"type": "sentence", "content": "Instead of a group hell-bent on freeing Pok\u00e9mon from the human grasp, or reshaping the face of the planet, Team Skull was simply a band of misfit teenagers who didn't fit in with the rest of society. They cowered away from the rest of the Hawaiian themed \"Alola Region,\" banding together in their deviant group as a pestering bunch. Instead of being a major threat to the establishment within Alola, Team Skull was simply a flock of lost teenagers who formed into street thugs. Eventually, the group is reformed into an ally faction as the events of the game unfold."}, {"type": "sentence", "content": "Team Skull is an example of innovation and change within the Pok\u00e9mon series of games. This idea of growth for the series doesn't stop at the faction, though. Pok\u00e9mon Sun and Moon also boasted an introduction of a new type of Pok\u00e9mon, dubbed Ultrabeasts, which shook up the foundation of what a \"Pok\u00e9mon\" even was."}, {"type": "sentence", "content": "Still, even as I played through Sun and Moon, I couldn't help but notice the tiring turn-based mechanics. More often than not, the combat itself slowed to drag, and the hype surrounding a battle quickly diminished as I began to painfully await the next story section."}, {"type": "image", "content": "https://miro.medium.com/max/3840/1*zubMDhSyESthLWgPnIM5mQ.jpeg"}, {"type": "subtitle", "content": "Sword and Shield's Stagnation"}, {"type": "sentence", "content": "After playing through Pok\u00e9mon Sun and Moon, then Ultra Sun and Ultra Moon, my disappointment with Sword and Shield grew. Game Freak left the basic, monotonous Pok\u00e9mon gameplay systems as is. It led to a dry and uninspiring experience that lacked the heart and care seen in other Pok\u00e9mon installments."}, {"type": "sentence", "content": "The transition from handheld to console did not do the series justice. Textures were flat, gameplay animations were almost the exact same from the previous generation, and the camera (for the most part) was still fixed throughout the game. An introduction of the \"Wild Area\" (a large, open-area where trainers could catch Pok\u00e9mon and encounter other players) seemed innovative and daring for the team to tackle, but it fell flat mechanically. It was a mile wide and an inch deep, resulting in me avoiding it for most of my playthrough."}, {"type": "sentence", "content": "Pok\u00e9mon Sword and Shield had a story that wasn't fully embraced until the end of the game, resulting in the game feeling half-baked. The newly introduced Gigantamax system seemed like a step-down from the more exciting and aesthetically pleasing Mega-Evolution system from Pok\u00e9mon X and Y, and the world felt hollow. Pok\u00e9mon Sword and Shield resembled a husk of something that could have been an immense feat by Game Freak, but for whatever reason (time crunch, hardware limitations, lack of enthusiasm) the game fell short by a mile. What seemed to be advertised as the biggest adventure Pok\u00e9mon has seen ended up being a weakly delivered testament to a loss of passion. My interest in the series as a whole dwindled after the release and I hope to see better from Game Freak in the future."}, {"type": "subtitle", "content": "What Now for Pok\u00e9mon?"}, {"type": "sentence", "content": "It's easy to pound away on my keyboard everything I dislike about the current state of Pok\u00e9mon, but it wouldn't be fair to judge the IP without considering the future of the series. New Pok\u00e9mon Snap, while not developed by Game Freak, is a direct sequel to fan-favorite Pok\u00e9mon Snap, and looks graphically stunning. While I'm not an original fan of Pok\u00e9mon Snap, it's good to see people pleased with something the Pok\u00e9mon Company is releasing."}, {"type": "sentence", "content": "Game Freak's mainline Pok\u00e9mon titles still leave much to be desired, but recent games like Pok\u00e9mon Let's Go! Pikachu & Eevee were fun little distractions from the bigger picture games like Sword and Shield. Re-imagined experiences of Pok\u00e9mon Red and Blue weren't quite what I had in mind for Pok\u00e9mon's first debut on the Nintendo Switch, but it worked well enough while fans waited for Sword and Shield. Unfortunately, though, the series feels as if it hit its mark."}, {"type": "sentence", "content": "With a series as lucrative as Pok\u00e9mon, there's no excuse for the lack of innovation and passion behind recent games. A soulless release like Sword and Shield dismisses the exciting experience a Pok\u00e9mon game used to be. Perhaps the best way to get Game Freak, or better yet, Nintendo to notice that things need to change with the mainline series of games is a vote with one's wallet. After all, it must not seem like a good idea from the inside to drastically change your game when the profits for it continue to skyrocket with every release."}, {"type": "image", "content": "https://miro.medium.com/max/1996/1*3lf9Y6mHxoxpSSFOw6gjlw.png"}], "topic": "gaming", "uuid": "039dd889565574338ada430e566b35294231bfcb4827e99b0a467a12", "link": "https://medium.com/super-jump/pok\u00e9mons-25th-anniversary-needs-to-mark-a-pivot-for-mainline-games-35f5f45356d2"}