{
  "title": "Be the Big Damn Hero in Your Own Life - Three Lessons from \"Extreme Ownership\"",
  "data": [
    {
      "type": "sentence",
      "content": "Face the \"new normal\" by assuming that help is not coming."
    },
    {
      "type": "sentence",
      "content": "I've been fortunate to have had powerful lessons in leadership and ownership from a young age and was able to conceptualize these lessons while reading \"Extreme Ownership\" by Jocko Willink. My big takeaway from this book is that we need to take full ownership of our problems, focus our full attention on them and feel pressure to drive results."
    },
    {
      "type": "sentence",
      "content": "While it's easier to complain and shift blame and look to others for a fix, I have found it a much greater relief to just own the problem. Once I've accepted ownership, the problem is more likely to get fixed."
    },
    {
      "type": "sentence",
      "content": "This mentality started with my first legal job as a hostess at Denny's."
    },
    {
      "type": "sentence",
      "content": "I had a leader who deeply embodied this philosophy. He would demand a full recount and ownership of any situation, whether it was my 'fault' or not."
    },
    {
      "type": "sentence",
      "content": "Is the drawer short by $10? He didn't want to hear any excuses about how busy it was; he would demand that I take responsibility for the missing money because I was the boss of the drawer."
    },
    {
      "type": "sentence",
      "content": "The customer is angry because she couldn't sit next to a window? I'd be required to own the relationship without laying blame onto people (as valid as the blame felt)."
    },
    {
      "type": "sentence",
      "content": "I whined to my coworkers about his harshness - until I saw his take ownership."
    },
    {
      "type": "sentence",
      "content": "One evening after a huge rush, the general manager 'popped in' for a surprise visit and immediately called all employees to the front, demanding an answer as to why the dining room was in shambles."
    },
    {
      "type": "sentence",
      "content": "I was surprised and impressed when my boss stepped-up and took full responsibility - not pointing out the menus in disarray (my responsibility), the floor covered in crumbs, or the egg yolk that had somehow gotten splattered across the prep station. He owned every piece of it even though he had been working as hard as any of us."
    },
    {
      "type": "image",
      "content": "https://miro.medium.com/max/2924/0*UH91KfUUnk9x4MHg.png"
    },
    {
      "type": "sentence",
      "content": "That lesson in leadership always stuck out to me - that a leader owns the responsibility for all, no matter who is at fault."
    },
    {
      "type": "sentence",
      "content": "That whining and finding ways to shift blame just gives away your power."
    },
    {
      "type": "sentence",
      "content": "And that no matter how small, we can and should be the boss of whatever task we do."
    },
    {
      "type": "sentence",
      "content": "One of the big lessons I've been taught through a lifetime of weird experiences is how to handle pressure. Pressure is inevitable; establishing priorities and taking action helps you to remain calm and effective."
    },
    {
      "type": "sentence",
      "content": "One such weird experience was getting locked out of my Chinese apartment at 3 am while wearing just a nightgown and a clay face mask as I was taking out the garbage. The wind blew the door shut leaving me stuck on the freezing cold 6th story platform with no way back in."
    },
    {
      "type": "image",
      "content": "https://miro.medium.com/max/700/0*FRtNk6BnqZc6KlK0.png"
    },
    {
      "type": "sentence",
      "content": "With no phone, no memory of anyone's number, and a Chinese-language ability at the \"hello\" and \"one, two, three\" level - it was not the best situation."
    },
    {
      "type": "sentence",
      "content": "I remember standing and waiting in front of the door for a good five minutes, hoping I'd wake up from what had to be a nightmare. Then I relaxed, took stock of my priorities, and acted."
    },
    {
      "type": "sentence",
      "content": "Just having this sad little priority list was enough to galvanize me into action."
    },
    {
      "type": "sentence",
      "content": "I walked down the six flights of stairs, washed my hilariously caked-on face mask off in a koi pond, and gingerly walked barefooted in the snow to the security guard station. I was soaked and entirely numb when I finally arrived at the station. To add insult to injury, I had to deal with the uproarious laughter at my bedraggled state while trying to get my point across using interpretive dance. But as the sun rose to herald in a new day, a teenager on a scooter was hired to break into my apartment (taking him a disconcerting 11 seconds)."
    },
    {
      "type": "sentence",
      "content": "As frustrating as the entire situation was, it was oddly glorious to have lived through it. Taking a deep breath and knowing that you have no other option than to do the hard thing makes it easier to bear. Whether that hard thing is breaking through the ice of a scummy pond to scrub your face, leaving an unsuitable partner, or spending your vacation fund to make a necessary car repair."
    },
    {
      "type": "sentence",
      "content": "There is a powerful lesson that comes when you really own that fact that no one is coming to save you. That you are on your own to save yourself. And that you can save yourself because you have the evidence the prove it."
    },
    { "type": "sentence", "content": "It's a liberating concept." },
    {
      "type": "sentence",
      "content": "The final big takeaway from \"Extreme Ownership\" is the value of managing risks."
    },
    {
      "type": "sentence",
      "content": "Having a safety net (whether financial, familial, or organizational) gives you options. Without a safety net, you, by necessity have more awareness of what can go wrong at any given time. In the back of your mind, you have a plan of attack."
    },
    {
      "type": "sentence",
      "content": "One issue that was incredibly common in China was theft. Having phones, purses, and wallets stolen was a very common occurrence, and for a foreigner, (required to carry their passport) theft could be devasting."
    },
    { "type": "sentence", "content": "So, of course, it happened to me." },
    {
      "type": "sentence",
      "content": "Let me be upfront and honest - I was dumb. I own this."
    },
    {
      "type": "sentence",
      "content": "At the Starbucks next to my apartment, there were maybe five total tables. Getting a table meant I could download as many TV shows and books as I wanted, as my apartment didn't have internet."
    },
    {
      "type": "sentence",
      "content": "So, when I needed to use the bathroom, there was no way I was going to take all my things with me. The second my table was clear, there would be a mad fight for the next person to take it, So I used my purse to save the table. And of course, my purse was gone when I returned from the bathroom."
    },
    {
      "type": "sentence",
      "content": "While it was a predictable disaster, one thing I was proud of was having a plan ready to go. I had instructions, phone numbers to call, digital copies of my IDs/passport/credit cards, and all other documentation on my email ready to go. Having managed the risk beforehand saved me a great deal of time and stress during an already stressful time."
    },
    {
      "type": "sentence",
      "content": "While I could have to prevent my purse from being stolen, focusing on what was in my control helped me to win the situation."
    },
    {
      "type": "sentence",
      "content": "This type of thinking can become automatic. Thinking through what most likely will go wrong and creating a mental process saves valuable mental energy. You don't need to even do anything, just think it through."
    },
    {
      "type": "sentence",
      "content": "Heres an example, stop for one second and think \"Here is what I'd do if there was a fire in my house right now - \" and consider what you'd do. How would you get out? What would you grab? When you got outside, what would be the first thing you'd do?"
    },
    {
      "type": "sentence",
      "content": "You are responsible for yourself (and maybe others). Take that responsibility to heart."
    },
    {
      "type": "image",
      "content": "https://miro.medium.com/max/2560/0*6RtAXLbrEh2x7XsT"
    },
    {
      "type": "sentence",
      "content": "Our world has enough people passively waiting to be rescued. The future belongs to those willing to take ownership. Those who accept responsibility without shame, who remain calm, prioritize and act, and who identify and manage risk will succeed."
    },
    {
      "type": "sentence",
      "content": "Help isn't coming, you need to be the big damn hero in your own life."
    },
    { "type": "sentence", "content": "What are you waiting for?" }
  ],
  "topic": "leadership",
  "uuid": "06ba5fa555e114c04c6e9e60d408a155238b662c5666ebca12d38502",
  "link": "https://medium.com/swlh/be-the-big-damn-hero-in-your-own-life-three-lessons-from-extreme-ownership-7d08a81c1097"
}
