{"title": "A Long Slog Ahead for the 'Other Economy'", "data": [{"type": "image", "content": "https://miro.medium.com/max/1536/1*_4Tm_RD_BAYlWjdlWwb7NQ.jpeg"}, {"type": "sentence", "content": "Headline economic numbers aren't capturing the distortions and depth of pain in the economy."}, {"type": "sentence", "content": "An Uneven Recovery for Businesses and Consumers"}, {"type": "sentence", "content": "The new spate of headline economic numbers released in the past week show mostly improving numbers, but a deeper look reminds us why 'averages' are misleading when evaluating performance metrics. The uneven recovery and distortions we are seeing in the public markets are driven by stimulus packages shaped by ideology rather than problem solving pragmatism. The massive fiscal and monetary stimulus injected into the economy throughout the pandemic was spectacularly successful at adding fuel to large companies with access public markets (to the point that several companies saw their stocks soar even after filing for bankruptcy). Simultaneously, small businesses failed by the thousands as PPP proved inaccessible, too restrIctive or too complicated for many independent business owners. Stimulus checks spurred retail spending, but the bulk of this spending went straight to online retailers and technology companies that were already benefiting from the shift to online shopping. These companies were propelled to new heights and have been able to consolidate their competitive positions while brick and mortar businesses, especially small independents, languished and many failed. Before the pandemic many offline retailers were already under threat from online competitors and the pandemic merely accelerated the inevitable. However, experiential industries that were thriving pre-pandemic like the Restaurants industry has been particularly devastated by the crisis and somewhat impervious to government stimulus due in part to the industry's fragmentation, but because of restrictions in PPP that failed to understand the nature of these small businesses that already worked on small margins, and were quickly rooted out by qualification screening."}, {"type": "sentence", "content": "A Deeper Look at the Economic Numbers"}, {"type": "sentence", "content": "Although the drop in the unemployment rate to 6.3% may seem like a return to a normal range, the massive exodus from the workforce seen last spring when the pandemic struck had a distorting effect on the usefulness of the headline unemployment number. A deeper look at other Labor metrics, such as the Employment-Population Ratio provide more perspective to the true Employment picture. During most economic crises, workers gradually leave the labor market after becoming frustrated with their job hunt, but the nature of this crisis caused people to immediately exit the job market. This was prompted by entire swaths of the economy, particularly brick and mortar retailers, restaurants and hospitality businesses shutting down or limiting their services. Although the Employment-Population Ratio has improved over the low of ~51% (a historic low). The first reading for February '21 at just 57.4% is a level not seen since 1983."}, {"type": "image", "content": "https://miro.medium.com/max/1568/1*gdOYarTI6-_9xmSAWeKIaQ.jpeg"}, {"type": "sentence", "content": "The Employment-Population ratio reflects changes in demographics over time, so the long term trend is largely due to the aging US population, but that doesn't account for the large gap between the 61.1% in Feb 2020 and 57.5% in Feb 2021. A better representation of the current unemployment picture would add back the nearly 7 million additional people who reportedly want a job but are NOT considered part of the labor force."}, {"type": "image", "content": "https://miro.medium.com/max/1452/1*ZL6Xk-Z-yiQAI77T-ggpaw.jpeg"}, {"type": "sentence", "content": "Employment improvements in January were consistent with the trends seen over the course of the pandemic in which employees working in industries such as Retail and Hospitality have suffered considerably more joblessness than those working in jobs that are easily shifted to work-from-home, such as Professional & Business Services, which showed the largest job growth in January."}, {"type": "image", "content": "https://miro.medium.com/max/1438/1*t2eT04AnI9IcXzTV21-3Tg.jpeg"}, {"type": "sentence", "content": "Another pattern seen in January that is a continuation of a broader pandemic trend is that the jobs suffering the largest net losses are also the lowest paying jobs. In the chart below the lower left quadrant shows jobs that show both the biggest losses for January and lowest weekly wages, while the upper right quadrant shows jobs with net gains in employment and the highest weekly wages."}, {"type": "image", "content": "https://miro.medium.com/max/1462/1*ePN_xMXic3qPFPi0hfb57g.jpeg"}, {"type": "sentence", "content": "A similar perspective from www.tracktherecovery.org charts the unemployment rate by income group, showing how stark the contrast in economic reality is between the highest and lowest wage groups. After a year of record fiscal and monetary stimulus the disparity should be disconcerting, especially the 21% drop for the lowest income bracket compared to employment growth in the highest bracket."}, {"type": "image", "content": "https://miro.medium.com/max/1758/1*m9JCTqVUg4-Ayh3AqnrAIA.jpeg"}, {"type": "sentence", "content": "Inflation for 2020 came in at a subdued 1.4% (excluding food and energy), and a steep decline in energy prices offered some relief for consumers, but Food inflation increased 3.9%, the steepest increase in over a decade."}, {"type": "image", "content": "https://miro.medium.com/max/1470/1*te6-lwOYf4fF75Jerhmk1g.jpeg"}, {"type": "sentence", "content": "Food prices for at home (grocery) and away from home (restaurant/convenience) increased at the same rate, despite a large shift away from restaurant occasions to grocery, which might have driven a disproportionate increase in prices in Food at home."}, {"type": "image", "content": "https://miro.medium.com/max/1488/1*ssphCdF_4SXhZXlnfcbonA.jpeg"}, {"type": "sentence", "content": "Interestingly, there was significant disparity in price escalation within the Food away from home group, in which Limited Service (fast food/convenience) prices increased by 6%, double that of Full Service meal price inflation. As the economics of the $659B restaurant industry (pre-pandemic $854B a drop of 23.8% - National Restaurant Association) are transformed by the pandemic, we can expect Food Away from Home inflation to continue to outpace other areas economy. Factors that will drive restaurant prices in 2021 include:"}, {"type": "sentence", "content": "A. The large number of restaurant closures has reduced competitive saturation in many trade areas, which creates pricing power for the surviving units."}, {"type": "sentence", "content": "B. Third party channel partners that enable delivery and curbside ordering for much of the industry have made tremendous penetration in the industry, but the economics are impossible to sustain without high double digit price increases."}, {"type": "sentence", "content": "C. Wage rates will increase for restaurant employees. Even if Federal minimum wage initiatives are not passed, local municipalities and labor market pressure will put pressure on labor costs."}, {"type": "sentence", "content": "D. The required minimum investment in technology took a significant leap forward in 2020 and higher prices is one way restaurants will support these investments."}, {"type": "sentence", "content": "Although the broad economic situation indicates that we should expect above average increases in restaurant food prices in 2021, it will manifest unevenly as local economic conditions will affect business pricing strategies at a local level."}, {"type": "image", "content": "https://miro.medium.com/max/1472/1*k2c8wjwdoBNnf6Hfz8z-FQ.jpeg"}, {"type": "sentence", "content": "Economic distress concentrated in the bottom third of households driven by aforementioned joblessness in low paying professions has manifested in food and housing insecurity. Food insecurity peaked in December with over 13% of US Households reporting going hungry in the past week, with Louisiana suffering the highest insecurity at 18.2%. Likelihood of eviction of foreclosure also hit a high of 35.5% of households in December, but it too is demographically and geographically disbursed."}, {"type": "sentence", "content": "Revitalizing Community Entrepreneurship"}, {"type": "sentence", "content": "The fact that the economic pain from the pandemic has hit people and businesses that are geographically disbursed adds to the complexity of the recovery and limits the effectiveness of the standard government stimulus tools because they are largely designed around helping large industries that benefit most from public markets. It's hard for the Federal government to get money to independent businesses. Organization and business networks like the SBA and banks that would normally be a great help can't quite wrap their heads around extending loans and grants to business that have no collateral, lots of debt, small margins and no clearly articulated business plan - which is reality for most small businesses even in good times. This pandemic is not a normal economic crisis, it's a public health & economic crisis that has devastated people, communities, industries and businesses unequally. As we emerge from the crisis, we are starting from a place where businesses with the deepest pockets have an almost insurmountable advantage over independents - a much bigger advantage than before, compliments of the US Taxpayer and the Federal Reserve. If we want to revitalize small businesses and boost local community entrepreneurship, we need to target the help with a vigor that rivals the torrent of liquidity their large-scale competition enjoyed during the crisis."}], "topic": "economy", "uuid": "0987cacd4515ca2487d7973f3b24c52f364e6d63fe6fafd4a4b88378", "link": "https://medium.com/datadriveninvestor/a-long-slog-ahead-for-the-other-economy-aba14eb588c"}