{"title": "Dungy's Rule: Why You Should Shift - Not Quit - Bad Habits", "data": [{"type": "sentence", "content": "Have you ever gotten stuck in a poor routine, like ordering pizza every Wednesday, then tried to stop? Not easy, is it? Once you repeat a behavior a few times, it can quickly become a habit."}, {"type": "sentence", "content": "Why? Because our brain loves to create habits. A habit requires less thinking, which means it needs less energy, and our brains love that. Studies show that habits - actions performed without conscious thought - make up 43% of our daily actions."}, {"type": "sentence", "content": "If so many of our daily actions are habits, why aren't they easier to change? Because research shows that when we form habits, it literally rewires our brain. If neurons, the information messengers of the brain, fire at the start and end of a behavior, it quickly becomes a habit."}, {"type": "sentence", "content": "That's why it's so hard to break a bad habit - we're not just fighting our cravings or desires. We're fighting our ingrained neurological patterns. That's why some experts say that it's easier to replace a bad habit than to quit one."}, {"type": "subtitle", "content": "Before We Can Replace A Bad Habit, We Have to Know How Habits Work"}, {"type": "sentence", "content": "To replace bad behaviors with better ones, we need to understand the underlying mechanics of habits. In the 1990s, researchers at the Massachusetts Institute of Technology (MIT) decoded the structure of habits."}, {"type": "sentence", "content": "They created the so-called \"Habit Loop\" that describes the neurological patterns that drive routines. There are three phases to the Habit Loop:"}, {"type": "image", "content": "https://miro.medium.com/max/1604/0*fF1O3M20XbO7VoD1.png"}, {"type": "subtitle", "content": "Dungy's Rule: Shift, Don't Quit, Ineffective Behaviors"}, {"type": "sentence", "content": "In his book The Power of Habit, author Charles Duhigg describes how Tony Dungy, an NFL Hall of Fame football coach, helped players overcome ineffective habits by replacing, not quitting, them."}, {"type": "sentence", "content": "When Tony Dungy became the Tampa Bay Buccaneers' head coach in 1996, it was clear he had a lot of work to do. Between injuries and a lack of key talent, the team needed to change. But unlike most new bosses, who often throw out old playbooks in favor of totally new behaviors, Dungy had a different strategy."}, {"type": "image", "content": "https://miro.medium.com/max/3200/0*5e5AWmWtsLy8Jqbg.jpg"}, {"type": "sentence", "content": "Tony Dungy's strategy was to shift the Buccaneers' habit loops, not quit old behaviors for new ones. The team would use their existing behavior triggers, replace the routine with a new one, and practice the new routines until they became habits. Dungy's goal was to take thinking out of the game, because in his words:"}, {"type": "sentence", "content": "For example, a behavior cue for Player A might be to watch Player B to see if they were running left or right. If that Player B was running left, Player A then had to choose from one of five possible actions depending on what else was happening on the field. But what Dungy told his Player A was to watch Player B, and if they ran left, Player A only had to do one action in response."}, {"type": "sentence", "content": "Another coach would've asked Player A to stop watching for Player B and look for a completely different cue. But Dungy knew that relearning habit cues was incredibly difficult, and a better strategy would be to shift the player's routine in response to the same trigger."}, {"type": "sentence", "content": "Dungy's Rule, also known as the Golden Rule of Behavior Change, is the same strategy that makes it easier for someone to shift from eating a donut every day at 10 am to eating an apple instead."}, {"type": "sentence", "content": "It took some time for these new habits to take hold, but in 1999 the Buccaneers won the division championship."}, {"type": "subtitle", "content": "How to Apply Dungy's Rule to Your Habits"}, {"type": "sentence", "content": "Let's say, for example, you want to stop chewing nicotine gum (my vice). The three-step process below will help you identify your habit, its trigger, and a replacement routine."}, {"type": "subtitle", "content": "1. Identify the trigger for your bad habit."}, {"type": "sentence", "content": "If you want to get started with replacing bad habits, what psychologists call \"awareness training\" could help. This is the process of identifying a habit trigger, after which you can choose to perform your replacement habit. Every time you feel the urge to perform the habit, write down what's happening around you and how you feel. After you perform the exercise a few times, you should be able to identify what's triggering your behavior."}, {"type": "sentence", "content": "Sometimes, behavior is driven by a combination of addiction and habit. My addiction to nicotine gum was driven by the hit of nicotine the gum provided. But the habit of popping in a piece of nicotine gum was driven by specific cues."}, {"type": "sentence", "content": "For me, there were two clear habit cues. The time of day - I'd use a piece in the afternoons to get a mental pick-me-up - and my mood. I'd use nicotine gum when my mental energy was flagging at work to give my brain a boost."}, {"type": "subtitle", "content": "2. Figure out how to shift your behavior to a better one."}, {"type": "sentence", "content": "In this case, I replaced nicotine gum with regular chewing gum. This simple behavior shift was a new routine triggered by the same habit cues. I was getting some reward for replacing my behavior (a minty taste from the gum that woke me up), without the bad side of the behavior (addictive nicotine)."}, {"type": "sentence", "content": "If you're looking for ways to shift your behavior, some alternatives for common habits could include:"}, {"type": "subtitle", "content": "3. Make it easy to perform the new habit."}, {"type": "sentence", "content": "The key to replacing any bad behavior with a better one is ease. If your replacement habit is harder to perform, you're less likely to do it."}, {"type": "sentence", "content": "For example, when I was quitting nicotine gum, I kept several packs of chewing gum on me at all times. That way, I didn't have to hunt for chewing gum when my habit cues appeared. And I didn't have to go to the store and buy more gum, where I'd inevitably buy nicotine gum instead."}, {"type": "subtitle", "content": "The Bottom Line"}, {"type": "sentence", "content": "Behavior change is hard - there are no silver bullets. Building better habits is mostly down to doing hard things over and over, until they're not so hard anymore."}, {"type": "sentence", "content": "That's why shifting your behavior, like Tony Dungy asked his players to do, can be more successful than forcing yourself to quit a habit. And improving our habits - actions performed without conscious thought - can lead to success, on or off a football field. As Coach Dungy put it:"}, {"type": "sentence", "content": "\ud83e\udde0Want to learn more about evidence-based mind management for smart, ambitious folks?"}, {"type": "sentence", "content": "Click here \ud83d\udc49 to subscribe to the Growth Habits Lab newsletter and I'll send you a free PDF \"25 Cognitive Biases and How to Use Them to Make Better Decisions\"."}], "topic": "productivity", "uuid": "0bd5338d67517d6de5740cd303c6cc41295ba55bcda57a5823be70fb", "link": "https://medium.com/growth-habits-lab/dungys-rule-why-you-should-shift-not-quit-bad-habits-b9a2f8a4eb1c"}