{"title": "Will Ultra-Cheap Batteries Drive a New Roaring '20s?", "data": [{"type": "image", "content": "https://miro.medium.com/max/7104/1*wB47LuCzGDF5scVus2A1JA.jpeg"}, {"type": "sentence", "content": "Batteries are very near a tipping point sought by entrepreneurs, tinkerers, and investors for a century and longer - a cut in average cost so low that electric vehicles can be profitably priced the same as their gasoline-propelled cousins. The coming price plunge for batteries is behind forecasts that, starting in the second half of the decade, EV sales will leap ahead of today's levels and eventually surpass internal combustion."}, {"type": "sentence", "content": "The inflection point is a cost of $100 per kilowatt-hour, the metric for battery capacity. Some Chinese electric public buses are already powered by such batteries, and BloombergNEF forecasts that, at the current rate of improvement, the average price for all lithium-ion batteries will similarly drop below $100 per kWh at the pack level by 2023."}, {"type": "sentence", "content": "At once, batteries have become a much bigger deal, evidenced by long new takeouts on the subject at the Wall Street Journal, the Washington Post, and the Financial Times. Which has made me wonder what would be possible in a world of even cheaper batteries - like $56 per kWh, which Tesla CEO Elon Musk has promised, or $40 per kWh, a potential cost cited to me last year by Gene Berdichevsky, CEO of Sila Nanotechnologies, a Silicon Valley battery startup. This is not just talk: The advances that could bring such prices - the commercialization of lithium metal and silicon anodes - appear to be already on their way in the middle to late-middle of the decade."}, {"type": "sentence", "content": "As context to what such low cost could bring, the iconic Roaring '20s became an economic juggernaut on the strength of two intersecting technological advances: the affordable automobile and cheap electricity. Henry Ford dropped the price of his Model T from $965 to $269, and electricity fell from 30 cents per kWh to 10 cents. Now, when merchants began to sell the first comparatively sleek, affordable home appliances, too - the pop-up toaster, the iron, the washing machine, and the electric stove - consumers went loopy with excitement. A boom erupted in kitchen upgrades and automobile ownership, initiating the American love affair with the road and the age of convenience."}, {"type": "sentence", "content": "In a story last month, I plumbed whether, a century later, we are entering a new Roaring '20s. And, if so, what are the products that could drive the boom this time? What I did not consider is how closely the present might be rhyming with the past - that the economy of the 2020s and beyond might also be driven by newly affordable automobiles and electricity, in this case EVs and lithium-ion batteries."}, {"type": "sentence", "content": "In the 1920s, when Ford slashed the price of his Model T and then allowed people to buy them on installment plans, he unleashed an unimagined world: The number of automobiles tripled to 27 million by the end of the decade; four in five households now had one, compared with one in five in 1920. Road and highway construction went on a tear to accommodate these automobiles, and alongside the roads, crews built gas stations, caf\u00e9s, and shops. Suburbs had existed for decades along railroad lines, but now \"the vast spaces outside the immediate radius of the lines begin to fill in,\" Robert Gordon wrote in The Rise and Fall of American Growth."}, {"type": "sentence", "content": "There is no way to know with certainty how many electric vehicles will be made and sold over the coming years, but automakers are preparing for a substantial shift away from combustion. A forecast by BloombergNEF is that motorists will buy about 26 million EVs around the world in 2030, an eightfold jump from about 3 million last year. If such numbers materialize, they will require an enormous buildout of infrastructure, especially charging stations, but also all manner of newly equipped factories to make batteries, parts, software, and so on. EVs are described as smartphones on wheels - motorists will demand a digitalized ride including entertainment, which means more supply businesses for the vehicles. The various industries would add up to trillions of dollars in new business."}, {"type": "sentence", "content": "But batteries costing $50 to $100 per kWh would be transformative in other ways too. Robbie Diamond, president of Securing America's Energy Future, a Washington, D.C., think tank, tells me that microcars will be much cheaper and that lanes will be created to accommodate them. \"Instead of shifting to walking and biking, which has never really been successful in much of the West, we will shift people out of cars into these vehicles,\" Diamond told me. He said, \"Start thinking vehicles whose wheels can be retracted, park sideways, and drive in micromobility lanes protected from large vehicles.\" Such lanes might also accommodate delivery bots toting e-commerce packages."}, {"type": "sentence", "content": "There are things to worry about, too. Just as the new technology of connectivity has brought many unintended byproducts, such as surveillance capitalism, this next stage of batteries is likely to enable products with the potential to disrupt society. One such technology is augmented and virtual reality, at once untethered from wall sockets and fully portable."}, {"type": "sentence", "content": "On one hand, university life could be entirely reshaped when people can \"'physically' sit in a Harvard lecture theater with fellow students and superstar lecturers for a cheaper educational fee,\" said Simon Moores, managing director of Benchmark Mineral Intelligence, a London-based research firm tracking the lithium-ion industry. People living in isolated places will have greater chances to interact with people elsewhere. But people wearing such devices will also be on the move, not in their living rooms. \"It will blur the lines further between reality and virtual reality and encourage the user to spend more time in their fake world than real life,\" Moores tells me."}, {"type": "sentence", "content": "Lighter, smaller, more energetic batteries would also enable mobile robots, which would suddenly be much cheaper to operate. Boston Dynamics has demonstrated astonishingly agile humanoid (and canine) robots. That could mean lost jobs if cheap, long-lived batteries mean such robots could wander around doing tasks for long hours. We won't know the job impact concretely until the time is here. But that they will be on their way with cheaper batteries seems almost a certainty."}, {"type": "sentence", "content": "\"I would say that fully functional autonomous robots are the next mountain for batteries to climb,\" Sam Jaffe, managing director of Cairn Energy Research Advisors, told me. \"Robots that are powerful enough to be useful are the 'toaster' of the next decade.\""}], "topic": "economy", "uuid": "0c89e3b0de29b7afe6c29b8c0b44af0f6d9c21f1d65c6f64c5a20597", "link": "https://themobilist.medium.com/will-ultra-cheap-batteries-drive-a-new-roaring-twenties-bc676c9acdaf"}