{"title": "Meet Chinny Ugoji - The Woman Who Innovated Faith-Based Marketing Communications in Nigeria.", "data": [{"type": "subtitle", "content": "Several years ago, Chinny Ugoji left her corporate job at GTBank to join a startup faith-based organization as the Head of Media and Communications."}, {"type": "image", "content": "https://miro.medium.com/max/2484/1*oKhQoGyJ_lrkCfIjABDBRQ.jpeg"}, {"type": "sentence", "content": "That could have been career suicide but Mercy said No. Also, Chinny is not one to run away from a challenge. She brought her marketing comms skills to shore and redefined the role of media and communications in helping to grow the 'startup' to one of the largest faith-based organizations in Nigeria (Yes, I know I could just say 'Church' but then what's the fun in that)."}, {"type": "sentence", "content": "Communication Professionals in faith-based organizations rarely any industry recognition or awards, yet they help build some of the biggest brands in the country. But I digress."}, {"type": "sentence", "content": "Chinny Ugoji has pushed beyond the conventional 'churchy' way of attracting 'customers' (you know what I mean)."}, {"type": "sentence", "content": "I have watched for years in admiration of how Chinny leads her team as a full-blown marketing communication and video production agency. Some of your favorite video production agencies pale in comparison. She leads her team to deliver several comms campaigns weekly and to produce all the contents in-house."}, {"type": "sentence", "content": "Her media and comms team does it all;"}, {"type": "sentence", "content": "Chinny Ugoji and her team are proof that despite your incredible product/service, your marketing comms efforts will be one of the defining success factors - driving brand awareness, consideration, conversion, retention, loyalty and advocacy. The customer journey in churches needs to be studied and discussed more, there are lots of lessons to learn."}, {"type": "image", "content": "https://miro.medium.com/max/1200/1*4q4qNHFwu1L4PZKt1B_UQQ.jpeg"}, {"type": "sentence", "content": "The incredible comms work has led to the fastest growing church in Nigeria - 'The Elevation Church'"}], "topic": "marketing", "uuid": "0ed0c248e313a6cfc349dc1213a358bfb2e362b3f9104e1e398a8e1c", "link": "https://medium.com/swlh/how-chinny-ugoji-redefined-the-role-of-media-and-communication-in-this-faith-based-organization-f17d5c43367a"}