{"title": "A Calming Cave Visualization to Decrease Stress", "data": [{"type": "subtitle", "content": "The benefits are numerous, but seeing is believing"}, {"type": "sentence", "content": "When I was a child, I had a near-daily ritual where I would sprint down the grassy, green hills toward the muddy tunnels that snaked their way under the highway by my house. The tunnels led to the ultimate destination, a partially submerged cave lined with gooey mud and carefully molded bee nests. This was a magical place. A peaceful place. A safe space. I'd spend many hours gazing out at the streams of iridescent light that flowed from the entrance."}, {"type": "sentence", "content": "I didn't grow out of my love for exploring wild places, caves included. It is my dream to swim to an underwater cave where I would gracefully and bravely submerge myself and reemerge again in a place that time forgot, a place of otherworldly beauty, filled with limestone stalactites, shimmering crystals, and undiscovered treasures-a lake of albino fish or a strikingly sublime colony of inky-black bats."}, {"type": "sentence", "content": "That primal feeling of being encased by the earth and the resulting rush that you get from exploring something possibly unchartered is an experience like no other."}, {"type": "sentence", "content": "So, I created a peaceful cave visualization that can inspire peace and serenity wherever we may be."}, {"type": "subtitle", "content": "The Benefits of Visualization"}, {"type": "sentence", "content": "Visualization is the practice of using peaceful images to promote a relaxed state of mind. The technique itself is simple, effective, and accessible, and quite helpful for reducing daily stress and tension."}, {"type": "sentence", "content": "Creative visualization is a powerful practice because where the mind goes, the body will follow. The only limits are what you can conjure up in your mind, and for that, there is no limit."}, {"type": "sentence", "content": "Scientific studies have shown the positive effects of creative visualization on health, such as immunity, stress, healing, and pain management. Science also shows that visualization improves many facets of life, from athletic ability to cognitive performance, to self-esteem, to goal achievement."}, {"type": "sentence", "content": "Visualization techniques may also aid in the attainment of higher states of consciousness. Whatever you need, whatever you do, or whatever your abilities, visualization will help."}, {"type": "subtitle", "content": "Calming Cave Visualization"}, {"type": "sentence", "content": "First, here is a music track to accompany the below visualization:"}, {"type": "sentence", "content": "The beauty of this practice is that you can personalize your visualization to suit any mood or preference. Whatever fills you with peace, go with that."}, {"type": "subtitle", "content": "The practice"}, {"type": "sentence", "content": "Try adding this calming visualization to your anti-stress toolkit, and for even more stress-relief, commit to practicing daily. This could be in the morning and at night, during traffic lulls, before an important meeting, or whatever works for you and your lifestyle."}, {"type": "sentence", "content": "The more that your brain is trained and primed to use visualization as a stress defense, the easier it will be to call on a peaceful, positive state of mind whenever you'd like."}, {"type": "subtitle", "content": "Connect with me on Twitter and LinkedIn"}, {"type": "subtitle", "content": "Read more:"}], "topic": "mindfulness", "uuid": "126b4c2c7f3600f593b5378968535890784622b0a517bb66a02fbcf8", "link": "https://medium.com/illumination/a-calming-cave-visualization-to-decrease-stress-e0520fd2d78f"}