{"title": "Deep dive: Mobile design principles and best practices", "data": [{"type": "sentence", "content": "With nearly 9 million apps at people's fingertips, it's tough out there for a mobile app designer. At least a thousand new apps pour into the Google Play Store and Apple's App Store each day. Yet, more than 75% of them are downloaded, opened once, and never used again. Most of this can be attributed to poor usability."}, {"type": "sentence", "content": "Take just one industry: eCommerce. With 3.5 billion smartphones globally, it's losing hundreds of billions of dollars every year by not following UX design best practices. The site is either too slow, the search is broken, the UI is indecipherable, or the navigation is awful."}, {"type": "image", "content": "https://miro.medium.com/max/3840/1*d5GCWqr-A8KV2nTyyAP7gw.png"}, {"type": "sentence", "content": "Things looked pretty dire for an unlucky development team when people kept leaving 1-star reviews on the app store about their expensive creation. The reviews complained that the app was \"too slow.\" Desperately wanting to correct the situation, the team rewrote the app over several months at an eye-watering expense."}, {"type": "sentence", "content": "When they tested the app again, they were mortified. It turns out people meant that the navigation was awkward, using the UI was cumbersome, and finding things was \"too slow.\" It was a UX issue, not a speed issue!"}, {"type": "sentence", "content": "If they'd followed mobile UX design best practices, they could have produced an app with superior usability. Following \"golden rules\" and standards would have improved their mobile UX, and they would have received better reviews."}, {"type": "image", "content": "https://miro.medium.com/max/4500/1*DZKrvk4iwX3E3JvkSDHPRg.jpeg"}, {"type": "sentence", "content": "People don't want to learn a new mobile interface every time they open an app. They want to be entertained or get things done. They want products that are easy and \"just work.\""}, {"type": "sentence", "content": "Mobile users want instant access to everything. It's estimated that people check their phones about 80 times a day! Because they're often used for short bursts of activity, frictionless designs with great UX succeed more."}, {"type": "sentence", "content": "Neuroscientists say our brains are energy hogs. The brain evolved over millennia to be as efficient as possible - to save energy. People crave consistency and ease-of-use because our brains prefer the least amount of friction."}, {"type": "sentence", "content": "Unquestionably, everyone wants their app to succeed. But if something is unusable, it means increased friction, and people will move on. No matter how aesthetically-pleasing the visual design, how fancy a micro animation is - if the app's usability is flawed, the experience will be broken."}, {"type": "image", "content": "https://miro.medium.com/max/3840/1*58Xd8ql6cL_4mXd2ELb6HA.jpeg"}, {"type": "sentence", "content": "Coined by Jakob Nielsen, Jakob's Law states that \"Users spend most of their time on other apps. People prefer your app to work the same way as all the other apps they already know.\""}, {"type": "sentence", "content": "The most popular and successful apps follow mobile UX design best practices because these \"tried and true\" standards mean that people don't have to re-learn a UI. It's not about cloning other apps. It's about not breaking expected patterns unless it provides significant value."}, {"type": "subtitle", "content": "The Significance of Mobile Usability"}, {"type": "sentence", "content": "Usability is a quality attribute in UX made up of many components. There are many, but let's dive into five crucial ones:"}, {"type": "sentence", "content": "\u25cf Learnability: How easy is it for people to accomplish basic tasks the first time?"}, {"type": "sentence", "content": "\u25cf Efficiency: How quickly can people perform tasks?"}, {"type": "sentence", "content": "\u25cf Memorability: When people return to the design after a period of not using it, how easily can they reestablish proficiency?"}, {"type": "sentence", "content": "\u25cf Error Recovery: How many errors do users make, how severe are they, and how easily can people recover from them?"}, {"type": "sentence", "content": "\u25cf Satisfaction: How pleasant is it to use the design? Does it help people accomplish their tasks? Was it a satisfying interaction?"}, {"type": "image", "content": "https://miro.medium.com/max/3840/1*1WjnlytuFgf35unz-v85Cg.jpeg"}, {"type": "subtitle", "content": "Mobile Navigation"}, {"type": "sentence", "content": "Let's dive deeper into usability. First up, navigation. There's a saying in the UX world, \"discoverability always wins.\" Discoverability in UX refers to a UI where every possible interaction is crystal clear to users. If people can't find something, \"it doesn't exist.\" A hamburger menu, for example, is detrimental to usability because it's considered hidden navigation. It impairs usability because it has low discoverability and a high interaction cost."}, {"type": "image", "content": "https://miro.medium.com/max/3840/1*B-6pzKIwHV_xegslbrDZ8A.jpeg"}, {"type": "sentence", "content": "Among many mobile navigation patterns, the \"tabbed view\" is a popular one. Content is divided into tabs (like desktop devices), and users navigate between the tabs from a toolbar accessible on any screen."}, {"type": "sentence", "content": "Mobile usability experts have performed countless tests between tab bars (aka the bottom navigation bar on Android) used for the \"tabbed view\" and the hamburger menu for mobile navigation. Which one came out on top? It was the tab bar (seen above on the right). Why? Because it exposes the primary navigation and allows movement between primary destinations in an app. If unavoidable, designers can use a hamburger menu on the tab bar for secondary, less important options."}, {"type": "sentence", "content": "A particular form of navigation may have become ubiquitous, but it doesn't mean it's the most efficient. After countless tests, Facebook and Spotify decided that a hamburger menu should not be used as an app's primary navigation. They require significant effort from the user. They have to discover it, tap it to open, read through all the available options, make a decision, and tap again to go to the option selected."}, {"type": "image", "content": "https://miro.medium.com/max/3840/1*1Z8Fzkg_V1bmTTLnVHl6Pg.jpeg"}, {"type": "sentence", "content": "Kebab menus belong to the same group as hamburger menus. They are also seen everywhere, and people are getting used to them, but they still decrease discoverability and, therefore, negatively impact mobile UX. It's best only to use a kebab menu as a last resort. People don't see them, so may as well not have them!"}, {"type": "sentence", "content": "When designers don't know how to properly structure mobile content (its information architecture) and design efficient navigation, they typically use hamburger menus and kebabs as a design crutch. Astonishingly, some UIs sport not one but two kebabs, as the last screen below demonstrates."}, {"type": "image", "content": "https://miro.medium.com/max/3840/1*flhpL8ysakbzlLEs0DgDbA.png"}, {"type": "subtitle", "content": "Icons in Mobile UIs"}, {"type": "sentence", "content": "Since ancient times, people have used symbols to communicate with each other. It is a scientific fact that our brain processes (recognizes) symbols about 1000x faster than reading text. The Greeks, Egyptians, and Chinese used symbols in some of the earliest writings."}, {"type": "image", "content": "https://miro.medium.com/max/3200/1*Mdq8-kKaIsbJJ06O1RNlvg.png"}, {"type": "sentence", "content": "On the left side above are some symbols that Native Americans used to communicate. How many can you decipher as to their meaning? Maybe the top row - not much beyond that."}, {"type": "sentence", "content": "But when we see the descriptions in the lower right, they make more sense, and recognition becomes a lot faster. We'll see in a second why this is important."}, {"type": "sentence", "content": "Whereas universal icons are instantly recognizable, non-universal, unlabeled icons are a guessing game. People are stopped in their tracks. Unlabeled icons in a UI are equivalent to throwing a roadblock into a user's path because they have to stop to decipher their meaning. User flow comes to a screeching halt!"}, {"type": "sentence", "content": "The screens below from some popular apps show unlabeled icons. Try to guess what they all mean and where they would take you!"}, {"type": "image", "content": "https://miro.medium.com/max/3840/1*z5Scsjee0CNiGCFBXmppag.jpeg"}, {"type": "subtitle", "content": "Recognition Rather Than Recall"}, {"type": "sentence", "content": "Recognition refers to our ability to \"recognize\" an event or piece of information as being familiar. At the same time, recall is much more of a \"cognitive burden\" that involves pulling related details from memory. Showing users things they can recognize improves usability over needing to recall items from scratch."}, {"type": "sentence", "content": "For example, using icons in a UI is powerful because it allows for the instant recognition of a symbol. If a standard warning sign icon is shown in a dialog, it immediately makes the user pay attention because the next action may be destructive. But if an icon is designed to force users to recall and decipher meaning - a hand held up, for example, instead of the warning icon - it decreases efficiency and usability."}, {"type": "sentence", "content": "There's also a concept in UX called \"value vs. pain\" - how much investment one is willing to make to find out where an icon leads. Most people do not want to learn and memorize what an icon means in one app when using many different apps every day."}, {"type": "sentence", "content": "The mobile UX design best practice for icons is: always label icons with text. Labeled icons ensure that meaning is conveyed quickly and easily and that they are consistently understood. Most big-brand, popular apps do it."}, {"type": "image", "content": "https://miro.medium.com/max/3840/1*-hcpwbT0rkHp_4LoSFAH8Q.png"}, {"type": "subtitle", "content": "Speed"}, {"type": "sentence", "content": "On mobile, speed is king. Milliseconds earn millions. In mobile eCommerce, even a one-second delay in load time can negatively impact conversions by 20%. If a slow mobile experience drives customers away, a fast mobile experience can help attract and keep them."}, {"type": "sentence", "content": "BMW listened to this recommendation and supercharged its mobile site using Accelerated Mobile Pages (AMP) and Progressive Web Apps (PWA) - two state-of-the-art technologies for speedy mobile site experiences. After they did this, the proportion of people clicking through to a BMW sales site soared from 8% to 30%, nearly 4X higher than previously."}, {"type": "image", "content": "https://miro.medium.com/max/3840/1*U1f6bJ_cLJp13kerf94B3A.jpeg"}, {"type": "sentence", "content": "With AMP (accelerated mobile pages), Telef\u00f3nica, one of the largest mobile network providers in the world, improved load times for its mobile site by 70%. This speed boost helped the company increase click-through rates by 31%!"}, {"type": "sentence", "content": "German eCommerce site B\u00fccher was able to speed up its site by 33% by using \"lazy loading\" of images, and as a result, increased their book sales. The critical takeaway for designers is to work with developers to improve the speed of mobile sites and apps because it will dramatically increase conversions and boost mobile UX."}, {"type": "image", "content": "https://miro.medium.com/max/3840/1*CN6v86xShOkrKRpx85nfvg.jpeg"}, {"type": "subtitle", "content": "Notifications"}, {"type": "sentence", "content": "Notifications contribute to an experience that helps people accomplish a goal and should be treated like any other digital product component. However, notifications can cut both ways. If handled well, they can boost UX and assist engagement but risk becoming an annoyance when executed poorly. Striking the right balance is key."}, {"type": "sentence", "content": "Too many unnecessary notifications can frustrate users who may then silence notifications or stop using the app altogether. They are mostly interruptions, so it's crucial to look at the notification's message and how and when to ask for permission to send them."}, {"type": "image", "content": "https://miro.medium.com/max/3840/1*1iE31Ksufkt-3wd_vq2JZA.jpeg"}, {"type": "sentence", "content": "The first app above asks users if they're enjoying the newly updated app immediately after opening it. The next two show H&M bombarding people, asking them to \"allow notifications\" and flashing a privacy notice as soon as they open the app. Marks and Spencer, another UK retailer (the last two), does the same. They are all examples of poor UX."}, {"type": "sentence", "content": "For mobile push notifications, the best practice is to delay notifications of any kind until people have had the chance to explore the app."}, {"type": "subtitle", "content": "Mobile Interaction Design Principles"}, {"type": "sentence", "content": "There's a fine line between an interaction that works and one that is unusable. Because usability is crucial on mobile, well-executed interaction design plays a considerable role in implementing great mobile UX. Observing interaction design principles takes on added importance as screens are small, and various form factors come into play."}, {"type": "sentence", "content": "Whether in digital product design or industrial design, design conventions are rooted in human behavior, ergonomics, and psychology. They follow best practices and expectations of how things work. These conventions have evolved by trial and error over a long time and are proven to be effective."}, {"type": "sentence", "content": "It's foolhardy and somewhat arrogant to ignore design conventions. Without them, we risk annoying people. Imagine if every bicycle, every door handle - or the pedals and the steering wheel in every car - worked differently, all purely in the name of \"innovation.\" Designers need to consider expectations to reduce friction."}, {"type": "image", "content": "https://miro.medium.com/max/3840/1*MRRtNcMgTbf4v_b_IKDo9g.png"}, {"type": "sentence", "content": "Discoverability - touched upon a little earlier - means: It should be evident what actions are possible from the UI and the current state of the device. Not just on the homepage, but on all the screens. Remember the kebab and hamburger menus and the unlabeled icons? They represent hidden or cryptic information. Designers should design UIs that let people discover features and interactions quickly."}, {"type": "image", "content": "https://miro.medium.com/max/3840/1*ecxhemJKRCpuXnJXA7y8pQ.png"}, {"type": "sentence", "content": "Signifiers. They are the clues or signals to affordances. Although this seems like a straightforward concept, it's one that seems to confuse people the most. People use the term \"affordance\" incorrectly all the time. In practice, designers need to use signifiers to indicate what affordances are present in a UI. A signifier can be a button, a menu icon, an input field, or an image that's just peeking in from the side of the screen, signaling - signifying - that users can swipe to it."}, {"type": "image", "content": "https://miro.medium.com/max/3840/1*Vv17_it68qMRmWrYvn0MlA.png"}, {"type": "sentence", "content": "Feedback. When we initiate something in the real world, we expect some feedback. Press an elevator button, and the button lights up, signaling that the system has received the call. Touch your transportation card as you get on a bus, and you'll hear a ding. It's comforting in many ways - it's the world \"feeding back\" confirmation to an action."}, {"type": "sentence", "content": "The same needs to happen in the digital realm. Feedback is closely tied to the usability heuristic \"visibility of system status.\" Feedback may be visual, a sound, or haptic feedback, like vibration - for example, when you put an item in the shopping cart with Amazon's iOS app."}, {"type": "image", "content": "https://miro.medium.com/max/3840/1*m8zgMjR02ZBfABcaVil7Zw.png"}, {"type": "sentence", "content": "Mapping is about mapping UI controls to something natural - taking advantage of physical analogies and cultural standards in the real world. It leads to an immediate understanding in interaction design. One could call it \"ergonomic UX.\" For example, a designer can use a spatial analogy in the UI: To increase a value with a slider component, swipe a slider up; to decrease it, swipe down. It's immediately familiar. People don't have to decipher meaning."}, {"type": "image", "content": "https://miro.medium.com/max/1600/1*MnmzMijzMFHkcmj9mtoW0A.gif"}, {"type": "image", "content": "https://miro.medium.com/max/3840/1*JtuidmvQG8Z5hYLH0GNYtg.png"}, {"type": "sentence", "content": "Mental models are also called \"conceptual models\" and are closely related to mappings. Remember what neuroscience calls \"the lazy brain\" and the case for frictionless design? Mental models are images in a user's mind that inform their expectations of a particular interaction and how something works in the real world."}, {"type": "sentence", "content": "For example, this Mercedes seat adjustment control is perfectly designed to align with people's mental models. It's immediately clear and usable."}, {"type": "image", "content": "https://miro.medium.com/max/3960/1*xTvDFgBrnL-xG2fMqhVzlw.jpeg"}, {"type": "sentence", "content": "When these interaction design principles are applied rigorously, they will provide excellent usability, leading to higher quality mobile user experiences."}, {"type": "subtitle", "content": "The Laws of UX in Mobile UX Design"}, {"type": "sentence", "content": "Let's dive into six essential Laws of UX that mobile designers ought to observe and add to their arsenal. These laws are grounded in psychology and human-computer interaction science (HCI). Adhering to these \"laws\" is especially important for mobile sites and apps. Whether a UX designer acknowledges them or not, these laws of UX rule and operate and will impact a design's effectiveness."}, {"type": "image", "content": "https://miro.medium.com/max/3840/1*YIyKx-_nFnYCKcs1jTsADg.png"}, {"type": "sentence", "content": "Great customer experiences are based on trust and meaningful, consistent interactions. Any designer worth their salt must consider cognitive psychology and the effect of their work on their intended audience. For example, let's consider a bank with over 25 million mobile customers. In that case, it can be easily seen how ignoring the laws of UX could seriously inhibit their app's usability and consequently affect their bottom line."}, {"type": "image", "content": "https://miro.medium.com/max/3840/1*aUUR2vxRvO9O_TMMcKTkHA.png"}, {"type": "sentence", "content": "First up, Fitts's Law. It states: \"The time to acquire a target is a function of the distance to and size of the target.\" Even though mostly applicable to desktop UI design, Fitts's Law can also apply to mobile UIs. The distance from one tap to another can be used to either assist or impede an interaction. For example, a destructive action such as \"sign out\" can be placed at the top of the mobile screen, and the confirmation can come up on the bottom. This would impede the interaction and provide enough time for the user to reconsider. Inversely, closely-related, non-destructive actions could be placed closer together to speed up interactions."}, {"type": "sentence", "content": "Believe it or not, this \"law\" comes from early studies looking at muscle movement and targeting by telegraph operators and was later adapted to HCI (human-computer interaction)."}, {"type": "image", "content": "https://miro.medium.com/max/3840/1*dOQ5LWv4mmsZEyyMZp2Gxg.png"}, {"type": "sentence", "content": "Hick's Law states: \"The time it takes to make a decision increases with the number and complexity of choices.\" In a poorly designed scenario, this law could be violated by a UI that presents too many choices and asks people to remember too many things - for example, offering too many options to choose from when ordering something on mobile. Mobile UIs need not be simplistic but should be simple to use."}, {"type": "image", "content": "https://miro.medium.com/max/3840/1*hfZB2cOu06s-ytnzdol-uw.png"}, {"type": "sentence", "content": "We saw this earlier, and it relates to the consistency of mobile UIs. Jakob's Law states: \"Users spend most of their time on other sites or apps.\""}, {"type": "sentence", "content": "Designers can simplify the learning process by providing familiar design patterns, thereby increasing conversions. People expect a product to work like all the others."}, {"type": "image", "content": "https://miro.medium.com/max/3840/1*kVs7HxlSzwReQYClZgqHTA.png"}, {"type": "sentence", "content": "Miller's Law states that \"the average person can only keep around seven items in their working memory.\" When this rule is disregarded, people are forced to think more than they should have to. UX professionals often refer to this phenomenon as cognitive overload."}, {"type": "sentence", "content": "Ignoring Miller's Law can seriously cripple mobile UX. If there are too many things people have to remember, it could cause frustration and decision paralysis (aka \"overchoice\")."}, {"type": "image", "content": "https://miro.medium.com/max/3840/1*KM0MfYPwwLN9vds71oJzsA.png"}, {"type": "sentence", "content": "Lawrence Tesler worked at Xerox PARC in the mid-80s and was instrumental in developing the modern GUI, the foundation for Apple's Macintosh. Along with Bruce Tognazzini - another usability guy - he argued that when an application is simplified too much, people begin attempting more complex tasks. So, minimalist design is OK, reducing complexity is OK, but there is a certain amount of complexity that cannot be decreased."}, {"type": "image", "content": "https://miro.medium.com/max/3840/1*L2Pob1at6bzB8o4VyTwsKw.png"}, {"type": "sentence", "content": "This one is named after a Russian psychologist: Bluma Zeigarnik. The Zeigarnik Effect says that uncompleted tasks are easier to remember than completed ones. It turns out that our brain has a powerful need to finish what it started. Hollywood has used this trick for eons in episodic TV, known as the \"cliffhanger.\""}, {"type": "sentence", "content": "For example, designers can use visual indicators for complex tasks that take longer - such as progress bars - to indicate when a task is incomplete, nudging people along to finishing it."}, {"type": "sentence", "content": "Taken collectively, observing these laws of UX can help guide a mobile UX designer toward creating the most effective design for any given product. Even though they are not actual \"laws\" but rather \"tried and true\" cause and effect relationships, mobile designers should nevertheless take notice of the driving forces behind the laws of UX to design superior mobile products."}, {"type": "subtitle", "content": "Taking Advantage of Mobile Technology to Boost UX"}, {"type": "sentence", "content": "Last but not least: designers have other ways to boost mobile UX. They can take advantage of hardware components in a mobile device in creative ways to enhance user experiences."}, {"type": "sentence", "content": "All mobile devices have a camera that can be used for barcode scanning, computer vision applications, and augmented reality. We have motion sensors, GPS, accelerometers, compass, microphone, haptic and sound feedback, Touch ID, Face ID, Google Pay, Apple Pay, and so on - all of which could be used to enhance functionalities, improve feedback, and reduce interaction costs."}, {"type": "image", "content": "https://miro.medium.com/max/3840/1*PB2yhrpTKOtuVtIbnzWP4Q.jpeg"}, {"type": "subtitle", "content": "Summary"}, {"type": "sentence", "content": "People are looking for convenience, ease-of-use, and efficiency when using their mobile. Too often, however, they're frustrated with mobile experiences due to poor usability."}, {"type": "sentence", "content": "As great mobile designs are becoming more prevalent, the bar is always being raised regarding what people expect from their mobile experiences. The best designers and the most successful companies use mobile UX design principles - to enhance usability, lower the barriers to adoption, and increase conversions."}, {"type": "sentence", "content": "It's about making mobile products work better."}], "topic": "ux", "uuid": "1945df378b29246e8e566f51c51ae57a32247e8b6b9d05d4155fa45f", "link": "https://uxdesign.cc/boost-ux-with-mobile-ux-design-principles-and-best-practices-907e4f9fdd5d"}