{"title": "Discover Freelance Business Expenses to Lower Your Taxes", "data": [{"type": "subtitle", "content": "FREELANCE TAX GUIDE"}, {"type": "sentence", "content": "Learn about the business expenses you can claim as a freelancer including communications, technology, home office deductions, patent processing, and more."}, {"type": "image", "content": "https://miro.medium.com/max/10944/0*iUq8J4h2Y7wGDOtB"}, {"type": "sentence", "content": "Your freelance business takes on unavoidable costs as you manage clients, run your operations, market yourself, take payments, and more. Many of these costs can be deducted as freelance business expenses - money that you've paid out to do your work. These expenses can be deducted from your business revenue when working out your profits and taxable income."}, {"type": "sentence", "content": "This is good for you because it means you don't pay unnecessary federal, state, or self-employment taxes on the money you've already spent. That's why I've created this (relatively) complete list to freelance expenses. I've based it partly on my own understanding of taxes over the years, partly on what the IRS says, and partly on many of the other excellent expense guides out there."}, {"type": "sentence", "content": "I hope this particular expense guide provides value because it's specifically for freelancers. You can use it when working out expenses for your own freelance business."}, {"type": "subtitle", "content": "These guides only contain general information and are not a substitute for professional advice or official sources"}, {"type": "sentence", "content": "I am not an accountant or qualified tax professional. These guides are intended only as general information, not as specific advice or recommendations. You should not rely on any of the information in these guides to make financial, tax, or other decisions. Always use official sources like the IRS website or your state's Department of Revenue to get accurate, up-to-date information."}, {"type": "sentence", "content": "You should always speak to a qualified tax professional about your unique tax circumstances. These guides only apply to freelancers filing taxes as sole-proprietors or single-member LLCs in the United States. You'll find a disclaimer at the end of this article."}, {"type": "subtitle", "content": "Before we get into the guide itself, a few important notes."}, {"type": "subtitle", "content": "It's important to understand the distinctions between revenue, expenses, and profits"}, {"type": "sentence", "content": "Fortunately, I wrote an entire guide on revenues, expenses, and profits that which explains things further. Please note that in this guide, I use the terms \"expenses,\" \"costs,\" and \"tax-deductible\" interchangeably."}, {"type": "subtitle", "content": "You may only claim part of some expenses for your freelance business"}, {"type": "sentence", "content": "If you make a purchase or use a service for both business and personal use, you can only expense part of that cost to your freelance business. For example, the cost of a cell phone that you use partly for business and partly for personal calls. I explain how to calculate this in the revenue, expenses, and profits guide."}, {"type": "subtitle", "content": "If you have larger purchases of over $2,500 you may need to depreciate"}, {"type": "sentence", "content": "Depreciation means you need to spread the cost of certain purchases over several years, and you can't claim all the expenses at once. Depreciation can also apply to smaller purchases or expense claims, for example for business use of your home. Talk to your accountant."}, {"type": "subtitle", "content": "You will need to be able to back up any expense claims"}, {"type": "sentence", "content": "Your expense claims must be supported with evidence - for example, a receipt or other proof that you spent that money. Only claim expenses for legitimate business costs where you have a way of showing you paid that expense."}, {"type": "subtitle", "content": "Freelance business expenses are separate from itemized and standard deductions"}, {"type": "sentence", "content": "Your freelance business expenses are completely separate from your 1040 standard or itemized deduction. You can claim both your business expenses (on a Schedule C) and your deduction, on the first page of your 1040."}, {"type": "subtitle", "content": "You need great bookkeeping to make the most of your expenses"}, {"type": "sentence", "content": "Finally (at last!), getting your expenses right relies on really good bookkeeping, and how you choose to categorize your business spending. Do I have a guide on freelance bookkeeping for taxes I hear you cry? Well yes, I do! You can find it here."}, {"type": "sentence", "content": "Alright, I think we're ready. Let's start with what you won't find here."}, {"type": "subtitle", "content": "What I haven't included in this guide to freelance business expenses"}, {"type": "image", "content": "https://miro.medium.com/max/6000/0*LqL-g6lptd1q_Pb9"}, {"type": "sentence", "content": "There are lots of expenses small businesses can claim, but several of them are not likely to be claimed by freelancers. Because of that, I haven't included information on the following areas:"}, {"type": "sentence", "content": "If you need information on any of these, there are plenty of other good expense guides available, and you can speak to your accountant."}, {"type": "subtitle", "content": "What's included in this guide to freelance business expenses"}, {"type": "sentence", "content": "Alright, now I've explained what isn't included, let's get into what is."}, {"type": "sentence", "content": "I've broken this down into a few separate sections."}, {"type": "subtitle", "content": "Reminder"}, {"type": "sentence", "content": "Before we get into the article itself, a quick reminder: I am not an accountant or qualified tax professional, and these guides are only intended as general information, not specific advice. Everyone's tax needs are different, and you should always speak to a qualified tax professional about your unique tax circumstances. These guides only apply to freelance writers and other creatives filing taxes as sole-proprietors or single-member LLCs in the United States. You'll find a disclaimer at the end of this article."}, {"type": "subtitle", "content": "Computer and communication expenses for freelance businesses"}, {"type": "image", "content": "https://miro.medium.com/max/11480/0*WSv28l-z3RS-fLB8"}, {"type": "subtitle", "content": "Communications costs for freelancers"}, {"type": "sentence", "content": "Your freelance business can typically deduct a proportion of each of these costs, depending on how much they are used for business vs. personal activities:"}, {"type": "subtitle", "content": "Computer hardware costs for freelancers"}, {"type": "sentence", "content": "You can deduct costs for computer hardware based on the percentage used by your freelance business. This includes:"}, {"type": "subtitle", "content": "Computer software costs for freelancers"}, {"type": "sentence", "content": "You can deduct all of the costs for freelance business software, whether you buy it outright or pay a regular subscription. Types of software might include:"}, {"type": "subtitle", "content": "Computer web hosting, design, and development costs for freelancers"}, {"type": "sentence", "content": "Many freelancers have websites where they describe their services and show samples and portfolios of their work. The costs related to hosting and creating these websites are tax-deductible."}, {"type": "subtitle", "content": "Home office costs for freelancers"}, {"type": "image", "content": "https://miro.medium.com/max/12032/0*KYOvwlVHqlabxgNy"}, {"type": "subtitle", "content": "Home office deduction for freelancers"}, {"type": "sentence", "content": "It's worth explaining the home office deduction in some detail, because it can get complicated. Essentially, the IRS lets you deduct some home office expenses in one of two ways:"}, {"type": "sentence", "content": "You cannot claim both of these deductions, only one or the other."}, {"type": "sentence", "content": "To take either of these deductions, your home office must be used regularly and exclusively for running your freelance business and providing freelance services."}, {"type": "sentence", "content": "The home office deduction is different to and distinct from the other office deductions listed in this freelance expense guide. You can take one of these two deductions in addition to, for example, the cost of maintaining your office or buying office furniture."}, {"type": "subtitle", "content": "Taking the IRS standard deduction"}, {"type": "sentence", "content": "It's simple:"}, {"type": "sentence", "content": "This is the method I use, as it's much faster and easier than the other method, and there are no extra IRS forms that need filing. However, in some cases, the other method may make sense."}, {"type": "subtitle", "content": "Working out your percentage floor space and using that as the basis for your home office deduction"}, {"type": "sentence", "content": "Here's what you need to do for the other method:"}, {"type": "sentence", "content": "The bills and expenses you can typically apply this to include:"}, {"type": "sentence", "content": "Note that if you take the simple, standard deduction ($5 per square foot), you cannot also take the deductions above."}, {"type": "sentence", "content": "If you use the percentage of the home method, you will need to complete and file a Form 8829, Expenses for Business Use of Your Home. This form is filed with your 1040 and Schedule C. This method may also have an impact on depreciation and capital gains tax when you sell your home. Speak to your accountant."}, {"type": "subtitle", "content": "Home office furniture, fixtures, and fittings for freelancers"}, {"type": "sentence", "content": "You can normally deduct 100% of the cost of furniture, fixtures, and fittings that you use exclusively in your home office, for example:"}, {"type": "sentence", "content": "You can generally take these expenses in addition to your home office deduction."}, {"type": "subtitle", "content": "Home office repairs and maintenance for freelancers"}, {"type": "sentence", "content": "If you need to spend money to repair and maintain your home office, then you may be able to expense some or all of the cost:"}, {"type": "sentence", "content": "Repairs and maintenance might include things like pest control, a cleaning service, repairs to house-wide systems, etc."}, {"type": "sentence", "content": "You can generally take these expenses in addition to your home office deduction."}, {"type": "subtitle", "content": "Home office sundry costs"}, {"type": "sentence", "content": "You can deduct miscellaneous and sundry costs based on the percentage you use for business:"}, {"type": "sentence", "content": "You can generally take these expenses in addition to your home office deduction."}, {"type": "subtitle", "content": "Bank, financial, and payment processing costs for freelance businesses"}, {"type": "image", "content": "https://miro.medium.com/max/8960/0*s99LkJa4x04b1VKc"}, {"type": "subtitle", "content": "Payment processing and platform fees for freelancers"}, {"type": "sentence", "content": "These are some of those hidden costs that we don't often think about, but they add up fast! Essentially, these are fees that you pay to receive payment from individuals, businesses, freelance platforms, and others."}, {"type": "subtitle", "content": "Financial expenses for freelancers"}, {"type": "sentence", "content": "There's a whole wealth of finance-related expenses that may be partly or fully deductible as a freelance business expense. Some of these are complex though, so speak to your accountant."}, {"type": "subtitle", "content": "Retirement contributions for your freelance business"}, {"type": "image", "content": "https://miro.medium.com/max/10304/0*FjXzdi6n8-KLFc2x"}, {"type": "sentence", "content": "Some types of retirement contributions are deductible from the amount you pay on your federal and state income taxes. Retirement contributions are not typically deducted from your self-employment taxes."}, {"type": "sentence", "content": "The types of retirement contributions you can deduct are those made to a personal, traditional IRA, and those made to a traditional retirement plan, like a 401(K). Please note that these contributions allow you to avoid tax on the contributions you make, but you will pay tax when you withdraw from these retirement accounts when you retire."}, {"type": "sentence", "content": "Contributions to a ROTH IRA, 401(K) or similar are not deductible for taxes now, so you will pay normal income tax on those contribution amounts. However, they are tax-free when you take money out of those accounts in retirement."}, {"type": "sentence", "content": "There are contribution and compensation limits for retirement accounts and taxes, and they can get complicated, so talk to your accountant."}, {"type": "subtitle", "content": "Hiring experts and professional fees"}, {"type": "image", "content": "https://miro.medium.com/max/7998/0*B4Cg4bzCDEvWO9mR"}, {"type": "subtitle", "content": "Hiring freelancers or contract workers"}, {"type": "sentence", "content": "You can hire other businesses, freelancers, and contract workers and make use of their services. You can normally deduct 100% of the cost, provided the services are exclusively for your freelance business. If you pay a contractor or freelancer more than $600 a year, you will need to file a Form 1099-NEC with the IRS and also provide a copy to the individual or business you hired."}, {"type": "subtitle", "content": "Professional fees for freelancers"}, {"type": "sentence", "content": "The money you spend on professionals to help you run your freelance business are generally fully tax-deductible. These fees might include:"}, {"type": "subtitle", "content": "Education, learning, and freelance equipment"}, {"type": "image", "content": "https://miro.medium.com/max/7906/0*oUoxz3eGSDjQFErl"}, {"type": "subtitle", "content": "Education and learning costs for freelancers"}, {"type": "sentence", "content": "You can completely deduct the cost of any training, learning, or materials designed to enhance your freelancing, business, or similar skills."}, {"type": "subtitle", "content": "Freelancing equipment"}, {"type": "sentence", "content": "If you use professional equipment in your freelancing work, you can normally deduct the entire cost. This might include:"}, {"type": "subtitle", "content": "Other freelance business costs"}, {"type": "image", "content": "https://miro.medium.com/max/15000/0*7qdB82JAFJEMwvUZ"}, {"type": "subtitle", "content": "Advertising and marketing costs for freelancers"}, {"type": "sentence", "content": "Your freelance business can typically deduct 100% of the costs for:"}, {"type": "subtitle", "content": "Travel expenses for freelancers"}, {"type": "sentence", "content": "Some freelancers will work exclusively online and probably won't have a need to travel, but others, for example, photographers, may need to travel to see clients and perform services."}, {"type": "sentence", "content": "Alright, I think that's it for this expense guide. Thanks for reading!"}, {"type": "sentence", "content": "Learn more about freelance taxes in my friendly, approachable guides."}, {"type": "subtitle", "content": "About me"}, {"type": "sentence", "content": "I'm a freelance writer specializing in B2B content on business, finance, and technology. Learn more about me on my freelance writing website."}, {"type": "subtitle", "content": "Disclaimer"}, {"type": "sentence", "content": "I am not an accountant or tax professional and the information offered here is intended only as general information, not as recommendations or advice on your financial, tax, or other circumstances."}, {"type": "sentence", "content": "The information shared in these guides may not be accurate, reliable, timely, or relevant. You should not rely on these guides to make financial, tax, or similar decisions, and they are not a substitute for qualified, professional advice or information from official sources. You should always consult a qualified tax professional about your unique situation."}, {"type": "sentence", "content": "The information here only applies to freelancers in the US, paying US taxes. It also only applies to freelancers who are sole proprietors or single-member LLCs. It only covers earnings from freelancing activities and businesses, and does not take into account any other form of income that may need to be reported on a tax return."}, {"type": "sentence", "content": "Tax rules for partnerships, corporations, etc. are more complex and always require specialist, individual advice. The information shown in these guides is consolidated from common, publicly available information in January 2021."}, {"type": "sentence", "content": "If you have general questions about tax that I haven't covered in these guides, please leave a comment and I'll review it and see if I can add it. If you see any incorrect information in these guides, please let me know and I will correct it."}], "topic": "freelancing", "uuid": "1b28db94bb056071f5ad2032199c94f5d5cf9295377a8eec829d903f", "link": "https://medium.com/trust-works/maximize-your-freelance-business-expenses-5adcb7b10b32"}