{"title": "Are You As Productive As You Think You Are?", "data": [{"type": "sentence", "content": "Subscription escapism and the calamity of not getting true rest."}, {"type": "sentence", "content": "Our work culture demands workers jump into the fire. Without a safety net. \"Get this, this, and that done, and, oh yeah, that one.\" We get home exhausted and drained, unable to make the most of our off time. We build a life for ourselves we can't appreciate."}, {"type": "sentence", "content": "Statistics are dismal when it comes to work/life balance. 46% of workers say they are underpaid. Studies show U.S. employees overwork by 269 hours compared to the country's economic output. There are many reasons, but I want to focus on two intertwined issues. Issues that answer the question: are we as productive as we think we are. I say, no. Why?"}, {"type": "sentence", "content": "We aren't resting right."}, {"type": "subtitle", "content": "Rest and Work Productivity"}, {"type": "sentence", "content": "This claim demands context. I think our current rest is not true rest. When we take work breaks, we submerge ourselves into problematic activity. To me, our productivity is proportional to the true rest we get."}, {"type": "sentence", "content": "No wonder workplace fatigue is on the rise."}, {"type": "image", "content": "https://miro.medium.com/max/2400/1*UM_9uqjC0HXVJR-_hsucIw.jpeg"}, {"type": "sentence", "content": "What does productivity mean in this context? To me, the traditional definitions don't apply here. Productivity once equated to producing more with fewer hours. We became automata, stuck in a loop of constant production. With little regard for our well-being, we became convinced our work was more important than us. We didn't see 'us' and our 'work' as intertwined."}, {"type": "sentence", "content": "Today, we know that mentality makes shoddier products. So, we promote attentiveness and care."}, {"type": "sentence", "content": "Thus, I define productivity as the balance between work and rest. By defining our output this way, we factor in ourselves as a key component to the result. We humanize the process and commit ourselves to self-improvement."}, {"type": "sentence", "content": "So, the question bears repeating: are you as productive as you think you are?"}, {"type": "subtitle", "content": "Issue 1: Not Enough Rest"}, {"type": "image", "content": "https://miro.medium.com/max/3200/1*aQO84yq50Ya3E1wM4jYVSg.jpeg"}, {"type": "sentence", "content": "In another article, I mentioned studies that show the flaws of the eight-hour workday. It mentions how workers, for half of the day, spend it on mindless activities. I even talk about how my current work schedule is more productive than my old office schedule."}, {"type": "sentence", "content": "That's because studies continually show the most common work schedules are hurting us. But I will add that our approaches to true rest are toxic to our mental and physical health."}, {"type": "sentence", "content": "Cal Newport, in his 2019 book Digital Minimalism, says this about teenagers and social media, which applies here as well:"}, {"type": "sentence", "content": "Cal Newport's point, like the rest of the book, focuses on the need for our minds to rest from external stimulation. The point stands with work productivity. Our minds and bodies, no matter the profession or circumstance, needs invigorating rest. You don't exercise the same muscle two days in a row. You let it heal. So too with our minds and bodies."}, {"type": "subtitle", "content": "Burning A Candle At Both Ends"}, {"type": "sentence", "content": "Constant work for eight hours harms our capabilities."}, {"type": "sentence", "content": "Our society encourages us to work beyond our contracted salary or hourly wages. We become pressured to give our health for company profit. We edge closer to the precipice's edge until there's no room left to give."}, {"type": "image", "content": "https://miro.medium.com/max/11520/1*L0HWVAeM2WeC4LvAcL_omw.jpeg"}, {"type": "sentence", "content": "No wonder 23%-44% of the workforce report some form of burnout. It's even worse for those working in the tech industry, where 60% of workers report burnout."}, {"type": "sentence", "content": "When we have true rest we return to peak awareness. We get through our work at a faster rate, with better results. A half-hour or hour break to split an eight-hour day doesn't cut it."}, {"type": "sentence", "content": "What type of rest do I mean? It can vary, as can the work/rest period structure. What's crucial, though, is to not overstimulate your mind or body. You need to let yourself reset and restabilize."}, {"type": "sentence", "content": "To be clear, true rest does not equate to laziness. Your boss will tell you otherwise, of course. True rest allows you to jump into that fire...with the capacity to get back out before you burn up."}, {"type": "subtitle", "content": "Issue 2: Subscription Escapism"}, {"type": "image", "content": "https://miro.medium.com/max/13440/1*VWKGWI5ZeFQ_2QVs_MBcaQ.jpeg"}, {"type": "sentence", "content": "I've discussed at length elsewhere how much of our media is no longer owned by us, the consumers. Rather, it's owned by corporations who hand us access through subscription services. If you leave their services, all the media you bought through them disappears. Amazon, Spotify, Sony, Microsoft, Netflix, and countless more are like this. But subscriptions are not bad by themselves. Your subscription can provide you meaningful content, like here on Medium."}, {"type": "sentence", "content": "The issue comes when you are trapped in what I call subscription escapism."}, {"type": "sentence", "content": "Subscription escapism is the act of buying into more content than you can realistically consume."}, {"type": "sentence", "content": "For example, having subscriptions for Netflix, Disney+, Amazon Prime Video, and HBO Now. Having that much access to streaming content may seem nice, but it's unnecessary. You can't consume all this content to make the annual $551.52* worth the buy-in. You're handing your money, time, and energy to a faceless entity."}, {"type": "sentence", "content": "But that's the problem, many people do subscribe to more than is necessary. What's the result? Lots of mindless browsing while stacking up a long list of 'things to watch' that will never be finished."}, {"type": "subtitle", "content": "Just Press 'Play'"}, {"type": "image", "content": "https://miro.medium.com/max/8036/1*WaWNSpazsUWkRKJAXl-fLA.jpeg"}, {"type": "sentence", "content": "The actual browsing itself counteracts your productivity. You end up spending hours of your life browsing for that next show. Only to place it, forgotten, in a 'to-watch' list. You build up anxiety because you're behind on other things, and here's the kicker."}, {"type": "sentence", "content": "When you add a 'to do' on top of a subscription-based platform, you are building a stress conduit. It's understandable because there are so many options and you don't know what to choose. But entirely avoidable."}, {"type": "sentence", "content": "So the nature of subscriptions is to keep you stuck to the screen. The more views and clicks, the better. It's easy to think you're not spending as much money or time as you are on subscriptions."}, {"type": "sentence", "content": "It's designed that way."}, {"type": "subtitle", "content": "A Downward Spiral"}, {"type": "image", "content": "https://miro.medium.com/max/9792/1*bBpjJuoAyUcyXxecJCi35g.jpeg"}, {"type": "sentence", "content": "When we immerse ourselves in subscription escapism during rest, two things happen."}, {"type": "sentence", "content": "Thus, the escape mechanism increases while your capacity for productive work decreases. You plummet into a downward spiral of self-deprecation and depression."}, {"type": "sentence", "content": "It's a situation like quicksand; it becomes harder and harder to get out the further in you get in."}, {"type": "subtitle", "content": "Engaging Productivity"}, {"type": "image", "content": "https://miro.medium.com/max/10944/1*vJY3xQeFfVqL1UNlqQVVzg.jpeg"}, {"type": "sentence", "content": "So, how do we fix this?"}, {"type": "sentence", "content": "The keywords are active and meaningful."}, {"type": "sentence", "content": "It is easy to get lost in our subscriptions, and easy to dismiss taking more rest periods during the day. Our work culture dismisses true rest as laziness, yet we need to be active in our self-maintenance. We need to look at how we rest with critical eyes. Are we letting our bodies rest or are we stressing ourselves out with too much external stimulation?"}, {"type": "sentence", "content": "Our media consumption needs to be meaningful. The same critical eye needs to reflect on how we interact with our subscriptions. We need to approach content with intent, instead of relying on stacked up, forgotten lists. Ask yourself, \"Is this something I will actually use/watch/do?\""}, {"type": "sentence", "content": "When I started adding true rest to my workday my productivity increased exponentially. Even when I am energetic, I keep my routine. It allows me to step away and refresh. I now put out better work than I ever did before. Considering my situation, that's incredible."}, {"type": "sentence", "content": "We owe it to ourselves and the work we are passionate about to have meaningful rest. When we are mindful of our needs, that attention redirects into our work. We produce at a higher level."}, {"type": "sentence", "content": "The only price is caring for ourselves."}, {"type": "sentence", "content": "___"}, {"type": "sentence", "content": "Do you have a particular resting method you recommend?"}, {"type": "sentence", "content": "How could this apply to your work?"}, {"type": "sentence", "content": "Do you feel you need to add more rest to your day?"}, {"type": "sentence", "content": "*Calculation made using monthly payments for basic Netflix, Disney+ Bundle, Amazon Prime, and HBO Plus."}], "topic": "productivity", "uuid": "1e9efb8b2db8087b55f954610562c183bc788b486f2a4a68223e6222", "link": "https://nate-ansari.medium.com/are-you-as-productive-as-you-think-you-are-abecbd3838ce"}