{"title": "The Road to Recovery Led Me Back Home", "data": [{"type": "sentence", "content": "Almost two years ago I decided to leave the only home I'd ever known, in search of something I never had the opportunity to call my own. Therapy me, probably would not act so impulsively now. After all, I had no university place, I had no qualifications, but what I did have was all the audacity possible to make the jump. I needed time to stand still for a moment so I could think. Now, this is scientifically not possible (yet), so I went for the next best thing. So for 3/4 of it, it was just me, my laptop and the Zimbabwe heat. When I began university, I had made a plan to explore South Africa in my free time. But then the pandemic happened so for a year it was me, my laptop and remote learning."}, {"type": "sentence", "content": "Like many, you will most likely hear me claim that the past year was a waste but if I was to be completely honest, I would say that it was a year of forced stillness I didn't know I needed. A year in which I had to face myself and realise my faults as well as others. It was a year of healing, forgiveness and mourning. A year of being made to let go of control and go with the flow. The year I found love."}, {"type": "sentence", "content": "Ask me to write about trauma and I will probably smile smugly before showing you an archive of my work. Name a mental health disorder, baby I got it. Borderline Personality Disorder (BPD), anxiety, depression. I even have a test for adult ADHD in the next few weeks. I am back on antidepressants, dosage doubled twice. I am in a constant battle with my eating disorder. I think my signature scent is burnt bridges. BPD is characterised by unstable relationships with other people, unstable emotions and an unstable sense of self. So, to write about love is pretty . . . ironic? After all, many anti-BPD groups would like to claim people like myself are incapable of love. But we are."}, {"type": "sentence", "content": "Now, I don't want to rehash too much of the past but I will note that I had a difficult childhood. Now, my brain being smart devised ways of working as a means of survival and protection. A big part of my therapy journey has been realising that this survival program isn't necessarily nefarious, but it is outdated. Therapy is in essence, a software update."}, {"type": "sentence", "content": "A part of this update has been the realisation that decisions I had made were born from survival. And though I meant these statements at the time, they do not apply to the person I am now. It has been a long journey, but in it, I have found a home within myself. I have found forgiveness for the past and love for myself. I decided to no longer let my past trauma's define how I come to find and receive love. Because I am capable and deserving of love."}, {"type": "sentence", "content": "Generational trauma has Black people (in particular), by the throat. Couple that with systematic discrimination, racism and the violence we experience and view day in and day out, it is amazing that we are still standing and optimistic for the future. Our stories of love tend to be shrouded in misery and pain, for good reason. But I want to be a vessel of love."}, {"type": "sentence", "content": "At the start of this year, I made a giant leap towards this by coming out to my dad. He told me that all he cares about is my future happiness. The other day we went for a walk together and we spoke, not as father and daughter but as two people who had gone through life together. He shared with me some of his past regrets that he had and it was a conversation of healing. Today I am reminded of when I stated that I would sooner be dead before hearing my parents admit their fault. I can smile knowing that technically I was right. That version of my father and I, died a long time ago and we are who we are now."}, {"type": "sentence", "content": "Now, I realise I can only speak from my own experience but I believe we have a duty as Black people to find and receive love. We are constantly barraged with information that hints at the fleetness of joy for us. But we must stop letting our past trauma write out our lives."}, {"type": "sentence", "content": "For me, the most loving thing I did for myself was to start therapy. It helped me work through and set alight my baggage. I am nowhere near done on my journey but it was here in South Africa I realised my desire for my own family someday. Valentine's Day being nestled in US Black History Month means I thirst for Black love stories and clich\u00e9d happy endings."}, {"type": "sentence", "content": "Though I am still on my journey, I hope fellow Black people reading this piece share their love stories to anyone who will listen. I hope some will endeavour to create works that represent us as we are. Our stories are ones of pain but they are also stories of hope."}, {"type": "sentence", "content": "If you were to ask me to write a piece on love, I probably wouldn't know where to start. I have not had much positive experience in it but I am slowly filling up my bank so that I can create. I hope that all of you will join me."}], "topic": "mental-health", "uuid": "1f73c84e09afc44d7ab918a5c9613620328e6de0a9243ec2eb4463a2", "link": "https://psiloveyou.xyz/the-road-to-recovery-led-me-back-home-84f10ed7e999"}