{"title": "I Stopped Hiding From Discomfort & It Low-Key Changed My Life", "data": [{"type": "image", "content": "https://miro.medium.com/max/6636/1*vHpqzrd2ycNVcnIi3qOE-A.jpeg"}, {"type": "sentence", "content": "When I was about 8 or 9, my mum started sending me to the shops for milk, a very safe 15-minute walk away. I don't know what most children feel when given this kind of task. Perhaps pride at being given responsibility? Or Irritation at having to stop whatever they're doing? Maybe they even experience a little shyness?"}, {"type": "sentence", "content": "I was petrified."}, {"type": "sentence", "content": "My little brain immediately started filling with scary scenarios like a stoppered sink. What if my mum gave me the wrong amount of money and the shop keeper thought I was trying to short change her? What if the security guard thought I was shoplifting because I look so anxious? What if I accidentally bought the wrong milk and mum made me go back and face the gauntlet again?"}, {"type": "sentence", "content": "I imagine this is uncommon, but there was an awful lot out of my comfort zone as a child."}, {"type": "subtitle", "content": "What made it worse, was having to hide my fear."}, {"type": "sentence", "content": "As a quiet introvert in a family of loud extroverts, I believed a lot of my struggles were weaknesses: in particular shyness and low self-esteem. I don't know precisely where I got this idea, but perhaps growing up in a culture where fears and insecurities weren't ever a topic of discussion didn't help."}, {"type": "sentence", "content": "Whatever the reason, I absorbed the idea that fear was secret and shameful, and I tried to hide it- and I concealed it using procrastination."}, {"type": "subtitle", "content": "Yes, I'll go to the shops later."}, {"type": "sentence", "content": "When mum asked me to go to the shops, I was full of reasons why I'd go later or tomorrow. When that didn't work, I'd panic and sulk: why did I have to go right now? I was busy drawing or too tired or suddenly had homework to do."}, {"type": "sentence", "content": "Later at university, I'd still put off whatever I was afraid rather than ever acknowledge my fear. I remember deciding I had to tidy my room before I could work on an essay or telling myself I'd definitely introduce myself to those kind-looking students in my class tomorrow or the next day."}, {"type": "subtitle", "content": "Procrastination isn't a time management problem."}, {"type": "sentence", "content": "When I failed to hand an essay before the deadline or to sign up to extra-curricular clubs before they got full, my university tutors sighed and told me I wasn't very good at managing my time. Actually, psychologists are increasingly leaning toward the view procrastination is far more intrinsically linked to how we approach our emotions."}, {"type": "sentence", "content": "This excellent article on the BBC website by psychologist and author Dr Christian Jarrett, studies talks about why we prioritise short-term comfort over long-term achievements:"}, {"type": "sentence", "content": "Intuitively, this matches my own experience. When I don't want to do something it's not because I'm disinterested in the end result or I don't have time, it's because I feel uncomfortable. The primary emotion I'm trying to avoid is usually fear, but I've noticed I don't want to sit with boredom, challenge or vulnerability either."}, {"type": "subtitle", "content": "Self-acceptance and self-development can coexist."}, {"type": "sentence", "content": "I see a lot of conflict over these two life philosophies on social media. The self-acceptance camp is enraged by the thought they can change the unchangeable: for example, that they can \"cure\" anxiety with self-care. Team self-development is frustrated people would accept unhappiness without trying to find solutions."}, {"type": "sentence", "content": "But why can't both these philosophies be right? What's helped me live a good life despite deep-rooted insecurity is both accepting it's a part of me that will probably never be \"cured\" and finding ways to live a life less controlled by self-sabotaging behaviours like procrastination regardless."}, {"type": "sentence", "content": "I have compassion for little me: scared of even going to the shops and even more scared to admit she was afraid. I have empathy for scared me now, who somewhere in her core screams, \"Don't submit that article/invite that potential friend for coffee/ sign up for that course-what are you thinking?\" I accept her as she is and tell her it's ok to be afraid, but I also encourage her to move forward anyway."}, {"type": "subtitle", "content": "Having only positive feelings is not prerequisite of trying."}, {"type": "sentence", "content": "Next time you want to procrastinate ask yourself what you're worried about feeling. What do you mistakenly believe those feelings say about you? What would happen if you accepted them as simply part of the ride?"}, {"type": "sentence", "content": "Your desire to procrastinate doesn't say anything about you. You're not lazy or undisciplined, your brain is simply trying to keep you safe from painful emotions. Maybe, like me, you just didn't know how to manage difficult feelings. Maybe you'll find embracing discomfort is actually a fundamental part of building a happier life."}], "topic": "mindfulness", "uuid": "20bf075ded605e725aa627d9df8a9a3788c9454dcd6c919253eeb0f7", "link": "https://psiloveyou.xyz/i-stopped-hiding-from-discomfort-it-low-key-changed-my-life-986d70f50d1d"}