{"title": "Gram Lets Her Family in On a Secret", "data": [{"type": "image", "content": "https://miro.medium.com/max/10368/1*UX8FyNyAUL0UQw7Gy1ZPwg.jpeg"}, {"type": "sentence", "content": "\"Family Meeting!\" Gabriella hollers up the stairs. Tomas and Elena come shuffling down, wondering if they're in trouble. Aleks wanders in from the kitchen, where he has been making dinner. There's white flour on his cute nose, and he's wearing his \"World's Best Dad\" apron. He hands Gaby a glass of white wine and takes a sip himself. He goes back to the kitchen and retrieves two hot cocoas spiked with espresso for Elena and Tomas."}, {"type": "sentence", "content": "Elena and Tomas sip their delectable treat and giggle at each other's chocolate mustaches. When you're 6 and 4 years old, so many little things are amusing. Laughter comes easily, just like magic."}, {"type": "sentence", "content": "\"I've called Gram. She's on her way now,\" Gaby continues, \"We need to discuss magic. Flying. Wings. Whatever is happening to us. It's crushing us to keep these secrets. Secrets from everyone.\" She looks at Aleks, tears welling in her eyes."}, {"type": "sentence", "content": "Aleks picks up where Gaby leaves off, turning to their young children, \"We tell you never to keep secrets from us. To tell the truth and be honorable. When these things started happening to us that we didn't understand, we didn't know what to do. Part of us felt like we were free...I mean, to be able to just pick up and fly ourselves to Paris or New York City? It's ... I have no words.\""}, {"type": "sentence", "content": "Gabriella sets down her wine and looks at Aleks. Their love is deep, divine. She sits between their kids, wrapping one arm around each of them. \"We needed to ask for help. But, we didn't think doctors would even believe us. It's time to show Gram our wings and see what she thinks. Also, I visited a healer last week - \""}, {"type": "sentence", "content": "Gram is knocking loudly at the door. Aleks lets her in. She immediately notices the furrow of his eyebrows, the clouds in his chocolatey eyes. \"Aleks, what's wrong?\" she asks as she wipes the flour from his nose and looks at the apron she gifted him last year. When he doesn't reply, she asks, \"What's for dinner? It smells delicious!\""}, {"type": "sentence", "content": "\"Come in, come in,\" he ushers her. \"I made paella for us, but we have something to discuss first. As Gaby told you, this is a family meeting.\" He looks at her worriedly, hoping she won't call them crazy and do something like take the kids for the night. He and Gabriella discussed all their options and agreed it's time to confide in her mom. \"Here. Have some white wine,\" Aleks swirls the wine in the glass, watching the liquid for a moment, trying to prolong the time before this family talk commences, and hands her the wine."}, {"type": "sentence", "content": "\"Thank you,\" she says and takes a nice sip. It's crisp with a tinge of sweetness and a bit of bitterness, too. This wine tastes like truth."}, {"type": "sentence", "content": "\"Gram! Gram!\" the kids bound up from the couch to hug their Gram and look up into her sparkling green eyes. In Gram, they see acceptance, kindness, and love. \"Mom's going to tell you! We really can fly!\""}, {"type": "sentence", "content": "\"I know,\" Gram says, smiling. \"You told me already. And, I believe you. I've always believed you.\""}, {"type": "sentence", "content": "\"You do?\" they ask in unison. She nods her head yes and looks from Gaby to Aleks. \"Tell me more,\" she says to the adults."}, {"type": "sentence", "content": "\"Hi Mom,\" Gaby says, \"Thanks for coming over. We were so nervous...\""}, {"type": "sentence", "content": "\"Of course! No problem. I've been wondering when you'd finally confide in me.\""}, {"type": "sentence", "content": "After Gaby recounts the hot summer day she poured the water on her head and saw into new realms where fairies adorned trees. After she recalls the key she found that opens into magical worlds, she pulls down the top of her shirt to show her mom her bare shoulders. \"See mom. This is where the wings sprout. Sometimes they retract and sometimes they grow out. It happens like that for all of us. The more we fly, the better we get at it. We've told the kids no flying out of our yard, but...but, Aleks and I have flown all over the world.\""}, {"type": "sentence", "content": "Gaby's mom nods, slowly sipping her wine. \"My grandmother told me about this when I was a little girl. There are some people who have these powers. And, they run in our family. My grandmother also could fly.\""}, {"type": "sentence", "content": "As soon as Gaby hears these words, she feels an intense wave of relief, acceptance, and love. She looks at her mom and says, \"Tell us more.\""}, {"type": "sentence", "content": "This is the 19th part of a series of stories about the family of Gabriella, Aleks, Tomas, and Elena."}], "topic": "fiction", "uuid": "2147652bb3f74dc6241c9f443e28c1b7c369bd00ebc027796f3ffde0", "link": "https://psiloveyou.xyz/gram-lets-her-family-in-on-a-secret-bf294ad0043f"}