{"title": "What Quarantine Screen Time Is Doing to Your Brain", "data": [{"type": "image", "content": "https://miro.medium.com/max/8544/1*Feo5TIDcAui9Qr0iV530zw.jpeg"}, {"type": "sentence", "content": "I read 83 books last year. Several of them, including Leigh Bardugo's Six of Crows and Crooked Kingdom, I read for the second time. They're spectacular and now count among my favorites, but when my husband, who's currently making his way through Crooked Kingdom, asked what I thought of a major..."}], "topic": "social-media", "uuid": "22289999f0434e0368e054e379a6cd01ca2aca831d7cac67702958d0", "link": "https://debugger.medium.com/weve-given-our-lives-to-the-screen-what-happens-when-we-have-to-turn-it-off-f333719c9300"}