{"title": "What is the Warmind Network in Destiny 2?", "data": [{"type": "image", "content": "https://miro.medium.com/max/2400/1*1QzCAdJfI58_Ycb2eKMHKw.jpeg"}, {"type": "sentence", "content": "Rasputin is gone! At least up until this point this is assumed. After facing the Dark Pyramids, Rasputin hasn't been able to do his usual activities; there are no Warsats (War Satellites) or access to Seraph Bunkers, no sign that he will return to us."}, {"type": "sentence", "content": "But ever since losing Rasputin my mind has been plagued by questions, questions about whether there are more Warminds? Last year I made a YouTube video titled 'Exodus Project'. The lore reveals the last moments before the collapse (a cataclysm in human history that brought the species to extinction). In Exodus lore, two names come up. Charlemagne and Valupsa, Warmind AI able to think and function on their own and also part of the wider Warmind Network alongside Rasputin."}, {"type": "image", "content": "https://miro.medium.com/max/3840/1*xSd4TTOTWar-p8DjXMXrWQ.jpeg"}, {"type": "sentence", "content": "Yet after Pre-Alpha tests, Bungie decided to scrap this idea at launch. They demoted the extra Warminds turning them into sub-functions of the big red, Rasputin. But why? Destinypedia states:"}, {"type": "sentence", "content": "Aha! So my theory may be right. It is possible that other Warminds exist in the Destiny universe. The question is where? Well, during Ana Bray's time on Mars she stumbled onto a Braytech facility that held access to other functions related to Rasputin. Upon accessing data in the station, two things were discovered."}, {"type": "image", "content": "https://miro.medium.com/max/2800/0*AzMHUerr2QRRrzL-.jpg"}, {"type": "sentence", "content": "Now that I have read this again it has me thinking. Is it possible this station orbiting Urana's could be the next planet we go to? And is it possible that there are other Warmind stations on this planet, even other people?"}, {"type": "image", "content": "https://miro.medium.com/max/2800/0*H9SDNLYgKe4luwuB"}, {"type": "sentence", "content": "This is of course is where the trail runs dry. Golden Age technology is so elusive in Destiny and the moment we find answers, we are left with even more questions. But one thing is clear. The Darkness is here, we are going to need all the help we can get, and having other Warminds would be helpful."}, {"type": "image", "content": "https://miro.medium.com/max/3200/1*kEVMgjXr4Ftxq2oaxP9VQA.jpeg"}, {"type": "sentence", "content": "I can only hope that Ana fixes Rasputin in time for that moment. And when that moment comes my hope is we will push back the darkness with more light and free ourselves from this dark oppressor."}, {"type": "sentence", "content": "I hope you enjoyed reading this article today, remember that no matter what you are facing today at this moment, you can do all things!"}, {"type": "sentence", "content": "Stay safe and Godspeed."}], "topic": "fiction", "uuid": "23ce820c9843e79422ab9cd0d67097544fa0e2d203ae3b616a3767ad", "link": "https://medium.com/super-jump/what-is-the-warmind-network-in-destiny-2-1b84db04c51d"}