{"title": "Mobile App Tracking - How to get the right tracking strategy in place", "data": [{"type": "sentence", "content": "Having worked on quite a few apps in the last 10 years, I've come to have an understanding of how and where you should do app tracking. App tracking tends to be a pain-point for most product/business teams as the version of truth offered by each tracking tool is different."}, {"type": "sentence", "content": "To put this all to rest, I'm sharing my understanding of mobile app tracking for retail apps. I'll be breaking this down into the following sections:"}, {"type": "subtitle", "content": "Understanding App Analytics"}, {"type": "sentence", "content": "App tracking serves the following 4 purposes:"}, {"type": "sentence", "content": "I'll explain them quickly below."}, {"type": "subtitle", "content": "Tracking"}, {"type": "sentence", "content": "Tracking itself can be broken down into two types:"}, {"type": "sentence", "content": "Journey TrackingTracking entails understanding the users' behavior on the app through various journeys that you've defined. E.G. Your app has a sign-up flow - you can track the number of users who've entered the sign-up journey and how many were successful in completing it. The drop-offs are tracked separately. Note: it is not essential for a journey to be contained in an app-screen flow - some journeys require movement away from the app and then, a return into the journey. Some journeys take days. Tracking the users across sessions(or at least when they return) is essential for successful planning of the features & journeys."}, {"type": "sentence", "content": "On-screen BehaviourBehavior tracking is the actual on-screen behavior displayed by a user. In a sign-up form, where do the users tap for adding information? Heatmaps are traditionally used to identify the 'hot' areas where customers usually tap, helping the UI teams to better design forms."}, {"type": "sentence", "content": "A common use for the heatmaps is for designing the onscreen flow of information. Based on the users' engagement with the screen (as an aggregate) you can better utilize your on-screen real estate and provide less cluttered information to the users."}, {"type": "sentence", "content": "The way this differs from Journey tracking is that this focuses on on-screen interactions that may not be part of a user journey. To illustrate this further, consider a sign-up form:"}, {"type": "image", "content": "https://miro.medium.com/max/3396/1*sSqXLNt6x43dCl48izIJjQ.png"}, {"type": "sentence", "content": "The back, forward CTA & Sign In CTA are part of the journey tracking, but the tap heatmaps, shown in red, are for On Screen Behavior."}, {"type": "sentence", "content": "Note how there is a red-dot on the Sign Up text to the bottom left. This shows that users try to tap on the word \"Sign Up\". A simple solution would be to remove the text and replace the arrow button with a 'Continue' button."}, {"type": "subtitle", "content": "Attribution"}, {"type": "sentence", "content": "To say attribution is the hardest part of mobile app tracking is an understatement. With changing privacy laws and device provider decisions, attribution is becoming harder and harder. In simple terms, here is how attribution is done:"}, {"type": "sentence", "content": "Note how I said approximate - unfortunately, this is the way. There is no direct way of attributing, as we have on the web, to specific sources/refers. This is because in the install/open journey, there is a transfer of control from the users' browser/social app to the App/Play store before moving to the app. During this time, there is a loss/removal of information. In some cases, UTM tags are honored, especially by Google for Adwords, but that too is not 100% guaranteed."}, {"type": "sentence", "content": "Long story short - attribution is key for you to identify how the users are coming into your app. It helps to associate their behaviors (transactional or otherwise) with the source to ensure you're optimizing your marketing budget the right way."}, {"type": "subtitle", "content": "Retention"}, {"type": "sentence", "content": "Retention in this context to ensure that the user who has installed & opened the app, continues to engage without any further spending. The two most popular ways of doing that are via In-App Push notifications & general push notifications. But, for this, you need to know who you're targeting. E.G. A shoe shopping app wouldn't utilize their push capabilities if they sent out notifications for Women's shoes to everyone! If they can approximate the gender of the user (via voluntary or derived information), they stand a better chance of engaging the user with the right content."}, {"type": "sentence", "content": "Retention tracking is essential for not only building audiences but also for tracking their behavior after an engagement. In the above example, after sending the push for a new shoe collection for women, it would help to know how many transacted, how many did not due to shoe size unavailability, etc. This can lead to further personalization and better category assortment."}, {"type": "subtitle", "content": "Technical & Crash Analytics"}, {"type": "sentence", "content": "Under this banner, I include everything from actual app crashes and its relevant information to API response times, session storage information, etc. Anything technical falls under this."}, {"type": "sentence", "content": "The advantage of having this information is that the development team can use real-world experience statistics to better design their systems. E.G. If they know that the getUser API takes 1700ms to load, but the server reports an average response of 500ms, they might want to check if there is anything else that is increasing the loading time. DNS Prefetch, caching, etc can be utilized to provide a better end-user experience ONLY if you know that the end-user experience is terrible."}, {"type": "sentence", "content": "As a side note, watch out for averages presented in these solutions. Personally, I look at the 95th percentile & 98th percentile for deciding on the actual number. See this link on why it matters."}, {"type": "sentence", "content": "Now that we've established the types of tracking needed, let's look at the key market players in each of the domains and the eventual strategy you should adopt."}, {"type": "subtitle", "content": "Choosing your platforms & data strategy"}, {"type": "sentence", "content": "There are more tools than I can count when it comes to tracking the above, and mostly, the tools mentioned here do more than one thing. However, I'll focus on what they're most known for and, more importantly, what I've used them for... You can go and read up on the interwebs about how each of them is a market leader and I can assure you, no one is - out of the box. Only when they come together, playing to their strength, can you deem them as market leaders."}, {"type": "sentence", "content": "Here are the tools:"}, {"type": "sentence", "content": "I won't go into the pro's & con's on each tool. Subsequent sections will focus on the following case:"}, {"type": "sentence", "content": "Given the above to be true, here is the analytics strategy I'm recommending:"}, {"type": "sentence", "content": "Two points here:"}, {"type": "subtitle", "content": "Data Strategy"}, {"type": "sentence", "content": "Let's breakdown the strategy into 3 parts:"}, {"type": "subtitle", "content": "Journey Tracking"}, {"type": "sentence", "content": "Define user journeys and identify what parameters you want to capture. Always think ahead - identifying the parameters needed for retention, crash & attribution. For example, in a 2 step sign up journey, make sure you're capturing some customer identifier entered by the customer to target them later, in case they drop out."}, {"type": "sentence", "content": "Note: As mentioned earlier, it is best to override some of the functionality offered out of the box by the tools. A key example is Screen tracking by Firebase - which is notorious as it never tells the exact screen the customer is viewing. If you have a modal opening on an interaction within the app, Firebase might pick up the current activity controller or view controller (iOS or Android) and send that - which is of no consequence to the marketing end-user. Clean data at source is critical."}, {"type": "sentence", "content": "Within this, you'll need to identify which of these journeys (or journey steps) are critical for marketing. This allows you to simplify implementation by forwarding this to Segment. Segment does a wonderful job at broadcasting the events to other tools."}, {"type": "sentence", "content": "Heatmapping, as powered by UXCam, will be useful for your UX/UI teams to understand on screen behaviour. There will be a need to transfer basic customer level information & the previous screen for the UX team to map the numbers to journeys by segment. Use Segment for the broadcast, if you can."}, {"type": "subtitle", "content": "Retention"}, {"type": "sentence", "content": "Some of the events generated by the user require real-time or near-real-time interaction. An abandoned cart as an event (or absence of an event) is a typical example. The journeys you've defined above will help manage this aspect of tracking. Again, Segment is your friend here."}, {"type": "subtitle", "content": "Data Processing & Reporting"}, {"type": "sentence", "content": "With the Segment + GCP integration, you should be able to extract information to generate reports and provide additional information to the marketing tools. Merging the clickstream data with some offline or online interaction can lead to better customer targeting. But, to do that, identify what is needed. Always work with an end-goal in mind - ensuring you've prioritized the requirements before proceeding."}, {"type": "subtitle", "content": "Standard Product KPIs for App Tracking"}, {"type": "sentence", "content": "If you've made it this far into the article, I'm sure you know the common KPIs singled out in mobile tracking - CLTV, ARPU, DAU, etc. However, in my opinion, these are inconsequential. I'll iterate on this in a separate article, but every KPI that you track should be actionable and consequential. Knowing the DAU swinging month on month is of no consequence to either the marketing or the product team. However, DAU/MAU is a critical KPI for knowing the app engagement. If your app is good, the ratio will swing upwards of 20-30%. To keep things simple, I'll list down a few standard KPIs for app tracking and their interpretations. You should do this for every other KPI you wish to track."}, {"type": "subtitle", "content": "N-Days Retention Rate"}, {"type": "sentence", "content": "Taken usually over 7, 28, and 3 months, retention rates are indicative of your app's engagement. The formula for retention rate is simply the total number of users who had more than 1 session over the total number of installs in that time duration."}, {"type": "sentence", "content": "Consequently, you should be breaking this down by first time users, returning users, and paying users (if there is a paying aspect to your app OR just use engagement as a metric - a key journey completion in your app that has to be completed, which isn't signup or login). This will give you an idea of an individual segment of users and their behavior on your app."}, {"type": "subtitle", "content": "Average Number of Journey Completions by User"}, {"type": "sentence", "content": "In your app, identify a set of key journeys that you've implemented. In a transactional app, these could be Registration, Transaction, My Account Order View, Promo-engagement & Repeat Transactions. Based on these see how many journeys are completed on an average by a user. If the number is less than half of the journeys you've designed, it could be a reason to look at those which are not completed and revise/improve them."}, {"type": "sentence", "content": "Alternatively, knowing which journeys are popular against those which you want to be made popular will help you prioritize the optimization pipeline."}, {"type": "subtitle", "content": "Feature Funnel"}, {"type": "sentence", "content": "For every feature, there is a funnel - the user initiates interaction, the user follows through with it, and then the user completes the funnel. In retail, this could be as simple as a checkout funnel or as complicated as repeat purchases through multiple sessions. The idea is that the user will need to go through various steps and the efficiency of the steps will directly determine the performance of the feature."}, {"type": "sentence", "content": "This boils down to having a feature level KPI set for success/failure."}, {"type": "subtitle", "content": "Tips on tracking"}, {"type": "sentence", "content": "Coming to the end-game here. Based on my experience are some tips on tracking:"}, {"type": "subtitle", "content": "Debug the app tracking to hell & back"}, {"type": "sentence", "content": "You need to have a robust QA to ensure that the tracking you've implemented paints the right picture. Often, I've seen implementations that look good on paper, but when you dive deeper into the specifics of the tracking and the raw data sent over by the tool, there are inconsistencies. Watch out for Huawei devices, if you're in a supported region, which gives no device IDs, and iOS devices that can sometimes return blank values."}, {"type": "sentence", "content": "Bad implementations have a two-fold impact - not only do they report incorrect, non-actionable (because you're always doubting the data) stats, they also cause your app tracking history to be shifted till the issue is fixed."}, {"type": "subtitle", "content": "Define your version of truth and stick to it"}, {"type": "sentence", "content": "When you end up implementing multiple tools for tracking various aspects, as shown above, the most notorious number you'll find is the number of app opens. Typically, Adjust, Firebase & Instabug will report vastly different numbers. The reasons for these can be many, but after you've vetted your implementation, ensure you designate one single source for App Installs/Active users, Attributions & Performance tracking each. Personally, I would give App Installs to Firebase, Attribution to Adjust & Performance numbers to Instabug."}, {"type": "sentence", "content": "Once that is done, make sure everyone on the team uses that OR better still, when you roll up the data on GCP, use that for reporting. Best to ignore the tool UI."}, {"type": "subtitle", "content": "DO NOT USE GOOGLE ANALYTICS/Tag Manager for App tracking"}, {"type": "sentence", "content": "I cannot stress this enough - do not use GA/GTM for app tracking. It might be tempting given the ease of use they advertise, but remember where GTM/GA came from! They were primarily web tools. They've been modified for the mobile world and as such have some time before they reach a level of reliability. Adding these values can only complicate affairs."}, {"type": "sentence", "content": "Unless you have the premium version of the app, the data is almost always sampled. This can throw off the curious business head or marketing manager."}, {"type": "subtitle", "content": "Standardize reporting"}, {"type": "sentence", "content": "Standardize the reporting of business & marketing level KPIs by providing easy access to the raw data via scheduled reports & data reporting tools. You do not want the finance & marketing teams reporting different numbers of app download or revenue numbers."}, {"type": "subtitle", "content": "ABD - Always Be Doubting"}, {"type": "sentence", "content": "Be wary of the reported stats. With changing OS level privacy implementations (looking at you iOS), it is becoming difficult to know what is real and what is not. As said earlier, it's best if you build your own identity for the user and merge it later. Multi-device might make a smaller percentage of users than you think."}, {"type": "subtitle", "content": "Closing the loop"}, {"type": "sentence", "content": "As with your features, always close the tracking loop. If you have tracking loose ends - data flowing from one system but not sinking into another system in time for processing is an open-end that can cause more problems than it solves. Your data flow diagrams need to have a termination or a loopback."}, {"type": "subtitle", "content": "Update your data dictionaries and make them human-readable"}, {"type": "sentence", "content": "The number of times I've seen things like EventOpenMyAccount has infuriated me! There is a simple event labeling convention you can use that will make the end-users life simple. Events are consumed in the future, therefore, their names have to be in the past! It's My Account Opened, not My Account Open. These things matter. And don't have the word event in an event label - we all know what you're talking about."}, {"type": "sentence", "content": "Your data dictionaries are the difference between spending one hour every day with marketing teams going over the definition of each term in your event repo and spending time analyzing and parsing new data. Keep them updated!"}, {"type": "subtitle", "content": "Set yourself for success"}, {"type": "sentence", "content": "While it is tempting to reduce the development effort by foregoing a user/event attribute, remember that a full revision cycle for apps takes a lot longer than the sprint cycle you have. It is not 2 weeks of dev & release. It is that followed by 1 week of app submission & approval, followed by ~2-3 weeks of app update cascading to 95% of the users. You're losing anywhere between 1-2 months of relevant data by foregoing an attribute."}, {"type": "sentence", "content": "-"}, {"type": "sentence", "content": "Hope this was helpful for you to build your data strategy. I'm fascinated by the level of innovation happening in this sector and the beautiful innovative ways some of these tools parse data and skirt the privacy restrictions. Honestly, 4 years ago, this canvas would have looked different. As such, one caveat is that this information is true till something better comes along! If you've come across anything interesting, please feel free to comment!"}, {"type": "sentence", "content": "Thank you!"}], "topic": "design", "uuid": "24d1754f4f3a09d33973279f597a6f5b7e5e83870c60b2acc6ee3244", "link": "https://rkakodker.medium.com/mobile-app-tracking-how-to-get-the-right-tracking-strategy-in-place-99b7f1820f7a"}