{"title": "\"Log-in to unsubscribe\"", "data": [{"type": "image", "content": "https://miro.medium.com/max/1792/1*DrHA6BTGtGfcdg7jiKPVdg.png"}, {"type": "sentence", "content": "We have all experienced those unwanted spam emails and have hit that \"unsubscribe\" link as soon as we could. Most of the time it works, but not everyone adheres to the FTC rules and we are left wondering how to get rid of that annoyance."}, {"type": "sentence", "content": "Recently I have been experiencing this more and more, because some person somewhere on this planet has the same name as mine and they think that adding @gmail.com to their name is their birthright. This has resulted in my mailbox filling in with huge number of emails from websites that I have never registered to. [note: I fail to understand why someone would provide an email address they don't own to their credit score company, bank, uber, loan company, etc. Maybe that topic demands another post.]"}, {"type": "sentence", "content": "I am unable to reach out to this person (because if I write an email to that person, it will come to me lol). So the best I can do is, every time they register on some website or app with my email ID, I click \"unsubscribe\"."}, {"type": "sentence", "content": "I have never clicked unsubscribe so many times as I have been doing recently. Interestingly, this has made me realize how so many reputed companies are not following the FTC guidelines and are indulging in this illegal practice openly, without any fear of retaliation."}, {"type": "subtitle", "content": "FTC guidelines"}, {"type": "sentence", "content": "Let us quickly understand what the guidelines say about spamming."}, {"type": "sentence", "content": "The CAN-SPAM act says:"}, {"type": "sentence", "content": "I care least about all other rules except # 6 because most business emails have an unsubscribe link, but what they do after you click it is very important."}, {"type": "subtitle", "content": "Violations"}, {"type": "sentence", "content": "Let's look at some key aspects of #6 as described in the guidelines:"}, {"type": "sentence", "content": "This is where most of the violations happen. Rogue businesses want to make it as difficult for you as possible to unsubscribe from their mailing list. They do this by making you log-in to their website to unsubscribe. This is a totally illegal practice because if I have not registered with them, how am I going to log-in?"}, {"type": "subtitle", "content": "Case study"}, {"type": "sentence", "content": "There is one case in particular that I would like to highlight here (and the one that inspired me to write this post). There is a company in India called paisabazaar.com (They should thank me for giving them this free publicity). My namesake went ahead and registered my email address on this website. I learned about this on Dec 22, 2020 when I got an email saying I should check my new credit score. Since now I live in California, and I do not have an Indian Credit Card, I was surprised why I am getting credit score email from this company."}, {"type": "sentence", "content": "So the first thing I do is hit the 'unsubscribe' link. It takes me to this page:"}, {"type": "image", "content": "https://miro.medium.com/max/4384/1*WawbsiPLWV7JQV8SxwQq3g.png"}, {"type": "sentence", "content": "This clearly is not what an unsubscribe page should look like. It violates the point #6 we discussed above:"}, {"type": "sentence", "content": "Since I do not have an India mobile number, and I did not want to create an account using my Gmail or Facebook credentials, I decided to write to them."}, {"type": "subtitle", "content": "First email from me Dec 25, 2020"}, {"type": "sentence", "content": "(We will monitor this timeline)"}, {"type": "image", "content": "https://miro.medium.com/max/2772/1*HDzxFwnUddApIXxon7WlQg.png"}, {"type": "sentence", "content": "I tried to be very descriptive about what was going on, and what they were doing was not legal. 3 days later I got a reply from them. This clearly states that they are blocking my email ID from their records (I don't know what that means, I am the one trying to block them :D . They should be removing my email from their database.)."}, {"type": "image", "content": "https://miro.medium.com/max/2744/1*qHhqkAS35QLN8Njz1TPj-w.png"}, {"type": "sentence", "content": "At last, I thought the ordeal was over. But no, I was still receiving daily emails from them. I decided to remind them again on December 31, 2020."}, {"type": "image", "content": "https://miro.medium.com/max/2708/1*Wm-mHkRa19yqEt5CQDzKLQ.png"}, {"type": "sentence", "content": "There was a big gap after that email and then I received this ultimate reply yesterday (Feb 9, 2021). Thats more than 40 days since my email. This time they openly asked my phone number so that they can assist me in resolving this issue........ Why???"}, {"type": "image", "content": "https://miro.medium.com/max/2752/1*2ucMhsARpm3xRmn91SMvnA.png"}, {"type": "sentence", "content": "Why is it so difficult to delete my email from your database when I have already been communicating with you through the same email I want to be removed?"}, {"type": "sentence", "content": "I replied to them saying that I am not going to share any more personal information with you. This time I got a reply pretty quickly."}, {"type": "image", "content": "https://miro.medium.com/max/2696/1*OURLKqWbbC5ySMkG1ylClA.png"}, {"type": "sentence", "content": "In 47 days since this all started, I am back to the full circle where in my very first email I had told them that I am unable to unsubscribe using their website as I do not have an account with them. I need to wait and watch where this goes now."}, {"type": "sentence", "content": "This practice is pretty rampant. Just because we usually do not unsubscribe from a lot of mailers, we do not realize this."}, {"type": "sentence", "content": "As a UX designer, I feel sad that despite strong FTC guidelines, some designer somewhere may have succumbed to business pressure and delivered this poor user experience. Or worst, they were not aware that what they are doing is considered evil design practice."}, {"type": "image", "content": "https://miro.medium.com/max/188/0*XwGTByivCZpJGVVL"}], "topic": "ux", "uuid": "265ec60e00e558d66c025d5e3e6079bf2b0b7381505a07b09fb11900", "link": "https://uxdesign.cc/log-in-to-unsubscribe-ea0b9e99be1e"}