{"title": "Rediscovering Classmates, the Kinder, Gentler Facebook", "data": [{"type": "image", "content": "https://miro.medium.com/max/5252/0*z2rG6qPvRCClS3Sn"}, {"type": "sentence", "content": "The older I get, spooling my life out behind me, the more I want to retrace those threads, trying to recapture some essence of thought, feeling, or experience. It's a tic of late adulthood. The realization that you probably have less time ahead of you than behind you makes the memories even more precious."}, {"type": "sentence", "content": "So, when I heard someone randomly mention Classmates, it ignited the tiniest memory ember. \"Classmates? I haven't thought about that platform in years.\""}, {"type": "sentence", "content": "Classmates launched in 1995, around the dawn of the modern internet, and it is arguably one of the first social networks. Before Facebook transformed the \"face books\" of college into a global social media phenomenon, one that would devour the personal information of almost 3 billion people, there was Classmates, a homey site that asked a simple question: Where did you go to school?"}, {"type": "sentence", "content": "Its primary appeal was helping you reconnect to former high school classmates. (You could add other schools, but we all know that the bonds we built in high school are the strongest.) I joined in the late 1990s and, for a time, busily filled out my information, shared old photos, and even communicated with friends from both of my former schools. (I attended high school in Colorado and New York.)"}, {"type": "sentence", "content": "Classmates grew at a good clip right into the turn of the century. I liked the service enough to stick with it even when it started charging a yearly membership fee."}, {"type": "sentence", "content": "It took Facebook, which freely provided almost everything Classmates offered-and in many cases, much more-for me to cancel my Classmates subscription and walk away."}, {"type": "sentence", "content": "Memories of Classmates and the connections I made there slowly faded away until I heard its name and decided to see what if anything was left of Classmates.com."}, {"type": "sentence", "content": "TLDR: Classmates.com is alive, kicking, and in some ways very much the same as I left it. It felt, in some ways, like I was thawing a cryogenically preserved site. Like Sylvester Stallone in Demolition Man, Classmates looked untouched by the almost 15 years of neglect and ready for me to reconnect."}, {"type": "sentence", "content": "The service is still owned by United Online, a sort of retro online company that also owns \"remember when?\" brands like Juno and NetZero."}, {"type": "sentence", "content": "It's still a pay service-\"Best Value!\" $1.50 a month-but there's quite a bit you can do for free. I used to have an ID number and password-that's right, the site is old enough that it once didn't use email or another social account for login-that have long since been deactivated. Instead, I created a new account and started rebuilding my profile for my high schools and even went so far as to add my junior high and grade schools."}, {"type": "sentence", "content": "Scanning directories for my old schools, I was shocked by how little had changed. Class list interfaces still feature alumni names, years, and icons for location (a globe), story (a notepad), current photo (camera), and a link to their yearbook photo."}, {"type": "sentence", "content": "Classmates' best feature is the yearbooks. It has tomes featuring pimple-faced teens going back to 1885. The catalog is not complete, but I found entire yearbooks for both of my graduating classes. One scan was poorly done, but the other was virtually perfect. This was especially meaningful for me since I left the Colorado high school I attended for three years right before senior year. As a result, I never saw my class yearbook and lacked any good way to walk down memory lane with classmates I'd known since grade school."}, {"type": "sentence", "content": "The site is so out of date, though, that it offers no obvious way to go full-screen with the yearbooks and zoom in on a page. I discovered the counterintuitive solution: If I used Microsoft Edge to zoom out on the webpage, the yearbook image got larger."}, {"type": "sentence", "content": "It was a wonderful rabbit hole, full of so much nostalgia and long-forgotten memories of people, teachers, clubs, and places. So many faces I hadn't seen in almost 40 years, frozen in time."}, {"type": "sentence", "content": "Classmates is now marginally a social media site. It's there for you to build or rebuild connections, but without the stress of opinions, ideology, or minute-by-minute updates. My time there felt like visiting a library where all the books were dusty but familiar."}, {"type": "sentence", "content": "After poring over hundreds of pages and countless familiar faces, and with my nostalgia appetite sated, I took note of a handful of Classmates guestbook alerts in my inbox. To see the names of those who expressed a passing interest in me, however, I'd have to pay."}, {"type": "sentence", "content": "I appreciated the attention, and then thought that if they cared to reconnect, they'd probably seek me out on Facebook."}, {"type": "sentence", "content": "Thanks for the memories, Classmates."}], "topic": "social-media", "uuid": "278ac589de15ea680f8903f67cff7796953e3ff7018360904c1265e0", "link": "https://debugger.medium.com/classmates-at-26-where-have-you-been-e89228e941e6"}