{"title": "Big Oil's Undemocratic Advantage You've Probably Never Heard Of", "data": [{"type": "image", "content": "https://miro.medium.com/max/960/1*FP1Y6p-VTqc4IL0oXS1khg.jpeg"}, {"type": "sentence", "content": "We can't waste any more time addressing the global warming issue we're facing. The amount of greenhouse gases (GHG) in the atmosphere are rising to dangerous levels. Nevertheless, due to political conflicts of interest, governments are slow to act. Moreover, the US is not exactly one of the frontrunners in fighting climate change. That's a shame because the US's wealth and resources could prove pivotal in global climate action."}, {"type": "sentence", "content": "There are many ways we can contribute to a better environment ourselves, however. One approach is to use our pensions and wealth to help steer the big oil companies into falling in line with the Paris agreement's ambitions (reducing our GHG emissions by 50 percent by 2030 compared to 1990)."}, {"type": "sentence", "content": "In Europe, small-time investors can get an audience at the annual general meetings (AGMs) for shareholders. Surprisingly, this is hardly possible in the US. Through extensive lobbying with the Trump administration, oil companies structurally undermined the effectiveness of the US democracy."}, {"type": "sentence", "content": "Can we do something about this as ordinary citizens? Or do we need intervention by the new government?"}, {"type": "sentence", "content": "And how did this happen?"}, {"type": "subtitle", "content": "How to exert influence over massive oil corporations with limited assets"}, {"type": "sentence", "content": "Shareholder activism by (institutional) investors and NGOs alike has picked up a lot of steam over the past few years. Activist shareholders buy ownership in a company to change the strategy for various reasons, but usually to generate more profit."}, {"type": "sentence", "content": "For oil companies to remain profitable, they need to pivot away from fossil fuels to green alternatives. The goal of big oil needs to change from fossil fuel producers to energy providers. Unfortunately, large oil corporations' senior management remains unwilling to change course without either external intervention by governments or internal \"encouragement\" of shareholders."}, {"type": "sentence", "content": "In Europe, NGOs such as Follow-This are filing climate resolutions at AGMs. They buy shares with donations or ask for proxy-votes of other shareholders, essentially lending voting power. Using the shares, the NGOs gain the right to attend AGMs and request voting on corporate strategy and the board of directors' appointment. Shareholder voting is a democratic process in Europe, as it should be. That means that if you get enough votes, the company has no choice but to adjust its strategy."}, {"type": "sentence", "content": "As you can see from the following chart from Follow-This, they're getting increasingly successful in getting other (institutional) investors and shareholders on board:"}, {"type": "image", "content": "https://miro.medium.com/max/2400/1*KSYxLkLCYQkTHcrL-S9xWw.jpeg"}, {"type": "sentence", "content": "I figured that if they're able to get more and more votes for climate resolutions at AGMs in Europe, that should also work for US companies, right?"}, {"type": "sentence", "content": "Well, it turns out this is not the case. Apparently, the power of shareholders over senior management has been undercut by the US government. A slap in the face of democracy, as all people should be able to make their voice heard. The arguments presented by the government are both irrational and laughable. I'll continue with that next."}, {"type": "subtitle", "content": "Big oil's undemocratic advantage"}, {"type": "sentence", "content": "Under the Trump administration, the Security and Exchange Commission (SEC) supported big oil companies such as Exxon Mobil to reject shareholder voting on climate resolutions because:"}, {"type": "sentence", "content": "Say what? Apparently, discussing the strategy of a company in which you have ownership is micromanaging? Saving the climate and determining the strategy sounds like macromanaging to me. I find it remarkable that the Republican party, always proud to reduce the government's influence, is interfering with the inherently democratic process of shareholder voting. Why is this happening?"}, {"type": "sentence", "content": "In 2021, Follow-This is also planning to introduce climate resolutions to US-based company Chevron, where they previously focused on European companies. Corporate lawyers are already getting ready for battle, aiming again to refuse shareholder voting. Again, comparable arguments are used:"}, {"type": "sentence", "content": "I hope that Biden will make good on his promise to fight climate change. Let's also hope that the newly appointed chairman of the SEC, Gary Gensler, will act decisively to prevent shareholder voting on climate action from being blocked."}, {"type": "sentence", "content": "More articles by Martin van Duyse:"}], "topic": "economy", "uuid": "284bdcc45f50af4c884158990ba7ff498535a16219b09393e6e323d1", "link": "https://medium.com/climate-conscious/big-oils-undemocratic-advantage-you-ve-probably-never-heard-of-189120f7e4c7"}