{"title": "3D Game Programming for Kids, Second Edition", "data": [{"type": "sentence", "content": "TOC | Early praise for 3D Game Programming for Kids, Second Edition \ud83d\udc49"}, {"type": "subtitle", "content": "Table of Contents"}, {"type": "sentence", "content": "Acknowledgments"}, {"type": "sentence", "content": "Introduction"}], "topic": "education", "uuid": "297fcaf733885322e4d5caf273c129c4a1ad999260bb0eb96a74d2da", "link": "https://medium.com/pragmatic-programmers/table-of-contents-ec55ad5ac09f"}