{"title": "Sorry, but We're Not All Leaders", "data": [{"type": "image", "content": "https://miro.medium.com/max/5214/0*fWVBh8q7MFWZvsR_"}, {"type": "sentence", "content": "Over the past week I counted 29 stories from really solid writers that featured phrasings like \"We as leaders need to...\" or \"In our leadership roles we must...\""}, {"type": "sentence", "content": "Who is this collective \"we\" everyone's talking about?"}, {"type": "sentence", "content": "I'm not railing against this perspective entirely, but is the working assumption that everyone reading these articles is a leader?"}, {"type": "sentence", "content": "Can they be? Should they be?"}, {"type": "sentence", "content": "And before you blow a gasket about this, I want to invite you on a journey of perspective. And on this journey I want companions, so once you've made your way through, please argue my points and make your own."}, {"type": "sentence", "content": "As you read further, you'll understand why I believe this conversation is of serious importance."}, {"type": "subtitle", "content": "First, a definition of leadership."}, {"type": "sentence", "content": "This is a good place to start, and it's also where most people get tripped up. As a formal idea, leadership is a massive subject, but the task of recognizing leadership is kind of like recognizing pornography - we know it when we see it."}, {"type": "sentence", "content": "Or perhaps more paradoxically: we know (or feel) when it is not there."}, {"type": "sentence", "content": "I write on this topic a lot, usually through the lens of organizational life. I believe the process of understanding leadership is a noble pursuit, and it may be one of the most important things to ponder - and by ponder I don't mean \"give ourselves the title and figure out what to do with it later.\""}, {"type": "sentence", "content": "In my musings, I often quote scholar Peter Northouse. You might say he 'wrote the book' on the subject - literally, he wrote a book called Leadership."}, {"type": "sentence", "content": "I subscribe to the definition he poses in his compendium:"}, {"type": "sentence", "content": "Notice the words in Northouse's definition. Process. Influence. Common goal. Then notice what is missing. Nowhere in the simple line does it say anything about a position, title, years of experience, or education. Yet how often are we led to believe that someone is a leader if they are in a certain role, with a certain title, with certain credentials, for a certain period of time? More on this later."}, {"type": "sentence", "content": "One caveat before we go further. You may read everything herein from one of two perspectives - that of someone who considers themselves a leader, or, thinking about others who may (or may not) themselves be leaders. Either way, we all have something to teach others or to learn ourselves. Heck, one of my less-favorite managers even taught me the best way to clink a wine glass to get a room's attention - you clink the stem, not the bowl."}, {"type": "subtitle", "content": "Bringing the definition home."}, {"type": "sentence", "content": "I have been an active student of leadership for well over 20 years - formally through certificate and degree programs, and informally through nearly as many years in the workforce. And over these several decades, my view on the subject has changed drastically."}, {"type": "sentence", "content": "Rather than paint you a word picture, here instead is a graph, since people seem to like visuals."}, {"type": "image", "content": "https://miro.medium.com/max/2488/1*BHEoNrAq0EeZR23ZbNU9ww.png"}, {"type": "sentence", "content": "The direction of the blue line isn't necessarily tethered to any specific events. Rather, it demonstrates how non-linear a leadership track can be, and often is. It's certainly the truth for me."}, {"type": "sentence", "content": "After ~20 years, I am now responsible for more people, projects, and impact than ever before. I have greatly increased my influence and believe deeply in my ability to encourage my people to work towards a common goal."}, {"type": "sentence", "content": "Leadership might await me, one day. I aspire to it and I'm working to grow into it, but I'm not there yet, and my journey is forward and onward - and not necessarily upward."}, {"type": "sentence", "content": "That's a funny thing to admit. Again, the above graph isn't literal, but I definitely felt differently about this idea earlier in my career. In fact, I remember my LinkedIn profile used to say something like \"Nonprofit leader with 12+ years experience.\""}, {"type": "sentence", "content": "At some point, after a major ego check, I realized there's a ton of professional development to do before I make that claim. (Side note: I'm much more fond of what my profile says now: \"Learning what makes nonprofits - and their people - great.\")"}, {"type": "subtitle", "content": "Expanding the definition: What leadership *isn't*"}, {"type": "sentence", "content": "Remember how Northouse's definition excluded a few things? Let's touch on some of those routinely misunderstood leader traits."}, {"type": "subtitle", "content": "1. Title"}, {"type": "sentence", "content": "This is low-hanging fruit to tackle when it comes to leadership. We don't need another story about the difference between management and leadership. (You can read more about that here, here, or here.) What I do want to stress is how irrelevant title and hierarchical status are within the definition."}, {"type": "sentence", "content": "I am a 'director' now, and though I manage people, projects, and impact, when I think back 15-20 years, I had just as much potential to exert influence when I was 'manager' or 'coordinator.' I may not have chosen to lean into that influence or activate it (for myriad reasons) but the opportunity was there."}, {"type": "sentence", "content": "That's really the point. I've been led and influenced by just as many executive assistants and volunteers as I ever have been by C-suite managers. I'm not suggesting the title doesn't help, though it's not a liberal license to lead."}, {"type": "subtitle", "content": "2. Time"}, {"type": "sentence", "content": "There are people out there who love to remind you how long they've been doing something, like it's a free-pass merit badge. Experience is hugely important, but it helps to know that just because you may know longer than someone, it doesn't mean you know better than them."}, {"type": "sentence", "content": "I've been in more senior roles than colleagues with less experience, thinking I had all the information I need, only to be proven wrong time and time again. This still happens for me, and I imagine it always will. One of my more humbling and useful experiences has been learning what I don't know."}, {"type": "sentence", "content": "\"There is no end to education,\" notes Jiddu Krishnamurti. \"The whole of life... is a process of learning.\" Doubly true for leaders."}, {"type": "subtitle", "content": "3. Education"}, {"type": "sentence", "content": "What you have studied won't, necessarily, make you a leader in that particular industry. I studied nonprofit management as an undergrad, and that's a large part of what I do now. However, at the level where I am, most of my education has been done on the job and I can hearken back to very little of what I formally learned 20+ years ago."}, {"type": "sentence", "content": "More broadly, say someone went to school for building widgets. After graduating, they go and become a widget-maker. In fact, they become some company's best-ever widget-maker. That person may be promoted to a higher level of widget-making or, possibly, put in charge of other widget-makers."}, {"type": "sentence", "content": "They may be highly skilled in the making of widgets, but in this loftier post, their previous training is not doing them - nor the people they manage - any favors. (You may be familiar with this as the \"Peter Principle.\")"}, {"type": "sentence", "content": "After a few decades off, I'm a student once again myself, studying leadership and organizational development in a graduate program. As I traverse the degree program, I'm fascinated with how little formal knowledge I had about the theories of leadership, and I'm glad to have some of it now."}, {"type": "sentence", "content": "But as with anything else, it's what we do with the knowledge we have that defines us - not the knowledge alone."}, {"type": "subtitle", "content": "Grounding the definition: What leadership *could be*"}, {"type": "sentence", "content": "You've made it this far, and I want to make sure you get some practical bits out of this whole exercise. Let's move from Northouse's big-picture definition to something more actionable."}, {"type": "sentence", "content": "Two names you should know in this arena are Jim Kouzes and Barry Posner. They focus on the idea, \"how to make extraordinary things happen in organizations\" better than most anything I've come across. And they approach this big idea through the lens of leaders in their pivotal book, The Leadership Challenge, which they've been refining for more than 30 years."}, {"type": "sentence", "content": "Difficult as it may be to say what leadership is, Kouzes and Posner outline some incredibly useful, measurable behaviors - not that doing them immediately makes someone a leader, but it's the best roadmap I've seen."}, {"type": "sentence", "content": "They center on five practices, and all aspiring leaders should be familiar with them. All quotes are from The Leadership Challenge."}, {"type": "subtitle", "content": "1. Model the way"}, {"type": "sentence", "content": "This is one of those things I got really, really wrong when I first started managing people. I would often provide instructions, while not fully realizing that people were watching whether I practiced what I preached."}, {"type": "sentence", "content": "One glaring example is how I would tell my teams not to respond to emails I send early in the morning or late at night, but I kept finding that they would. Once I asked a colleague why she was doing this, and the response was something like, \"Honestly, you're our boss, and if you're sending an email at 8p.m., we feel like we have to respond.\" Afterward, the delay-delivery feature in Outlook and Gmail quickly became my best friend."}, {"type": "subtitle", "content": "2. Inspire a shared vision"}, {"type": "sentence", "content": "My industry is nonprofit fundraising, which is a rather peculiar job when you think about it - asking people to part with 100% of their money for nothing tangible in return. I've worked alongside true leaders in the field, and what they do better than anyone is demonstrate (for financial donors) how their philanthropy will help change the world."}, {"type": "sentence", "content": "If that's not inspiring shared vision, I don't know what is."}, {"type": "subtitle", "content": "3. Challenge the process"}, {"type": "sentence", "content": "I can point to one singularly amazing example of this. At a former arts organization, the power went out during one of our performances - it was hurricane season here in Houston - and our production team was ready to call the show and send everyone home."}, {"type": "sentence", "content": "Our executive director said \"Hang on a minute...\", gathered a few of us, and had us run to the storage room where we all grabbed boxes of little electric votive candles. We handed them out to the entire audience and placed them around the stage, and within 10 minutes we were able to resume the performance almost without missing a beat."}, {"type": "sentence", "content": "This was one of the most brilliant examples of leadership-in-action I have ever experienced."}, {"type": "subtitle", "content": "4. Enable others to act"}, {"type": "sentence", "content": "Enabling others is one of those unique actions that are not tied directly to role or hierarchy, and the actions don't need to be sizable. Back in 2019, my team was pulling together a massive project, and I was feeling near the end of my rope with one specific task."}, {"type": "sentence", "content": "I vividly recall one workday when I was frustrated and went for a walk around the block to clear my head. Sensing my state of mind, one of my teammates snuck into my office and left a Post-It on my computer monitor that read, simply: \"YOU GOT THIS!\""}, {"type": "sentence", "content": "It was such a small gesture, but in this act she made me feel invincible and appreciated. It reignited my embers, and it was a positive turning point for the remainder of the project."}, {"type": "subtitle", "content": "5. Encourage the heart"}, {"type": "sentence", "content": "Last week I was at my computer when my Zoom started ringing. Even after this pandemic year, this is the first time someone randomly called me that way, similar to how people used to stop by our offices unannounced in years past. It was a colleague in a different department I worked with on a project back in the fall."}, {"type": "sentence", "content": "It was a lot of fun, and when it was complete I sent her manager a note letting them know what a joy she was. Somehow word got back to my colleague and she was Zoom-ing to share her appreciation."}, {"type": "sentence", "content": "I could tell this kind of encouragement was rare, which made it feel all-the-more important. I know it also inspired her manager to think more favorably about her."}, {"type": "subtitle", "content": "Last words"}, {"type": "sentence", "content": "I can't confirm whether you are a leader or not. Frankly, I'm not sure any one of us can ever know that about ourselves. If you've made it this far and are still grumbly about my opening thesis, please, share your thoughts."}, {"type": "sentence", "content": "And, please, also be self-reflective. Many who are in leadership positions - whether or not they are leaders as defined herein - have people in their orbit for whom they're responsible. And if there are people in your charge, you have an obligation to care for them, their growth, their productivity, and not least of all, their well-being."}, {"type": "sentence", "content": "If anything in that preceding paragraph seems off-base or below you, then yes, I might suggest you are not, in fact, a leader. There is a strong need for service to others in the ethos of leadership, and if serving is beneath you, then leadership is beyond you\u00b9."}, {"type": "sentence", "content": "Big thanks to May Pang for leading this piece in its most-right direction."}, {"type": "sentence", "content": "\u00b9 This line is sometimes attributed to Robert Greenleaf, grandfather of servant-leadership, though at best it seems to be anonymous."}], "topic": "leadership", "uuid": "29a1b1540aec9c78e9a41fa196ab630f8a88d53cf5d6b92af6c304c2", "link": "https://medium.com/swlh/sorry-but-were-not-all-leaders-ac2843fe8a7a"}