{"title": "My Dad Died, So Why Aren't I Sad?", "data": [{"type": "image", "content": "https://miro.medium.com/max/10198/0*faY8zFLdzC_IhPlf"}, {"type": "sentence", "content": "\"How do you feel,\u00a0Sharon?\" Dr. Griffin\u00a0asks\u00a0me."}, {"type": "sentence", "content": "It's my first day back at therapy since the funeral last week. I feel pressure to tell him what he expects to hear - that I'm inconsolable, that I'm hanging on by a thread."}, {"type": "sentence", "content": "\"Honestly, I haven't\u00a0felt\u00a0anything. Maybe a little anxiety.\""}, {"type": "sentence", "content": "\"What is it you're anxious about?\""}, {"type": "sentence", "content": "\"My lack of despair, for one thing. I should be devastated right now, shouldn't I?"}, {"type": "sentence", "content": "\"Do you wish\u00a0you\u00a0were?\""}, {"type": "sentence", "content": "\"Well, my dad just died and I haven't even cried. Last night, I tried putting his favorite song on, staring at a bunch of old photos. Didn't feel a thing.\""}, {"type": "sentence", "content": "\"Everyone deals with grief in their own way,\" he says."}, {"type": "sentence", "content": "\"Yeah, that's what I keep telling myself. But there's this other part of me that's like, 'no, that's bullshit.' That's just something we tell sociopaths to make them feel better about themselves.\""}, {"type": "sentence", "content": "\"Have you ever had someone close to you die before?\""}, {"type": "sentence", "content": "\"No, I've been pretty\u00a0lucky. I did have a cat that died when I was\u00a0eight. His name was Sylvester.\""}, {"type": "sentence", "content": "\"How\u00a0did you\u00a0handle\u00a0that? Did you\u00a0cry?\""}, {"type": "sentence", "content": "\"Yeah,\u00a0actually\u200a-\u200anow\u00a0that\u00a0you\u00a0mention\u00a0it. I was in shambles for weeks.\""}, {"type": "sentence", "content": "\"Why\u00a0do\u00a0you\u00a0think\u00a0you\u00a0reacted\u00a0so\u00a0differently\u00a0back\u00a0then?\""}, {"type": "sentence", "content": "\"I'm\u00a0not\u00a0really\u00a0sure,\" I tell him. \"I guess it's because I was a little kid, you know, and I...\""}, {"type": "sentence", "content": "\"What?\""}, {"type": "sentence", "content": "\"I loved that cat...\""}], "topic": "fiction", "uuid": "2eb0d79586830e238c6bafa45d2b4109a53471603eeefa6c935c1b39", "link": "https://psiloveyou.xyz/my-dad-died-so-why-arent-i-sad-14b3777b7b9"}