{"title": "Struggles of Making Games from a Game Design Perspective", "data": [{"type": "image", "content": "https://miro.medium.com/max/2400/1*m7opUC2574_Wga_6Jq0S2Q.png"}, {"type": "sentence", "content": "Working as a Game Development & Game Design teacher for over 5 years so far, I have the opportunity to oversee and guide a high number of beginner game designers in their initial efforts. Most recently, as part of my job as a lecturer at Saxion University of Applied Sciences, I am responsible for supervising the concept and development of almost 100 students' games per year."}, {"type": "image", "content": "https://miro.medium.com/max/5498/0*v7oxSFELiXJAMkhr"}, {"type": "sentence", "content": "This experience allowed me to identify recurrent pitfalls and difficulties beginner game designers have. However, although repetitive, I hardly observe any of those issues cited in texts and pieces about Game Development, which is odd: there is plenty of great literature out there with good advice on problems (beginner) game designers face."}, {"type": "sentence", "content": "Upon a more dedicated analysis, I figured that it seems that most of the articles on this theme tend to be more about Game Development than Game Design. For Game Development, we can understand the entire process of developing a game, from coding to drawing. In contrast, Game Design is related to \"how do you play the game.\""}, {"type": "sentence", "content": "Although the distinction between the two terms is far from scientific, it helps us divide the concerns and good practices in distinct aspects. Choosing the technology, deciding on planning methodologies, or adopting a visual style are Game Development concerns, but not directly Game Design concerns."}, {"type": "sentence", "content": "This article, on the other hand, analyzes the common and repetitive problems while making games from a Game Design perspective. However, instead of simply enumerating them, this article presents them in the form of simple questions that can help you identify these problems."}, {"type": "sentence", "content": "Still, due to their Game Design nature, these problems are inherently creative. For that, there are no perfect rules or strategies to overcome them. On the other hand, after being identified, it is only a matter of time, effort, and, obviously, creativity to succeed."}, {"type": "sentence", "content": "Without further ado, let us then dive into the Struggles of Making Games from a Game Design Perspective."}, {"type": "image", "content": "https://miro.medium.com/max/5664/1*Fu87AfOUnXfYi_D-8ltuDA.png"}, {"type": "subtitle", "content": "Problem 1: How Do I Play This Game?"}, {"type": "sentence", "content": "Curiously, most of the teams starting to design games stumble and stutter while answering this question. Since we are used to consuming games as a whole and not as a collection of mechanics, we also tend to start the creative process at a higher level of abstraction, ignoring simple directives such as how the game is played or which mechanics it has."}, {"type": "sentence", "content": "More specifically, this question is either consciously or subconsciously ignored for many reasons, but three of them stand out the most, which are:"}, {"type": "sentence", "content": "The most straightforward approach for all three reasons is to start small: select ONE simple game mechanic and start from it. The game is going to be played by repeating this very mechanic until a specific goal is achieved. Doing so should ease the technical burden and allow for the game design process to really start."}, {"type": "sentence", "content": "All of these reasons are rotted in the same cause: anxiety over making wrong choices. While the 1st and 2nd reasons delay the decision making by producing more, usually hasty and uneducated, decisions, the 3rd one simply stops the entire process in fear of ending up with a bad result. But do not panic! The game development and design process can and should always be adjusted according to the test and results. Wrong decisions can be reverted as soon as they are spotted."}, {"type": "subtitle", "content": "Then, ask yourself: How Do I Play This Game?"}, {"type": "sentence", "content": "If the answer is not apparent, you might be in one of the three situations described above, then decide on the most straightforward step you can take and move on. In most cases, you need to define an easy to implement mechanic."}, {"type": "sentence", "content": "If the mechanic turns out to not match your game's visual style or any other creative aspect, change it (or the other elements). A creative process, such as Game Design, hardly succeeds entirely on the first try. Bad decisions will happen, then make them already and proceed."}, {"type": "image", "content": "https://miro.medium.com/max/2878/1*qa3ET46znaiJKf0lwH1OgQ.png"}, {"type": "subtitle", "content": "Problem 2: How Do I Win This Game?"}, {"type": "sentence", "content": "The main issue with this problem is not necessarily answering it but responding to it from a Game Design perspective. Often, game designers confuse this question as a Narrative Question: how does the story end. However, the story's finale does not answer how do you win the game."}, {"type": "sentence", "content": "To be more precise, most designers think of this as the story's resolution or envisioning the game world's end state. For example, that the evil antagonist is defeated or that world peace is achieved. From a game design perspective, and following the answer of Problem 1, none of these examples are connected to the game design or its mechanics."}, {"type": "sentence", "content": "Winning the game must be achieved by using the game mechanics. Thus, the answer to this question must be stated in terms of the game mechanic. If the evil antagonist must be defeated, the mechanic must enable this victory. For example, if the mechanic is shooting arrows, then we can establish that:"}, {"type": "sentence", "content": "Notice that the example has a specific amount of arrows. This is important because it allows the overview of a complete prototype: a prototype that can be played until the end condition. Only after achieving a complete prototype stage, the game can be truly tested. Surely, this amount can be changed later for progression or balancing matters, but you have to start with an actual value."}, {"type": "sentence", "content": "Moreover, this decision is unrelated to the narrative perspective. The example used requires 10 arrows to be shoot at a specific target (the evil antagonist), but the target can be altered to fit whatever other narrative or story device necessary."}, {"type": "subtitle", "content": "Then, ask yourself: How Do I Win This Game?"}, {"type": "sentence", "content": "If the answer is not apparent, you need to review the game mechanic and decide ONE simple goal that can be surely achieved using it. The goal chosen will be the answer to the question."}, {"type": "sentence", "content": "Again, if the goal does not suit the game properly, you need to revisit the mechanic or change the goal. Both are excellent decisions. The game is only done when it is done. Iterating over its elements is part of the process and can surely lead to better results."}, {"type": "image", "content": "https://miro.medium.com/max/2878/1*qEUm1LzIPLH0d_jtfdNlWQ.png"}, {"type": "subtitle", "content": "Problem 3: How Does This Game Get Harder?"}, {"type": "sentence", "content": "Arguably, this question does not suit every game, but it is still worth asking during the game development. Understanding how the game elements evolve to match either the player's capacity (also refered to as \"power\") or improved skill leads to a better sense of progression."}, {"type": "sentence", "content": "Another important aspect of this question is that it puts the game's mechanic under scrutiny. Responding to this inquiry, or even just brainstorming its answers, might show that the main mechanic is too simple or limited. When that is the case, the game is either too simple (which can be a good decision), or the game designers will urge to add more mechanics to compensate for it (which can be good, but design-wise hard to achieve)."}, {"type": "sentence", "content": "Moreover, deciding on the existence or lack of progression in terms of difficulty must be a conscient decision, instead of a collateral effect from the game mechanics. Thus, answering this question must not only establish this point but raise awareness of its consequences."}, {"type": "subtitle", "content": "Then, ask yourself: How Does This Game Get Harder?"}, {"type": "sentence", "content": "If you do not have an immediate answer to this question, first analyze its consequences and the effort involved. Focus on the current game mechanics and how they enable different forms of progression."}, {"type": "sentence", "content": "Additionally, \"difficulty\" can arise from interactions outside the game, such as having other human players involved. Having different skilled players or even being aware of how more seasoned players must use the rules differently can create complexity/difficulty on its own."}, {"type": "image", "content": "https://miro.medium.com/max/2878/1*kVyOUvJ0eE4yGEe75ozr9w.png"}, {"type": "subtitle", "content": "Problem 4: How My Options Modify The Game?"}, {"type": "sentence", "content": "Another common issue with beginner game designers and their games is a lack of clear division between random elements and strategy. A random element, such as rolling a dice, is unpredictable and expands on the game possibilities since the players cannot completely predict their actions. On the other hand, the strategy is the exact opposite: when the player makes decisions based on their predicted outcome - usually, how that can help them win the game (remember Problem 2?)."}, {"type": "sentence", "content": "What usually happens in Game Designing's early stages is sticking too much to one of the extremes, either randomness or pure strategy. Even though the game mechanics are being thought of as decisions with both predictable and unpredictable results, in practice, they either play as completely random (chaotic) or completely deterministic (boring)."}, {"type": "sentence", "content": "The easiest way to spot both extremes is playtesting the complete prototype and identifying one of the following scenarios:"}, {"type": "sentence", "content": "Surely other reasons can cause these scenarios, such as problematic balancing or unrealistic goals. Still, the players' behavior is usually pretty clear when they struggle against chaos or breezing through an anticipated (and boring) strategy."}, {"type": "subtitle", "content": "Then, ask yourself: How My Options Modify The Game?"}, {"type": "sentence", "content": "Consider how the player's options impact the game: are they too sensitive to random outcomes or easy to foresee? If the answer is hard to grasp by just brainstorming, then do more playtesting and analyze how the players behave."}, {"type": "sentence", "content": "Even in games with limited options and a small set of mechanics, the player should make meaningful changes to the game state. On the contrary, the game is more of an interactive experience than a proper game. Not that the former is a bad medium, but it might not be your end goal."}, {"type": "image", "content": "https://miro.medium.com/max/2878/1*iLdc0y7iRuFhoUFpzKcqkQ.png"}, {"type": "subtitle", "content": "Problem 5: Where Is the Fun?"}, {"type": "sentence", "content": "This is certainly the harshest question, but probably the most important one. Regardless of all its other qualities, games are likely to succeed mostly on their fun factor above all else. However, making fun games is a big challenge."}, {"type": "sentence", "content": "This question is not meant to be answered upfront. Most games need a good amount of playtesting and iterations until their mechanics and elements are solid enough to trigger players' emotional reactions."}, {"type": "sentence", "content": "Yet, the game designer must continuously ask this question during the process. Fun can be spotted in very odd places that were not initially thought of. The popular phrase \"it is not a bug, it is a feature\" reinforces this idea: for many games, elements that were not part of the initial design and were later responsible for making the experience fun for the players."}, {"type": "sentence", "content": "Space Invaders is a famous example of this case. Its difficulty progression, i.e., the aliens' ship velocity increasing as fewer enemies were on the screen, was actually a side-effect caused by the hardware not being powerful enough to render so many sprites at once. It was not intentional but became a game's trademark element."}, {"type": "subtitle", "content": "Then, ask yourself: Where Is the Fun?"}, {"type": "sentence", "content": "Continuously ask this question while developing and testing the game, but do not let it shudder your efforts or demotivate you. Finding fun is hard, and it takes iterations and iterations until a solid base is created."}, {"type": "sentence", "content": "Besides, people with different tastes, backgrounds, and skill-level will react differently to your game. You might not be able to appease everyone, but there might be a group of people that might really enjoy it. Furthermore, do not forget to have fun yourself with your game and while making it."}, {"type": "sentence", "content": "Yet, it is possible that some games might not find their target audience or even be considered fun, and that is fine. Making a game is a reward on its own, and you can always move towards the next project. Lessons were learned anyway."}, {"type": "sentence", "content": "Moreover, once you manage to find the elements of fun, focus your effort on maximizing them. Use the game mechanics, economy, narrative, and aesthetics to strengthen the game."}, {"type": "image", "content": "https://miro.medium.com/max/2878/1*6hqmNYC-PiNniDQws-sUGg.png"}, {"type": "subtitle", "content": "Concluding Thoughts"}, {"type": "sentence", "content": "Making games is a thrilling experience, and it is easy to get passionate about it. As our ideas and concepts become alive in a virtual (or physical) environment, and the game gears begin to grind, moving the mechanics and elements into play, it is hard to ignore the sense of happiness and satisfaction. It is not a surprise that more and more people nowadays are moving towards making their own games and experiences."}, {"type": "sentence", "content": "As there is plenty of good material available online for beginners, this article proposed a different look at the process of making game, based on my experience with beginner game designers and their initial efforts. More precisely, we stated 5 questions that help steer the development process on game design lens:"}, {"type": "sentence", "content": "Answering these questions must help you to build a consistent and solid game base. Even if some sound obvious, they are surely overlooked or answered using a different perspective - usually from a narrative point of view. Game designing is not about how the story unfolds; it is how the player acts using the game mechanics to allow the story to unwind."}, {"type": "sentence", "content": "Although helpful, these questions are surely not enough to make a good game. In fact, and as stated before, there are no perfect strategies for achieving such a feat. Moreover, what does define a good game? And how generic can you go to please everyone until you please no one?"}, {"type": "sentence", "content": "Alternatively, achieving a solid game base can help you define your own understanding of good, as well as establishing (and finding) the ones that will be pleased by it. Making a game should be this blend between creating entertainment and art - not a recipe. It is about triggering fun, not necessarily success. Yet, do not forget that making a game is certainly a victory, and you should be proud of it, regardless of the game's outcome."}, {"type": "image", "content": "https://miro.medium.com/max/10796/1*8PFu-ADROlPFBHDWXKxxZg.png"}, {"type": "sentence", "content": "Thanks for reading :) And if you want to know more about me and my work, you can join me here."}], "topic": "gaming", "uuid": "2ff4ae0627818972b537f79833b00dae3eb0e8bca93ac01bf7c3c1b3", "link": "https://medium.com/super-jump/struggles-of-making-games-from-a-game-design-perspective-173eb1aaf74e"}