{"title": "The Lioness of Dusk", "data": [{"type": "sentence", "content": "The taste of her rancid mouth lingers. Like morning breath following the cheap cigar of late-evening vices, her stench clings to your palette. Her thick scent manifests from your pores, still swollen from the night before. The taste haunts your senses, but you can't even say her name."}, {"type": "sentence", "content": "A moment in time, her memory never forgotten, now sewn into your very being. She took you, disadvantaged. Owned you, as if for granted. Respect vanished, fleeing like smoke from a fire. No thought for who you were, what you wanted. Your body sustenance for a succubus, cuisine for a night nymph. A vapor of vanity feeds, abandoning the carcass after her fill."}, {"type": "sentence", "content": "Wasting away; your leftover substance like a dead gazelle before the queen of kings. Her cravings drive her hunt; lotus-eating woman turned carnivorous beast. Though you didn't know it, she carried your bones to her den, dropping them in darkness."}, {"type": "sentence", "content": "After the coarse clasp of her sensuous lips came the fluttering of her hand. A haughty thoughtfulness of your worthlessness. A blade glistened in the moonlight, then your body grew cold. She took and took, never once dropping her hands. She spat on you before extorting your heart."}, {"type": "sentence", "content": "The taste of her rancid mouth - blood-stained teeth, washed only by fresher meat. Your spoils now spoiled, your metal turned rust, your soul discarded by the Lioness of Dusk."}], "topic": "fiction", "uuid": "30239542d65bb095784409970def57662a483f366117d211db624836", "link": "https://medium.com/scribe/the-lioness-of-dusk-5e99e34285f5"}