{"title": "Where is the Strategy in your Strategy?", "data": [{"type": "subtitle", "content": "This isn't the article that I had intended to write"}, {"type": "sentence", "content": "My original idea for this article was to dive into the heart of all the terminology around a strategy to find the part that is actually \"the strategy\". By this, I mean \"strategy\" in the everyday sense. What is the core principle, idea, or decision that is being applied to get from the current state to somewhere closer to the vision."}, {"type": "sentence", "content": "... and then something strange happened."}, {"type": "sentence", "content": "I was looking back at my Strategy 101 article so that I could reference the terms that I define there. I wanted to link that to my Strategy on a Page that I've discussed. The Strategy on a Page clearly indicates a \"Policy to Apply\" section, which is the core of the strategy. The Policy to Apply is part of Richard Rumelt's kernel of a good strategy. A strategy is only good if it makes decisions about what you are going to do and what you are not going to do. These decisions need to be written down. They form the real \"strategy\" in a strategy. So I looked to the Strategy 101 terms for the corresponding term, and I realized that there wasn't one."}, {"type": "sentence", "content": "I had forgotten the strategy in my strategy!"}, {"type": "subtitle", "content": "So let me correct that here."}, {"type": "sentence", "content": "Here's the original diagram that I presented. I wanted to present a simple, accessible view of how the various terms that we hear on the subject of strategy relate to one-another."}, {"type": "image", "content": "https://miro.medium.com/max/1920/1*3XSiai_gBxIBSBGwZh0FbA.png"}, {"type": "sentence", "content": "The idea is that the strategic plan leads from the current state toward achieving the chosen objectives. It is done in the context of the Mission, Values, and Vision for the organization."}, {"type": "sentence", "content": "(As an aside, I intentionally drew this diagram using the basic shapes in Google Slides. I want to show that you can use the tools you have at hand to get your point across. You shouldn't limit yourself because you think you need fancy, expensive drawing tools to create your diagram.)"}, {"type": "sentence", "content": "Let me present an updated version of the diagram."}, {"type": "image", "content": "https://miro.medium.com/max/1920/1*uzap-EZE1pHVbygaBWgNow.png"}, {"type": "sentence", "content": "I've made three changes here."}, {"type": "sentence", "content": "First, I added a box for \"Principles\". This was the missing part of the picture. The principles are the decisions you are making that guide you to the chosen objectives. You start with your Principles and the Current State. The Principles help you decide which goals are the right ones and which tactics are appropriate to reach those goals."}, {"type": "sentence", "content": "Principles are different and separate from Values. The Values talk about your culture (real or aspirational) and your ethics. Along with the Mission, they define the context for the strategy. Your Mission and Values should remain fairly constant over time. On the other hand, if something changes in your strategic environment, you may change the Principles you choose to apply to reach your Vision."}, {"type": "sentence", "content": "The next change I made to the diagram was to move the Mission and Values outside the strategy in order to emphasize their role in providing context."}, {"type": "sentence", "content": "Finally, I expanded the \"Strategy\" bracket to include the Vision. Now that Vision is visually separated from Mission and Values in the diagram, I can include it as part of the strategy. I think this is the correct place for it."}, {"type": "subtitle", "content": "What is the lesson here?"}, {"type": "sentence", "content": "Actually, there are a two lessons to be learned."}, {"type": "sentence", "content": "As you continue to grow and mature in your ability to be strategic and develop good and useful strategies, be adaptable. Don't let your ego get in the way of doing the right thing. Be open to recognizing your mistakes and correct them as soon as you can."}, {"type": "sentence", "content": "Most importantly, don't forget to put an actual strategy in your strategy."}], "topic": "leadership", "uuid": "30b2377d5468a95c29e03bb0e2be36be97542f09b9f97ed7fea7cbf8", "link": "https://medium.com/strategy-for-the-rest-of-us/where-is-the-strategy-in-your-strategy-341201785ea"}