{"title": "Tessica Brown and the Life Span of a Meme", "data": [{"type": "image", "content": "https://miro.medium.com/max/3840/1*wdheDUWrKTSSIIlt5zo66w.jpeg"}, {"type": "sentence", "content": "The month of February is barely halfway through, but it has been nothing short of a whirlwind for Tessica Brown (better known as 'Gorilla Glue Girl') as she became an instant meme after an unfortunate hair incident."}, {"type": "sentence", "content": "In January, Brown found herself out of her Got2b Glued Spray, a hair product that ensures maximum hold on hairstyles. In an interview, she explains that her decision to use Gorilla Glue adhesive instead was due to her being in a rush to leave her house. She did this with the assumption that she could simply wash it out when she returned home. Unfortunately, Brown did not realize that Gorilla Glue adhesive is 100% waterproof and that her hair would be stuck in its style for over a month."}, {"type": "sentence", "content": "On February 3rd, a month after applying the Gorilla Glue spray and failed attempts to get it out, Brown took to TikTok desperate to find a solution to her problem. She even goes as far as to demonstrate by putting shampoo directly on her head, scrubbing vigorously. But it is clear that not only will the shampoo not penetrate her hair, but it is easily wiped away with a towel. Her hair had essentially become an unmoveable helmet."}, {"type": "subtitle", "content": "Stage One: Laughter + Criticism"}, {"type": "sentence", "content": "While we can't be sure that Brown anticipated this, the TikTok video went viral with over 5 million views and 180,000 comments since it was first created."}, {"type": "sentence", "content": "And the internet showed up right on time to roast and criticize Brown for this foolish mistake. The comment section of her video full of \"Sis, WHY\" and \"You Got2B smarter than this\". Comedians online took the opportunity to put in their two cents and get some jokes off as well. It's possible that even Brown saw just a bit of humor in the situation initially, as reflected by the video's caption: 'Stiff where????? Ma hair'"}, {"type": "image", "content": "https://miro.medium.com/max/2400/1*51Q84w1Vo7Zmk6rph4Y3TQ.jpeg"}, {"type": "sentence", "content": "But the only thing more scathing than the laughter was the criticism. Even more so when word got out that she was not a 'girl', but a 40-year-old woman. Why did this grown woman purposely put an industrial adhesive on her scalp? She already had it at her home, which suggests that she already knew what Gorilla Glue is typically used for. The particular one she used has large letters on the front saying \"HEAVY DUTY\", and warns to avoid direct contact with one's person. The product brags that it is water-resistant and can be used on things like wood, metal, stone, glass, brick, and concrete. A lot of people would believe that anything is used to keep bricks together should not be sprayed onto the scalp. At this point, sympathy was hard to come by for Brown until an Instagram update on February 7th."}, {"type": "subtitle", "content": "Stage Two: Sympathy...but still some Criticism"}, {"type": "sentence", "content": "Brown eventually sought out treatment at a local hospital, updating the experience with her Instagram followers."}, {"type": "sentence", "content": "Suddenly the incident has lost its humor as it became apparent that things were getting very serious. Brown was in immense pain, first letting hospital staff treat her scalp and attempting to use nail polish remover to loosen the glue. Eventually, she began doing the treatment at home with the help of her mother and sister."}, {"type": "sentence", "content": "It is at this stage that we saw many people coming to Brown's defense. Her GoFundMe, during that time, had reached over $13,000 in donations in hopes of helping her fund any medical procedures she would need to solve this issue. Many took the opportunity to show their support for Brown, as well as emphasize to Black women the importance of embracing our natural hair texture rather than forcing ourselves into Eurocentric beauty standards."}, {"type": "sentence", "content": "However, many were surprised by a verified blue check next to her name on Instagram bio, along with a reference to her \"management\". On top of this, rumors began circling around that Brown was even contemplating suing the Gorilla Glue company. These rumors were eventually addressed and denied by Brown herself, but the damage to her image was already in progress. It gave enough fuel for people who were already criticizing her to claim that the whole incident was just \"clout chasing gone wrong\", and already planted seeds of doubt in people who have already expressed their sympathy. Despite her giving an explanation and expressing regret for posting the video in the first place, many still viewed this incident as a stunt to get \"internet famous\"."}, {"type": "subtitle", "content": "Stage Three: The Solution...and still Criticism"}, {"type": "sentence", "content": "On February 10th, Brown flew out to Beverly Hills to meet with Dr. Michael Obeng. Obeng, the director of MiKO Plastic Surgery, felt compelled to come up with a chemical treatment that could help remove the glue from Brown's hair. When he saw Brown's story, he reached to her proposing this procedure and even offered to perform the $12,000 treatment for free."}, {"type": "sentence", "content": "Thankfully for Brown, the procedure was successful. She was finally able to run her fingers through her hair for the first time in over a month. According to Dr. Obeng, Brown should recover fully in about two to three months."}, {"type": "sentence", "content": "She, as well as many of her new followers, are breathing a sigh of relief knowing now that the hair/scalp nightmare is over. But, of course, with that, there are still many who have held on to their criticism and disdain for Brown's situation. Obeng offered to conduct this surgery for free, despite the fact that Brown had enough money from her donations to cover the cost. I'm sure there are plenty of people on GoFundMe who are feeling pretty upset that their problems couldn't get any help because they couldn't go viral."}, {"type": "sentence", "content": "Even so, it makes my heart happy that a Black man from across the country expressed sympathy and compassion for this woman enough to do this for her. What can I say? Black excellence always has a way of coming back on top."}, {"type": "sentence", "content": "To be completely honest, I'm personally very happy for her. While I don't really care if she was \"aiming\" to become a viral sensation or not - I personally don't believe that this was a stunt. Embarrassing? Yes. Dumb as all hell? Most definitely. But I would still never wish this type of pain or embarrassment on someone else."}, {"type": "sentence", "content": "For some, her story is one of overcoming. And for others, she'll just always be that lady who was dumb enough to put industrial adhesive in her hair. In this world, there's no such thing as making everybody happy at the same time. To be fair, it's very questionable whether or not Brown would have been able to receive this type of treatment had she not posted her video on TikTok. I'm also not going to sit here and act as if I've never made an extremely dumb decision in my life. Brown just happened to publicize her mistake for the world to see; a decision that came with pain, embarrassment, but also, a solution."}, {"type": "sentence", "content": "And if the meme cycle continues the same way I believe it will, we'll be on to the next thing by early March and Brown will be a distant memory. At least until the end of the year when we do our collective meme round-ups."}], "topic": "social-media", "uuid": "33b865d3e40e75cb6fb12c984ba504a5a7f469be059fb3c9b842779c", "link": "https://ravenkeyana.medium.com/tessica-brown-and-the-life-span-of-a-meme-5d2e77bdc8bd"}