{"title": "Chinese Writing: Types of Radicals and Their Application", "data": [{"type": "image", "content": "https://miro.medium.com/max/2250/1*Bo2CvZugrYsYyP8Wd12rTQ.png"}, {"type": "sentence", "content": "Last updated: 08 Feb 2021"}, {"type": "sentence", "content": "In the introductory article on Chinese writing, we got an overview of the 3 core concepts of Chinese writing: radicals, characters and words. That introductory article isn't required reading (it's light and easy reading, though!), but the reference sources (official, from China) are documents you should keep by your side at all times."}, {"type": "sentence", "content": "(This article has been converted into a course at this Facebook group.)"}, {"type": "sentence", "content": "This article is part 2 of 4 that fully explain the Chinese writing system:"}, {"type": "sentence", "content": "(The 4-part foundational series provides solid ground for actually learning Chinese! Visit our compendium of 3500 characters when you're done with the series!)"}, {"type": "sentence", "content": "You must have ready access to the Table of Radicals (\u6c49\u5b57\u90e8\u9996\u8868) and the Table of Characters (\u901a\u7528\u89c4\u8303\u6c49\u5b57\u8868), which are the reference sources mentioned above, in order to read this article!"}, {"type": "sentence", "content": "If you need a phonetic handle on every Chinese character in this article, you'll also need Chinese Pronunciation: From English Perspective. However, this article focuses on how radicals are used to construct characters, so you won't be needing to pronounce them; you'll just need to visually recognize them. In case I miss out specifying the pronunciation for any Chinese character here, you can look it up at dict.youdao.com."}, {"type": "sentence", "content": "Let us now take an in-depth look at radicals, the most fundamental building blocks of Chinese writing."}, {"type": "sentence", "content": "There are 4 types of radicals in the Chinese writing system, the first 3 of which are officially listed in the Table of Radicals. The following list also serves as a good TL;DR:"}, {"type": "sentence", "content": "The above TL;DR may only serve you well after you've read the fascinating details below."}, {"type": "sentence", "content": "This article is tightly related to Chinese Writing Strokes: Basic Building Blocks (our own nomenclature, part 3 of 4 in this series), the basic building blocks of Chinese writing. We will develop our own system of stroke naming convention that is clean without confusing redundancies (overlaps). This article does not require you to know about Chinese writing strokes, but does lead naturally to those basic building blocks."}, {"type": "subtitle", "content": "Radicals that Lexically Categorize Characters"}, {"type": "sentence", "content": "Indexing radicals, a term I semi-coin as an improvement over China's Ministry of Education's terminology, refers to the 201 (main) radicals in the Table of Radicals. They're called \"indexing\" because they're used by dictionaries to help users look up dictionary entries. China's Ministry of Education calls them \"indexing components\" (page 1 of Table of Radicals), but we'll stick with the term \"radicals\" because \"components\" sounds too generic to be easily remembered."}, {"type": "sentence", "content": "From here on, we'll number all indexing radicals according to how the Table of Radicals does (pages 3-5)."}, {"type": "sentence", "content": "For example, the indexing radical for '\u521d' (chu1) is '\u2f11' (dao1, radical 22, also character 18). We'll explain abbreviated radicals, '\u8864' (radical 117.a) in this case, in a section below. (The character '\u521d' was introduced in the introductory article Learning Chinese: Writing made easy.)"}, {"type": "sentence", "content": "(We'll explain abbreviated radicals in a section below. For now, ignore the fact that there are actually more than 201 radicals listed in the Table of Radicals.)"}, {"type": "sentence", "content": "Let's get a quick idea of how indexing radicals are used to look up dictionary entries."}, {"type": "subtitle", "content": "Keys that Index"}, {"type": "sentence", "content": "Using the example we introduced above, the character '\u521d' (chu1) contains an indexing radical '\u2f11 ' (dao1, radical 22). Using that indexing radical, you can look up the character '\u521d' in a current dictionary like \u73b0\u4ee3\u6c49\u8bed\u8bcd\u5178."}, {"type": "sentence", "content": "The process to look up a dictionary entry (which I'll write up in detail with an actual dictionary accompanying if you demand it) involves 2 tables:"}, {"type": "sentence", "content": "You can check what radical(s) a character is indexed by in a dictionary by looking it up at baike.baidu.com , like for the example above (search for \"\u90e8 \u9996\" with 4 spaces between the 2 characters)."}, {"type": "sentence", "content": "(We'll explain abbreviated radicals in a section below. You'll easily notice even now that abbreviated radicals, '\u8864' in this case, are also used as indexes in dictionaries.)"}, {"type": "sentence", "content": "Now that we've gotten a rough idea of how indexing radicals serve as keys when looking up dictionary entries, let's see how indexing radicals also logically and cleanly group Chinese characters."}, {"type": "subtitle", "content": "Keys that Group"}, {"type": "sentence", "content": "How do indexing radicals put characters into \"semantic or thematic groups\"? And how are indexing radicals thus semantically significant in character construction?"}, {"type": "sentence", "content": "In the next subsection, we'll explain how '\u521d' (\"initial, nascent\") is semantically grouped with '\u5200' (\"knife\"). Curious? Explore, onward!"}, {"type": "sentence", "content": "(We need to know what '\u8864' stands for. Currently, we only know '\u5200'.)"}, {"type": "subtitle", "content": "Abbreviated radicals"}, {"type": "sentence", "content": "By now, if you had diligently looked up both radicals especially the '\u8864' (radical 117.a, page 4 of Table of Radicals, column 1 last entry marked \"[142]\"), you'll realize that there seems to be more than 201 radicals in the Table of Radicals."}, {"type": "sentence", "content": "Most of the indented entries (eg. radicals 8.b '\u2e89', 10.a '\u4ebb', 19.a '\u8ba0', etc) in the Table of Radicals are what we should term as \"abbreviated radicals\", which I explain in the following. (The rest are Traditional radicals, explained in a later section.)"}, {"type": "sentence", "content": "China's Ministry of Education refers to our abbreviated radicals as \"associated indexing components\" (page 1 of Table of Radicals), but let's coin our own term \"abbreviated radicals\" that is more descriptive and memorable. So what exactly are abbreviated radicals and what do they do?"}, {"type": "sentence", "content": "Let's look at some actual examples of abbreviated radicals in the following subsections."}, {"type": "subtitle", "content": "Space efficiency"}, {"type": "sentence", "content": "Space efficiency is the main theme for abbreviated radicals. The radical '\u8864' (radical 117.a) is efficiently packed to the left of the square space of a Chinese character, such as in '\u521d'. Contrast its space efficiency to that of its indexing radical '\u8863' (yi1, radical 142). The abbreviated radical has the exact same semantics as its indexing radical: \"clothing\"."}, {"type": "sentence", "content": "(So now you know that the beautifully packed form that is abbreviated radical '\u8864' means \"clothing\"!)"}, {"type": "sentence", "content": "Slanting is also a transformation to conserve space, like for '\u2e81' (radical 10.b)."}, {"type": "subtitle", "content": "Exceptions: Variants rather than Abbreviations"}, {"type": "sentence", "content": "In 2 rare cases \u4e85' (radical 2.a) and '\u58eb' (radical 29.a), which are simple (low stroke count) indexing radicals, the associated \"abbreviated radicals\" are actually variants rather than abbreviations."}, {"type": "sentence", "content": "Of particular note is also indexing radical '\u738b' (wang2, radical 61), whose \"abbreviated radical\" '\u7389' (yu4, radical 99.a) is really a variant form rather than an abbreviated form. In fact, indexing radical '\u738b' can serve as the abbreviated form of character '\u7389' (character 190). No other confusing exceptions exist (far as I can tell). Let's take a closer, but quick, look at this curious exception."}, {"type": "sentence", "content": "In this special case that is radical 61 '\u738b', we see that this form can serve multiple roles."}, {"type": "sentence", "content": "As an indexing radical, it means \"king\", just like the character it resembles ('\u738b', character 75). This is seen in character '\u7687' (huang2, \"royal\", character 1571), whose story is \"a king with a crown on top\" ('\u767d' pictorially resembles a crown; semantically it is actually \"white\")."}, {"type": "sentence", "content": "As an abbreviated radical, it means \"jade\", because it then becomes an abbreviated form of character '\u7389' (character 190). This is seen in character '\u73a9' (wan2, \"to play\", character 944). In a time gone by, before the advent of computer games, people may have considered dazzling jade pieces as worthwhile toys."}, {"type": "subtitle", "content": "May have more than 1 abbreviated form"}, {"type": "sentence", "content": "Some indexing radicals are related to more than 1 abbreviated radical each. A commonly encountered set is the abbreviated radicals '\u2e98' (radical 29.b) and '\u9fb5' (radical 80.a) that derive from indexing radical '\u624b' (shou3, radical 80) which means \"hand\"."}, {"type": "sentence", "content": "Rather than leave you hanging with that above example \"out of the blue\", I'll complete that detour by illustrating an actual use of one of the abbreviated radicals. The character '\u770b' (kan4, character 1539) consists of abbreviated radical '\u9fb5' (radical 80.a) and indexing radical '\u76ee' (radical 105). The story: placing your \"hand\" ('\u9fb5') over your \"eye\" ('\u76ee', mu4), you \"see\" ('\u770b'). (Presumably, you see something in the distance.)"}, {"type": "sentence", "content": "At this point, it is also worth reminding you that:"}, {"type": "subtitle", "content": "Keys that group, just like indexing radicals do"}, {"type": "sentence", "content": "As with what we did for indexing radical '\u5200' (radical 22), we see if '\u8864' (radical 117.a) puts characters into a semantic or thematic group. Recall that the abbreviated radical '\u8864' stems from indexing radical '\u8863' (radical 142) which means \"clothing\"."}, {"type": "sentence", "content": "Note also that the Table of Radicals marks abbreviated radical '\u8864' with a (non-unique!) label \"[142]\", which indicates its stemming from indexing radical 142."}, {"type": "sentence", "content": "Finally, we can deduce how the character '\u521d' is semantically grouped by abbreviated radical '\u8864'. When a garment ('\u8864', \"clothing\") is to be created, the initial step is to to cut ('\u5200', \"knife\") cloth. (We take '\u8864' to anecdotally relate to \"cloth\".)"}, {"type": "sentence", "content": "The character '\u521d' means \"initial, nascent\"."}, {"type": "sentence", "content": "The semantic grouping is anecdotal in this case, rather than literal."}, {"type": "sentence", "content": "I mentioned that \"most of\" the indented entries in the Table of Radicals are what we should term as \"abbreviated radicals\". What about the rest of the indented entries?"}, {"type": "subtitle", "content": "Traditional radicals"}, {"type": "sentence", "content": "If an indented entry in the Table of Radicals isn't an abbreviated radical, it is a Traditional radical used in Traditional Chinese writing form."}, {"type": "sentence", "content": "I say that Traditional radicals \"morph from\" indexing radicals because we're looking in from the perspective of the Table of Radicals, whose original form is Simplified Chinese. In reality, indexing radicals morphed from Traditional radicals when China promulgated the Chinese Character Simplification Scheme in the 1950s."}, {"type": "sentence", "content": "We don't need to note much else about Traditional radicals, except that Traditional Chinese writing form is more complex (but beautiful) than Simplified Chinese. Traditional Chinese actually plays a crucial role in how we easily learn and memorize Chinese characters, a role I'll discuss in another article (Chinese Writing: Character Construction Strategies)."}, {"type": "sentence", "content": "Dictionaries for Traditional Chinese use an appropriately modified version of the Table of Radicals, where all Traditional radicals become indexing radicals by replacing the Simplified Chinese version of indexing radicals."}, {"type": "sentence", "content": "Now that we've looked through all types of radicals in the Table of Radicals, we will need to consider an unspecified type of radical. Let's start with a quick real-life illustration."}, {"type": "sentence", "content": "Here's another example of indexing radicals in action, but with a twist. The character '\u76d1' (jian1, character 1883) has the indexing radical '\u76bf' (min3, radical 108). However, the other 2 radicals, the top-left and top-right, are not indexing radicals (nor abbreviated radicals, nor Traditional radicals) so they don't appear in the Table of Radicals. So wait, do I mean that Chinese characters can be built from stuff other then indexing radicals and abbreviated radicals? Yes, but they're still radicals, just another kind!"}, {"type": "subtitle", "content": "Improvised Radicals"}, {"type": "sentence", "content": "Improvised radicals, a term we have to coin for lack of better handles on this concept, are built from a small and special subset of indexing radicals."}, {"type": "sentence", "content": "Improvised radicals are not found in the Table of Radicals, and are certainly not used as lookup keys in the indexes of dictionaries."}, {"type": "subtitle", "content": "Semantic density, space efficiency"}, {"type": "sentence", "content": "Improvised radicals are important to Chinese writing because they contribute semantically to character construction as much as the official radicals (indexing and abbreviated) in the Table of Radicals do. Also, the beauty of the various shapes of Chinese characters demand that artistic strokes deviate at times from the official radicals listed in the Table of Radicals, often for space constraints if not for aesthetics and pictorial clarity."}, {"type": "sentence", "content": "But how are they built? Do we have an example to illustrate why they are used?"}, {"type": "sentence", "content": "The first group of indexing radicals, which comprise 1 stroke (page 3 of Table of Radicals, radicals 1 through 5), usually don't contribute semantically to the characters they build. Instead, they are mostly basic building strokes that build up semantically significant structures we call improvised radicals."}, {"type": "sentence", "content": "In the character '\u76d1' (jian1, character 1883), the indexing radical '\u76bf' (min3, radical 108) is what we look up in a dictionary to locate the lexical entry for the character. The other radicals are improvised."}, {"type": "sentence", "content": "Presumably, a person looks into a shallow dish of water, indicating self-reflection (introspection). (We'll talk about more about character construction in another article: Chinese Writing: Character Construction Strategies.)"}, {"type": "sentence", "content": "The basic building blocks of improvised radicals, in fact of all of Chinese writing, is actually a simple \"7 stroke types\" system that I develop in the next article. While not as simple as I had claimed (and hoped) in the above when I mentioned that just 5 indexing radicals (the single-stroke ones) are used to build improvised radicals, the \"7 stroke types\" system is nonetheless the first one to truly be cleanly functional for learning Chinese writing."}, {"type": "subtitle", "content": "Also built from Characters"}, {"type": "sentence", "content": "We will still term such radicals as improvised radicals, since they occur only in the Table of Characters but not in the Table of Radicals."}, {"type": "sentence", "content": "We've now examined everything to know about radicals. But before we're dive into constructing Chinese characters, please have a quick read about Chinese Writing Strokes: Basic Building Blocks."}, {"type": "sentence", "content": "This article is part 2 of 4 that fully explain the Chinese writing system:"}], "topic": "design", "uuid": "362085e89eaeb9c05e09083f5ad4a6ee0d8a054c674999f45535c569", "link": "https://medium.com/swlh/chinese-writing-types-of-radicals-and-their-application-a0d4ed7dc8e3"}