{"title": "\"Gaming releases that feeling of daily entrapment that has suddenly become our reality.\"", "data": [{"type": "sentence", "content": "In \"Gaming With My Boys Has Become a Necessary Artificial Reality,\" poet and professor Alan Chazaro writes that there's a world of gamers beyond the stereotypical young, white, and heterosexual players we often imagine. Even though games typically underrepresent Black and Latinx characters, Chazaro says that playing his PlayStation 4 with friends has been \"a source of joy, release, and friendship in times of extreme social distancing.\""}, {"type": "sentence", "content": "Read the full story in LEVEL."}], "topic": "gaming", "uuid": "36949b50fe0d95fe72896fdbf506e154ff478591f8234ca808bbf2c5", "link": "https://debugger.medium.com/gaming-releases-that-feeling-of-daily-entrapment-that-has-suddenly-become-our-reality-9c14c068a720"}