{"title": "Therapy Made Me a Better Man", "data": [{"type": "image", "content": "https://miro.medium.com/max/12000/0*YyNa13RJNHZ86-xx"}, {"type": "sentence", "content": "Three things, right off the bat:"}, {"type": "sentence", "content": "Whew. There, I said it. It gets easier each time. Like a lot of millennial dudes, I grew up in a pervasive culture of toxic masculinity. Modeled by the behavior of my abusive father, I equated strength with a stoic demeanor. I thought \"being a man\" involved an unwillingness to reflect upon or talk about my emotions (or to have any, really), never asking for help, and always appearing calm and in control. To never be vulnerable was the pinnacle of manhood."}, {"type": "sentence", "content": "When life got hard, I thought the right thing to do was to stifle those vulnerabilities - to create an internal dialogue of shame so that I might force my weaknesses away from the surface. I believed that thinking about my trauma would allow it to take hold of me, spreading it like an uncontrolled fire throughout my mind. As a young man, I equated this possibility with failure on an existential level, with the death of my masculinity."}, {"type": "sentence", "content": "And it wasn't just from my dad. The culture of this stony and cruel toxicity came at me from every direction. When I was growing up, in pop culture the archetypal hero was male, yoked as hell, infinitely cool under pressure, and his strength was exhibited by his willingness to deploy effective violence and brutality against his enemies. In the news, we saw U.S. soldiers deployed to the Middle East uplifted as heroes, willing to do the grim work others would not, putting themselves in harm's way - and most importantly, never complaining."}, {"type": "sentence", "content": "We believed that this was a man's duty: righteous violence without complaint. Over and over, the world taught me and my guy friends that this was how guys saved the day. This was the standard we should aspire toward. Arnold Schwarzenegger as the T-1000, a literal robot killing machine doing the violent work that needed to be done, saving the women and children while looking cool as hell, always calm, giving a thumbs-up as his body is charred by a vat of molten lava."}, {"type": "subtitle", "content": "Burdens of the unexamined life"}, {"type": "sentence", "content": "I went through life the way you'd expect someone with unaddressed trauma and an unreflective, brute-force approach to problems would. Long stretches of outward calm where inner turmoil ravaged under the surface and inevitably blew up later. My interpersonal relationships were characterized by extended stints of my emotional unavailability peppered with fiery outbursts."}, {"type": "sentence", "content": "The parts where I was quiet about what was bothering me - that's when I thought I was doing well. I convinced myself the outbursts were small hiccups, failures at meeting the disciplined standard of the stoic strong man ideal. Each time I resolved to do better, to not let it happen again. Repeatedly, I hurt people and hurt myself with this inability to analyze my thoughts and behaviors through the right framework."}, {"type": "sentence", "content": "Therapy, of course, struck me as a complete absurdity. I couldn't imagine something weaker - to spend one's time bitching about one's problems, rather than doing something about them. How unmanly. Maybe it's for some people, I'd say, but not for me. I thought therapy was where broken people went to try and become less broken. Can you imagine the T-1000 laying down on a sofa and talking about his woes? Ha."}, {"type": "sentence", "content": "At some point, wrought by failed relationships, changing cultural attitudes toward self-growth and the destigmatization of mental health, as well as an increasingly utilitarian approach to my chronic depression, I decided, \"what the fuck, I'll give it a go.\" I'd spent decades doing it the other way and it wasn't working. With a majority of my days characterized by depressive fogs, despair, and confusion about how this came to be, I figured therapy probably couldn't make anything worse. After some headaches with my insurance company and a number of back-and-forth phone calls that very nearly made me bail on the whole thing, I set up my first appointment and went."}, {"type": "sentence", "content": "I didn't know what to expect. There was a sofa; that I half-expected. I joked about laying down on it. I joked a lot those first few sessions, before my anxious energy finally aimed at doing the real work, before I knew what the hell that was. The therapist - my therapist, which feels fun and a bit comforting to say now - asked me some good questions, figured out where my headspace was, helped me thaw. We set some targets. This jived with my pragmatic sense. Little by little, one session at a time, the endeavor seemed less like pointless bitching and more like purposeful reflection."}, {"type": "subtitle", "content": "Fruits of the examined life"}, {"type": "sentence", "content": "I opened up. We talked about childhood trauma and developmental outcomes. I remember thinking, yeah, shit happened to me, but I came out okay. It doesn't bother me much. I didn't realize until later how much of the emotions were just buried as a way to cope and function. I remember my complete surprise at my own tears coming down my face, my utter shock when my throat tightened and I found myself unable to speak, my astonishment at how relieved I felt afterward. How long had I been carrying that invisible weight?"}, {"type": "sentence", "content": "In analyzing trends from past relationships, I was introduced to the entire framework of Attachment Theory. Suddenly a whole lot of decisions and dynamics in my life made a lot of sense. It was cathartic. I continued doing the work outside of sessions, reading books and diving deeper, doing mindfulness meditation, keeping a journal, turning an unflinching spotlight onto my thoughts and feelings and behaviors. Celebrating small moments. Wanting to be better. Bit by grueling bit, doing it."}, {"type": "sentence", "content": "I should clarify - this shit is not easy. In many ways, life is even harder than before I began. I've learned that progress is not linear, that the rational understanding of an unhealthy framework or maladaptive schema is not at all the same thing as overcoming it, that there are some moments that will fill you with a sense of such rage-inducing powerlessness that you wish you could just do a factory reset of your brain. But these are good things to understand, even if one must learn them the hard way."}, {"type": "sentence", "content": "Therapy is not about \"fixing\" ourselves, and the people who go are not \"broken.\" There isn't some perfect expression of the optimal human mind from which we are all deficient in various ways and to which we all aspire. But therapy can be a useful pillar of support for a reflective life in which we care about working hard at understanding ourselves and the ways we interact with and comprehend the world around us. The ways we cope and grow."}, {"type": "image", "content": "https://miro.medium.com/max/7470/0*FYZQhcsxuH2I4MiG"}, {"type": "sentence", "content": "I've learned that abandonment trauma and my insecurities don't make me inherently undeserving of love. I've learned that my thoughts, emotions, and behaviors can be understood, analyzed, improved. I've learned the incredible importance of re-parenting my inner child, of becoming his enduring caretaker, of the joy and pain of that journey. I've learned how all this reduces needless suffering in my life and in the lives of those around me. Hell, I'm happy just to have learned new vocabulary - schema and insecure attachment and everything else - so that I'm empowered to describe myself, others, and our relationships better."}, {"type": "sentence", "content": "Most of all, I've learned that going to therapy doesn't make me weak or broken. It makes me vulnerable, but I understand now how a willingness to be vulnerable is a vital component of strength. My growth has instilled in me proper respect for the damage that can be caused by the unexamined life, even if we mean well. Therapy has provided a way for me to peel off all the conditioning from warped societal values and a difficult childhood so that I might become what I've really wanted to be all along."}, {"type": "sentence", "content": "A strong man."}], "topic": "mental-health", "uuid": "371a62f86d3a864b69b9da679aab6e356d31e85b89cdd0e2ae4d1100", "link": "https://mguevarra.medium.com/therapy-made-me-a-better-man-ab944bde78ff"}