{"title": "How thinking like a developer can help you create more realistic prototypes", "data": [{"type": "sentence", "content": "ProtoPie's goal has always been to give designers autonomy. To do that ProtoPie needs to work the way a designer thinks. So far it has done a fairly good job at hiding away things like code and development constructs; giving the designer the freedom to be messy and explore ideas without concerning themselves with the build quality or organisation of their prototypes."}, {"type": "sentence", "content": "But as prototypes become larger and more complex it becomes quickly apparent that creating in that hot messy exploration mode will eventually result in more time being spent fixing things than creating them."}, {"type": "sentence", "content": "Comments come back from stakeholders such as; \"can you just make it do this\" or \"can you just change that\" and soon enough you are trying to retrofit changes; your time is being eaten up by bug fixing and rebuilding (something developers call refactoring)."}, {"type": "sentence", "content": "But it doesn't have to be like this. By adopting a few simple tried and tested principles that developers have been using for years and you can start to alleviate some of that pain and frustration. You can then get back on track building prototypes that can be more easily changed and iterated; as well as being able to be shared and collaborated with more easily."}, {"type": "subtitle", "content": "It's all about standards"}, {"type": "sentence", "content": "I can't tell you the number of hours I've wasted trying to figure out how a designer has prototyped something. It's no one's fault. We all have different ways of doing things but because of a lack of standards many hours figuring out how something has been built can be wasted."}, {"type": "sentence", "content": "We can alleviate this with standards. Patterns, processes, and principles all contribute to creating common practice and understanding."}, {"type": "sentence", "content": "So let's look at how we can apply some of these standards to ProtoPie."}, {"type": "subtitle", "content": "Learning from the development"}, {"type": "sentence", "content": "Over the years the developers have created processes, methodologies and frameworks to help them work more efficiently with code and more collaboratively in teams. Having a shared vocabulary of how things are organised and coded is crucial to enable a team of developers to work together efficiently."}, {"type": "sentence", "content": "One of the biggest leaps forward in terms of code modularity was the invention of OOP (Object Oriented Programming)."}, {"type": "sentence", "content": "Previously to OOP, code was procedural; that is, it would execute in a linear fashion. Line 1, line 2, etc. With OOP, the structure was changed from Procedural to modular and many of the things we'll be borrowing from will be from OOP."}, {"type": "subtitle", "content": "1. Classes using components"}, {"type": "sentence", "content": "One of the key concepts of OOP was the idea of classes. I like to think of components as synonymous to classes in oop."}, {"type": "sentence", "content": "Components are key to modularity and reusability. It's all very well prototyping fast and hot but that likely means your duplicating UI independently. It takes a little bit more time but if you start seeing yourself duplicating a piece of UI more than once then it is likely to be a good candidate for a component."}, {"type": "sentence", "content": "Components in ProtoPie can seem a little overwhelming and they do indeed bring with them a higher learning curve, but persevere because you will literally reap the rewards of using components very quickly. You will be able to internalise each component's functionality. This not only makes finding bugs easier as each instance (copy) of a component uses the same triggers and responses; it also enables you to reuse those components in other projects. Either way, it's a win-win."}, {"type": "sentence", "content": "To find out more about components in ProtoPie check out this primer video:"}, {"type": "subtitle", "content": "2. Getters and Setters using messages"}, {"type": "sentence", "content": "ProtoPie uses messages to allow components to talk to other components. You use the Send response and Receive trigger to pass messages through your prototype. Send and Receive have different channels. Think of channels as pipes or tunnels, each one is connected to a different part of your prototype. There are types of channels; Send to Current Scene, Send to Parent, Send to Child and Send to Component."}, {"type": "sentence", "content": "We can apply the getter and setter pattern from OOP to messages within ProtoPie. Using this pattern makes it very clear what each block of interaction is doing."}, {"type": "sentence", "content": "We can think of receive messages as getters and send messages as setters. Getters as you might expect are used to get information. As an example, I might add a Receive trigger in a component and call it getActiveWindow."}, {"type": "image", "content": "https://miro.medium.com/max/1240/1*3MplCbToL9mGuTdmPpmJcA.png"}, {"type": "sentence", "content": "The above trigger block is inside of my component. When the message is received the responses inside will execute."}, {"type": "sentence", "content": "A setter is the reverse and would be a message that you send out such as in the example below. Setters could be triggered either by a getter or by something that happens internally inside your component."}, {"type": "image", "content": "https://miro.medium.com/max/1240/1*ACf7IiZIVFOvzNqa_Tbl9Q.png"}, {"type": "sentence", "content": "Adhering to this format makes it very easy for you to see what's going on inside your component. It also helps to differentiate internal component functions from external ones, things outside that affect (or in tech speak mutate) you component state or behaviour."}, {"type": "sentence", "content": "To find out more about messages check out this primer video:"}, {"type": "subtitle", "content": "3. Properties and Methods using Variables and Detect triggers"}, {"type": "sentence", "content": "In programming, there are two well-known constructs; variables and functions. Variables are containers for values. You can have lots of different types of variables. In a way its a bit like that game where you can only put a star in a box with a star-shaped hole or a circle or a square. Similarly, variables in ProtoPie have types, such as number, text and colour with each one only accepting numbers, text or hex values."}, {"type": "sentence", "content": "We can use the OOP pattern for variables in ProtoPie in two different ways. Public variables and private variables. We can make variables public by tapping the overridable check box in the Variable section of the properties panel"}, {"type": "image", "content": "https://miro.medium.com/max/864/1*OCsgON8rnqFTKzfFlX6f1A.png"}, {"type": "sentence", "content": "Now we can change that variable directly in the overrides panel outside of our component."}, {"type": "image", "content": "https://miro.medium.com/max/864/1*yUT75qsHF3titq-dYfgfyA.png"}, {"type": "sentence", "content": "For internal variables, we simply omit the overridable check box and therefore can only change them internally."}, {"type": "sentence", "content": "Because overridable variable names are actually used in the overrides panel I tend to write them like this: My_Public_Variable. This makes them a bit more readable."}, {"type": "image", "content": "https://miro.medium.com/max/864/1*ennAu-kMEjIZUeKwFLakaw.png"}, {"type": "sentence", "content": "To find out more about variables check out this primer video:"}, {"type": "sentence", "content": "Functions are a collection of actions that receive an input and send out an output. Functions are the workhorse of programming and work like mini-programs normally with a singular task. They are a great way of compartmentalizing your functionality into smaller digestible chunks. This has the added benefit of making them easing to debug."}, {"type": "sentence", "content": "In ProtoPie we can use the concept of methods inside of our components in two ways. One way is using the messages channel Send to Component and Receive from Component."}, {"type": "sentence", "content": "We can send a message from one trigger in our component to run a collection of responses inside of a receive trigger in the same component. This is another cool feature in ProtoPie that allows the compartmentalization of component responses"}, {"type": "sentence", "content": "Another way to create methods is by using the Detect trigger. You can do this by detecting a change in a variable enabling the detect to then execute a set of actions."}, {"type": "sentence", "content": "Here's an example using detect in this way to create a Text field component:"}, {"type": "sentence", "content": "Creating a smart text field component"}, {"type": "sentence", "content": "I use a leading underscore for method names just to make them easy to spot - another thing borrowed from OOP."}, {"type": "image", "content": "https://miro.medium.com/max/1484/1*1XEkoriBwqrsOdawJ-ZaXA.png"}, {"type": "sentence", "content": "So that about wraps up this look at how you can apply some formalisation to your prototypes in ProtoPie. Have a crack at some of these approaches and see what you think. Like most things, there's a bit of an investment initially but you will reap rewards pretty quickly."}, {"type": "sentence", "content": "For more inspiration on how to build components in ProtoPie check out these."}, {"type": "sentence", "content": "Learn ProtoPie Components"}, {"type": "sentence", "content": "https://www.patreon.com/protopilot."}, {"type": "sentence", "content": "For further reading, if you're interested in diving deeper into OOP and learning to think more like a developer:"}, {"type": "sentence", "content": "If you want to start your journey learning interaction design and prototyping without needing to learn any code or programming skills check out my YouTube and Patreon channels."}, {"type": "image", "content": "https://miro.medium.com/max/188/0*ffN7IJ7yShqsWczQ"}], "topic": "ux", "uuid": "3735e95a20a981a3a3bb56dbad1b49bb9ba46b31c65599ab43fd1348", "link": "https://uxdesign.cc/how-thinking-like-a-developer-can-help-you-create-more-realistic-prototypes-e5ffba9cae4e"}