{"title": "The most important analysis for any digital fundraiser", "data": [{"type": "sentence", "content": "There are so many ways to slice and dice fundraising data, it can seem like an endless maze of analyses and visualizations. However, one view stands out above all the rest in giving immediately actionable insights; you can look at it to see the results of your test last night, or ring the alarm bell that something is underperforming as soon as it happens. This analysis will provide you a quick glance at your entire program in a single visual that you should review every day. In this article, I'm going to walk through each aspect to show you how each part plays a role in giving you the best at-a-glance view of your program you can get."}, {"type": "image", "content": "https://miro.medium.com/max/10796/1*K1aC6eM6cfjYix_cT5aQiQ.jpeg"}, {"type": "sentence", "content": "Ideally the segmentation we choose will create detailed and actionable insights, so it needs to follow my rules for reporting. It should show a relevant comparison, segment by the most important groups and give the report reader a clear idea of next steps. After working on possible views for many digital fundraising clients, I have found the one segmentation that does this better than all the rest:"}, {"type": "sentence", "content": "That's a lot of information but it can all be shown in a super simple single table like the below. Each item is crucial in giving the best possible understanding of your fundraising. It's shouldn't be the only view you use - it doesn't look at large versus small donors for example - but it does give the best possible at-a-glance look at your entire program."}, {"type": "image", "content": "https://miro.medium.com/max/1572/1*trF7NKpnPTRJtf_5Pe7iRA.png"}, {"type": "sentence", "content": "Each item in this table is a deliberate choice:"}, {"type": "sentence", "content": "Number of donations - The most direct measure of the success of a campaign or creative. I view this as more important than revenue because it cannot be swayed by outlier large donations and is more important for understanding recurring and first-time donors."}, {"type": "sentence", "content": "Daily - Look at the donations from each day. Reading this report should be a daily ritual. You'll want a weekly, monthly and quarterly view as well, but quarterly reports tend to be reviewed quarterly. Getting a feel for performance on a daily basis will keep you always thinking about how your actions each day have affected fundraising."}, {"type": "sentence", "content": "Source - What channel did this donation originate in? Via the email program, the website? This is crucial because it allows the report reader to understand what steps can be taken to correct an issue and what team to refer the problem to. If you just notice donations are down, then you won't know where to start. If you see website donations fell drastically overnight, you can start checking for broken links."}, {"type": "sentence", "content": "Previous Donation Status - Have you ever donated before? First-time donors and existing donors have disparate behavior patterns; tracking them separately can reveal patterns that can have immediate consequences. If a certain piece of creative works great for existing donors but cannot attract new ones, the true performance could be obscured. We always need to be thinking about growing the donor base and attracting first-time donors."}, {"type": "sentence", "content": "Recurring Type - One-time, monthly or yearly; how often is the donation set to recur? Recurring donors are the most valuable donors to find in digital fundraising. Converting existing donors to recurring or finding ways to get first-time donors to become recurring at higher rates is another extremely valuable tool."}, {"type": "sentence", "content": "Note also how I show my data, with the magnitude of donations, the percentage of each group and subgroup, and the comparison to those percentages. By comparing each to its percent of the total group and not the magnitude, you can better suss out if there is an issue in a small group even if every group is up or down overall. Now about those comparisons:"}, {"type": "sentence", "content": "Yesterday - The most important alarm bell to set off: did something happen overnight? The short timescale allows you to be able to react quickly to problems. The key is not getting caught up in small ups-and-downs."}, {"type": "sentence", "content": "Same day last week - This is just for basic apples to apples comparisons, you want to compare Friday against Friday for the clearest picture."}, {"type": "sentence", "content": "Same day last year - A timescale so that you can have apples to apples comparisons for holidays that occur on the same date."}, {"type": "sentence", "content": "Rolling 30 day average - Smoothing out the bumps from the last month, was today's fundraising generally in line with performance? If yesterday was an outlier this can be a helpful comparison to see performance against a long term trend."}, {"type": "sentence", "content": "Rolling 30 day average from one year ago - Showing even a longer term, is fundraising up or down? Also very helpful if today was a moving holiday like Thanksgiving. This is great to look at against the rolling 30 day average for the least bumpy year over year comparison."}, {"type": "sentence", "content": "So what?"}, {"type": "sentence", "content": "Now that you have this built out so that you have all these insights at your fingertips, what should you do besides testing new emails and monitoring errors? You were doing that already."}, {"type": "sentence", "content": "Well, since you now have a lot more knowledge about how your program affects your donors, you can optimize your program. There a lot of options from tweaking creative to running a deadline-style campaign. You may want to re-analyze old A/B tests with this segmentation in mind. My expertise comes in making the right size ask to each donor. This can be done by building a machine learning model to predict likely donation, or, something as simple as segmenting the ask by channel and donor type like the below."}, {"type": "image", "content": "https://miro.medium.com/max/636/1*qgxEe4GgnFq1B7t6tXpf7g.png"}, {"type": "sentence", "content": "Just understanding your median donation by channel, donor type and recurring status can help you hone in on the best possible ask. Then the daily report will show who that ask is working for and who needs more tweaking. You can then expand this process of finding the best ask to push existing donors to make recurring donations."}, {"type": "sentence", "content": "Once you have created this analysis and followed it daily for a few weeks, you will unlock an understanding of your donors that you never knew was possible. You will be able to create associations between your program and results organically that will make you feel even closer to your donors. Your backlog will brim with ideas on how to improve your process."}, {"type": "sentence", "content": "If this analysis has helped you, or you need help creating it, contact me at shoveldata.me to tell me about it."}], "topic": "marketing", "uuid": "37b7446e3715d347d76c7ab96d0511e17fe859d894517742740c183a", "link": "https://medium.com/swlh/the-most-important-analysis-for-any-digital-fundraiser-b0eabde295dc"}