{"title": "Enjoy the Gentle Art of Freelance Bookkeeping for Taxes", "data": [{"type": "subtitle", "content": "FREELANCE TAX GUIDE"}, {"type": "sentence", "content": "Learn about setting up your freelance bookkeeping, what a bookkeeping system does, reconciling your bank accounts, and getting reports for your tax return."}, {"type": "image", "content": "https://miro.medium.com/max/1920/0*VENJyphbEq-7ogci.jpg"}, {"type": "sentence", "content": "Here we are in the next part of my friendly guide to freelance taxes. If you've been following along, thanks for sticking with me. If you're new here, I recommend checking out the introduction, so you can work out what the heck is going on!"}, {"type": "sentence", "content": "In the previous parts of this guide, I've given an overview of how taxes work, explained common tax terms for freelancers, and shared some good practices to set up your freelance business for tax simplicity."}, {"type": "sentence", "content": "If you've not read it yet, you might want to look at how to setup your freelance business to make your taxes easier."}, {"type": "sentence", "content": "We've also got some other helpful foundations you can put in place."}, {"type": "sentence", "content": "Now, it's time to get into the day-to-day of running your freelance business."}, {"type": "sentence", "content": "There are thousands of general guides out there on the various aspects of how to operate as a small business or freelancer, so we won't cover those areas. Instead, this part of the friendly freelance guide to taxes specifically explores bookkeeping in your freelance business to make taxes easier and less stressful."}, {"type": "sentence", "content": "I'll be covering the following areas:"}, {"type": "subtitle", "content": "These guides only contain general information and are not a substitute for professional advice or official sources"}, {"type": "sentence", "content": "I am not an accountant or qualified tax professional. These guides are intended only as general information, not as specific advice or recommendations. You should not rely on any of the information in these guides to make financial, tax, or other decisions. Always use official sources like the IRS website or your state's Department of Revenue to get accurate, up-to-date information."}, {"type": "sentence", "content": "You should always speak to a qualified tax professional about your unique tax circumstances. These guides only apply to freelancers filing taxes as sole-proprietors or single-member LLCs in the United States. You'll find a disclaimer at the end of this article."}, {"type": "sentence", "content": "If you're confused over any of the wording or terms I use in this article, check out my guide to freelance tax terms."}, {"type": "subtitle", "content": "Understanding why good bookkeeping is the secret to less-taxing freelance taxes"}, {"type": "image", "content": "https://miro.medium.com/max/2360/1*Q_b91hzWKIwq28AVoy_thA.png"}, {"type": "sentence", "content": "A bookkeeping system, also known as accounting software, helps you manage the finances of your freelance business. You can easily track your revenue, expenses, and profits, which makes it easier to calculate how much tax you will need to pay."}, {"type": "sentence", "content": "Bookkeeping systems track all of the money coming into and going out of your business and confirm that's correct by \"reconciling\" transactions with your business bank account. Typically, bookkeeping systems are made up of several features that work together to provide a complete picture of your financial freelance situation."}, {"type": "sentence", "content": "Please note that these features and the names of the functions vary depending on the bookkeeping system you're using. There's a lot to bookkeeping systems, and I recommend reading through this guide to get a better idea of how they work."}, {"type": "sentence", "content": "It's worth spending some time to get a good idea of freelance bookkeeping, as it will help you run your creative business more efficiently."}, {"type": "subtitle", "content": "What a bookkeeping system does for freelancers"}, {"type": "sentence", "content": "A bookkeeping system will make running your freelance business much easier. I know from experience - moving to an online bookkeeping system reduced the time I spent on my business finances each month from around three to four days to less than a day. Here's how it can help you:"}, {"type": "sentence", "content": "This gives you better financial insight into your business, saves you time which you can then bill out to clients, and reduces the stress of not knowing where your money is going."}, {"type": "sentence", "content": "Crucially, from a tax perspective, a bookkeeping system will tell you about how much profit you're making. This is shown on a \"Profit and Loss (P&L)\" report. It's that total profit over the year that you'll pay taxes on."}, {"type": "sentence", "content": "Staying on top of your profits and losses makes calculating and paying estimated and end-of-year taxes much easier."}, {"type": "subtitle", "content": "Choosing a freelance online bookkeeping system"}, {"type": "sentence", "content": "I'm not going to make any specific recommendations about the \"best\" bookkeeping software, because I haven't tried all of them. There are several well-known online bookkeeping systems including FreshBooks, QuickBooks, Xero, and Wave. There are lots of comparisons of bookkeeping software online. Here's a good comparison from PCMag, another one from Investopedia, and another from The Balance."}, {"type": "sentence", "content": "Almost every bookkeeping system has a free trial, so test out a few and see what works best for your freelance business."}, {"type": "subtitle", "content": "Setting up and using an online bookkeeping system"}, {"type": "sentence", "content": "The actual process of setting up your bookkeeping system is out-of-scope for this guide to freelance taxes. All of the different accounting platforms have in-depth guides and support articles, which will help you get up and running. If you still need assistance, you can contact their support teams or speak to your accountant who can guide you."}, {"type": "sentence", "content": "For the rest of this guide, we'll focus specifically on how an online bookkeeping system can help you with your taxes."}, {"type": "subtitle", "content": "Optimizing your freelance bookkeeping for tax purposes"}, {"type": "image", "content": "https://miro.medium.com/max/9216/0*y1moYYkpW-PchB7v"}, {"type": "sentence", "content": "Let's dig into some of the more important areas for optimizing your freelance bookkeeping for tax time."}, {"type": "subtitle", "content": "Invoicing work charges, prices, and fees as they happen"}, {"type": "sentence", "content": "If you're a busy freelancer (and I hope you are), you'll know it's difficult to keep track of multiple projects at once. This means you can forget to bill what you're owed, and it's important to make sure you're paid for the work you've put in."}, {"type": "sentence", "content": "Your bookkeeping system can help with this. Several systems have a built-in time or project tracking mode that can work with your freelance invoices. As you receive work for clients each month, open up an invoice for each one. Then, as part of completing various aspects of the work, add a time or project entry on your invoice to make sure your charges are up to date. At the end of the month or when the project is completed, you can send the invoice to the client, confident that you've charged for everything you owe."}, {"type": "sentence", "content": "If you receive payments from freelance platforms or other areas, it's a good idea to create monthly invoices for that money as well."}, {"type": "sentence", "content": "Adding all of your freelance invoices together will show your total revenue that you'll deduct your expenses from to work out your profits. Remember, it's the profits that you pay tax on."}, {"type": "sentence", "content": "Creating invoices and charging as you go means you won't have a mad scramble at the end of the year when you're working out how much you've been paid."}, {"type": "subtitle", "content": "Expensing all the money you spend on your business as you spend it"}, {"type": "sentence", "content": "Just like invoicing, it's very important to stay on top of your expenses. You'll typically track your expenses in several ways:"}, {"type": "sentence", "content": "Expenses are important because they reduce the amount of tax you pay. Provided you've spent money that the IRS allows as an expense, that money gets deducted from your freelance revenue and you pay money on the remainder (your profits.)"}, {"type": "sentence", "content": "That means the higher your expenses are, the lower your profits, so the less tax you pay. The easiest way to make sure you don't forget to claim legitimate freelance expenses is to record them as you spend money."}, {"type": "sentence", "content": "Expensing all of your legitimate freelance business costs reduces federal, self-employment, and state taxes."}, {"type": "subtitle", "content": "Staying on top of your freelance profits and reports"}, {"type": "sentence", "content": "As I've mentioned a couple of times, you only pay federal, self-employment, and state taxes on your freelance profits. In a bookkeeping system, these profits are shown on your Profit and Loss (P&L) report."}, {"type": "sentence", "content": "This report adds together all of your revenue from the invoices you've created, then subtracts all of your business expenses. What's left is your freelance profits or earnings, which is the important figure for working out taxes."}, {"type": "sentence", "content": "You'll typically use your P&L profit calculations when you pay estimated taxes through the year on your freelance earnings."}, {"type": "sentence", "content": "Review your P&L report every couple of weeks so you have a good idea of how much you're making and what you'll need to pay tax on."}, {"type": "sentence", "content": "I've created this guide to help you understand your freelance revenue, expenses, and profits."}, {"type": "sentence", "content": "I've also created a list of the expenses you can claim as a freelancer."}, {"type": "subtitle", "content": "Regularly reconciling your bookkeeping system against your business bank account"}, {"type": "image", "content": "https://miro.medium.com/max/7978/0*3tyWFS9Dzh-4hgoV"}, {"type": "sentence", "content": "You've heard me use the term \"reconciliation\" a few times, and it's worth exploring what that is. When it comes to managing your freelance business finances, you have two types of transactions:"}, {"type": "sentence", "content": "Reconciliation is the process of making sure that these two things match. This is important because you need accurate information to reliably report your freelance revenue, expenses, and profits on your tax return."}, {"type": "sentence", "content": "Here's how to reconcile:"}, {"type": "sentence", "content": "Bookkeeping reconciliation is one of the main reasons it's a good idea to have a separate business bank account for your freelance business."}, {"type": "subtitle", "content": "Reducing the amount you need to pay your accountant"}, {"type": "image", "content": "https://miro.medium.com/max/1920/0*TWXufi1OV8C9mXQz.jpg"}, {"type": "sentence", "content": "You've probably heard the horror stories of people dumping a shoebox full of paperwork on their accountant's desks on April 10, when the tax filing is due on April 15. Unfortunately, for those freelancers who have a more laissez-faire attitude to bookkeeping, this creates a couple of problems:"}, {"type": "sentence", "content": "Now, much as you might like your accountant, I'm sure you don't want to contribute too much to their next BMW or Audi. Instead, staying on top of your bookkeeping and providing them with a neat P&L report will give them most of what they need to prepare your freelance earnings and taxes quickly."}, {"type": "sentence", "content": "That means unless you're charging out your time at more than your accountant is charging out theirs (and wouldn't that be lovely!), it's more cost-effective to do your own bookkeeping."}, {"type": "sentence", "content": "Put aside some time each week to go through and keep your bookkeeping system up-to-date to avoid the end-of-year panic."}, {"type": "sentence", "content": "Alright, hopefully you're ready to start bookkeeping and reconciling your own accounts. This will go a long way towards keeping your freelance taxes simple. Next, we'll get into the other things you can do throughout the year to make things easier at tax time."}, {"type": "subtitle", "content": "About me"}, {"type": "sentence", "content": "I'm a freelance writer specializing in B2B content on business, finance, and technology. Learn more about me on my freelance writing website."}, {"type": "subtitle", "content": "Disclaimer"}, {"type": "sentence", "content": "I am not an accountant or tax professional and the information offered here is intended only as general information, not as recommendations or advice on your financial, tax, or other circumstances."}, {"type": "sentence", "content": "The information shared in these guides may not be accurate, reliable, timely, or relevant. You should not rely on these guides to make financial, tax, or similar decisions, and they are not a substitute for qualified, professional advice or information from official sources. You should always consult a qualified tax professional about your unique situation."}, {"type": "sentence", "content": "The information here only applies to freelancers in the US, paying US taxes. It also only applies to freelancers who are sole proprietors or single-member LLCs. It only covers earnings from freelancing activities and businesses, and does not take into account any other form of income that may need to be reported on a tax return."}, {"type": "sentence", "content": "Tax rules for partnerships, corporations, etc. are more complex and always require specialist, individual advice. The information shown in these guides is consolidated from common, publicly available information in January 2021."}, {"type": "sentence", "content": "If you have general questions about tax that I haven't covered in these guides, please leave a comment and I'll review it and see if I can add it. If you see any incorrect information in these guides, please let me know and I will correct it."}], "topic": "freelancing", "uuid": "37f86328c40ec784bfaaa7c738ff560f5f2c61d862f531e992dd3f30", "link": "https://medium.com/trust-works/the-gentle-art-of-freelance-bookkeeping-f26e1bf10606"}