{"title": "Strengthen Your Brain and Avoid Memory Loss With the BRIGHT MINDS Approach", "data": [{"type": "image", "content": "https://miro.medium.com/max/12000/0*AFw8ghcVB10E5aEA"}, {"type": "sentence", "content": "My great-grandmother had Alzheimer's disease. Year by year, she lost parts of herself. First, her acquaintances. Then, her loved ones. And finally, herself. At the end of her life, she had even forgotten how to eat."}, {"type": "sentence", "content": "After she passed away, both sadness and fear seeped into my bones. I didn't want to lose my memories, to lose myself."}, {"type": "sentence", "content": "The problem? I didn't know how to care for my brain."}, {"type": "sentence", "content": "That changed, though, when I came across Dr. Daniel Amen's books. A five-times New York Times Bestselling author, he's famous for his expertise in everything related to the brain."}, {"type": "sentence", "content": "His 2017 book, Memory Rescue: Supercharge Your Brain, Reverse Memory Loss, and Remember What Matters Most, centers on preventing memory-related diseases like Alzheimer's."}, {"type": "sentence", "content": "According to Dr. Amen, around 75% of us will have some sort of memory loss unless we address the ten risk factors that threaten our brain's health."}, {"type": "sentence", "content": "For that purpose, he created the BRIGHT MINDS approach, named as an acronym that lists the risk factors: blood flow, retirement and aging, inflammation, genetics, head trauma, toxins, mental health, immunity and infection issues, neurohormone deficiencies, diabesity, and sleep issues."}, {"type": "sentence", "content": "In this post, I'll go through each of the risk factors, including habits Dr. Amen recommends we introduce into our daily lives to strengthen our brains and avoid memory problems."}, {"type": "subtitle", "content": "Blood Flow"}, {"type": "sentence", "content": "According to Dr. Amen, \"low blood flow in the brain is the number one predictor of future memory problems.\" After all, our blood is what supplies our neurons with nutrients while cleaning out toxins."}, {"type": "sentence", "content": "Pay special attention if you:"}, {"type": "sentence", "content": "Actions Dr. Amen suggests for reducing the risk:"}, {"type": "subtitle", "content": "Retirement and Aging"}, {"type": "sentence", "content": "As people age and retire, they stop learning and lose contact with people. Mental decline follows closely behind."}, {"type": "sentence", "content": "But it doesn't have to be that way. In the words of Dr. Amen, \"if you actively engage your brain in retirement, it can be one of the best times of your life.\""}, {"type": "sentence", "content": "Pay special attention if you:"}, {"type": "sentence", "content": "Actions Dr. Amen suggests for reducing the risk:"}, {"type": "subtitle", "content": "Inflammation"}, {"type": "sentence", "content": "When we're injured, our body's natural defenses come to our aid. Nearby areas swell and warm as our immune system fights against bacteria."}, {"type": "sentence", "content": "When this inflammation becomes chronic, though, trouble appears. Over time, it can damage organs and contribute to a wide range of illnesses, including Alzheimer's and dementia."}, {"type": "sentence", "content": "Pay special attention if you:"}, {"type": "sentence", "content": "Actions Dr. Amen suggests for reducing the risk:"}, {"type": "subtitle", "content": "Genetics"}, {"type": "sentence", "content": "Though it's an unfair burden, some of us have a higher risk of suffering memory-related problems. If, like me, you have a family history of Alzheimer's or dementia, the best thing you can do is to take action as soon as possible."}, {"type": "sentence", "content": "Though genetics can worsen your odds, they don't have the final say. Only you do."}, {"type": "sentence", "content": "Pay special attention if you:"}, {"type": "sentence", "content": "Actions Dr. Amen suggests for reducing the risk:"}, {"type": "subtitle", "content": "Head Trauma"}, {"type": "sentence", "content": "As I read this part of the book, I remembered the 2015 movie Concussion, which follows the story of Dr. Bennet Omalu as he unveils the severe brain damage football players suffer due to head injuries."}, {"type": "sentence", "content": "The message is clear: If we don't protect our heads, we'll pay the price later in the form of mental decline. We must remember that though our skulls are hard, our brain is not."}, {"type": "sentence", "content": "Pay special attention if you:"}, {"type": "sentence", "content": "Actions Dr. Amen suggests for reducing the risk:"}, {"type": "subtitle", "content": "Toxins"}, {"type": "sentence", "content": "Though we have conquered most bacterial infections in our modern world, a new threat has surfaced: toxins."}, {"type": "sentence", "content": "Lead and arsenic from polluted water. BPAs found in plastics and the coating of cash register receipts. Excessive alcohol. Artificial food dyes, preservatives, and sweeteners. Herbicides and pesticides. Health and beauty products with toxic ingredients that are absorbed through the skin. Air pollution."}, {"type": "sentence", "content": "Dr. Amen even goes so far as to include a disturbing fact: \"One of the most effective ways for a woman to decrease her toxic load is through breastfeeding, which decreases the risk of breast cancer. Unfortunately, the baby gets the brunt of it.\""}, {"type": "sentence", "content": "These toxins damage the brain by lowering cerebral blood flow, damaging the DNA, disrupting hormones, impairing the immune system, among others. No matter what, we must be on the lookout, minimizing our exposure in whatever way we can."}, {"type": "sentence", "content": "Pay special attention if you:"}, {"type": "sentence", "content": "Actions Dr. Amen suggests for reducing the risk:"}, {"type": "subtitle", "content": "Mental Health"}, {"type": "sentence", "content": "According to research cited in Dr. Amen's book, \"women with three to five depressive symptoms were at 60 percent greater odds for cognitive deterioration, and women with six or more depressive symptoms were 230 percent more likely to have problems.\" Without a doubt, anything that hurts your mind also hurts your brain."}, {"type": "sentence", "content": "Pay special attention if you:"}, {"type": "sentence", "content": "Actions Dr. Amen suggests for reducing the risk:"}, {"type": "subtitle", "content": "Immunity or Infection Issues"}, {"type": "sentence", "content": "If you have a weakened immune system or one that attacks itself, then it's essential you take action to improve your immunity. Otherwise, these conditions can increase your risk of brain fog, memory issues, and dementia."}, {"type": "sentence", "content": "Pay special attention if you:"}, {"type": "sentence", "content": "Actions Dr. Amen suggests for reducing the risk:"}, {"type": "subtitle", "content": "Neurohormone Deficiencies"}, {"type": "sentence", "content": "When it comes to hormones, the key word is balance. If your thyroid, pancreas, sex organs, and adrenal glands lose it for an extended period, you increase your risk of brain illnesses."}, {"type": "sentence", "content": "For example, when thyroid activity is low, you could suffer depression, irritability, and brain fog."}, {"type": "sentence", "content": "Pay special attention if you:"}, {"type": "sentence", "content": "Actions Dr. Amen suggests for reducing the risk:"}, {"type": "subtitle", "content": "Diabesity"}, {"type": "sentence", "content": "To Dr. Amen, diabesity is the \"double-barreled threat of diabetes and obesity.\" Both lead to increased inflammation, depression, Alzheimer's, hypertension, among others. Moreover, \"belly fat turns healthy forms of testosterone into unhealthy, cancer-promoting forms of estrogen.\""}, {"type": "sentence", "content": "Pay special attention if you:"}, {"type": "sentence", "content": "Actions Dr. Amen suggests for reducing the risk:"}, {"type": "subtitle", "content": "Sleep Issues"}, {"type": "sentence", "content": "Sleep is necessary for brain health. According to research cited in Dr. Amen's book, our brains cleanse themselves during sleep. Moreover, chronic insomnia has been linked to an increased risk of death from any cause."}, {"type": "sentence", "content": "Pay special attention if you:"}, {"type": "sentence", "content": "Actions Dr. Amen suggests for reducing the risk:"}, {"type": "subtitle", "content": "Final Words"}, {"type": "sentence", "content": "After watching my great-grandmother lose her spark, I've learned the importance of caring for our brains. No matter what, we should:"}, {"type": "sentence", "content": "Remember: The battle for a healthy brain knows no age or gender. It's universal. So why not try one habit for each BRIGHT MINDS risk factor?"}, {"type": "sentence", "content": "At worst, you'll realize it doesn't work for you and try something else. At best, you'll avoid a fate like my great-grandmother's. You'll keep your memories intact and remember what matters most."}, {"type": "subtitle", "content": "Mind Cafe's Reset Your Mind: A Free 10-Day Email Course"}, {"type": "sentence", "content": "We're offering a free course to all of our new subscribers as a thank you for your continued support. When you sign up using this link, we'll send you tips on how to boost mental clarity and focus every two days."}], "topic": "neuroscience", "uuid": "393394ed298b8610d40cb84e000ab06f8b06e1ac7b21c60cfda57cd0", "link": "https://medium.com/mind-cafe/strengthen-your-brain-and-avoid-memory-loss-with-the-bright-minds-approach-c775f82169c4"}