{"title": "A Halo Above Her Head", "data": [{"type": "image", "content": "https://miro.medium.com/max/9792/0*ioS2M7xqpGK9rIR1"}, {"type": "sentence", "content": "Author's note: This is my round 1 submission for the NYC Midnight Short Story Challenge 2021 competition."}, {"type": "sentence", "content": "Simon raised his arms toward the sky, and gazing at the fluffy white clouds sprinkling the bright blue background, he felt his feet lift off of the pavement below."}, {"type": "sentence", "content": "He floated up, above the masses as they scurried along the sidewalk, passing the windows of the second, third, and fourth floors of buildings that lined the street."}, {"type": "sentence", "content": "\"I'm flying,\" he cried, his chest bursting with joy."}, {"type": "sentence", "content": "Seconds later the world began to swirl with vertiginous speed."}, {"type": "sentence", "content": "And just like that, the dream was over."}, {"type": "sentence", "content": "Simon propped himself up on his elbows fumbled for the bedside lamp. Then he opened his dream journal, clicked his ballpoint pen open, and jotted down a few notes:"}, {"type": "sentence", "content": "3:34 a.m. Flew down the street of a small town. Was lucid for about 4/5 seconds before the world spun apart."}, {"type": "sentence", "content": "\"Did you make the appointment?\""}, {"type": "sentence", "content": "\"Yes, mother, I'm going to see Dr. Graham tomorrow,\" Simon sighed, fumbling with the piece of paper that held the appointment information. \"I still don't see the point - \""}, {"type": "sentence", "content": "\"You walked in front of a speeding bus is the point, Simon,\" his mother interrupted, her voice trembling. \"You could have died.\""}, {"type": "sentence", "content": "\"I know.\" Simon stared at the floor, ashamed. He still didn't understand how it happened. He could have sworn he was in the middle of a dream; he remembered the hands of his watch spinning, and the sensation of floating up in the air, and the feeling that the world around him was unstable, trembling even. A feeling he never had when he was awake."}, {"type": "sentence", "content": "Fortunately, the bus driver slammed on the breaks just in time, slowing the bus enough so that the resulting impact merely shoved Simon off-balance, toppling him to the ground. Unfortunately, when Simon fell to the ground his head smacked the pavement, causing him to lose consciousness. A bystander picked up Simon's phone and dialed his emergency contact - his mother - to report that \"the person who owns this phone was just hit by a bus.\""}, {"type": "sentence", "content": "He remembered waking up under the bright lights of the emergency room to the sound of his mother's sobs."}, {"type": "sentence", "content": "\"Oh my god, Simon. What have you done?\" Simon's eyes fluttered open, and he saw his mother leaning over his face, the light from the ceiling forming a halo above her head. It took a moment for his eyes to adjust to the bright lighting; when they did, he could see that her eyes were bright red, and her cheeks were wet from tears."}, {"type": "sentence", "content": "\"Are you on drugs?\""}, {"type": "sentence", "content": "\"No, it's not like that at all,\" Simon insisted."}, {"type": "sentence", "content": "\"Are you, um...are you, are you okay?\" She whispered, motioning toward her own head."}, {"type": "sentence", "content": "\"What are you asking me?\" Simon felt the heat rising up the back of his neck, creeping towards his face and ears."}, {"type": "sentence", "content": "\"I don't - \""}, {"type": "sentence", "content": "\"Are you asking me if I'm crazy?\" Simon's eyes glowered at his mother, who shook her head as her worn eyes refilled with tears."}, {"type": "sentence", "content": "\"You walked in front of a bus, Simon. Why would you do that?\""}, {"type": "sentence", "content": "\"No mom. I would never, ever...\" he shook his head and held out his arms to her. She embraced him, weeping."}, {"type": "sentence", "content": "\"Please stop mom. I'm so sorry. I would never intentionally hurt myself. I promise.\""}, {"type": "sentence", "content": "\"I'm glad you came to see me today, Simon,\" the doctor said greeting Simon with a polite smile. \"Please sit down,\" he continued, motioning toward the chair in front of his desk."}, {"type": "sentence", "content": "Simon took a seat and glanced around the small office. It reminded him of the cramped faculty offices where he'd met with professors back in his college days, with floor to ceiling bookshelves crammed with books, binders, and stacks of loose paper."}, {"type": "sentence", "content": "\"So, why are you here today?\" Dr. Graham peered over his glasses at Simon, pen in hand ready to write. Simon shrugged and started to say he had no idea, but then he remembered the tortured sadness in his mother's eyes."}, {"type": "sentence", "content": "\"Because I walked in front of a bus. But - \" he held up his hands as if he was trying to stop another bus from running him over. \"I thought I was dreaming. Okay? I don't have a death wish or anything.\" He studied the doctor's face, searching for a reaction. But the doctor's expression revealed nothing."}, {"type": "sentence", "content": "\"You weren't intentionally trying to hurt yourself?\" The doctor asked, his eyes narrowing as he listened for Simon's answer. Simon shook his head vigorously."}, {"type": "sentence", "content": "\"No, not at all. And I've tried to explain this to my mother, but - \""}, {"type": "sentence", "content": "\"Your mother?\""}, {"type": "sentence", "content": "\"Yes. She's why I'm here.\""}, {"type": "sentence", "content": "\"You're here because of your mother?\""}, {"type": "sentence", "content": "\"Yes. Well, no. Actually, I would not be here if my mother hadn't insisted. She worries about me,\" Simon shrugged. The doctor nodded."}, {"type": "sentence", "content": "\"When the bus hit me,\" Simon continued, \"I ended up at the hospital. And after that, my mom insisted that I talk to somebody about my dreams.\""}, {"type": "sentence", "content": "\"Your dreams?\" The doctor sat up in his chair now, adjusting his elbow to rest his chin on his hand. He still hadn't written anything down."}, {"type": "sentence", "content": "\"Have you ever heard of lucid dreaming?\" Simon tilted his head, wondering if such a subject would be in the realm of study for psychiatrists. He imagined it would. But the doctor only offered a slight shrug."}, {"type": "sentence", "content": "\"Sure. Is that what you were trying to do?\""}, {"type": "sentence", "content": "\"Well, that's the thing. I could have sworn I was in the middle of a dream. All the signs were there. I saw the - \""}, {"type": "sentence", "content": "\"Signs?\" The doctor interrupted. \"What do you mean by 'signs'?"}, {"type": "sentence", "content": "\"Well, for me, it's clocks.\""}, {"type": "sentence", "content": "\"Clocks?\""}, {"type": "sentence", "content": "\"Yes, clocks. Like my watch. You see,\" Simon lifted his wrist to show the doctor his watch. \"I stare at the hands, and I try to make them move.\""}, {"type": "sentence", "content": "\"How do you do that?\""}, {"type": "sentence", "content": "\"With my mind,\" Simon answered, and hearing himself say it out loud, it occurred to him how ridiculous he sounded. \"I mean, of course, I can't move the hands with my mind, I know that. I'm not crazy.\""}, {"type": "sentence", "content": "\"So why do you try?\""}, {"type": "sentence", "content": "\"Try what? Make the hands move? I'm training myself to look at my watch all the time, and when I do, I check to see if I can make the hands move. The more I do it, the more it becomes a habit. And the habit follows me into my dreams. Only, when I'm dreaming, I can make the hands move.\""}, {"type": "sentence", "content": "\"Oh?\" The doctor sat up now and clicked his pen as if Simon finally said something worth noting."}, {"type": "sentence", "content": "\"Yes. That makes sense, right? How else could I move the hands?\" Simon shrugged and watched Dr. Graham look down at his notepad and begin writing."}, {"type": "sentence", "content": "\"Go on,\" the doctor said, still writing."}, {"type": "sentence", "content": "\"Well, I did my watch check, and I could make the hands move. So, I knew I was in a dream.\" The doctor paused and glanced back up at Simon."}, {"type": "sentence", "content": "\"How does that make you feel? Waking up in a dream?\""}, {"type": "sentence", "content": "\"It feels amazing, honestly. In fact, it feels like being a god. Well, it feels like what I imagine it must be like to be a god,\" Simon answered with a small smile. \"I control everything. All of the people. The setting. The weather.\""}, {"type": "sentence", "content": "\"Mm-hmm.\""}, {"type": "sentence", "content": "\"I can fly, I can - \""}, {"type": "sentence", "content": "\"Excuse me? Did you say you can fly?\" The doctor raised his eyebrow at Simon."}, {"type": "sentence", "content": "\"Yes. Well, you know, in my dreams.\""}, {"type": "sentence", "content": "The doctor sat back in his chair and frowned. \"So what possessed you to want to walk in front of a moving bus?\""}, {"type": "sentence", "content": "It was Simon's turn to sit back and frown. He'd wracked his brain for days, trying to remember what he was thinking at that moment. Was it a failed attempt at flying? Was he testing the idea that he could pass through solid objects? He had no -"}, {"type": "sentence", "content": "\"WAKE UP, SIMON,\" the doctor's thunderous voice reverberated against the walls of the tiny, cramped office, and disrupted Simon's thoughts with a jolt of electricity. The doctor's face was the size of the moon, eclipsing the light shining into the office from the window behind him. His bulging, veiny eyes bore into Simon's soul, while his large, cracked lips drew an uneven frame around his yellow-tinged, gritted teeth."}, {"type": "sentence", "content": "Startled, Simon gripped the arms of his chair. But in the blink of an eye, the doctor was back in his chair, writing more notes on his notepad."}, {"type": "sentence", "content": "\"What did you just say?\" Simon creaked in a voice just above a whisper."}, {"type": "sentence", "content": "\"I didn't say anything,\" the doctor muttered as he continued writing. \"You were telling me why you wanted to walk in front of a bus.\""}, {"type": "sentence", "content": "\"No. No, that's not true. You just told me to wake up, didn't you?\" Simon stared at the doctor. A strange feeling came over Simon, and he glanced down at his watch. \"Move,\" he thought silently, staring at the hands."}, {"type": "sentence", "content": "All three hands began to spin. A feeling of calm replaced Simon's confusion; this was a dream. That explained everything. He glanced around the room and tried to make out the title of any of the books on the bookshelves that surrounded him. Instead of words and letters, there was nothing on the bindings but random marks and symbols."}, {"type": "sentence", "content": "\"This is a dream,\" Simon declared, rising to his feet. \"This isn't real. You aren't real.\""}, {"type": "sentence", "content": "The doctor stopped writing and stood up. He raised his hands in front of him, a posture that could be viewed as both defensive and an attempt to calm Simon down."}, {"type": "sentence", "content": "\"Simon, please sit back down. You are not dreaming. I assure you; I am really here.\""}, {"type": "sentence", "content": "\"No, this is a dream,\" Simon shook his head and pointed at the bookshelves. \"See those? No words. Just gibberish,\" he said, his eyes skipping from book cover to book cover."}, {"type": "sentence", "content": "\"If this is a dream, that means you can fly, right?\" The doctor's voice was calm, and he lowered his arms. \"So, show me. If this is a dream, then fly.\""}, {"type": "sentence", "content": "\"Fine,\" Simon said confidently, raising his arms to his sides. \"Lift,\" he thought, waiting for the feeling of his feet lifting off of the ground. In an instant he was hovering a few feet above the ground, looking down at the doctor."}, {"type": "sentence", "content": "\"Simon, I need you to - \""}, {"type": "sentence", "content": "\"Do you see? Do you see me?\" Simon cried. \"I'm flying. I'm dreaming. This is a dream. I told you. I'm - \""}, {"type": "sentence", "content": "\"Simon, I need you to tell me about the bus,\" the doctor stared up at Simon. \"Why did you step in front of the bus?\""}, {"type": "sentence", "content": "Simon floated back to the ground, his thoughts returning to the bus dream. He thought how strange it was to be awake inside of this dream, trying to remember a different dream. He shook his head."}, {"type": "sentence", "content": "\"It's like I told you. Maybe I was testing a theory, seeing if the bus would pass through me, something like that.\""}, {"type": "sentence", "content": "\"But it didn't, did it?\""}, {"type": "sentence", "content": "\"No. Because I wasn't dreaming,\" Simon sunk into the same shame and embarrassment he felt in the emergency room when he woke up to his mother's sad eyes."}, {"type": "sentence", "content": "\"But you believed you were dreaming. Just like you believe you are dreaming now, right?\""}, {"type": "sentence", "content": "Simon shot the doctor a look. \"What are you getting at?\""}, {"type": "sentence", "content": "\"Do you remember how fast that bus was going?\""}, {"type": "sentence", "content": "\"Sure,\" Simon nodded, visualizing the bus barreling down the lane. \"I specifically remember thinking that it was going really fast.\""}, {"type": "sentence", "content": "\"How far away was the bus when you stepped in front of it?\""}, {"type": "sentence", "content": "\"I jumped out at the last second,\" Simon recalled. \"I didn't want to give it a chance to slow down.\""}, {"type": "sentence", "content": "\"Why?\""}, {"type": "sentence", "content": "Simon checked his watch again; the hands were still spinning. Then he looked at the doctor. \"Go away,\" he thought. Why couldn't he make the doctor go away?"}, {"type": "sentence", "content": "\"You aren't real,\" Simon hissed at the man behind the desk. \"None of this is real.\""}, {"type": "sentence", "content": "\"How can you know that Simon?\" The doctor challenged."}, {"type": "sentence", "content": "\"Because of this,\" Simon shrieked, holding up his wristwatch. \"Because of that,\" Simon pointed at the bookshelves. \"Because you just told me to wake up,\" Simon pointed his finger at the doctor's face. \"That's how I know.\""}, {"type": "sentence", "content": "The doctor shook his head. \"That didn't happen, and none of that proves - \""}, {"type": "sentence", "content": "\"And I can do anything I want to in my dreams,\" Simon growled at the doctor. \"I could kill you if I wanted to.\""}, {"type": "sentence", "content": "The doctor stepped behind his chair. \"Simon, please calm down.\""}, {"type": "sentence", "content": "\"No. You don't control this dream. I do,\" Simon snapped back, storming behind the desk. The doctor moved his chair between them, but Simon shoved it aside, causing the doctor to stumble backward against the window behind the desk. Then, Simon grabbed the doctor's neck with both hands, cutting off his air and preventing the doctor from making a sound. The doctor dug his fingernails into Simon's wrists, but Simon was unfazed by the pain, even as blood began to flow from the deep cuts."}, {"type": "sentence", "content": "The doctor struggled, trying to kick Simon back, but with each passing second his strength dissipated. His face turned a deep shade of purple, and his eyes bulged out of their sockets. After a minute or so, the doctor collapsed to the floor, his neck slipping out of Simon's hands."}, {"type": "sentence", "content": "Simon stared at the lifeless body. It was the first time he'd ever killed anyone in a dream, and he was surprised by the lack of remorse he felt."}, {"type": "sentence", "content": "\"This is just a dream,\" Simon whispered before running from the office and into the busy city street outside. He glanced at his watch - the hands were no longer spinning. \"Strange,\" he thought, then shouted \"MOVE\" at the still timepiece. Nothing."}, {"type": "sentence", "content": "He spotted a clock at the entrance of a shop a few doors down. He rushed over, staring at the hands. \"MOVE\" he screamed. But the hands did not move. People gave him strange glances as they walked past."}, {"type": "sentence", "content": "\"This is impossible,\" he howled, grabbing the arm of a man rushing past him. \"This is just a dream,\" he shrieked at the man. The man's face twisted in outrage and he yanked his arm away."}, {"type": "sentence", "content": "\"Get the fuck away from me!\" The man roared."}, {"type": "sentence", "content": "Simon stumbled back, screaming \"Wake up! I need to wake up!\" He watched people avert their eyes as they walked past him. In the distance, he saw a bus roaring down the bus lane closest to the curb of the sidewalk."}, {"type": "sentence", "content": "\"This is a dream,\" he repeated, less certain than before. \"This has to be a dream.\" But what if it wasn't a dream? The memory of the doctor's lifeless body upstairs sent a shudder down his spine."}, {"type": "sentence", "content": "\"No, this must be a dream. I'll prove it,\" he whispered, stepping into the bus lane and closing his eyes."}, {"type": "sentence", "content": "\"Oh my god, Simon. What have you done?\" Simon's eyes fluttered open, and he saw his mother leaning over his face, the light from the ceiling forming a halo above her head."}], "topic": "fiction", "uuid": "3954c89df64030de52a39d8779a93239f459232eabc8d0208f377aa2", "link": "https://medium.com/the-shadow/a-halo-above-her-head-a5f99a48cdd7"}