{"title": "Actions That Tell If Your Boss Has Your Best Interests At Heart", "data": [{"type": "sentence", "content": "A few years ago, a close friend of mine and I applied for a managerial job. We were successful through two rounds of interviews and had one final interview with the EVP. Ironically, I knew the hiring manager, having worked with her at my current job at the time. She left that job due to personality clashes and leadership concerns."}, {"type": "sentence", "content": "Over a drink with my friend, I told her that I suspected I wouldn't get the job, mainly due to my knowledge of the manager's tenure at my job. She could see me as a direct threat to her role. She was just going through the motions. As suspected - and theory later confirmed - my friend got the job instead."}, {"type": "sentence", "content": "My friend started the job and reported directly to my old co-worker. Needless to say, their working relationship became a tumultuous one. There were constant clashes, gaslighting, and micro-aggressions. Eventually, a new EVP started in the company. The EVP observed that the manager did not have her team's best interest at heart. She was promptly removed."}, {"type": "subtitle", "content": "The best leaders put their team first."}, {"type": "sentence", "content": "Unfortunately, there are many leaders and bosses in positions solely for their own benefit. If someone comes along to threaten their position of authority, they will do things to keep that person in their place. It's not about the team's growth and development but about maintaining the status quo. They must be the big dog on campus. There's nothing wrong with feeling in control, but you must be able to grow and support the others that keep you there. You must have their best professional interests at heart - as much as, if not more - than you have your own."}, {"type": "sentence", "content": "It's easy to identify if your boss has your wellbeing and development at heart and doesn't see you as a threat. And if you are a leader, these are the things you should be doing to position your team and yourself for success. Remember, if they succeed, you succeed. It's not the other way around. Do you see any of these qualities in your boss?"}, {"type": "subtitle", "content": "Bosses set you up for success."}, {"type": "sentence", "content": "A leader's role is to give others the tools and support to do their jobs. Then they must step back and let them work. If your boss is not doing everything they can to give you what you need - or if they aren't asking you what you need - they're not getting the best out of their team. It may not be intentional, but it can show that you aren't top of mind. If you're not getting the support or resources you need to shine, let your boss know ASAP."}, {"type": "subtitle", "content": "They welcome your ideas."}, {"type": "sentence", "content": "Managers believe in the hive mind. They know that they do not have all the answers, and you, who are normally closer to the action, might have a unique perspective. Your ideas aren't a threat to their role but instrumental to the growth of all. Observe if your ideas are getting shut down repeatedly."}, {"type": "subtitle", "content": "They don't forget to give the team public credit."}, {"type": "sentence", "content": "Nothing's worse than a boss who takes all the credit when he did not do the physical work. Yes, he would have managed, organized, and coach, but the team must execute. Bill Belichick won't be the GOAT coach without Tom Brady (as we clearly see now). Your manager should not hesitate to put his team up on a pedestal."}, {"type": "subtitle", "content": "Bosses don't throw you under the bus."}, {"type": "sentence", "content": "The opposite goes when the team does poorly. Your boss should take most of the blame."}, {"type": "sentence", "content": "I once had a boss who would always say in meetings he's 'not falling on a sword for anyone.'"}, {"type": "sentence", "content": "At first, we'd use it as a kick up the ass. Although he was nice, it started to feel that he did not have our backs when things went wrong, regardless of our fault."}, {"type": "sentence", "content": "If you've been continually blamed by your boss, publicly and privately, they aren't trying to help you be better."}, {"type": "subtitle", "content": "They expose you to new opportunities."}, {"type": "sentence", "content": "One of my old managers would constantly push me to be part of challenging projects, way out of my comfort zone. I feel it's helped me to this day with my research and analytical skills. When you're being challenged, especially in a place you enjoy, you rise to the occasion more often than not. Managers and bosses help to expand the thinking of those in their charge."}, {"type": "subtitle", "content": "They won't job-block you."}, {"type": "sentence", "content": "I once got an opportunity to move to another team that I did not want. I took it anyway. Why? One of my best team members was trying to break through for some time without success. Me sticking around just because meant I was potentially blocking her progress. She took my job and has been successful ever since."}, {"type": "sentence", "content": "Your boss should be training you or your team to one day replace her. They won't limit your information or growth just so that they can stay comfortable. Some bosses can also block you from moving away from them because you are valuable to them or the team. If you're not getting recommendations or approvals to apply for other roles, it's a problem."}, {"type": "subtitle", "content": "Don't ignore your gut feeling."}, {"type": "sentence", "content": "Today's worker is looking for projects and work that challenge them, encourage their creativity, and help them progress in their personal and professional lives. The only way this could happen is if there is a boss who can nurture these goals and challenge their team without feeling threatened. If you have your team's best interest at heart, performance improves, morale spikes, you have less turnover, and you'll have guaranteed success."}, {"type": "sentence", "content": "Let's connect! I'll send you actionable insights on Leadership, Growth, and, Personal Development."}], "topic": "leadership", "uuid": "3b16e80f9419d0a30adc678e38cbe06c78f8c2f4ae0b50cff00bde4a", "link": "https://medium.com/lead-better-live-better/actions-that-tell-if-your-boss-has-your-best-interests-at-heart-c6a4533958e7"}