{"title": "6 Weird Facts About AI & Robots", "data": [{"type": "image", "content": "https://miro.medium.com/max/8000/0*6tIIa-c1OE7fmJ3m"}, {"type": "sentence", "content": "What was nothing more than science fiction yesterday quickly becomes today's reality. With 77% of the devices, we use every day have one or another form of AI, Artificial Intelligence is clearly not a futuristic concept anymore. Over the last two decades, the number of AI startups grew 14 times and the investment in AI startups grew 6 times."}, {"type": "sentence", "content": "With such a rise in the interest and continuous developments of AI have brought the industry to an absolutely new level. According to TechJury (2020), AI will cause the growth of the global GDP by $15.7 trillion by 2030."}, {"type": "sentence", "content": "With such significant growth in the developments and industry investments, AI and Robotics industry now have more and more innovations. Here is the list of the top 6 of the weirdest facts around AI and Robotics."}, {"type": "subtitle", "content": "AI Already Have Nationalities and Passports"}, {"type": "image", "content": "https://miro.medium.com/max/12000/0*26u8a8PqDhqu9Cul"}, {"type": "sentence", "content": "Yes. You did not read it wrong. For instance, in 2017 Saudi Arabia was the first nation that granted citizenship to a humanoid robot - Sophia. Here is a very interesting interview with Sophia:"}, {"type": "subtitle", "content": "Robots Might Need To Pay Taxes Too"}, {"type": "image", "content": "https://miro.medium.com/max/12000/0*V3qrG3vgxzyEf0pO"}, {"type": "sentence", "content": "Firstly suggested in South Korea In 2017, robot tax is still of the most debatable subjects in the technology industry. Some people say that 'taxing robots is as intelligent as taxing a software', others claim that there should be clearer regulation of robots and AI."}, {"type": "sentence", "content": "Wall Street Journal (2020) suggested an interesting example that illustrates the idea behind putting taxation commitment (regulation) on robots:"}, {"type": "sentence", "content": "Bill Gates argue that robot tax could slow down \"the speed of automation\" allowing society to cope and adapt to the new reality. Apart from this argument, robot taxes can help prevent tax loopholes and create new jobs in green energy, healthcare and education."}, {"type": "sentence", "content": "On another hand, there is an interesting and thought-provoking notion that argues against robot taxes. These points are not focused on the benefits of robots tax, but rather on the definition side. For instance:"}, {"type": "subtitle", "content": "Define 'Robot'"}, {"type": "sentence", "content": "What seems to be easy at the first sight is actually deeper and harder than you think. The definition of a robot is very broad. It can cover almost all technology with automation elements like a vending machine or a tractor."}, {"type": "subtitle", "content": "Define When a Job is Actually Automated by a Robot"}, {"type": "sentence", "content": "There is a certain gap in understanding what kind of robots should be taxed and what kind of automated jobs are we talking about."}, {"type": "sentence", "content": "Apart from the definition challenge, there is also an opinion that robot tax might damage the innovation spirit. Some people claim that this additional tax might cause many companies to reduce their willingness to invest in the newest tech."}, {"type": "subtitle", "content": "AI Can Actually Read Your Mind"}, {"type": "image", "content": "https://miro.medium.com/max/6912/0*FoDsS0thZXsvi0vu"}, {"type": "sentence", "content": "No, I'm not talking about Pinterest personalized feed or eBay visual-based shopping. This is about an actual mind reading. Robotics specialists developed a new technique that can scan your brain with an FMRI scanner or an electroencephalogram (EEG) cap and create a real image of your thoughts. This AI system will compose an image it got from your brain and compare it to other pictures that it will receive from volunteers."}, {"type": "sentence", "content": "Above is only one methodology that is designed to recreate the images people's brain is getting on the computer. Another technique to read mind was designed to not only read the thoughts of people but also to convert them into sentences with the use of brain signal-reading electrodes and Machine Learning."}, {"type": "subtitle", "content": "Pet-Robots"}, {"type": "image", "content": "https://miro.medium.com/max/12000/0*C1O76aP3P37unrqz"}, {"type": "sentence", "content": "Imagine that in as soon as in 5 years, pet-bots will be one of the most popular trends. Pet-bots are just like the real pets but without need for 5 am morning walks and non-stop vacuuming. Despite acting just like the real animals, they don't need to be fed, cleaned, checked at the vets, walked, etc. Some robotic pets are covered with sensors, which identify when they are being touched and behave accordingly. Some of them even recognize voice commands and respond to them."}, {"type": "sentence", "content": "Would you ever consider a dog-bot instead of a real one? Write your thoughts in the comments and let's discuss! '"}, {"type": "subtitle", "content": "Most AI Bots Are Female"}, {"type": "image", "content": "https://miro.medium.com/max/10954/0*YtAJLyNnhxzY42dF"}, {"type": "sentence", "content": "According to Creative Strategies, 97% of mobile users are already using AI-powered voice assistants with 40% of people using the voice search function at a minimum of once per day. Their study also is divided into brands: only 2% of iPhone owners have never used Siri and 4% of Android users have never tried OK Google."}, {"type": "sentence", "content": "Apart from this study, the statistics from TechJury (2020) predict that AI-powered voice assistants will reach 8 billion by 2023. But imagine, that from these 8 billion voice assistants, most AI is female. Think about it: Siri, Alexa, Cortana, Google Assistant or even listen to the AI-powered voice assistant of your health centre- most likely it will be female as well. Reason?"}, {"type": "sentence", "content": "According to studies, both males and females are more attracted to a woman's voice."}, {"type": "sentence", "content": "However, when you ask Siri a question:"}, {"type": "sentence", "content": "'Siri, are you female or male?'"}, {"type": "sentence", "content": "she will reply: 'I don't have a gender'."}, {"type": "sentence", "content": "'Siri, why do you have a female voice?'"}, {"type": "sentence", "content": "she will reply: 'Unfortunately, this is the only voice that I have at the moment'."}, {"type": "sentence", "content": "For years, the companies who designed these voice assistant have been heavily criticized for using female names and voices, as it raises an issue with the gender bias in technology."}, {"type": "subtitle", "content": "AI News Reporters"}, {"type": "image", "content": "https://miro.medium.com/max/6774/0*po6qWWN9tdEJU8Fs"}, {"type": "sentence", "content": "The example of automated journalism can be seen of what the Washington Post has done during the Rio Olympics in 2016."}, {"type": "sentence", "content": "The Washington Post wanted AI to report the key happenings during this event in 2016. The name of their AI writer was Heliograf and it was created to generate updates to the readers. Based on the data from different sources, Heliograf was able to create new data and customize it according to user requests. In total this tool has made more than 850 stories."}, {"type": "sentence", "content": "Here is a sports article that was written by Heliograf:"}, {"type": "image", "content": "https://miro.medium.com/max/1576/1*oDvaiCc1_vuWykP2evR9cA.png"}, {"type": "sentence", "content": "Even though many of these facts might seem futuristic at some point, they are not only real but also in the forthcoming years, it will become a new norm."}], "topic": "artificial-intelligence", "uuid": "3bc391b622020af376352f0e098d1ac92eb5d13c5023673431d05dc9", "link": "https://medium.com/illumination/6-weird-facts-about-ai-robots-4d7408f850bb"}