{"title": "How I became a Data Scientist at 21", "data": [{"type": "sentence", "content": "In this article, I will take you through my journey into data science and provide some of the most important takeaways from my experience. As a disclaimer, I am not a seasoned data scientist by any means, and everything expressed in this article is merely my own experience/opinion."}, {"type": "image", "content": "https://miro.medium.com/max/8064/1*T9aetuJ0zcrOXMHIrepImA.jpeg"}, {"type": "subtitle", "content": "High School"}, {"type": "sentence", "content": "During high school I was drawn to both the medical field and engineering. In general, I enjoyed math and science and figured both career paths would provide an exciting and fulfilling career. For the first half of high school, however, I was a slightly lazy student and I never devoted enough time to studying. I dilly-dallied through my freshman and sophomore years without the slightest doubt in my competency for engineering or medicine. This state of mind quickly caught up to me."}, {"type": "sentence", "content": "I finally decided to \"test\" my aptitude for engineering by enrolling in AP physics my junior year - a subject that, as many know, is not for the faint of heart. Not surprisingly, it only took two weeks before I dropped out of the class due to what I thought was its relentless difficultly (I still find physics extremely difficult today and have a great deal of respect for physics majors). My hopes of becoming an engineer were crushed as I knew physics was fundamental to almost all fields of engineering. This was the first time I'd ever felt incompetent and incapable of pursuing a dream."}, {"type": "sentence", "content": "I spent the remainder of high school intimidated by math and any science that utilized it heavily. As a result, I chose to take statistics instead of calculus my senior year because I knew statistics wouldn't be as difficult. Thankfully, my cowardice would eventually yield a very fruitful blessing - a peak into the world of data science."}, {"type": "sentence", "content": "After the first week of statistics, I'd fallen in love with the subject. I found it to be very intuitive, understood its relevance, and performed better in statistics than I had in any other class. The formulas presented were easy to grasp (of course I wasn't aware that statistics is deeply rooted in calculus and other more advanced fields of math), and I began to regain my academic confidence (thank you Mr. Davenport)."}, {"type": "sentence", "content": "When it came time to pick a college major and think about career choices, I researched jobs that required backgrounds in statistics; I quickly stumbled upon this famous article:"}, {"type": "sentence", "content": "I couldn't believe that this was actually a career - even more so a career that was in high demand. After reading that article and a few others, I was totally convinced that I wanted to become as data scientist. Unfortunately, it didn't take long for me to discover that data science required an extensive math background - a background that I did not have and was too scared to pursue. To make matters worse, I learned that most data science positions required a graduate degree in a technical field, and I wasn't even sure I was capable of earning a bachelors at that point. Although my hopes of becoming a data scientist were fading away, I could never seem to get the career out of my head as I pursued other options."}, {"type": "sentence", "content": "Regardless of my severe lack of confidence, I still tried my luck and applied for a few engineering majors. I was denied from all of them (shockingly) and was told in many of my denial letters that I \"lacked experience\" in math and computer science - a proposition that I could not dispute."}, {"type": "sentence", "content": "I ultimately decided to start my freshman year of college as a finance major. I didn't truly want to work in finance, but I figured it would provide a stable career that implemented statistics to a certain degree."}, {"type": "sentence", "content": "Although I was shying away from data science and technical fields in general (due in part to the many rejection letters I was receiving), I decided that I was not going to allow myself to be intimidated by math any longer. I wasn't going to settle with my \"lack of experience\"."}, {"type": "sentence", "content": "I devoted the entire summer after high school to learning calculus online and fell more in love with the subject than I did with statistics. The fact that almost all physical systems could be described in the language of calculus was mind boggling - I couldn't believe that I'd waited so long to learn this."}, {"type": "sentence", "content": "I spent so much time studying that I was able to test out of calculus 1 and 2 before freshman year started. My love for math was reborn and, most importantly, I overcame the first obstacle necessary to get into data science."}, {"type": "sentence", "content": "\"All the world's a differential equation, and the men and women are merely variables.\" \u2015 Ben Orlin"}, {"type": "subtitle", "content": "College"}, {"type": "sentence", "content": "During my first semester as a finance student, I was unsatisfied. I had gained some confidence from testing out of calculus and I knew that I was capable of studying something more rigorous and enjoyable. My dream of becoming a data scientist persisted, but I was still convinced that this was an infeasible option. I knew I had to switch majors to something I enjoyed."}, {"type": "sentence", "content": "I was still afraid of math but knew I needed to study something pretty close to it. At the same time, I found finance interesting and didn't want to waste the courses I'd taken. As a compromise, I decided to change my major to actuarial science because this seemed to offer a nice mix of math and finance (not too much of either)."}, {"type": "sentence", "content": "The next two semesters were filled with finance, math, and computer science courses - of which I enjoyed the math courses the most. I was fascinated by calculus, linear algebra and differential equations, and my grades were constantly improving. On the other hand, I was struggling to find motivation to study for actuarial exams and was not really enjoying the finance courses."}, {"type": "sentence", "content": "During the fall of my sophomore year, I began to pursue actuarial internships aggressively. Internships were being posted nearly every day on my schools Handshake, and I was submitting applications to every single one (a technique I like to call \"rage applying\"). I'd also built up enough confidence to apply to the few data science/analytics internships that popped up every once in a while. The majority of my efforts were unsuccessful as nearly every application was turned down or ignored."}, {"type": "sentence", "content": "Finally, after 100 hopeless applications, I was finally granted an interview with a well-known insurance company. It was for an entry level actuarial position and I was determined to be the best interviewee they had ever seen. My plan was to do a data analysis project using the famous health insurance data set:"}, {"type": "sentence", "content": "I used R, which I had just begun learning via YouTube, to create a regression model that predicted the total medical charges an individual would incur given their various demographic and health characteristics. I then created visualizations and summaries of the model results and packaged everything up into a report. I should point out that I knew very little about data analysis or machine learning at the time; all of the concepts included in my report were picked up on the fly during the days leading up to the interview. Regardless, I felt confident that this report would set me apart from the other candidates. I hoped that my efforts would compensate for the fact that I hadn't taken any actuarial exams."}, {"type": "sentence", "content": "Now, anyone with an actuarial background should not be surprised to know that the interview was a complete disaster. The interviewer couldn't care less about the report I presented to him and virtually had nothing to say to me once he discovered I hadn't taken any exams. Towards the end of the interview, he asked if I had any questions for him. The first question that came to mind was, \"How do you use math in your work?\". He scoffed at me subtly and replied \"Well, we aren't calculating any integrals if that's what you mean\". Annoyed by his condescendence I asked, \"So what do you do on a daily basis?\". He proceeded to describe his day-to-day as I slowly stopped paying attention, knowing that I had no chance at landing this internship. I could tell this man was not passionate about his work, so I wasn't disappointed about how poorly the interview went."}, {"type": "sentence", "content": "This failure of an interview, while embarrassing, brought about a huge realization: I loved preparing for it. I didn't care that my machine learning report was completely disregarded because I enjoyed the entire process of creating it. It was my first experience with data science, and I knew I was completely hooked. I had to become a data scientist."}, {"type": "sentence", "content": "The following semester, I got over my fear of math and decided to make it my major. Math majors at my university are required to pick between applied math, pure math and statistics as a specialization. Of course, I chose statistics as my specialization and focused my course-load around data science applications. I continued to fall in love with math, statistics, and computer science and I often found myself studying these subjects in my free time."}, {"type": "sentence", "content": "One of the most pivotal moments in my journey to becoming a data scientist was entering and placing in a few competitions along with a team from my school. One of the competitions we participated in was the American Statistical Association (ASA) DataFest:"}, {"type": "sentence", "content": "In this competition, we used random forests to classify how long it would take a rugby player to recover after a training session. We placed 2nd and were awarded \"Best Visualization\" for a set diagnostic plots that described our models results. This was my first experience working with real life, large and messy datasets - an experience that proved to be invaluable as it led to my first internship."}, {"type": "subtitle", "content": "Internships"}, {"type": "sentence", "content": "Internships were, without a doubt, the primary reason I was able to land a data science job at 21. This did not occur without trail, of course. As many know, the process of getting an internship, let alone an interview, can be a grueling one. This was very much the case for me."}, {"type": "sentence", "content": "The end of my sophomore year was approaching, and I had already applied to hundreds of internships with no success. By the time the end of March arrived, I figured I was likely all out of luck. I began gearing up to spend the summer working at a restaurant and continuing classes. One night while scrolling through internships on my phone, I saw a title that caught my eye: \"Data Analyst Intern - Chief Oil and Gas\". The description looked perfect for my skill set at the time, but the application had been open for months so I knew I was unlikely to be considered. Despite this, I decided this would be the last internship I applied to and submitted my application."}, {"type": "sentence", "content": "I received a call the next morning: I was the very last applicant they were going to grant an interview. I couldn't believe it. Of the over 200 applicants, they selected 8 to interview and I was the very last one. This was the biggest professional opportunity I'd ever been given, and I knew it. My persistent rage applying had one more chance of paying off."}, {"type": "sentence", "content": "\"The one who falls and gets up is stronger than the one who never tried. Do not fear failure but rather fear not trying.\"\u2015 Roy T. Bennett, The Light in the Heart"}, {"type": "sentence", "content": "My initial impression of the interview was that it went horribly. I was asked a lot of questions about the oil and gas industry, of which I knew nothing about, and I even confused the great singer-songwriter Phillip Phillips for the energy company Phillips 66. Needless to say, I thought the interview was more of an embarrassment than my first. The interviewers thought differently. After the interview they told me I'd receive a call within a week if they wanted to move forward. I had no expectations."}, {"type": "sentence", "content": "Shockingly, my phone rang later that day. They had already made their decision, and they offered me the internship. I knew I wasn't being offered the internship because I was most technically qualified (I definitely wasn't), but because I was able to communicate most effectively. I was ecstatic, nonetheless."}, {"type": "sentence", "content": "My time spent at Chief was invaluable. Not only did I received hands-on experience implementing data science practices with real world data, but I also gained a deeper understanding of how to bridge the gap between writing code and delivering value. Most importantly, this internship laid the foundation for the rest of my data science career. It allowed me to land my next internship with an oil and gas consulting firm, and it eventually led to my final internship at my current company."}, {"type": "subtitle", "content": "What I Would Have Done Differently"}, {"type": "sentence", "content": "I don't have many regrets in my path to becoming a data scientist as I strongly believe that everything unfolded in a necessary manner. However, if I had to do it again, I would have started studying math and computer science at a much younger age. In particular, I wouldn't have avoided calculus in high school, and I would have started off college as a math major."}, {"type": "subtitle", "content": "Key Takeaways"}, {"type": "sentence", "content": "Below, I've listed some key takeaways that I believe are important for a successful data science career."}, {"type": "sentence", "content": "Thank you for reading! I hope you enjoyed learning about my very novel journey into data science and that you found this article insightful."}], "topic": "education", "uuid": "3c9ed78c8072be9eb86a22c40216609af55c29d7ada11bf99ce95b12", "link": "https://towardsdatascience.com/how-i-became-a-data-scientist-at-21-2afb99e5254e"}