{"title": "The Sad Problem With Today's Stock Market We Fail To Consider", "data": [{"type": "image", "content": "https://miro.medium.com/max/6400/0*Nw59psjWSsoYK2hg"}, {"type": "sentence", "content": "I love living in Los Angeles."}, {"type": "sentence", "content": "In many ways, it gets a bad rap. I have lived all over the country, and I have never met better, more down to Earth people than I have in Los Angeles. Especially the men - we're a sensitive bunch in this city."}, {"type": "sentence", "content": "Except for the douchebags."}, {"type": "sentence", "content": "It's difficult to not run into at least one douchebag per day in Los Angeles."}, {"type": "sentence", "content": "There are old money douchebags in places like Santa Monica and Hancock Park. There are new money douchebags in places such as Hollywood and Downtown. These people live in another world, oblivious to the fact that they're pure, unadulterated douchebags."}, {"type": "sentence", "content": "Then, there are douchebags like me. We mean well, yet sometimes miss the mark."}, {"type": "sentence", "content": "I try to write about the inequities that persist in the personal finance and investing dialogue, but it's not easy to keep pace. It's easy to get stuck in a place where you lose sight of the fact that not everyone has the luxury of \"worrying\" about how big their emergency fund should be or if they should rent an apartment or buy a house."}, {"type": "sentence", "content": "Jessica Wildfire absolutely crushes the game on Medium. And it's in part because of beautiful yet super straightforward writing like this:"}, {"type": "sentence", "content": "In the above-linked article, Jessica discusses the idea that the times we're living through can cause financially unfit or desperate people to look at the stock market or cryptocurrency as solutions to their money problems when they're anything but."}, {"type": "sentence", "content": "In fact, it's the exact opposite, particularly if you fall for the allure of speculating on the whims of billionaires (Elon Musk pumping cryptocurrency) and so-called bandit traders (the novices in the Reddit forum)."}, {"type": "sentence", "content": "I have just one thing to add to Jessica's excellent story."}, {"type": "sentence", "content": "The media deserves a considerable share of the blame for this dynamic."}, {"type": "sentence", "content": "From mainstream outlets who lack the acumen to cover the stock market in the first place to sources that should know better, such as CNBC. While guys like Jim Cramer speak refreshingly, backed by years of knowledge and genuine concern, why in the hell does Dave Portnoy get so much airtime?"}, {"type": "sentence", "content": "Because it's all about the compelling, even if false and terrifyingly dangerous story."}, {"type": "sentence", "content": "Just as Republicans should go straight to hell for continuing to support Donald Trump and perpetuate his dangerous lies, the media has blood on its hands for how it covered the recent money stories that made their way into popular culture."}, {"type": "sentence", "content": "It handled the Reddit fiasco with zero responsibility."}, {"type": "sentence", "content": "It portrayed the situation as everyday Joe, renegade \"traders\" turning the tables and crushing the big money on Wall Street when the reality ended up being anything but. Anybody who has followed the stock market for more than a minute saw the writing on the wall."}, {"type": "sentence", "content": "While it was great to see people who made money make money, they also - even if unintentionally - took thousands of people to the cleaners. They orchestrated what amounts to a classic pump and dump, even if, again, they did so unknowingly."}, {"type": "sentence", "content": "Here's how the Securities and Exchange Commission defines a pump and dump:"}, {"type": "sentence", "content": "If you can read, you see the point. GameStop was a pump and dump. Maybe not a classic penny stock pump and dump, but a pump and dump nevertheless."}, {"type": "sentence", "content": "But here's the thing - I feel nothing for friends of mine with a few hundred or thousand bucks to spare who bought the top on GameStop and lost everything. They'll be fine."}, {"type": "sentence", "content": "I feel a lot of something for the people I think Jessica was writing about in her article. People who are desperate, observed the hype, believed it, and somehow thought money was falling from trees. All they had to do was figure out how to get in on the game and they would instantly become yet another David crushing what the media lamely portrayed as some collective Goliath."}, {"type": "sentence", "content": "Can you blame a person looking for a way out of their financial problems? They watched the news, absorbed the misguided media portrayal of what was happening with GameStop, and got in at absolutely the wrong time as the stock quickly cratered from roughly $400 to, at last check, $50.31."}, {"type": "sentence", "content": "Can you blame the same person for following Elon Musk into Dogecoin, another pump and dump (for all intents and purposes) that's probably not going to end well either?"}, {"type": "sentence", "content": "In our day-to-day discussions about personal finance and investing, we too easily forget that millions of people worry about \"having enough money for tomorrow.\""}, {"type": "sentence", "content": "The words we use and stories we tell, especially around volatile events driven by emotion and spectacle, have power. They can cause desperate people to do desperate things, making their already precarious situations even more insecure."}, {"type": "sentence", "content": "This article is for informational and entertainment purposes only. It should not be considered Financial or Legal Advice. Not all information will be accurate. Consult a financial professional before making any significant financial decisions."}], "topic": "economy", "uuid": "3d18d5a48176ff8b5adc6a9010898d6ec6959b17bb9a73937b4c4122", "link": "https://medium.com/makingofamillionaire/the-sad-problem-with-todays-stock-market-we-fail-to-consider-e0b72397ce14"}