{"title": "A four-layer model of product focus", "data": [{"type": "image", "content": "https://miro.medium.com/max/8000/0*HP_JMqKrgu6j-aQp"}, {"type": "sentence", "content": "Over the years I've seen many approaches for working out product focus. Some are relatively simple, like OKRs; others are quite convoluted. Some talk about lofty ambitions to be the \"best in the world\"; and others focus exclusively on just the work immediately before us. Whilst they all have their merits, none have been able to connect the dots for me between the overall big picture and the minutiae of everyday work. And I've seen first hand management telling me to buy into an ambitious vision on one hand, and then telling me to deliver entirely disconnected and different features on the other."}, {"type": "sentence", "content": "So I came up with my own model for defining product focus.* It consists of four layers from overall vision down through to individual experiments (i.e. work items). What I really wanted to achieve was to create transparency and alignment between day-to-day work and the overall ambitions of the company. I believe that this model connects the dots. The four layers are:"}, {"type": "sentence", "content": "(* You may notice some similarity of the four layers to the overall structure of Strategy Deployment in \"Escaping the Build Trap\" by Melissa Perri, but this is coincidental and my model is quite different in the details of each layer.)"}, {"type": "subtitle", "content": "Layer 1: Vision"}, {"type": "sentence", "content": "If you were to ask a customer to advocate for you - to promote your product to their friend or colleague - how would they describe it? Would they articulate a clear purpose and advantage, or would they struggle to explain it? Would they believe strongly in your product or would their convictions be weakly held? Or worse still, would they dissuade their friend from considering your product at all?!"}, {"type": "sentence", "content": "It's not hard to find examples of poor vision statements. Here's a list from Inc.com, one from The Balance, and one from My Corporation. What these poorly framed statements tend to have in common is that they lack both a focus and a tangible description of what the company actually does. I've come to believe that the vast majority of vision statements are actually quite poorly formed (even many that other people have admired in the past). So what is the crux of a good vision (or mission statement):"}, {"type": "subtitle", "content": "Is it a Vision or a Mission Statement?"}, {"type": "sentence", "content": "I don't make a distinction between the terms \"Vision\" and \"Mission Statement\". To me, they serve the same purpose and are thus regarded as the same thing. Some people split hairs over them, but I find that distinction arbitrary and confusing. So for simplicity, I just lump them together into one concept called \"vision\"."}, {"type": "subtitle", "content": "Company Vision vs Product Vision"}, {"type": "sentence", "content": "Most of the examples and commentary around vision focuses on the company level. For this framework though I want to concentrate on a \"product vision\". There are a few reasons for this. First, it is often easier to craft a more tangible vision for a single product than a whole company (especially for an example). Second, many companies are only known for solving one major problem (even though there may be several parts, models, or alternatives), so in this case, the product vision and the company vision are effectively the same. And third, we are talking about Product after all!"}, {"type": "subtitle", "content": "What Makes a Good Vision?"}, {"type": "sentence", "content": "In my view, a good vision consists of the following:"}, {"type": "sentence", "content": "Amazon's box mockup technique is a good way to think about the above - can you articulate why someone should buy your product before you even build it? Here are my takes on some good product visions (not necessarily how the companies actually describe those products themselves):"}, {"type": "sentence", "content": "You might have noticed that my definition of a great vision is very different from most of the conventional vision statements that you see around. My version is very straightforward; it doesn't contain any of the lofty ambitions \"to be the best X in the world\" and so on. But how often do you reference those conventional visions? How often do you read them and apply them to your daily work? A simple, straightforward vision statement is easy to get behind and support, for both staff and customers alike. It's easy to see how everything your team builds directly contributes to the vision (see the fourth layer below). It's easy for a customer to see how they directly benefit from your company and your product. Those two key points make for a compelling vision."}, {"type": "sentence", "content": "Finally, I want to leave this video with you that summarizes conventional vision thinking extremely well in my opinion:"}, {"type": "subtitle", "content": "Layer 2: Strategy"}, {"type": "sentence", "content": "Good strategy is hard. Good strategy is about execution. If a vision is a promise to a customer, and it's from their point of view, then strategy is about how we will fulfill that promise, and it's from the business' point of view instead."}, {"type": "sentence", "content": "When most people think of the acronym \"CEO\", they immediately think that E stands for \"Executive\", and they think of all the power, privilege and responsibility that goes along with that title. But I want you think of the E in a slightly different way. I want you to imagine that the E stands for Execution; so \"CEO\" stands for Chief Execution Officer. That is, the CEO is the person who will steer how we all collectively execute to deliver that promise or vision that we articulated to our customers above. I mention this because I want to get you in the mindset of thinking \"how will we execute to fulfill our vision?\""}, {"type": "sentence", "content": "A lot has been written about strategy over the years, and Richard Rumelt's book \"Good Strategy Bad Strategy\" (2011) is a great place to start. Richard defines a strategy as consisting of three parts:"}, {"type": "subtitle", "content": "The Improvement Kata"}, {"type": "sentence", "content": "This strategy framework makes more sense if you think about it as being an instance of the Improvement Kata. The strategy diagnosis is just like step 1: understanding the direction (and to a lesser extent step 2: establishing the current condition). The guiding policy is just like step 3: what is the next target condition that you seek to achieve? And the set of actions is just like step 4: gradually moving towards the target condition through daily action."}, {"type": "image", "content": "https://miro.medium.com/max/1062/1*fCk2lt8GNXEnR9Rq0odhLw.jpeg"}, {"type": "subtitle", "content": "An Example"}, {"type": "sentence", "content": "Let's look at a possible strategy for one of our examples above; let's imagine how Netflix may have gone about devising their initial approach to Streaming. (This is not necessarily the strategy that they actually used at the time.)"}, {"type": "sentence", "content": "There were likely several more initiatives, but you can see the tree-like structure in the layers above. There is usually a single diagnosis. This branches out to around two or three policies. And finally each policy may branch out to a small number of actions. If we fan out too rapidly then we lose our focus and ability to execute effectively on each action and thus the strategy as a whole, so it is important to maintain discipline and careful prioritization of the initiatives that we choose to pursue. Indeed Rumelt points out that too many simultaneous activities tends to induce poor focus and can easily lead to our strategy failing altogether."}, {"type": "sentence", "content": "One thing you'll notice about strategy is that it doesn't focus on target revenues as a prime directive. Instead it focuses on tangible things that we can actually do; the revenue numbers follow as a consequence of our actions. And it also contains a \"who\": just who is the customer that this strategy is designed for? Effective strategies focus on one group of people, for example individuals with high disposable income, retailers, technology early adopters, and so on. It's important to identify who experiences the pain most acutely, and target our strategy so that those people can succeed."}, {"type": "subtitle", "content": "Layer 3: Outcomes"}, {"type": "sentence", "content": "Our next layer down is Outcomes. \"Outcomes over Output\" is very fashionable at the moment, so let's see what that means. Traditionally, teams just focused on output, or building features. It was assumed that customers would naturally see the benefit of these features and buy (and use) the product. Only this didn't always happen. What often happened was that the myriad of features did not actually meet the needs and expectations of customers, but overwhelmed them instead, and thus remained unused."}, {"type": "sentence", "content": "So instead the focus has turned to outcomes. An outcome is a goal or objective that a customer is trying to achieve - it's a job that they are trying to do. If I sell cameras, my customer's outcome is to take great pictures. If I sell guitars, my customer's outcome is to make great music. Outcomes are easy to understand if you put yourself in your customers shoes: \"what am I trying to achieve today?\" As you can imagine, for this outcome layer we return to the customer's point of view."}, {"type": "subtitle", "content": "An Example"}, {"type": "sentence", "content": "Continuing our example of Netflix Streaming, what are some outcomes that a customer might have:"}, {"type": "sentence", "content": "You'll notice while we've described all these benefits that the customer receives, we have not yet described how any of them actually work! We will discuss that in the final layer. But the main message of this layer is to focus on goals that are most important to the customer, and prioritize those."}, {"type": "subtitle", "content": "Strategy and Outcomes Should Relate"}, {"type": "sentence", "content": "You might be wondering how outcomes tie in with the strategy that we devised in the previous layer. When we left the strategy, there was a set of coherent actions that we were going to work in order to realize the vision - projects or initiatives that we were going to actually do. Each of these actions should tie in with one more outcomes. If we have identified important outcomes that cannot be addressed within the scope of a strategic action, then we have missed an opportunity. If we have an action that contains no useful outcomes, then we are working on the wrong strategy!"}, {"type": "sentence", "content": "The Strategy and Outcome layers intersect with each other, and it may take several iterations to get a good fit. We may identify outcomes that we cannot act upon, e.g. they be part of a challenge that we simply cannot solve. Or we may identify a strategy that no one actually cares about (remember Juicero?) It may take several attempts to get this all working and meshing correctly - hence my comment earlier that good strategy is hard."}, {"type": "subtitle", "content": "Layer 4: Experiments"}, {"type": "sentence", "content": "Our final layer is Experiments. This is where we do the actual work - the specifications, designs, code, deployments, tests, evaluations and so on."}, {"type": "sentence", "content": "However, we cannot treat each piece of work as a \"given\", that is we cannot assume at its commencement that it will actually create the value that we identified in those layers above. Generation of value is our guide - we must constantly assess, iterate and improve the actual work so that it delivers on the promise of value that we made. And many times we will turn out to be wrong. Gibson Biddle said that only about half of Netflix's ideas turned out to be useful. So this final layer is treated as a series of experiments rather than a plan set in stone. This will allow us to try different things to pivot and adjust as needed in order to navigate towards our goal."}, {"type": "subtitle", "content": "The Improvement Kata"}, {"type": "sentence", "content": "Usually when we think about the Improvement Kata, we imagine it operating at this layer: the actual work layer. So let's see that in action."}, {"type": "subtitle", "content": "Why Experiments Rather Than Features?"}, {"type": "sentence", "content": "As mentioned above, when we commence our work we don't really know whether or not it will actually solve our customers' problem. We're taking a chance. Hence we treat it as a falsifiable experiment; we do the work, evaluate it, and then decide how to proceed. We may well find at the experiment's conclusion that our attempt didn't actually solve the problem at all, or that it was a roaring success, or indeed anywhere in between."}, {"type": "sentence", "content": "Marty Cagan writes that about half of our ideas don't end up working out, and the ones that do take several attempts to get right. So it behooves us to not get too attached or committed to individual experiments; to treat each one as expendable in the pursuit of the higher-level outcome. It's especially important to make these expectations clear, both to ourselves and to important stakeholders such as management, sales, or anyone with influence. This also means that we will have to deal with rework."}, {"type": "subtitle", "content": "Rework and Expectations"}, {"type": "sentence", "content": "On any meaningful project, rework is inevitable. We cannot know everything upfront to get it right the first time round, on every piece of work we do. When you think about creative work this makes sense: writing, music, film and TV - all these pursuits evolve from rough drafts through several rounds of refinement. Software is a creative work too. In many countries software is regarded as a literary work (e.g. in copyright law), so we should expect the same rules about refinement and improvement apply to it also."}, {"type": "sentence", "content": "The language that we use is important; it sets expectations. For example when a team \"accepts\" work into a Sprint, there is often an expectation that they have committed to it (you can read my view on this particular example here). What we want to do is make it clear that (a) no individual piece of work is guaranteed to succeed, (b) the work is in service of satisfying an outcome, and (c) multiple attempts or iterations are to be expected. What we want to do is shift the focus back to the Outcome being the primary deliverable that we assess progress and success against, so labeling this bottom-most layer as Experiments is a great way to do that. It makes them sound more \"expendable\", which they are."}, {"type": "subtitle", "content": "Putting it All Together"}, {"type": "sentence", "content": "Let's tie together our four layers to form a complete model:"}, {"type": "sentence", "content": "You can think of the set of actions in the Strategy layer as being projects or overarching initiatives. The Experiments contain the individual features or services that we want to try to build. Connecting the two is the Outcomes, which gives a two-way justification for both each feature (the experiment), and for the project overall (the strategy action)."}, {"type": "subtitle", "content": "Our Example"}, {"type": "sentence", "content": "Let's see our historical Netflix Streaming example all tied together (and just a reminder that these are my interpretations, not necessary what the company actually used at the time that they first built streaming). You can see how the layers tie together: the strategy realizes the vision, the outcomes determine the strategy, and the experiments realize the outcomes."}, {"type": "sentence", "content": "Vision (customer-centric)"}, {"type": "sentence", "content": "I can watch whatever I want, whenever I want. I'm never bored, and because it's a fixed price I never have to worry about the cost."}, {"type": "sentence", "content": "Strategy (business-centric)"}, {"type": "sentence", "content": "Outcomes (customer-centric)"}, {"type": "sentence", "content": "Experiments (business-centric)"}, {"type": "sentence", "content": "The actual work, i.e. features and systems that we will build, measure, and learn from in order to try to satisfy the Outcomes, for example:"}, {"type": "subtitle", "content": "Disseminate Widely!"}, {"type": "sentence", "content": "It's not enough to simply define the four layers above; we need to share those layers across our whole organization so that everyone knows the common goals and they work together rather than in different directions. This is the spot where many organizations fall over - their plan is not communicated and consistent, so the left hand does not know what the right hand is doing!"}, {"type": "sentence", "content": "Inevitably, we will need to adjust our plan as our business progresses. This is to be expected. Each time we adapt and improve, we also need to widely publish the updates."}, {"type": "subtitle", "content": "What About...?"}, {"type": "sentence", "content": "There are a few things we didn't cover, but are worth considering."}, {"type": "sentence", "content": "Positioning. Product positioning is a large topic in itself. Often it's left to the marketing department to figure out, but as you can see above the Vision and Strategy layers speak directly to positioning. I recommend reading \"Obviously Awesome\" by April Dunford; in it you will find many elements that speak directly to the Strategy elements above. In fact, I recommend following her product positioning steps as part of your strategy discussions."}, {"type": "sentence", "content": "Product Goals and Sprint Goals. The 2020 Scrum Guide describes these two goals. A Product Goal is the same as your product vision. A Sprint Goal is still the same thing - a progress goal for each Sprint - but from our Outcomes and Experiments layers we can see how to make the Sprint Goal far more customer-centric and less like \"implement all these features by the end of the Sprint\"."}, {"type": "sentence", "content": "Metrics. We haven't talked about how to measure the impact or success of your project within the four layers above. I've previously written about avoiding Agile Success Theatre in favor of metrics that actually measure business outcomes. Everything that we've talked about above is from the perspective of making a tangible difference to your business, rather than focusing on how much code you wrote last week. If you can measure the success of your initiatives above (e.g. customer engagement, customer sentiment) rather than focusing on velocity and story points then you will be well ahead."}, {"type": "sentence", "content": "Hypotheses. It has become fashionable to phrase features or outcomes a hypothesis statement. For example \"we believe that if we provide solution X then it will increase our customer retention by Y%; we will know this by seeing metric Z change by W amount.\" Since we are already dealing with Experiments, it becomes natural to phrase each one as a hypothesis to be proven or disproven. It's a good practice to get your mind in the headspace of identifying risk and verifying your initial hunch."}, {"type": "subtitle", "content": "Conclusion"}, {"type": "sentence", "content": "A common problem with many ways of defining product vision is that it bears little correlation to the work we are actually doing - the features that we actually deliver. So this means we are not actually creating the value that we think we are. Or maybe we treat the vision with skepticism, as in management espouse one ethos but tell us to build something quite different."}, {"type": "sentence", "content": "So we looked at a four layer model for product focus. The four layers are:"}, {"type": "sentence", "content": "By identifying and refining these four layers, we can focus our work so that everything we work on contributes in a meaningful way to our overall product vision. We should be able to see the connections all the way up and down the tree: an experiment should contribute to validating an outcome, an outcome should fulfill some part of our strategy, our strategy should realize our vision, and our vision should be a common purpose that our customers and our staff can all rally around."}, {"type": "sentence", "content": "You can see that the overall structure contains a considerable amount of detail, especially the Strategy layer. And you can see that it takes considerable work and iteration to get all these layers meshed and supporting each other well. We should not expect that this is a trivial exercise - it can take months or years of continuous improvement before we get it all right. But if you take the time to connect the dots all the way from your vision right down to your day-to-day deliverables, then you may unlock something remarkable: alignment."}, {"type": "image", "content": "https://miro.medium.com/max/188/0*2wJIrXCgtSTN_rKt"}], "topic": "ux", "uuid": "3dc3196383cda0905c4f150a767ced3838ae3ec8cadc7620f035ab02", "link": "https://uxdesign.cc/a-four-layer-model-of-product-focus-dcb09bf1ff42"}