{"title": "VCVC is the EV Sector's New Exciting SPAC on the Block", "data": [{"type": "image", "content": "https://miro.medium.com/max/2102/1*NMfvN--RNSk9korkLf8_2A.jpeg"}, {"type": "sentence", "content": "No matter where your investing interests lie, it's impossible to ignore the growing influence that electric vehicle companies are having on the market. With the astounding success of Tesla and an increasing global emphasis on renewable energy and environmentalism, the sector is experiencing a veritable gold rush as companies race to claim a piece of the rapidly expanding pie. Some of these companies are seeking to go public via SPAC merger. One of the most recent to throw their hat in the ring is an Israeli manufacturer of EV components."}, {"type": "sentence", "content": "SPAC VCVC (10X Capital Venture Acquisition Corp) just recently found a merger partner in REE Automotive. REE describes themselves as:"}, {"type": "sentence", "content": "Based out of Tel Aviv, Ree was founded in 2013 and currently has around 100 employees. They have developed two key products - \"the REEcorner integrates all traditional vehicle components into the arch of the wheel and thus carrying the REEboard - a completely flat and modular electric platform.\" Their most significant innovation is that their modular platform puts the guts of the vehicle, typically under the hood, in the wheel bay, opening up entirely new design possibilities for future car models. In total, they hold in excess of 60 patents on their proprietary products; an important hurdle for any company looking to take next steps in their growth."}, {"type": "sentence", "content": "In particular, their Reeboard is set up in a way that the chassis of the vehicle looks like a skateboard. Right now, the design is believed to be best geared towards commercial vehicles, but their goal to continue improving and developing dynamic products earned them a BloombergNEF Pioneer award in 2020. REE's CEO Daniel Barel explained his company's mission to Motortrend:"}, {"type": "sentence", "content": "A completed merger should give REE in excess of $500 million in gross proceeds and they project to have revenue exceeding $19 billion by 2026. It will also place the valuation of the company at $3.1 billion. This will be a gradual rollout, as the additional funds will be used to accelerate the mass-production of their two proprietary products with the anticipated start date around 2023. In other words, once they get their feet under them, they expect to be sprinting."}, {"type": "sentence", "content": "It's reported that to date, Ree Automotive is in receipt of around $1.5 billion in orders for the components it manufactures. Big-time customers include Mitsubishi, KYB Corp, Musashi Seimitsu and Mahindra, an Indian-based automaker that will use their order as part of a production project that will result in 250,000 electric vehicles."}, {"type": "sentence", "content": "The VCVC SPAC is sponsored by investment firm 10X Capital's head, Hans Thomas. Once they complete the merger, they are expected to retain at least a 20% stake in the company, which will trade under the ticker symbol REE."}, {"type": "sentence", "content": "SPACs are hot. EV companies are hotter. Since the news of the collaboration, VCVC stock has jumped, currently sitting at $14.95 per share. Investors will likely need to view this with a long-term eye, as the company is currently projecting profitability by 2024. However, with the way they expect to grow post-merger, their balance sheet could buff up quickly."}, {"type": "sentence", "content": "With the realm of EV exploding with players and opportunities, each one must be evaluated closely in the effort to pick investing winners. Ree has developed desirable products that could be transformative for electric car makers and are taking the aggressive next step in their journey by going public via a SPAC merger. They have truly laid their cards on the table and are betting that they have a bright future. Only time will tell if investors will agree."}, {"type": "sentence", "content": "DISCLAIMER: The author is not a financial advisor or expert. The opinions expressed in this article are intended for general entertainment purposes only. They are not intended in any way to provide specific advice or recommendations for any individual or on any specific security or investment product. Individual investors are responsible for their own money and investment decisions and should always do their own due diligence before investing. The author holds a small position in the holding(s) discussed in the article."}, {"type": "sentence", "content": "IF YOU ARE LOOKING FOR A STOCK TRADING PLATFORM, SIGN UP FOR WEBULL: You will receive free stock(s) from signing up through this referral link and making a minimum deposit of $100. I recently joined WeBull and love it. I will also get a free stock if you sign up."}], "topic": "economy", "uuid": "3e6d1c354ca82c81849c1d7c9c6748a7aa72e4b817d5e551c20c687f", "link": "https://medium.com/datadriveninvestor/vcvc-is-the-ev-sectors-new-exciting-spac-on-the-block-246133488dc3"}