{"title": "She Needed to Find Her Own Definition of \"Peace\"", "data": [{"type": "image", "content": "https://miro.medium.com/max/11232/0*Sz4P8xT0NwSS4k74"}, {"type": "sentence", "content": "Ashley blinked back hot tears. She hadn't expected to be so emotional. Rob had been gone for three months. It was time to move on. She gritted her teeth. At first there had been denial, then a soul-crushing sadness. She thought she'd gotten to the acceptance stage, but no. Today, she was stuck on anger and bitterness at the unfairness of it all."}, {"type": "sentence", "content": "Ashley packed up the golf clubs and reinforced the box with packing tape before slapping the mailing label on the side. She'd gotten a good price. They were PINGs and the leather bag was signed by Rory McIlroy. She wrestled the heavy package to her porch next to the pile due to be picked up for delivery. She wasn't paying the extra charge for an at-home pick-up. That fee was passed on to the buyers. Having to lug everything to a drop-off location wasn't worth the hassle."}, {"type": "sentence", "content": "Just in time, she thought, watching the big, brown truck lurch into her driveway. She walked back in the house, not wanting to waste time making small talk. She slid the back of her wrist across her sweaty forehead and took a long drink from her water bottle."}, {"type": "sentence", "content": "When she heard the squeal of the wheel axles, she went back outside and heaved open the garage door. The tables were set up, but she wanted to bring miscellaneous items out into the driveway to draw in potential customers cruising by."}, {"type": "sentence", "content": "She pulled out the weight bench, but left the weights stacked inside. The kayak wasn't heavy, just awkward. The hunting blind was easy to handle. She popped it up by the portable basketball hoop. The fishing poles were laid flat next to the tackle boxes."}, {"type": "sentence", "content": "Ashley glanced down at her clipboard and checked a few more things off her list. She was glad the neighbor bought the paddleboard last week. No need to have two."}, {"type": "sentence", "content": "She checked her watch. It was only 9:30 and already several cars were parking along the road. Early birds. She'd been forewarned that would happen. No matter. She was ready."}, {"type": "sentence", "content": "She pasted on a smile and made her voice sound chipper. \"Hi there! Everything is marked, but I will consider any reasonable offers.\""}, {"type": "sentence", "content": "One woman veered toward the clothing folded on tables."}, {"type": "sentence", "content": "Ashley called out to her, \"All I have is men's clothing.\""}, {"type": "sentence", "content": "\"I'm looking for my grandson,\" the lady said, picking up a pair of cowboy boots."}, {"type": "sentence", "content": "\"Those are size 12,\" Ashley said. \"They're ostrich. Practically brand new and bargain priced. As for any of the clothing, feel free to take whatever you want. No charge.\""}, {"type": "sentence", "content": "The woman's eyes widened, and she nodded to the clothes rack. \"Even those? The suits and ties?\""}, {"type": "sentence", "content": "\"You bet,\" Ashley said. She wanted to believe it was out of kindness, but in truth, she just wanted the clothes gone."}, {"type": "sentence", "content": "Rob, she realized, bought only the best. The last week had been exhausting, trying to price everything. She'd been pleasantly surprised how much the big-ticket items went for on Craig's List and eBay."}, {"type": "sentence", "content": "They'd had plenty of arguments about money. Rob always told her she didn't appreciate the value of things."}, {"type": "sentence", "content": "Ashley had always countered material possessions weren't important. It was the intangible things in life that mattered. Stuff like love, trust, and honesty."}, {"type": "sentence", "content": "Still, she had to admit she didn't mind how her bank account balance had inflated since she started selling all his belongings. It was enough to treat herself to a vacation and a few other luxuries she'd been denying herself. Now that she was on her own, she realized it was time to start pampering herself for a change, instead of worrying about anyone else. This new way of thinking was liberating and healing."}, {"type": "sentence", "content": "By noon, most of the items for sale had been wiped out. The street signs and ad in the newspaper had paid off. On a lark, this morning, she'd announced on FaceBook she was conducting an everything-must-go sale. Then she listed several \"teasers\" like the Ray-Ban sunglasses, the meat smoker, and the drone. Those were the first things to go."}, {"type": "sentence", "content": "At this rate, she'd be able to shut the sale down early, get cleaned up, and meet the girls for happy hour. She called that a win."}, {"type": "sentence", "content": "Her skin prickled when she heard the distinctive rumbling of a V8 engine. Her heart slammed against her chest when a blue metallic Camaro roared up the drive and screeched to a stop."}, {"type": "sentence", "content": "She winced. Here we go!"}, {"type": "sentence", "content": "Rob jumped out of the car and slammed the door. His face was cherry red and the vein in his temple thrashed up and down as if there were a wild animal trapped in his head."}, {"type": "sentence", "content": "Ashley swallowed hard and took a deep breath. \"Hey, Rob, what's up?\" Her tone was breezy."}, {"type": "sentence", "content": "Rob brought his hands up to his ears as if putting his skull in a vice. \"What in the actual -\""}, {"type": "sentence", "content": "\"What?\" Ashley said, crossed her arms over her chest. She tapped her foot. \"I told you I wanted your stuff out of here months ago. You're a little late.\""}, {"type": "sentence", "content": "\"How dare you!\" His mouth was opening and closing like a fish out of water."}, {"type": "sentence", "content": "Ashley reached for her cigarettes on a nearby table and lit one, knowing he loathed the habit. \"This ain't no storage unit.\" She held up a hand when it seemed he was about to speak. \"It's not my fault you're a lying, cheating dirtbag. You were kicked out because you couldn't resist that little tramp from your office. You shoulda taken your things before I changed the locks.\""}, {"type": "sentence", "content": "Rob was breathing hard through his nose."}, {"type": "sentence", "content": "She thought he looked like an angered bull and giggled."}, {"type": "sentence", "content": "Rob massaged his neck. \"I told you it was an accident!\" He sounded like he was explaining something to a small child.  \"An accident?\" She snorted. \"What happened? Did she trip over her high heels and fall on your dick?\""}, {"type": "sentence", "content": "Rob gazed to the heavens and mumbled curse words. Then, he leveled his eyes with hers. \"You had no right to sell my stuff. No right!\""}, {"type": "sentence", "content": "\"I didn't sell all of it! There's a few T-shirts left, and a couple ball caps. Besides, you had no right to lie to me. To have an affair. I caught you in our bed for crying out loud. That was the first thing I sold!\""}, {"type": "sentence", "content": "\"I don't believe this,\" he muttered, clenching and unclenching his fists. \"You owe me, Ash! I want every penny back that I gave you each month to pay the house payment for two years! That still won't cover the value of everything I deserve, but it'll be a good start,\" he growled."}, {"type": "sentence", "content": "Ashley blew a cloud of smoke in his face and shook her head. \"Nooo, I don't see that happening. It's my house. Consider that money you gave me your rent payment.\""}, {"type": "sentence", "content": "His back straightened. \"You're a real piece of work, aren't you? I'll see you in court! But while I'm here, I'll take the engagement ring back.\" He held out his hand."}, {"type": "sentence", "content": "Ashley flinched and twisted the pendant on her necklace. \"Uh, that's not happening either. If you recall, you gave it to me for Christmas. According to the lawyer I am dating now, that makes it a gift - therefore mine to keep.\" She took her hand down."}, {"type": "sentence", "content": "The two-carat diamond pendant sparkled in the sunlight."}, {"type": "sentence", "content": "\"You melted it down? You're dating a lawyer?\" He bent over and supported himself by putting his hands on his knees."}, {"type": "sentence", "content": "Ashley stepped closer. \"Are you hyperventilating? Should I call 9-1-1? Do you need a brown paper bag?\" When he didn't answer, she wandered into the garage and started putting miscellaneous items in a large, cardboard box until it overflowed. She set it at his feet and pulled the door down."}, {"type": "sentence", "content": "Rob stood up slowly. \"Can I at least get my skiis? Then, I will leave. But this isn't over, Ashley.\""}, {"type": "sentence", "content": "\"Hmm ... all your ski equipment was bought by your friend. I think Jake is his name? Ya know, the one you always said you were out with when you were actually with her?\""}, {"type": "sentence", "content": "Rob's face turned grey. \"The ski bag, too?\""}, {"type": "sentence", "content": "Ashley smiled. \"Yep! But don't worry. I found that wad of cash you stashed in your helmet bag. You were always hiding something, weren't you, Rob?\" She made a tsk-tsk sound and started up the sidewalk, toward her front door."}, {"type": "sentence", "content": "\"I can't believe you did this to me!\" Rob hollered."}, {"type": "sentence", "content": "\"Ditto,\" she called, over her shoulder. When she reached the porch, she yelled, \"Remember how you always put me down? Made me feel worthless?\""}, {"type": "sentence", "content": "\"I'm sorry for that! We can still work this out!\" Rob cried, starting to follow her."}, {"type": "sentence", "content": "She stepped inside and spun around, watching him run towards her. She let him get to the stoop and she whispered, \"You found a piece on the side that made you happy. The peace I've found since you've been gone makes me ecstatic.\""}, {"type": "sentence", "content": "He opened his mouth to speak."}, {"type": "sentence", "content": "She shut the door in his face."}, {"type": "sentence", "content": "She needed to take a shower."}, {"type": "sentence", "content": "It was almost happy hour, and the girls were waiting."}, {"type": "sentence", "content": "Keep reading for more of Tracy's twisted tales!"}, {"type": "sentence", "content": "If you aren't in the mood for sweet and sappy, rest assured, this ain't no love story:"}, {"type": "sentence", "content": "Paul was too boring for his cheating, adrenaline-junky wife. But there was nothing he could do about it, right?"}, {"type": "sentence", "content": "Tired of being the \"other woman,\" Erica plots to get her competition out of the way:"}], "topic": "fiction", "uuid": "3fa5b254ad2abbeeb8999ed9106c063446744ee4aaf579981a4cd732", "link": "https://psiloveyou.xyz/she-needed-to-find-her-own-definition-of-peace-9b6c4d59ecd8"}