{"title": "Traveling Light: Leave Your Baggage at Home", "data": [{"type": "image", "content": "https://miro.medium.com/max/11628/0*JFPhw45Jf3-LrXZ4"}, {"type": "sentence", "content": "Remember in-flight magazines, the only source of entertainment in those dark days when you couldn't use electronics during take-off and landing?"}, {"type": "sentence", "content": "I read a story in one once that I think of every single time I travel. It was about an American who had to have surgery just before flying to Paris for a week. His doctor cleared him to travel but he wasn't allowed to carry anything. Not even so much as a shoulder bag."}, {"type": "sentence", "content": "Rather than cancel the trip, he set off with only the clothes on his back, passport in one pants pocket and wallet in the other. It turned out to be the best trip of his life."}, {"type": "sentence", "content": "I'd love to credit the author or even just the airline magazine but it was at least a decade ago so while I've never forgotten the article the details have been mixed and mingled with my ongoing fantasies of following in his footsteps."}, {"type": "subtitle", "content": "Would you go on a trip carrying nothing?"}, {"type": "sentence", "content": "Imagine boarding a plane for another country. You have nothing with you but the clothes you are wearing, a passport, cash, and credit cards. You find your seat and that's it. There is no jostling for overhead bin space, no shoving your laptop bag under the seat in front of you, no pulling out your novel and starting to read."}, {"type": "sentence", "content": "You entertain yourself with people watching feeling a bit smug with how unencumbered you are."}, {"type": "sentence", "content": "You sail through the airport and customs. There is no digging in your bag for your passport, no struggling with your carry-on in the tight quarters of the public toilets. You jump on public transit and begin exploring the city immediately, no need to stop off at the hotel to settle in first."}, {"type": "sentence", "content": "As you explore you take everything in. There is no pulling out your phone trying to capture the perfect shot. No texting someone back home or posting to social media. No pulling up the web to research your next move."}, {"type": "sentence", "content": "You are fully in the moment, accepting what comes your way without striving to create the experience you imagined."}, {"type": "sentence", "content": "You walk through some shops truly \"just browsing\" for the first time in your life. You can't purchase anything unless it can be consumed on the spot or worn on your body. You don't buy any souvenirs or gifts for people back home. Pretty quickly you stop even looking in shops unless they sell food and you are hungry."}, {"type": "sentence", "content": "When you are tired you head toward your hotel. There is no temptation to slip back into the comforting routines and people of home because there is no way to do so. You can watch local TV or you can go to sleep. You disrobe, washing your underwear in the sink and drape it on the radiator to dry overnight."}, {"type": "sentence", "content": "In the morning, you put on your clothes from the night before and head out for a new and completely unencumbered adventure."}, {"type": "sentence", "content": "The man in the article had some pretty serious restrictions from his doctor. If we did this trip, we'd be free to decide what guidelines we were going to place on ourselves."}, {"type": "sentence", "content": "I've devoted many hours to this fantasy over the years mostly while packing for trips, as I squirmed on a plane trying to find a comfortable space for my feet next to my budging bag, waiting forever for my suitcases to appear on the luggage carousel, and standing in a queue for the hotel shuttle and then struggling to lift my heavy bag up the steps."}, {"type": "sentence", "content": "Here are the areas you will need to think seriously about before setting off on this trip. If you don't decide ahead of time you will face a lot of angst during your travels as you regularly confront whether something is or is not allowed."}, {"type": "subtitle", "content": "To phone or not to phone: That is the question"}, {"type": "sentence", "content": "This is the real biggie. The original article was from before the time of smart phones. If you decide to go completely phone-free it will be a very different experience."}, {"type": "sentence", "content": "The advantages of no phone are a completely novel experience of living in the moment. Rather than looking up bus schedules, opening times, and directions, you will be at the mercy of your memory from any pre-trip research and whatever you happen upon. You won't be spending any time looking up restaurant reviews or weighing your various options."}, {"type": "sentence", "content": "You also won't be able to communicate with anyone not in your immediate vicinity. If you get stuck or lost you will be relying on the kindness of strangers to help you out."}, {"type": "sentence", "content": "Allowing yourself to carry a phone opens up the ability to research on the go and makes getting yourself to specific locations in a timely fashion much easier. It also offers you the ability to document the experience through photos and note taking."}, {"type": "sentence", "content": "If you are prone to worrying about making the most of your time while traveling, it might be highly refreshing to be freed from the option of research. If you are a writer or an influencer, maybe a trip where you are forced to just experience things with no ability to document it in real time is exactly the vacation you need to reset your creative juices."}, {"type": "sentence", "content": "Only you know yourself what kind of trip you are aiming for. Going with or without a smartphone is going to vastly change the experience. Make a pros and cons list then choose your own adventure."}, {"type": "subtitle", "content": "Clothing and toiletries"}, {"type": "sentence", "content": "How hardcore you are going to be about clothing depends on your budget, your location, and your tolerance levels. If I recall correctly, the man in my original story wasn't even able to carry new clothing purchased at a shop. Instead, he washed out his underwear each evening and aired out the rest of his clothes."}, {"type": "sentence", "content": "When he couldn't bear to wear an outfit anymore he purchased then changed into the new clothing right at the shop leaving his old clothing in the trash."}, {"type": "sentence", "content": "What about necessary hygiene products such as toothpaste, a toothbrush and deodorant? A nicer hotel might supply these products gratis but you may need to purchase them."}, {"type": "sentence", "content": "Are you going to allow yourself to purchase clothes to wear while on the trip? Do you want to buy a few necessities to use during your trip and then leave them behind? Maybe you want to stuff an extra pair of undies and a toothbrush in your jacket pocket before you leave home."}, {"type": "sentence", "content": "Obviously how long of a trip you are taking will determine how important of an issue this is going to be for you."}, {"type": "subtitle", "content": "Where to go and for how long?"}, {"type": "sentence", "content": "Do you want to ease yourself into this experiment and choose a place you have visited before? Will you go foreign or domestic? Do you speak the language fluently or not at all? City or countryside?"}, {"type": "sentence", "content": "How long will your trip be? A weekend getaway will be much easier than traveling for a week or more."}, {"type": "sentence", "content": "All these choices will contribute greatly to the difficulty level of your challenge. Consider your personality. Are you a jump into the deep end sort of person? Or are you a more cautious type who wants to stretch yourself just enough but not so far you can't enjoy it."}, {"type": "subtitle", "content": "Bring nothing back but the memories"}, {"type": "sentence", "content": "Will you allow yourself to fly home with a shopping bag of clothes and other items acquired during the trip.? Or maybe pay the postage to mail yourself the perfect item you found at the bazaar? It's your trip. You make the rules and you can break them."}, {"type": "sentence", "content": "Personally, I like the idea of coming home with nothing but memories, of forcing myself to remain empty-handed from departure to arrival."}, {"type": "subtitle", "content": "Journey alone or together?"}, {"type": "sentence", "content": "Will this be a solo trip or a joint venture? There are pros and cons either way. A companion will give you someone to process the experience with as you are living it. On the other hand, maybe baggage free for you means considering only your own needs and desires."}, {"type": "sentence", "content": "If you choose to travel with a partner it is probably best if you are both all in on the no baggage plan. Else you run the risk of simply using the traveler with no restrictions to ease your way around your self-imposed guidelines, likely leading to resentment on both sides."}, {"type": "subtitle", "content": "Why haven't you taken this trip already?"}, {"type": "sentence", "content": "I've been thinking through the details of a baggage-free trip for years now but have never done it. Whenever I have had time available, I've taken that time with my spouse. He is pretty horrified by the entire idea and I haven't managed to talk him around yet."}, {"type": "sentence", "content": "But it is on my bucket list and I do hope to try a solo trip baggage free once the world is safe again."}, {"type": "sentence", "content": "What about you? Are you game to give it a go? I hope you do and come back to tell us all the story of how it worked out for you."}, {"type": "image", "content": "https://miro.medium.com/max/2700/0*tBkeAsX0kViidQ0e"}, {"type": "sentence", "content": "Sign up for our new newsletter to stay informed with up-to-date curations from our editors:\ud83d\udc47"}], "topic": "travel", "uuid": "3ff95f20ec3ec6bd89ed1b08db68af34cb2b665f74ef683af4a582c0", "link": "https://medium.com/world-travelers-blog/traveling-light-leave-your-baggage-at-home-8b722fe6aa0a"}