{"title": "5 Surprising Things Mindful People Don't Do", "data": [{"type": "image", "content": "https://miro.medium.com/max/8576/0*tNmQ3mZYtLTnN3Wx"}, {"type": "sentence", "content": "In today's busy world, most people rush through their days on autopilot. They jiggle countless projects and accept their overloaded minds and busy schedules as if it's normal."}, {"type": "sentence", "content": "They're so used to being overwhelmed that they don't even question whether there's another option."}, {"type": "sentence", "content": "If this reality sounds familiar to you, you probably think of being calm and mindful as a personality trait rather than a skill. Yet, the truth is that even the busiest mind can learn how to be more present and aware."}, {"type": "sentence", "content": "Whatever the cause for your busyness is, you are in charge of managing your time, energy, and focus."}, {"type": "sentence", "content": "Just like you chose busyness, you can also select mindfulness and create a more balanced life. And the reality is that quite often, being more mindful is about the things you avoid rather than the things you add to your life."}, {"type": "sentence", "content": "By identifying and eliminating the following activities, you might be able to find more joy in priceless moments that previously seemed insignificant."}, {"type": "subtitle", "content": "They don't ignore their own needs"}, {"type": "sentence", "content": "Most people confuse mindfulness with kindness. They think that mindful people can't disagree and say no but instead say yes and amen to anything and everybody."}, {"type": "sentence", "content": "But the truth is that mindfulness equals harmony."}, {"type": "sentence", "content": "If you're aligned with yourself, you can indeed say no to people, projects, and activities that don't match your current needs or wants."}, {"type": "sentence", "content": "To show up in your best version and be present in your daily life, you'll need to fill your own cup instead of constantly pleasing others. This includes taking care of yourself mentally but also physically by engaging in activities that help you refill your own cup."}, {"type": "sentence", "content": "While many people think of self-care as a privilege, the reality is that it's a necessity. If you don't take proper care of yourself, you won't be able to perform at your best but instead operate on autopilot."}, {"type": "sentence", "content": "As Katie Reed beautifully states:"}, {"type": "subtitle", "content": "What to do instead:"}, {"type": "sentence", "content": "Investing in your own wellbeing will help you be more present and mindful. This, in return, will have a positive effect on your relationships too as you'll be able to give back to your fellows. Just make sure you prioritize yourself before saying yes to the wants of others."}, {"type": "sentence", "content": "Take a few minutes to answer the following questions:"}, {"type": "sentence", "content": "The truth is that there are endless ways to take care of yourself if you're open to exploring new activities."}, {"type": "sentence", "content": "Self-care doesn't equal luxurious massages and overpriced chai lattes. Instead, it's all about nourishing your soul, body, and mind through small steps."}, {"type": "subtitle", "content": "They don't force themselves into mindful activities"}, {"type": "sentence", "content": "Contrary to common belief, being mindful doesn't equal doing yoga or meditating for hours."}, {"type": "sentence", "content": "In fact, it's the opposite: Mindful people stay present in everyday situations even when they get bombarded with lots of information."}, {"type": "sentence", "content": "As Eckhart Tolle beautifully states:"}, {"type": "sentence", "content": "Of course, routines like meditation, journaling, or yoga can help you practice mindfulness. But what matters more is your behavior when facing challenges outside of these routines."}, {"type": "sentence", "content": "A few calm minutes during a daily meditation routine are nice, but if you can't deal with everyday challenges, these quiet minutes won't help you much."}, {"type": "subtitle", "content": "What to do instead:"}, {"type": "sentence", "content": "Instead of forcing yourself to meditate, try to pay more attention to your feelings during daily challenges."}, {"type": "sentence", "content": "These situations prove whether you're mentally strong and mindful or not."}, {"type": "sentence", "content": "So stop forcing yourself into the next 30-day meditation challenge and spend more time exploring your emotions and behavior during daily activities."}, {"type": "subtitle", "content": "They don't talk before listening"}, {"type": "sentence", "content": "Did you know that most people don't know how to listen properly?"}, {"type": "sentence", "content": "Instead of genuinely listening to our conversation partner, we often think of what we're going to reply before the other person is done talking."}, {"type": "sentence", "content": "That's partly because most people love speaking. Listening, however, is difficult because we all enjoy sharing our own stories and perspectives."}, {"type": "sentence", "content": "Next time you're in a conversation with a group of friends or colleagues, pay close attention to the dynamic: How often does someone interrupt the speaker? How many people genuinely listen to the conversation instead of adding their own two cents?"}, {"type": "sentence", "content": "You'll likely discover that most people are constantly excited about chatting rather than understanding their fellows. That's a natural reaction because most of us like getting attention."}, {"type": "sentence", "content": "Mindful people, however, are great listeners. They don't interrupt their conversation partner but instead pay attention without thinking of their perspective."}, {"type": "subtitle", "content": "What to do instead:"}, {"type": "sentence", "content": "The good news is that you don't need to reply immediately, even if you're in a phone call or a face-to-face meeting."}, {"type": "sentence", "content": "You can listen to your conversation partner and take a few seconds to gather your own thoughts before replying. That might sound odd, but let's be honest: We all have a few spare seconds to think before we react. And the reality is that your replies will be of higher quality if you think them through instead of rushing them."}, {"type": "sentence", "content": "This will not only help you be more mindful but will also improve the quality of your conversations and relationships."}, {"type": "subtitle", "content": "They don't try to be everybody's darling"}, {"type": "sentence", "content": "Mindful people know that they can't please everyone and themselves."}, {"type": "sentence", "content": "If you constantly try to be all things to all men, you'll not only find yourself feeling burnt out, but you'll also lack the time and energy to do the things that genuinely matter."}, {"type": "sentence", "content": "Here's the harsh reality on time-management most people learn too late in life: Nobody will guard your time if you don't do so."}, {"type": "sentence", "content": "And the truth is that most people only care about themselves."}, {"type": "sentence", "content": "It's likely that your colleague or customer doesn't care whether you need to pull an all-nighter to finish a project. All they care about is whether they can minimize their own effort and get what they want. What you do doesn't really matter."}, {"type": "sentence", "content": "That's why it's your job to guard your boundaries."}, {"type": "sentence", "content": "Instead of please everyone, focus on pleasing yourself and creating rules aligned with the way you want to live your life."}, {"type": "sentence", "content": "If you constantly feel overworked and stressed, you won't be able to enjoy the present moment. Don't expect yourself to give 110% all the time. You're not a robot, you need and deserve breaks."}, {"type": "sentence", "content": "And if other people don't give you these breaks, you need to demand time and space by setting your own rules instead of living according to their standards."}, {"type": "subtitle", "content": "What to do instead:"}, {"type": "sentence", "content": "One of the most effective ways to be more intentional about your decisions regarding other people's desires is by taking more time to reply."}, {"type": "sentence", "content": "Next time you get asked to do additional work or a favor to someone, take your time before replying."}, {"type": "sentence", "content": "Our habit of responding immediately often harms us because the easiest answer is saying yes."}, {"type": "sentence", "content": "Saying no, however, takes time and courage, so allow yourself to think your decisions through."}, {"type": "subtitle", "content": "They don't suppress their emotions"}, {"type": "sentence", "content": "A common misconception is that mindfulness equals cheerfulness. Yet that's not true. You can be mindful and sad, angry, or frustrated."}, {"type": "sentence", "content": "Being mindful means allowing your emotions to be present, even if these are negative emotions."}, {"type": "sentence", "content": "And even though mindfulness helps you experience less of these feelings, it doesn't mean that you need to go through life with a big smile on your face."}, {"type": "sentence", "content": "Mindfulness isn't about being a robot but about being your best self, including your not-so-positive emotions."}, {"type": "subtitle", "content": "What to do instead:"}, {"type": "sentence", "content": "Mindful people don' try to be cheerful all the time. Instead, they allow themselves to experience the full range of emotions, including the uncomfortable ones."}, {"type": "sentence", "content": "So stop trying to suppress your feelings and embrace them as a vital part of your life. Allow them to be your teacher instead of your enemy."}, {"type": "sentence", "content": "One of the most powerful ways to explore your emotions is journaling."}, {"type": "sentence", "content": "By writing down your thoughts and feelings, you're getting them out of your mind and onto a piece of paper."}, {"type": "sentence", "content": "This makes it easier to better understand yourself and brainstorm solutions for potential challenges."}, {"type": "subtitle", "content": "Final thoughts"}, {"type": "sentence", "content": "In today's massively connected and overstimulated world, being slow and mindful can be your superpower. Instead of engaging in the past or future, mindful people focus on fully experiencing the present moment."}, {"type": "sentence", "content": "To thrive in the 2021st century, you'll need to detach from the desire to be and do everything and instead focus your energy on a few things that genuinely matter."}, {"type": "sentence", "content": "Stop operating on autopilot and start taming your mind by avoiding the five things mindful people don't do:"}, {"type": "sentence", "content": "Wanna become your best self? Grab your free Personal Growth Toolkit."}], "topic": "mindfulness", "uuid": "42be4c229d5df932056b1595d2ab66dcca700aebbf3b09b03b016663", "link": "https://medium.com/personal-growth/5-surprising-things-mindful-people-dont-do-67c1321246e1"}