{"title": "I say \"potato\", you say \"potato\" - Nomenclature in design systems", "data": [{"type": "sentence", "content": "Nomenclature is a system of naming within a discipline or specific field. Simply put, it's the names we give things within a system. The result of good nomenclature is a shared language understood by everyone."}, {"type": "subtitle", "content": "First things first"}, {"type": "sentence", "content": "Design can't operate in a vacuum. Good design relies on designers collaborating with others outside of their department. Who do they mainly collaborate with? Engineers."}, {"type": "sentence", "content": "Designers often speak a different language than engineers. For example, let's imagine a designer wants to change the colour of a button on an interface. The company's brand colour happens to be teal."}, {"type": "image", "content": "https://miro.medium.com/max/3036/1*N9RK3jgboM4XlYhE6TAd3Q.png"}, {"type": "sentence", "content": "The engineer implements the change, it's not to the designer's expectations, and revisions are necessary. That whole ordeal could've been avoided with - you guessed it - nomenclature."}, {"type": "sentence", "content": "Had they come up with a name that was first assigned some parameters - in this case, a hex value - and then communicated throughout the company, this would've been avoided and this process would have taken 5 minutes rather than an hour of back and forth."}, {"type": "sentence", "content": "Colour is such a simple example, but the analogy can easily be carried to any component that exists in your design system; from foundational elements like headings to molecular components like inline banners."}, {"type": "sentence", "content": "Imagine a world where an engineer can build a screen after a designer simply draws out a napkin sketch with their component names listed. The time savings make me so giddy!"}, {"type": "subtitle", "content": "Getting to a common language"}, {"type": "sentence", "content": "Getting to a shared common language company-wide should be one of your first considerations when building a design system since the time it saves compounds as you scale team size and components. Establishing a common language can be as simple as a few designers and engineers getting into a room and hashing things out."}, {"type": "sentence", "content": "Here's a workshop you can do in one hour:"}, {"type": "image", "content": "https://miro.medium.com/max/4288/1*hX91QmNw0ilmjQE7wH-FfQ.png"}, {"type": "sentence", "content": "As with anything design system related, getting to a common language is an ongoing process and will take some time. You may need to run this workshop a couple times if you have a lot of components. Once you've established a common language, I guarantee your efforts will pay off in dividends!"}], "topic": "design", "uuid": "44cb19d98c7b6076446a93fe786a52f1ff8fc9f9922b38fb19d82af1", "link": "https://dustinweeres.medium.com/i-say-potato-you-say-potato-nomenclature-in-design-systems-8ea5dff99bbf"}