{"title": "The Most Important Self-Care Is All The Things You Dread", "data": [{"type": "image", "content": "https://miro.medium.com/max/10000/1*-JQrgZPvHiYtgWBEeUrAuA.jpeg"}, {"type": "sentence", "content": "\"The doctor will call you from 11.30,\" said the tired-sounding receptionist."}, {"type": "sentence", "content": "\"Great: 11.30,\" I replied."}, {"type": "sentence", "content": "\"No from 11.30,\" she repeated."}, {"type": "sentence", "content": "\"Oh I see, but like from 11.30 to what sort of time?\" I said, feeling silly."}, {"type": "sentence", "content": "\"I'm afraid I can't tell you,\" she replied shortly, and she hung up."}, {"type": "sentence", "content": "I'm quite alarmingly nervous of doctors and doctor's receptionists at the best of times. When I know I have an appointment coming up, I don't sleep as well, my heart races, my palms sweat and my stomach gets confused. It doesn't matter what I have to talk to the doctor about: it could be something as intimate as thrush or innocuous as a sore thumb, I'll still be a wreck."}, {"type": "sentence", "content": "In pandemic life, it's somehow worse. They could apparently call at any moment, like say when I'm eating soup or on the toilet. And if after the call they decide I need to go in, then I have to mask up and hope for the best in surgery of sick humans; worse still, if they decide I need to go to the hospital, I have to take my chances there. Having already knocked out nearly 3 months of my life with Covid last year, I'm in no hurry to do it again."}, {"type": "sentence", "content": "When I first heard of self-care it was from influencers buying themselves extravagant bouquets and taking complicated baths. I remember one who even posted herself greetings cards that said things like \"You're amazing\" on the front."}, {"type": "sentence", "content": "I thought it looked privileged and a bit silly. Nevertheless, somewhere along the way I caved and used self-care as an excuse to buy organic facemasks and candles romantically named things like \"Old Library\" and \"Last Light\"."}, {"type": "sentence", "content": "This didn't last long. While these treats gave me a hit of pleasure, they didn't reach deep (except perhaps into my bank account). It occurred to me I'd misunderstood what it meant: self-care is really about looking after yourself mentally, spiritually and physically and less about buying stuff. I came across this quote from author Anne Lamott, and it resonated:"}, {"type": "sentence", "content": "I started to look after myself better. I felt more rested and began to enjoy all the little things I could give myself, many of them free. I went for long walks, drank coffee in patches of sunlight by open windows, spent whole afternoons block-carving while crime fiction novels played on Audible. It was a revelation. Even so, with all the unsolved worries I still had zipping around my head like pinballs, my core happiness remained unchanged."}, {"type": "sentence", "content": "Unfortunately, it turns out self-care also includes doing all the things I loathe in the present but could make or break my future."}, {"type": "sentence", "content": "I may not want to explain the minutiae of my embarrassingly human body to a doctor or submit myself to poking and prodding, but I'm lucky to have access to help and I'd be neglecting myself if I didn't take it. Similarly, I've never grown to look forward to my 40 minutes of daily exercise, but if I don't force myself out for a walk, my mental health suffers. I'll also never likely enjoy the anxiety associated with submitting short stories or articles to magazines, but doing so keeps me aligned with my values and dreams, and future me may well be glad I made the effort."}, {"type": "sentence", "content": "And yet, there's a lot of happiness to be found in the relief of confronting our least-favourite tasks and methodically eliminating our worries. I used to keep trying to add things into my life for increased happiness. Better clothes! More hobbies! More self-care activities! Now, I'm starting to wonder if happiness is actually my natural state, what's left when my fears are taken away."}, {"type": "sentence", "content": "Think about it: how would you feel right now if you'd spent today finally addressing all the niggling worries and unfinished projects hanging over you? Would you feel even better than if you'd spent it doing the nourishing self-care activities you love?"}, {"type": "sentence", "content": "When we approach self-care this way, it's also rooted in trust. Between starting and finishing this story, my doctor called and I was able to have my telephone appointment. Yes, I need to go in for further checks; perhaps I'll even have to have tests at the hospital. Nevertheless, I feel lighter just for getting started down the path to addressing a worry. Every time I solve a problem or worry, I grow more confident in my ability to look after myself."}, {"type": "sentence", "content": "Self-care is a balance between nourishing myself in the present and living in the moment and looking after my interests in the future. And I have to accept the most important self-care is nearly always the things I least want to do."}], "topic": "mindfulness", "uuid": "4567eefd9b7e4a0cc345c0edbba9a6069251bef2e39633f60f48126a", "link": "https://psiloveyou.xyz/the-most-important-self-care-is-all-the-things-you-dread-b41dae26b055"}