{"title": "Be the Leader to Create More Leaders", "data": [{"type": "image", "content": "https://miro.medium.com/max/13440/1*cmmejC4QXozruLbXeJJveQ.jpeg"}, {"type": "sentence", "content": "The term \"leader\" can be problematic. Some of us hear the word a lot but we don't necessarily know what it means. As a leadership coach, I help people find their strengths and unique voice to perform better at work, develop stronger relationships, and amplify their growth + impact at the organization. Yet I also hear from many people that they're not leaders because:"}, {"type": "sentence", "content": "One of the most important parts of leadership is the relationships you cultivate. The most important one being the relationship with yourself. In context of relationships, leadership is:"}, {"type": "sentence", "content": "If you're not sure what lights you up or what constitutes a good leader, think about the bosses you've had in your life. Which one of them was a fantastic boss? What part of their leadership would you like to incorporate into yours?"}, {"type": "sentence", "content": "It may be more common to remember bad bosses. Can you think of all your terrible, micromanaging bosses and the things you hated about them? What parts of their leadership do you want to stay away from? You can use these examples from your life, and more importantly, your reaction to these bosses to define your leadership values and what lights you up."}, {"type": "sentence", "content": "One of the best bosses I ever had gave me two pieces of leadership advice:1. Hire people smarter than you and who think differently than you. 2. Create more leaders around you to work yourself out of a job."}, {"type": "sentence", "content": "You want a smart, diverse team to be able to see your way around problems and find innovative, creative solutions. You want to work yourself out of a job so that you develop your team and create other leaders. This allows you to go on vacation without worries, remove yourself from being the bottleneck, and also start succession planning. Working yourself out of a job eventually opens up enough space for you to find different activities and scope that light you up and then... you're on the path of working yourself into a new job."}, {"type": "sentence", "content": "There are two key ways to start creating more leaders: Delegation and Asking for Help."}, {"type": "subtitle", "content": "Delegation"}, {"type": "sentence", "content": "We often become leaders because we get very good at accomplishing things, whether it's executing on projects/processes, working with people, or contributing to the organization at some larger level. Over time, as highly performant people, we get to a stage where if we hold on to every single thing, we get overwhelmed and overworked-there is always more work to do. Yes, there is the process of prioritization which we all try to do. And sometimes there is still too much very important work to get done."}, {"type": "sentence", "content": "This is where delegation comes in."}, {"type": "sentence", "content": "As a leader, you know what lights you up and you know what lights up the people around you. Be a matchmaker and stop doing the things that don't light you up. Instead, give them to the people who want more opportunity, especially if it lines up with what lights them up."}, {"type": "sentence", "content": "It's hard to delegate. You have to give up your control and your one right way of doing things. And it's this process of letting go, of eliminating the certainty of doing it yourself, that provides autonomy and creates more leaders. You can put in guardrails. You can help the person with defining the goals/outcomes and teach them how you've done the thing. However, give them some autonomy to do it in their own way and provide both the support to let them succeed and the space to let them make mistakes and learn."}, {"type": "sentence", "content": "Part of the leadership process is to SEE/DO/TEACH. You first observe someone else doing it, or do your own third party research to figure out an unknown thing. Next you do it yourself. Figure out what works for you, learn from your mistakes and from others around you. Finally, teach it to someone else. See what resonates for them and what confuses them. Try telling them another way until it clicks. Watch them as they do it themselves, and provide the support they ask for. SEE/DO/TEACH cements the continuous learning process."}, {"type": "subtitle", "content": "Asking for Help"}, {"type": "sentence", "content": "For many people who follow the servant leadership philosophy and who exist to support their teams and others around them, asking for help can be difficult. Yet, can you think of the last couple of times when someone asked you for help and you were so excited and eager to say YES because the help was easy for you to do, it was something that lights you up, and it genuinely felt good to help someone else?"}, {"type": "sentence", "content": "Asking someone else for help is offering them a gift."}, {"type": "sentence", "content": "If you know what lights them up, you will always strengthen the relationship. Asking for help shows your vulnerability, acknowledges their expertise, and overall builds more trust in the relationship."}, {"type": "sentence", "content": "Leaders can stop doing everything themselves and create more leaders around them by asking for help."}, {"type": "subtitle", "content": "Bottom-Line"}, {"type": "sentence", "content": "We may not always think of ourselves as a leader, and that's OK. We can continue to do the work to become more of a leader both personally and professionally. Start delegating and asking for help to be the leader who creates more leaders."}, {"type": "sentence", "content": "Hello! I'm your host, Tutti Taygerly. I've spent 20+ years in product design & technology, leading teams at startups, design agencies, and large tech companies. I left Facebook in summer 2019 to focus on leadership coaching full-time. I write weekly about topics related to design & coaching. If you're curious about coaching and how it could unblock your life, come learn more."}], "topic": "leadership", "uuid": "467ab49faa8684bc1b6e0054b09bc5b13d54a801249a60c012585900", "link": "https://medium.com/curious/be-the-leader-to-create-more-leaders-9a0169419625"}