{"title": "10 Must-Know Python Topics for Data Science", "data": [{"type": "image", "content": "https://miro.medium.com/max/8064/1*wpdkkit6xN1EdirSc-gmqg.jpeg"}, {"type": "sentence", "content": "Python is dominating the data science ecosystem. What I think the top two reasons for such dominance are being relatively easy to learn and the rich selection of data science libraries."}, {"type": "sentence", "content": "Python is a general purpose language so it is not just for data science. Web development, mobile application and game development are some use cases for Python."}, {"type": "sentence", "content": "If you are using Python only for data science related tasks, you do not have to be a Python expert. However, there are some core concepts and features that I think you must have in your possession."}, {"type": "sentence", "content": "What we cover in this article is not library-specific. They can be considered as base Python for data science. Even if you are only using Pandas, Matplotlib, and Scikit-learn, you need to have a comprehensive understanding of Python basics. Such libraries assume you are familiar with Python basics."}, {"type": "sentence", "content": "I will briefly explain each topic with a few examples and also provide a link to a detailed article for most of the topics."}, {"type": "subtitle", "content": "1. Functions"}, {"type": "sentence", "content": "Functions are building blocks in Python. They take zero or more arguments and return a value. We create a function using the def keyword."}, {"type": "sentence", "content": "Here is a simple function that multiplies two numbers."}, {"type": "sentence", "content": "Here is another example that evaluates a word based on its length."}, {"type": "sentence", "content": "Functions should accomplish a single task. Creating a function that performs a series of tasks defy the purpose of using functions."}, {"type": "sentence", "content": "We should also assign descriptive names to functions so we have an idea of what it does without seeing the code."}, {"type": "subtitle", "content": "2. Positional and keyword arguments"}, {"type": "sentence", "content": "When we define a function, we specify its parameters. When a function is called, it must be provided with the values for the required parameters. The values for parameters are also known as arguments."}, {"type": "sentence", "content": "Consider the multiply function created in the previous step. It has two parameters so we provide values for these parameters when the function is called."}, {"type": "sentence", "content": "When a function is called, values for positional arguments must be given. Otherwise, we will get an error. If we do not specify the value for a keyword argument, it takes the default value."}, {"type": "sentence", "content": "Let's redefine the multiply function with keyword arguments so we can see the difference."}, {"type": "subtitle", "content": "3. *args and **kwargs"}, {"type": "sentence", "content": "Functions are building blocks in Python. They take zero or more arguments and return a value. Python is pretty flexible in terms of how arguments are passed to a function. The *args and **kwargs make it easier and cleaner to handle arguments."}, {"type": "sentence", "content": "Here is a simple example:"}, {"type": "sentence", "content": "By default, **kwargs is an empty dictionary. Each undefined keyword argument is stored as a key-value pair in the **kwargs dictionary."}, {"type": "sentence", "content": "Here is a simple example:"}, {"type": "subtitle", "content": "4. Classes"}, {"type": "sentence", "content": "Object oriented programming (OOP) paradigm is built around the idea of having objects that belong to a particular type. In a sense, the type is what explains us the object."}, {"type": "sentence", "content": "Everything in Python is an object of a type such as integers, lists, dictionaries, functions and so on. We define a type of object using classes."}, {"type": "sentence", "content": "Classes possess the following information:"}, {"type": "subtitle", "content": "5. Lists"}, {"type": "sentence", "content": "List is a built-in data structure in Python. It is represented as a collection of data points in square brackets. Lists can be used to store any data type or a mixture of different data types."}, {"type": "sentence", "content": "Lists are mutable which is one of the reasons why they are so commonly used. Thus, we can remove and add items. It is also possible to update the items of a list."}, {"type": "sentence", "content": "Here are a few examples on how to create and modify a list."}, {"type": "subtitle", "content": "6. List comprehension"}, {"type": "sentence", "content": "List comprehension is basically creating lists based on other iterables such as lists, tuples, sets, and so on. It can also be described as representing for and if loops with a simpler and more appealing syntax. List comprehensions are relatively faster than for loops."}, {"type": "image", "content": "https://miro.medium.com/max/1600/0*mz_qXtDq8-EDcI9q.png"}, {"type": "sentence", "content": "Here is a simple list comprehension that creates a list from another list based on a given condition."}, {"type": "sentence", "content": "The following list comprehension applies a function to the items in another list."}, {"type": "subtitle", "content": "7. Dictionaries"}, {"type": "sentence", "content": "Dictionary is an unordered collection of key-value pairs. Each entry has a key and value. A dictionary can be considered as a list with special index."}, {"type": "sentence", "content": "The keys must be unique and immutable. So we can use strings, numbers (int or float), or tuples as keys. Values can be of any type."}, {"type": "sentence", "content": "Consider a case where we need to store grades of students. We can either store them in a dictionary or a list."}, {"type": "image", "content": "https://miro.medium.com/max/900/0*JBcM4kawFMWjWhuW.png"}, {"type": "sentence", "content": "One way to create a dictionary is writing key-value pairs in curly braces."}, {"type": "sentence", "content": "We can access a value in a dictionary using its key."}, {"type": "subtitle", "content": "8. Sets"}, {"type": "sentence", "content": "A set is an unordered collection of distinct hashable objects. This is the definition of a set in the official Python documentation. Let's open it up."}, {"type": "sentence", "content": "We can create a set by putting objects separated by a comma in curly braces."}, {"type": "sentence", "content": "Sets do not contain repeated elements so even if we try to add same elements more than once, the resulting set will contain unique elements."}, {"type": "subtitle", "content": "9. Tuples"}, {"type": "sentence", "content": "Tuple is a collection of values separated by comma and enclosed in parenthesis. Unlike lists, tuples are immutable. The immutability can be considered as the identifying feature of tuples."}, {"type": "sentence", "content": "Tuples consist of values in parenthesis and separated by comma."}, {"type": "sentence", "content": "We can also create tuples without using the parenthesis. A sequence of values separated by comma will create a tuple."}, {"type": "sentence", "content": "One of the most common use cases of tuples is with functions that return multiple values."}, {"type": "subtitle", "content": "10. Lambda expressions"}, {"type": "sentence", "content": "Lambda expressions are special forms of functions. In general, lambda expressions are used without a name."}, {"type": "sentence", "content": "Consider the following function that returns the square of a given number."}, {"type": "sentence", "content": "The equivalent lambda expression is:"}, {"type": "sentence", "content": "Consider an operation that needs to be done once or very few times. Furthermore, we have many variations of this operation which are slightly different than the original one. In such case, it is not ideal to define a separate function for each operation. Instead, lambda expressions provide a much more efficient way of accomplishing the tasks."}, {"type": "subtitle", "content": "Conclusion"}, {"type": "sentence", "content": "We have covered some key concepts and topics of Python. Most data science related tasks are done through third-party libraries and frameworks such as Pandas, Matplotlib, Scikit-learn, TensorFlow, and so on."}, {"type": "sentence", "content": "However, we should have a comprehensive understanding of basic operations and concepts of Python in order to efficiently use such libraries. They assume you are familiar with the basics of Python."}, {"type": "sentence", "content": "Thank you for reading. Please let me know if you have any feedback."}], "topic": "data-science", "uuid": "469a5bcc27ed88d7579793559bf69457bef6fe4e5f6c3c4d50a781ef", "link": "https://towardsdatascience.com/10-must-know-topics-of-python-for-data-science-9ce36a5b9681"}