{"title": "How To Get Into the Habit of Meditation", "data": [{"type": "image", "content": "https://miro.medium.com/max/8000/1*FWDuHypQPgE9fknxwNK7pw.jpeg"}, {"type": "sentence", "content": "Meditation is a powerful and transformative practice. I can go on and on about how beneficial it's for the soul, mind, and body."}, {"type": "sentence", "content": "But my intention here is to show you a couple of steps to take today to start meditating and turn it into daily practice. And then see its effectiveness yourself."}, {"type": "subtitle", "content": "Choose the type of meditation you will practice"}, {"type": "sentence", "content": "Meditation can be practiced through two techniques - focused or mindfulness. But there are many forms of meditation."}, {"type": "sentence", "content": "Some of them are mindfulness meditation, Vipassana meditation, guided meditation, transcendental meditation, visualization meditation, and Zen meditation."}, {"type": "sentence", "content": "Have a look at each kind of meditation there is and see which one sparks your interest. And practice that one at first."}, {"type": "sentence", "content": "When I started meditating a few years ago, I found guided meditation to be very useful for a beginner like me who didn't know how to meditate. Now I also practice mindfulness meditation every day."}, {"type": "sentence", "content": "You can find many meditations for beginners on YouTube to help you get started on this practice. And meditation apps like Calm and Headspace are handy too."}, {"type": "subtitle", "content": "Make a meditation plan for 21 days or more"}, {"type": "sentence", "content": "Studies show you need 21 days to create a habit and 90 days to create a lifestyle."}, {"type": "sentence", "content": "In the beginning, treat meditation like a task that you have to complete each day until it becomes a habit. You can meditate any time of the day, but you have to make time for it. Schedule your meditation the day before or in the morning."}, {"type": "sentence", "content": "Usually, when you start a new practice, there will be days when you will not feel like putting in the work. You might tell yourself that you'll try it later or the next day. That's procrastinating. And because the brain doesn't like change, you may keep postponing it until you'll lose all your interest in meditating and then give up."}, {"type": "sentence", "content": "Willpower is vital here. And it's also essential to motivate yourself every day. Just think how you'll feel after your meditation - calmer, full of gratitude, and content that you completed this task for the day."}, {"type": "sentence", "content": "Follow these steps and try meditation today. Repeat tomorrow and keep on. Meditation works, and you'll see its effects in your life."}], "topic": "mindfulness", "uuid": "47ede3c277aa618687eacf00114c0aa85b53a881a2f8ce430956ecb5", "link": "https://medium.com/2-minute-madness/how-to-get-into-the-habit-of-meditation-e4b9e3e15bc"}