{"title": "How to download and visualize your Twitter network", "data": [{"type": "image", "content": "https://miro.medium.com/max/1602/1*4gQnyj7i9viMW3NCrulfiA.png"}, {"type": "sentence", "content": "Social Network Analysis (SNA) is an incredibly interesting field of research in itself as well as a useful skillset for data scientists to apply to other fields. In this tutorial, we will use a Python package, Tweepy, to download Twitter data from the Twitter API and another Python package, NetworkX, to build a network out of that data and run some analysis. Finally, we will use Gephi to visualize the network."}, {"type": "subtitle", "content": "What is SNA?"}, {"type": "sentence", "content": "According to Wikipedia,"}, {"type": "sentence", "content": "It has made its way into virtually every field - again, according to Wikipedia:"}, {"type": "subtitle", "content": "Plan for this tutorial"}, {"type": "sentence", "content": "Twitter offers a free REST API to stream data in realtime and download historical data in chunks. Jaime Zornoza has written some great tutorials on using the API for both streaming and downloading data, so if you're looking to get started with using the API, I'd suggest going through those first."}, {"type": "sentence", "content": "To get started, we will build a network using my personal Twitter account (@ stevehedden). To do this, we'll start with a list of all of my followers (about 450). Then we'll get all of the followers of those 450 accounts. To save time, for accounts with more than 5,000 followers, I will only scrape the first 5,000 of their followers."}, {"type": "sentence", "content": "First, we need to import the Tweepy and pandas packages."}, {"type": "sentence", "content": "Then we need to enter our Twitter API credentials. If you don't have these already, you will need to go to https://apps.twitter.com/ and \"create an app\". After you create an app, go to \"Keys and Tokens\" to get your tokens."}, {"type": "sentence", "content": "With Tweepy, we can use these credentials to connect to the Twitter API and begin downloading data. The following code just uses the credentials entered above to connect to the API. Since we are going to be downloading pretty big datasets it is important to specify some parameters when we initialize the API. We set 'wait_on_rate_limit' and 'wait_on_rate_limit_notify' to True. There are rate limits when downloading data from Twitter - you can only make a limited number of download requests to the API in a given time frame. By setting these parameters to True, we won't break the connection to the API when we hit these limits. Instead, we'll just wait until the timeout ends and we can continue downloading data."}, {"type": "sentence", "content": "To start the data download, we will get all of the followers from an individual user. To get this, you need the user ID of the user. You can get the user ID of a user if you know their screen name using the code below."}, {"type": "sentence", "content": "My user id is: 1210627806"}, {"type": "sentence", "content": "A network consists of nodes (or vertices) and links (or edges). For this network, we will use individual user accounts as nodes and followers as links. Our goal, therefore, is to create an edge DataFrame of user IDs with two columns: source and target. For each row, the target follows the source. To start, we want to list all of my followers as targets."}, {"type": "image", "content": "https://miro.medium.com/max/896/1*sxPoawyIMRNpOGCIpDRDlQ.png"}, {"type": "sentence", "content": "The screenshot above shows the structure of the DataFrame we want to create. The first column, the \"source\", is my user ID (1210627806) and the second column, the \"target\", are all of my followers."}, {"type": "sentence", "content": "The following code creates a list of my 450 followers."}, {"type": "sentence", "content": "Now that we have a list of all the followers we can put them into a DataFrame."}, {"type": "sentence", "content": "But this is not a very interesting network. To visualize this simple network, we can use the NetworkX package to convert the DataFrame into a graph or network."}, {"type": "sentence", "content": "Then we plot the graph using matplotlib."}, {"type": "sentence", "content": "The code above renders the following visual - not very interesting."}, {"type": "image", "content": "https://miro.medium.com/max/1198/1*bylzPjKEcCJ7muu87if9Mw.png"}, {"type": "sentence", "content": "What we really want is to get all of the followers of these 450 users. To do this, we will loop through the list of all those 450 users, get their followers, and add those links to the original DataFrame. This is the code that will take a very long time to run because of the rate limits."}, {"type": "sentence", "content": "This code is very similar to the code above in that it gets all the followers of a given user ID. The major difference is that instead of feeding in just one account, we are looping through all 450 accounts that follow me. Another difference is that if an account has more than 5000 followers, we only take the first 5000 followers. This is because of the way the API works. Each API request will only return 5000 accounts. So if we want all followers from an account that has, say, one million followers, we would need to make 200 individuals requests."}, {"type": "sentence", "content": "Because of the rate limits, I left this running overnight to get all the data. It makes 15 API requests, then has to wait for 15 minutes, then makes another 15 requests, and so on. So it can take a long time."}, {"type": "sentence", "content": "Once this is done running, you should have a csv with all of the edges of the network. I wrote this all to a csv just so that if it breaks while running I still have all the edges already scraped."}, {"type": "sentence", "content": "Now read the csv and turn the df into a graph using NetworkX."}, {"type": "sentence", "content": "Once the data has been converted to a graph, we can run some basic network analytics."}, {"type": "sentence", "content": "There are 716, 653 nodes in my network!"}, {"type": "sentence", "content": "We can also find the most influential nodes in the network using centrality measures. The most simple measure of centrality is Degree Centrality, which is just a function of the number of connections each node has. The following code finds the number of connections each node has i.e. the degree of each node and sorts them in descending order."}, {"type": "sentence", "content": "The node in my network with the highest degree is node 37728789 or @ TheSolarCo. TheSolarCo has a degree of 5039. 5000 of these connections are the 5000 followers of this node that we scraped. But this means there are 39 additional connections - meaning TheSolarCo follows 39 accounts that follow me. To get the username of an account given the user ID use the following code, similar to how we got our user ID above."}, {"type": "sentence", "content": "Because the network is so big now (over 700K nodes), any analytics will take a long time to run and any visualization will be a complete mess. For the rest of this tutorial, we will filter the network down to a more manageable number of nodes. We do this using the k_core function of NetworkX. The k_core function filters out nodes with degree less than a given number, k. In this example, I set k equal to 10, which reduces the number of nodes in the graph to about 1000."}, {"type": "sentence", "content": "With this smaller graph we can easily do some network analytics. We start by splitting the graph into groups using a community detection algorithm."}, {"type": "sentence", "content": "We need to run the degree centrality code again now that our network is smaller."}, {"type": "sentence", "content": "Now that we have the nodes split into groups and the degree of each node, we combine these into one DataFrame."}, {"type": "sentence", "content": "Now your DataFrame should look something like this."}, {"type": "image", "content": "https://miro.medium.com/max/426/1*Phu24E65cv2QB8DNtnd_ZQ.png"}, {"type": "sentence", "content": "Now we can visualize this graph using the following code."}, {"type": "sentence", "content": "This should create graph that looks something like this."}, {"type": "image", "content": "https://miro.medium.com/max/1440/1*Jbybrq7s-oc2TSvAMLx7cg.png"}, {"type": "sentence", "content": "What a mess. I'm sure there are ways to make that visual look better using matplotlib, but at this point, I always just export the files to csv format and use Gephi to visualize. Gephi is an open-source network analysis and visualization software. You should be able to easily install it for free from their website. It's pretty easy to get started and allows for some really beautiful visualizations. If you have never used Gephi, here is a good tutorial to get started from Luca Hammer."}, {"type": "sentence", "content": "To use Gephi, first you need to export the node list and the edge list as csv files."}, {"type": "sentence", "content": "You can follow the Gephi tutorial I mentioned above to import these files into Gephi and start visualizing your network. Here is what mine looks like."}, {"type": "image", "content": "https://miro.medium.com/max/1602/1*4gQnyj7i9viMW3NCrulfiA.png"}, {"type": "sentence", "content": "Hopefully, you were able to follow along without too many issues. If you do have issues or if you feel like I've missed anything, leave a comment below and I'll respond."}, {"type": "sentence", "content": "Good luck!"}], "topic": "data-science", "uuid": "4bbb1280388b1fc8b8c3c7af7103df647f25a07e863bdfd5d91acb6d", "link": "https://towardsdatascience.com/how-to-download-and-visualize-your-twitter-network-f009dbbf107b"}