{"title": "Rest in pieces, phonebloks", "data": [{"type": "sentence", "content": "The obsolescence of an object has likely to do with the failure of just one of its components, which leaves the remaining, potentially operational parts unusable."}, {"type": "sentence", "content": "For this reason, it would make way more sense to design objects that are easier to repair or implement by simply and fairy switching their elements."}, {"type": "sentence", "content": "Our smartphones have increasingly become SOC-based black boxes, impossible to repair except - in very limited cases - at a cost to the final user that is even higher than that of producing the entire device. Hence a very bad habit of premature replacement is crystallising: while design has perfectly planned the reciprocal position of each individual component to minimise space and thickness, it is in no way favouring repairability, which is nowadays still considered a negligible value - indeed, the opposite of policies of quick turnover market, the only one left in a now mature sector."}, {"type": "image", "content": "https://miro.medium.com/max/8308/1*AvBA0q9K1O54rsjo03XFcQ@2x.jpeg"}, {"type": "sentence", "content": "Back in 2013, with great foresight, Dutch industrial designer Dave Hakkens - then just graduated from Design Academy Eindhoven, now merged in the One Army collective - introduced the breakthrough Phonebloks concept, a modular smartphone open platform conceived from the ground up to reduce electronic waste."}, {"type": "sentence", "content": "By attaching individual plug-in components called \u00abbloks\u00bb to a mainboard, any user would create a bespoke, personalized smartphone. These bloks could be replaced at will to switch a broken module, to upgrade an existing blok, or to expand the functionality of the whole device in a specific direction."}, {"type": "sentence", "content": "Phonebloks was a clever and promising brainchild, later merged into Google's more corporate-friendly \"Project Ara\" via Motorola, with a corollary of conferences, developer sessions, and funding campaigns. But in 2016 the Mountain View juggernaut - which was increasingly abandoning investments in hardware, maybe just to focus on private data-mining business - suddenly pulled the plug, pushing into oblivion a serious attempt to conceive a product as a real open system, deeply customisable and able to stand the test of time."}, {"type": "image", "content": "https://miro.medium.com/max/1920/1*CqMkcpcGEOOPfWgEceZsmA@2x.jpeg"}, {"type": "sentence", "content": "There have been other attempts since then, most recently the Fairphone, trying to include a degree of sensible modularity in their DNA, but all seem to pointlessly mimic the form-factor of their monolithic equivalents, yet never embracing a greater, necessary boldness."}, {"type": "sentence", "content": "We don't know how interested people will be in something that can be taken apart and put back together as easily as a jigsaw puzzle. (Google, for example, determined that Ara was not a topic of interest to the market)."}, {"type": "sentence", "content": "And since the idea was not even born at all, we do not even know how interested third parties would be in producing the individual modules applicable to the canvas core of the device, and how successful this open platform criterion would be in a world increasingly locked into proprietary systems protected by a zillion patents. Yes, we are completely unaware of how much room such a concept could have in a market where services are massively replacing physical products, so that it is much easier to have an up to date new smartphone every year owned by an external rental company that does not even pay taxes in our own continent."}, {"type": "sentence", "content": "Yes. But."}, {"type": "sentence", "content": "But if we continue to design everything according to what people want - or, worse, according to what corporates think people want, especially if these corporations have no big ambitions to overturn the status-quo... - flattening ourselves to the lowest common denominator, we will have fewer and fewer opportunities to move forward, beyond popular acclaim. Fewer options to perhaps design what will be likely even better for all, including ourselves as a part of the whole. Doing all this without necessarily neglecting the right revenue, but also without necessarily forcing people to buy a new object - and throw away an old one - every time they simply want more functions, more autonomy, or to repair a part that does not affect the rest."}, {"type": "sentence", "content": "The rise and oblivion of Phonebloks, its cold fusion with Project Ara, and its decommissioning teach us precisely why good independent ideas should not be placed in the hands of large corporations. At least not right away. Because it will be all too easy for these embryonic concepts to be stretched with too many compromises, and subtly pushed with a worldview that certainly does not belong to the people who first thought them up. Or, worse still, dropped off in the street - preferably keeping the patents, just in case - as soon as the smell of blood arrives from other directions."}, {"type": "sentence", "content": "Nevertheless today, in a world of monolithic, fragile black crystals and rogue copies, Hakkens' Phonebloks concept is still a beacon for a deeper and truly-radical design, capable of dealing with how things work, instead of being superficially satisfied with how things look like."}, {"type": "sentence", "content": "The best design dares to take a long view, beyond the present. The best design is such because it takes on its shoulders the effort to go above mediocrity."}, {"type": "sentence", "content": "As Dave Hakkens had rightly imagined, there is still out there, yet to be uncovered, a sweet spot where the need for a profitable business model, a scalable, fair, multibrand supply chain, a state-of-the-art coherence and reliability, but also, and above all, the right to things designed to be long-lasting and repairable can finally - and hopefully - collide."}, {"type": "image", "content": "https://miro.medium.com/max/188/0*r6zlHD_SasvIFv9L"}], "topic": "design", "uuid": "4fbf72d2b335f9c8fadd6e2b2e4c5d6029f54a0fbd41ac2e846be2ec", "link": "https://uxdesign.cc/rest-in-pieces-2a0f48b1c2df"}