{"title": "10,000x", "data": [{"type": "sentence", "content": "My ideas may be controversial (to some) or stupid (to others), but my goal here was always to spark some curiosity, potential joy or just a discussion."}, {"type": "sentence", "content": "I believe designers should write more, because expressing complex ideas is the best way to better communication. And my outlook has always been that communication is one of the biggest problem our little industry faces."}, {"type": "sentence", "content": "Even when I'm poking fun at \"UX\", I do it because I love. There are times that it can get frustrating, but I was always hoping for a positive change. That's why I started to share what I know (and yes, mostly for free)."}, {"type": "sentence", "content": "I want that change to happen, but I also want us, designers to be a little bit less serious."}, {"type": "sentence", "content": "Big shoutout to UX Collective Editors \u27a1\ufe0f Fabricio Teixeira Caio Braga for amplifying my little voice and their useful, helpful and friendly approach."}, {"type": "sentence", "content": "Thank you for helping me find my way and becoming a better designer. This community, united under a polar bear is one of the best things that happened to me in my over 20 year long career."}, {"type": "sentence", "content": "\ud83d\ude4f"}, {"type": "subtitle", "content": "Reading list"}, {"type": "sentence", "content": "So if you're new here here's 5 of my popular articles and one unpopular that I think is likely one of the most important ones. I'll start with the unpopular (but important) one."}, {"type": "subtitle", "content": "And here's my top 5:"}, {"type": "sentence", "content": "Thank you! If you're a junior designer and if you have any questions, you can always reach out to me on Twitter: www.twitter.com/michalmalewicz"}, {"type": "sentence", "content": "I'm here to help."}], "topic": "design", "uuid": "4fd482766a73cdb4ce3cb5cc0f13a5c4624796e797301da495d1ace6", "link": "https://medium.com/swlh/10-000x-40ca700bc658"}