{"title": "Don't Wait: 5 Ways to Jump-Start a Career Change", "data": [{"type": "image", "content": "https://miro.medium.com/max/11520/1*9bYj4ir7l4QBu-sRRPNliQ.jpeg"}, {"type": "sentence", "content": "My husband and I spent a few weeks binging on Shark Tank, admiring all the intrepid entrepreneurs risking their life savings on an idea. They were so sure their product or service would succeed that they were willing to risk it all."}, {"type": "sentence", "content": "There are many stories of start-ups that began from nothing, often selling their wares out of their cars or garages."}, {"type": "sentence", "content": "My husband and I have been firmly entrenched in the middle-class category, making an average teaching salary in the U.S. and internationally. We always felt we could do more, but we never felt confident to take a risk on an idea."}, {"type": "sentence", "content": "Somewhat unexpectedly, I have made a career shift that has left me unsure, excited, and nervous. Instead of relying on my comfortable teaching salary, I am finally doing what I have always wanted to do - research and write."}, {"type": "sentence", "content": "It's taken me years to have the guts to try to make it as a writer, and I have spent hours making excuses for why I could never make it."}, {"type": "sentence", "content": "The conditions were never right. It took my husband telling me at one point, \"You just have to grind it out. Put it in the work. Don't wait for the right time.\""}, {"type": "sentence", "content": "For most people who start a new business or try to make it as a freelancer, the conditions are never perfect. Sometimes we embark on a career change because we have to, and sometimes we create a business out of a garage out of necessity."}, {"type": "sentence", "content": "Either way, it is your responsibility to create your own conditions for success."}, {"type": "subtitle", "content": "Just Start (Writing, Creating, Selling, Building, etc.)"}, {"type": "sentence", "content": "The hardest part of making a career switch is starting something new. It feels foreign to go to work in a new place or venture into previously unknown territory."}, {"type": "sentence", "content": "I have been paralyzed with the overwhelming situation of too many decisions when deciding how to embark on a writing career."}, {"type": "sentence", "content": "I spent hours reading articles about blogging, freelancing, creating websites, and making money. Each of these topics created a spiral of information that would suck me into the depths of the internet."}, {"type": "sentence", "content": "When I resurfaced, I was positive that all of this newness was not for me. I knew that WordPress was better for a website, but the learning curve was too steep. I knew that selling my writing would require learning about marketing and SEO, but I was too nervous to try."}, {"type": "sentence", "content": "Ultimately, entrepreneurs and freelancers spend too much time learning about their idea before actually buckling down and just doing it."}, {"type": "sentence", "content": "If I want to be a writer, then I need to write. That's where I start."}, {"type": "sentence", "content": "If you want to sell something, then you need to sell it. That's it."}, {"type": "sentence", "content": "Ultimately, I decided to make a list of priorities for my new career. I made a list of short- and long-term goals that listed all of the directions I could go but didn't need to at this very moment."}, {"type": "sentence", "content": "I put onto paper the many, many ideas I have had, saving them for when I would be ready to move in a particular direction."}, {"type": "sentence", "content": "The first priority for any new workday is to write. Even if I don't submit a piece or have a particularly strong outline. I sit down, and I write. That's my first task. The other tasks, like marketing on social media or searching for new freelance opportunities, come second. Writing is the skill I need to grow first."}, {"type": "sentence", "content": "If you want to try something new, try it. Don't become paralyzed by the fear of \"what if\" one year or five years down the road. Just start. That's the first step."}, {"type": "subtitle", "content": "Avoid Information Overload"}, {"type": "sentence", "content": "As a researcher and overall curious person, I like to know everything there is to know about something before I commit."}, {"type": "sentence", "content": "This means I spend too much time Googling and not enough time producing content. There is danger in information overload."}, {"type": "sentence", "content": "It can cause us to second-guess our intentions, especially when we read conflicting advice."}, {"type": "sentence", "content": "When I begin researching relentlessly on a topic, such as building a website, I become so overwhelmed with choices that I have to close my laptop and walk away."}, {"type": "sentence", "content": "This means I have lost the opportunity to produce a great piece of writing because I was researching something that I didn't yet need."}, {"type": "sentence", "content": "Your productivity will be affected by information overload. We all experience this with social media, work emails, and advertisements encroaching on our brains all at once."}, {"type": "sentence", "content": "After deciding to just start already, it is just as important to avoid too much information that detracts from the primary task at hand."}, {"type": "sentence", "content": "One way I combat information overload is to create lists and goals that I refer to when I open my laptop to work."}, {"type": "sentence", "content": "I use Google Keep to organize my notes and ideas, and I never start working until I review what I am trying to accomplish."}, {"type": "sentence", "content": "Keeping track of short- and long-term goals, as well as a prioritized To-Do list, keeps me from getting sidetracked by items that can be completed after I have finished writing for the day."}, {"type": "subtitle", "content": "Stick to a Schedule"}, {"type": "sentence", "content": "Finding time to start something new seems impossible. But there is time; there is always time. It's up to you to prioritize how you choose to spend your time."}, {"type": "sentence", "content": "It seems obvious that we should schedule our work time, but this can be hard to do when starting a brand-new business venture or freelancing job."}, {"type": "sentence", "content": "I was becoming overwhelmed with all of the tasks I wanted to complete, feeling like I didn't have enough hours in the day."}, {"type": "sentence", "content": "I commented to my husband that I needed to add another 40-hour workweek to my calendar to accomplish my goals."}, {"type": "sentence", "content": "I now diligently schedule the times when I will write or work on other tasks, using Google Keep and Calendar to keep me honest."}, {"type": "sentence", "content": "I know when I will do my writing next week, and I know when I will spend time on other tasks such as building an audience and updating social media."}, {"type": "sentence", "content": "It's easy to engage in off-task behaviors when starting something that is different from your usual work schedule."}, {"type": "sentence", "content": "It's vital to have a plan, and organizing your day, week, month, and even year can help keep you on track."}, {"type": "sentence", "content": "Without my schedule, I would be lost. I need the calendar to help me achieve my goals."}, {"type": "subtitle", "content": "Start Small"}, {"type": "sentence", "content": "You can't wait until someone hands you thousands of dollars to start a business. Waiting for this possibility is unlikely to happen."}, {"type": "sentence", "content": "It is crucial to take baby steps when beginning a new business venture. It can be tempting to go all-in, borrowing hefty amounts of money to finance a new venture."}, {"type": "sentence", "content": "Shark Tank often advised contestants to start small and avoid taking large loans. They congratulated those who were able to grow their companies without much debt."}, {"type": "sentence", "content": "My husband is interested in starting a YouTube channel, but we had a discussion about the items he would need. Of course, he would love a fancy camera and all the high-tech equipment, but the reality is that he could start with an iPhone and grow from there."}, {"type": "sentence", "content": "Often those who are waiting for the right conditions become concerned with not having the \"stuff\" to start."}, {"type": "sentence", "content": "Starting small with what you have will give you the room to grow without accumulating financial stress."}, {"type": "sentence", "content": "Start with a small investment or product before diving into something that can quickly become too large to handle."}, {"type": "sentence", "content": "It is possible to start with less. Waiting for someone to hand you thousands of dollars to fund your idea can be futile. Start with less and grow to more."}, {"type": "image", "content": "https://miro.medium.com/max/11520/1*Z1Bq_VrZ7Eb-HAImRyAwfA.jpeg"}, {"type": "subtitle", "content": "Learn to Be Your Own Boss"}, {"type": "sentence", "content": "It can be difficult to manage your time, money, and ideas without clocking in and making money for someone else. Knowing that you are now in charge can create a \"helpless\" mindset that is hard to overcome."}, {"type": "sentence", "content": "At first, I felt a little lost as I learned to navigate a day of relative freedom and autonomy. I quickly realized that to be successful, I had to behave as if I was answering to a \"boss\" - even if it's just myself."}, {"type": "sentence", "content": "This means using a calendar to schedule work activities and holding myself accountable to a personal to-do list."}, {"type": "sentence", "content": "As a former teacher, I was used to someone telling me where I had to be, when I had to be there, and what I had to do while I was there."}, {"type": "sentence", "content": "Now, as a writer, I have to make my own hours and decisions. It's up to me to create my career; I can't rely on anyone else."}, {"type": "sentence", "content": "Taking the reins of your professional life is daunting, but waiting for someone else to do it for you creates an unnecessary waiting game."}, {"type": "subtitle", "content": "Final Thoughts"}, {"type": "sentence", "content": "As cliche as it might sound, you are responsible for your own destiny. If you want a new career or job, then it's up to you to do it. This means taking a risk and creating the conditions to be successful."}, {"type": "sentence", "content": "Caroline Castrillon, Forbes states: \"You keep saying to yourself, 'I want to be my own boss' or 'I want to work for myself.' Yet, you continue to convince yourself that it's either too late, too expensive, too crazy, or maybe just too risky compared to your seemingly 'secure' a corporate job.\" -"}, {"type": "sentence", "content": "Subscribe to the Weekly Recap of my articles on Medium."}], "topic": "freelancing", "uuid": "500d95e6d32d5ade8f9de6ff6c75e7973094b4229e812bee36bbf40b", "link": "https://medium.com/swlh/dont-wait-5-ways-to-jump-start-a-career-change-bc6215d2c96d"}