{"title": "Business Analytics or a Data Science Degree?", "data": [{"type": "subtitle", "content": "Education"}, {"type": "subtitle", "content": "Why a degree in business analytics might be a better option than a degree in data science"}, {"type": "subtitle", "content": "I. Introduction"}, {"type": "sentence", "content": "Most data-related academic training programs come in different flavors such as Data Science Master's, Data Analytics Masters, or Business Analytics Masters. Before deciding on a given area of specialization, it is important to understand the difference between the different degree options or specializations. In this article, we focus on comparing a Data Science Masters with a Business Analytics Masters. We start by examining the typical curricula for Data Science and Business Analytics programs, then later we shall discuss the pros and cons of each program. The data science curriculum is from UC Berkeley's Master of Information and Data Science program, while for the business analytics program, we used the University of Tulsa's Master of Science in Business Analytics curriculum as case studies."}, {"type": "subtitle", "content": "II. Data Science and Business Analytics Curricula"}, {"type": "subtitle", "content": "II A. Data Science Master's Curriculum"}, {"type": "sentence", "content": "Core Courses (18 Credits, 6 Courses): Introduction to Data Science Programming; Research Design and Applications for Data and Analysis; Statistics for Data Science; Fundamentals of Data Engineering; Applied Machine Learning; and Data Visualization."}, {"type": "sentence", "content": "Electives (9 Credits, 3 Courses from any of the following): Behind the Data: Humans and Values; Experiments and Causal Inference; Deep Learning in the Cloud and at the Edge; Machine Learning at Scale; Natural Language Processing with Deep Learning; Statistical Methods for Discrete Response, Time Series, and Panel Data"}, {"type": "sentence", "content": "Capstone (3 Credits): A semester-long group project in which teams of students propose and select project ideas, conduct and communicate their work, receive and provide feedback (in informal group discussions and formal class presentations), and deliver compelling presentations along with a web-based final deliverable. Includes relevant readings, case discussions, and real-world examples and perspectives from panel discussions with leading data science experts and industry practitioners."}, {"type": "subtitle", "content": "II B. Business Analytics Master's Curriculum"}, {"type": "sentence", "content": "Core Courses (24 Credits, 12 Courses): Business Decision Models; Seminar in R; Statistics and Data Visualization; Seminar in Decision Tools Suite; Data Mining and Predictive Analytics; Foundation of Analytics; Business Analytics Practicum; Enterprise Data Systems; Management of Data Analytics Projects; Seminar in SAS; Leading and Managing Analytics Organizations; Regression and Statistical Learning."}, {"type": "sentence", "content": "Electives ( 6 hours, 3 Courses): From different areas such as Marketing and Consumer Behavior, Accounting, Operations Management, Information Systems, Finance, Healthcare, Energy."}, {"type": "subtitle", "content": "III. Data Science vs. Business Analytics"}, {"type": "sentence", "content": "A data science degree seems to be more theoretical and academically inclined. The curriculum goes deep into lots of theoretical concepts, but there is less exposure to business/industrial applications. A business analytics degree provides more opportunities to work on business-related projects and the training program is more business-inclined. Hence business analytics is more closely related to the real world."}, {"type": "sentence", "content": "A very important skill set that is essential for practical applications is business acumen. Business acumen is the ability to draw out meaningful conclusions from a model that can lead to important and cost-saving data-driven decision making. A business analytics training provides more opportunities to work on business-related projects, and therefore has an edge over a pure data science degree in terms of acquiring business acumen skills."}, {"type": "sentence", "content": "One way in which a pure data science training curriculum could be improved to reflect the real-world would be to design capstone projects that have industrial/business implications. If possible, these programs should partner with local companies/industries that are interested in data science and engage them in the capstone project design. Students working on the project will have to collaborate with industry officials throughout the duration of the project. That way students can have the opportunity to work on a multidisciplinary and diverse team. Such a multidisciplinary approach to problem-solving will enable them to develop essential teamwork, communication, leadership, and business acumen skills that are required for success in the real-world."}, {"type": "subtitle", "content": "IV. Summary"}, {"type": "sentence", "content": "In summary, we have discussed the curricula for data science and business analytics master's programs. The program curricula reveal that a pure data science training program provides more of an in-depth, theoretical, and academically inclined training. On the other hand, a business analytics training program provides more exposure to business and real-world applications, and hence may be more appealing to potential employers in the business world."}, {"type": "subtitle", "content": "V. References"}, {"type": "sentence", "content": "UC Berkeley Master of Information and Data Science Program Curriculum."}, {"type": "sentence", "content": "The University of Tulsa Master of Science in Business Analytics Program Curriculum."}, {"type": "subtitle", "content": "Additional Data Science/Machine Learning Resources"}, {"type": "sentence", "content": "Data Science Minimum: 10 Essential Skills You Need to Know to Start Doing Data Science"}, {"type": "sentence", "content": "Data Science Curriculum"}, {"type": "sentence", "content": "Essential Maths Skills for Machine Learning"}, {"type": "sentence", "content": "3 Best Data Science MOOC Specializations"}, {"type": "sentence", "content": "5 Best Degrees for Getting into Data Science"}, {"type": "sentence", "content": "5 reasons why you should begin your data science journey in 2020"}, {"type": "sentence", "content": "Theoretical Foundations of Data Science - Should I Care or Simply Focus on Hands-on Skills?"}, {"type": "sentence", "content": "Machine Learning Project Planning"}, {"type": "sentence", "content": "How to Organize Your Data Science Project"}, {"type": "sentence", "content": "Productivity Tools for Large-scale Data Science Projects"}, {"type": "sentence", "content": "A Data Science Portfolio is More Valuable than a Resume"}, {"type": "sentence", "content": "Data Science 101 - A Short Course on Medium Platform with R and Python Code Included"}, {"type": "sentence", "content": "For questions and inquiries, please email me: benjaminobi@gmail.com"}], "topic": "education", "uuid": "5090814c3da989989e12a3bda8a875ac3b819fe0b02fc90fd68a8de1", "link": "https://medium.com/towards-artificial-intelligence/business-analytics-or-data-science-degree-876a784bc79"}