{"title": "Deepmind releases a new State-Of-The-Art Image Classification model - NFNets", "data": [{"type": "image", "content": "https://miro.medium.com/max/12000/0*kyCODwc_4YLbm7mS"}, {"type": "sentence", "content": "Source: arxiv"}, {"type": "sentence", "content": "One of the most annoying things about training a model is the time it takes to train it and the amount of memory needed to fit in the data and the models. Since image classification is one of the most common machine learning tasks, Deepmind released a new model that matches the state-of-art (SOTA) performance with significantly less size, higher training speed, and fewer optimization techniques for simplicity."}, {"type": "sentence", "content": "In their work, they examine the current SOTA models such as EfficientNets and ResNets. In their analysis they pindown some of the optimization techniques that utilize a lot of memory without producing a significant value for performance. They prove that these networks can achieve the same performance without those optimization techniques."}, {"type": "sentence", "content": "Although the proposed model might be the most interesting bit, I still find the analysis of previous work to be very interesting. Simply because this is where most of the learning happens, we start understanding what could have been done better and why the newly proposed method/technique is an improvement over the old one."}, {"type": "subtitle", "content": "Pre-requisite: Batch Normalisation"}, {"type": "sentence", "content": "The paper starts off with an analysis of batch normalisation. Why? because although it has shown great results and has been used heavily in tons of SOTA models, it has several disadvantages outlined by the paper [1], such as:"}, {"type": "sentence", "content": "But first, before removing batch normalization, we have to understand what benefits it brought to the models. Because we want to find a smarter way to still have those benefits, but with fewer cons. Those benefits are [1]:"}, {"type": "sentence", "content": "There are some other benefits, but I think you got the gist that its all mainly about regularisation and smoothing the training process."}, {"type": "subtitle", "content": "NFNets - Normaliser Free Networks:"}, {"type": "image", "content": "https://miro.medium.com/max/2156/1*VWxFhutP1VAyhuLjtCUyAA.png"}, {"type": "sentence", "content": "Although there have been previous attempts to remove batch normalization (BN) in various papers, the results didn't match the SOTA performance or training latency and seemed to fail on large batch sizes, and this is the main selling point of this paper. They succeed in removing (BN) without affecting performance, and with improving the training latency by a large margin."}, {"type": "sentence", "content": "To do that, they propose a gradient clipping technique called Adaptive Gradient Clipping (AGC) [1]. Essentially, gradient clipping is used to stabilize model training [1] by not allowing the gradient to go beyond a certain threshold. This allows using larger training rates and thus faster convergence without the exploding gradient problem."}, {"type": "sentence", "content": "However, the main issue is setting the threshold hyper-parameter, which is quite a difficult and manual task. The main benefit of AGC is to remove this hyperparameter. To do this we have to examine the gradient norms and the parameter norms."}, {"type": "sentence", "content": "Although I am quite interested in the mathematics behind every machine learning model, I understand that a lot of ML enthusiasts don't enjoy reading a bunch of long differential equations, that's why I will explain AGC from a theoretical/intuitive perspective rather than a mathematically rigorous one."}, {"type": "sentence", "content": "A norm is simply a measure of the magnitude of a vector. AGC is built on the premise that:"}, {"type": "sentence", "content": "Source: arxiv"}, {"type": "sentence", "content": "But why is that premise valid? Let's back up a little. A very high gradient will make our learning unstable, and if that's the case then the ratio of the gradient of the weight matrix to the weight matrix will be very high."}, {"type": "sentence", "content": "That weight ratio is equivalent to:"}, {"type": "sentence", "content": "learning rate x the ratio between the gradient and the weight matrix (which is our premise)."}, {"type": "sentence", "content": "So essentially, the ratio proposed by that premise is a valid indicator as to whether we should clip the gradient or not. There is also another minor tweak. They have found that through multiple experiments, it's much better to use a unit-wise ratio of gradient norms instead of a layer-wise ratio (because each layer can have more than one gradient)."}, {"type": "sentence", "content": "In addition to AGC, they also used dropout to substitute the regularisation effect that Batch normalization was offering."}, {"type": "sentence", "content": "They also used an optimization technique called Sharpness-Aware Minimization (SAM) [1]."}, {"type": "sentence", "content": "Source: SAM arxiv paper"}, {"type": "sentence", "content": "The idea of loss sharpness seems quite interesting and I might be exploring it in another article for the sake of brevity here. One final point to note here though is that they make a small modification to SAM [1] to reduce its computational cost by 20-40%! and they only employ it on their 2 largest model variants. It's always great to see additions being made to such techniques instead of just using them out of the box. I think this shows that they have analyzed it greatly before using it (and thus were able to optimize it a bit)."}, {"type": "sentence", "content": "Final thoughts and take away"}, {"type": "sentence", "content": "Who would have thought that replacing a minor optimization technique such as batch normalization would result in a 9x improvement in training latency. I think this sends a message of being a bit more skeptical about popular optimization techniques that are used everywhere. In all fairness, I have been a victim of this crime before, I used to just put every popular optimization technique into my machine learning projects without fully examining its pros and cons. I guess this is one of the main benefits of reading ML papers, the analysis of previous SOTAs!"}, {"type": "sentence", "content": "References:"}, {"type": "sentence", "content": "[1] High-Performance Large-Scale Image Recognition Without Normalization. Andrew Brock and Soham De and Samuel L. Smith and Karen Simonyan. 2021"}, {"type": "sentence", "content": "If you are interested in reading more about other novel papers, check out my articles here:"}], "topic": "data-science", "uuid": "52b4a28810598a35d2c8f4f19d739fcca846ed5577ab792557cb5981", "link": "https://towardsdatascience.com/deepmind-releases-a-new-state-of-the-art-image-classification-model-nfnets-75c0b3f37312"}