{"title": "10 Online Tools to Reduce Distractions and Increase Your Productivity", "data": [{"type": "image", "content": "https://miro.medium.com/max/7426/1*DGAVoq5E4sr7BpSXDvzg3w.jpeg"}, {"type": "sentence", "content": "I'm constantly on my computer. Whatever I do, whether writing, learning languages, playing games, or even chatting with my friends, I'm always online. And just like everybody else, I tend to succumb to distractions."}, {"type": "sentence", "content": "To combat this, I've done a lot of research to control my urges and restrict what pulls me away from whatever task I choose to tackle. Some were awful. Some were okay. And these 11 ones are just incredible."}, {"type": "sentence", "content": "I hope they can serve you as much as they've served me so far."}, {"type": "sentence", "content": "Disclaimer: I am not receiving any compensation for any of the below tools. I only genuinely appreciate how useful they have been to my life."}, {"type": "subtitle", "content": "1. Chrome Group Tabs"}, {"type": "sentence", "content": "I usually have dozens of tabs open at the same time. Most of the time, all I can see is the icon from the website, which isn't very convenient when you're trying to concentrate on one thing."}, {"type": "sentence", "content": "Luckily, Google Chrome has developed a tool for people who open way too many tabs at the same time: tab groups. With a simple right-click on any tab, you can create a group and give it a name."}, {"type": "sentence", "content": "All the tabs you add to the group will then be compiled into one single tab. A single click on it is enough to expand it and show all that's inside. Until you do, however, you get to have a less-crowded tab bar and concentrate on whatever you choose to."}, {"type": "image", "content": "https://miro.medium.com/max/4636/1*jwJzHVAhZbq20AvOdU27uw.png"}, {"type": "subtitle", "content": "2. One Tab"}, {"type": "sentence", "content": "Grouping tabs together can be very useful when you plan on using some (or all) of them during the same browsing session. Yet sometimes, you fall upon some things you want to look into later. Or you just want to go back to some pages another day."}, {"type": "sentence", "content": "This often happens to me when I'm diving into Korean resources. One link brings me to another and then many more. By the time I'm done browsing, I still have many other tabs I still want to have a deeper look into."}, {"type": "sentence", "content": "That's when the One Tab extension becomes useful. This extension allows you to save your tabs in one place, easily reachable by clicking on \"Display One Tab\" after right-clicking on any webpage."}, {"type": "sentence", "content": "Each new tab saved there is grouped with other tabs saved the same day, making it easy to find what you want later on. Sometimes I keep them for months, sometimes they stay there until the next day."}, {"type": "sentence", "content": "It's extremely convenient to declutter your browser from tabs you already know you won't use the same session or day."}, {"type": "image", "content": "https://miro.medium.com/max/4494/1*MW62ddSa9eUNvBQc6k6V7g.png"}, {"type": "subtitle", "content": "3. Strict Workflow"}, {"type": "sentence", "content": "When you're prone to falling to distractions, it can be useful to completely block certain websites. Strict Workflow allows just that."}, {"type": "sentence", "content": "This extension is based on the Pomodoro Technique and blocks certain websites for 25 min and then allows a break of 5 minutes. If you want, you can change the settings to different lengths of time."}, {"type": "sentence", "content": "I used this extension often in my previous job to concentrate on tasks that needed my full concentration. The fact that a simple click on the extension icon activated it and the impossibility to turn it off in the middle of a session was very useful."}, {"type": "subtitle", "content": "4. 5. 6. Feed Eradicators"}, {"type": "sentence", "content": "These extensions are a god-send for addicts of Facebook, Twitter, and Instagram. I'm bundling them together as all these three extensions do the exact same thing: hide the feed to prevent you from mindlessly scrolling it until the end of the day."}, {"type": "sentence", "content": "I used to be addicted to Facebook so I've mostly used it for Facebook but the other two work in a similar way. The only slight change is the added bonus that the Facebook extension replaces the feed with a random quote. I find it neat."}, {"type": "sentence", "content": "It's possible to bypass these extensions but it'll at least make you think for a second whether you actually want to scroll. There's nothing wrong with scrolling, as long as that's what you plan to do right now. Other times, it's better to keep this trigger at bay."}, {"type": "image", "content": "https://miro.medium.com/max/3036/1*rwNDxsspMbcfHevPOwasBg.png"}, {"type": "subtitle", "content": "7. Distraction Free Tube"}, {"type": "sentence", "content": "This one is very similar to the feed eradicators but I keep it in a different section because it has a lot more features. Oh, and also because I'm much more addicted to YouTube than anything else."}, {"type": "sentence", "content": "The DF Tube extension can hide and block pretty much anything you want on YouTube. My current setup only leaves the Subscription bar and allows playlists to be played."}, {"type": "sentence", "content": "DF Tube is among my most relied upon extensions of all time. There's a lot I wouldn't have accomplished had I not had this extension to prevent me from hours upon hours of pointless Mario Maker videos."}, {"type": "subtitle", "content": "8. Notion Web Clipper"}, {"type": "sentence", "content": "I'm an avid user of Notion and anyone who uses this platform will probably know and already be using this extension. It is perfect for when you want to save some reading content for later."}, {"type": "sentence", "content": "With two clicks, you can copy the entire text of an article without having to highlight it. Notion Web Clipper recognizes what categorizes as the main content and then saves it."}, {"type": "sentence", "content": "If your Notion set-up is well-organized, you can even save the texts in different, topic-separated, pages. Perfect for finding the content again later."}, {"type": "subtitle", "content": "9. Pitch Black"}, {"type": "sentence", "content": "I don't use this extension anymore since I now only use one screen at a time, but this one is a helpful tool for those who connect two or more screens on a single computer."}, {"type": "sentence", "content": "The extension automatically blackens the browser's content the moment your mouse switches to another screen. It's perfect when you have one screen for your music, one with Facebook open, and one for work."}, {"type": "sentence", "content": "Obviously, the best would be to have your distractions either shut down with Strict Workflow or hidden in One Tab, but if you still need them open, that's a perfect tool to not let your eyes wander away."}, {"type": "subtitle", "content": "10. Freedom"}, {"type": "sentence", "content": "This is the only paid one but, after using it for over a month, I feel compelled to mention it. This tool is probably the most efficient and useful I've found in a very long time."}, {"type": "sentence", "content": "Freedom allows you to block websites, software (like games for example) on your computer, and apps on your phone at the same time. Since I've started using it to block almost everything except Medium when I write in the morning, I've seen my productivity increase manifold. I used to write a maximum of one long article in the morning. Now I can easily write three full-length posts."}, {"type": "sentence", "content": "When you can't even reach for your phone for some distraction, all you can do is be productive. And it's a mere $19 per year after you use the code they automatically give you during the free trial. I don't know about you, but I find this worth it."}, {"type": "sentence", "content": "There are a lot of other similar tools available on the market, but freedom was the one that surpassed them all for me. Especially since I can't cancel a session already started."}, {"type": "image", "content": "https://miro.medium.com/max/2638/1*wmbVCJEWttD8T8l8irzNKA.png"}, {"type": "sentence", "content": "Distractions are a plague online. They're everywhere, lurking and ready to jump on you to take you away from what you originally planned on doing."}, {"type": "sentence", "content": "I've been through it all, like most people. Luckily, I grew so tired of it I dove into a rabbit hole of distraction-reduction tools. It took me years to gather all those and have what I now consider an almost-perfect set-up."}, {"type": "sentence", "content": "You don't have to waste so many hours doing the same. Give these a go and look for better only if they don't satisfy your needs."}, {"type": "sentence", "content": "If they work well, then smile and be happy about it."}, {"type": "sentence", "content": "And then get productive."}], "topic": "productivity", "uuid": "5401fe72f5240bf710752dc4d491c197d1d22ad44b2fd1c8688fdaaa", "link": "https://medium.com/curious/10-online-tools-to-reduce-distractions-and-increase-your-productivity-ab174bceb6ce"}