{"title": "The Speed of Light, Electrons and the Big Bang", "data": [{"type": "image", "content": "https://miro.medium.com/max/1204/1*m1LBdYdNuTRUSg8Zu2YBcw.png"}, {"type": "sentence", "content": "Retrograde rockets fired intermittently as the computer controlled the approach of the spaceship, to enable a soft contact with the Mars orbiter station. With a long whoosh sound of the cabin pressure equalizing, the spaceship locked into position, Commander Jack Miller released his harness and moved from the control console to the airlock, eager to start the descent to his home for the next 3 months, Base Phoenix, deep under the red planet surface."}, {"type": "sentence", "content": "Jack was looking forward to having some more space to move about in, after 4 months in the limited confines of the spaceship. Still, it was much shorter than the 9 months it used to take in the 2020s. The development of the ion drive had enabled much faster speeds than just chemical rocket engines, the electromagnetic iodine ion thruster gradually built-up tremendous speed. The drive made positively charge ions from the iodine and expelled them out at great speed with the magnetic force."}, {"type": "sentence", "content": "Launching from the Moon had also enabled the use of the ion drive on interplanetary missions. The Moon has a much weaker gravity well than Earth, requiring much less chemical rocket fuel to be carried to escape the pull of gravity. After which the ion engines were the main drivers for the trip, but the ship still needed to slow down when it reached Mars. The Martian atmosphere is too thin to slow a craft down with friction, so the ship carried enough hydrogen, kerosene and oxidizer to fire the rocket engine towards the direction of travel, in order to slow down to the stations orbital speed."}, {"type": "sentence", "content": "The ion drives still impressed Jack even though he had helped to develop the drive but it also focused his frustration. People on Earth could send him and his crew to Mars in 4 months but they could not bring down the Earth's atmospheric carbon dioxide level. It was 2050, the year when all countries had agreed to reach zero carbon emissions, but the observatory on the Mauna Loa volcano in Hawaii was still reading an increase."}, {"type": "sentence", "content": "International agreements and framework conventions were one part of the solution but pragmatic and enforceable solutions were needed. Such as a price on carbon, increased industry efficiency requirements on all polluting gases, land use policies governing fertilizer use and minimum amounts of forest and native vegetation, power sector policies favouring renewables only, building codes to replace concrete, refrigeration appliance standards to eliminate synthetic greenhouse gases, better urban transport, vehicle electrification and biofuels subsidies for planes and shipping. These restrictions can be applied to the G20 countries, the group of twenty developed countries, their governments and central bankers. The G20 contain the most developed countries, which of course have produced most of the anthropogenic carbon dioxide in the first place, and they also have the economic capability of making the necessary changes, to rid the planet of a large majority of the greenhouse gas emissions."}, {"type": "sentence", "content": "Jack wasn't confident of world leaders making the best decisions for the planet, what was needed was a ground swell of all people changing their beliefs, from helping themselves to helping others."}, {"type": "sentence", "content": "An announcement sounded, bringing Jack out of his thoughts of Earth, the crew members were cleared to move into the Mars orbiter station. They were required to have a sleep period before the descent, the station was unmanned and robotic, so the new crew from Earth explored the station then made their way to the individual sleeping cells. We have just arrived at Mars and mission control wants us to sleep, the crew joked, but they were highly trained astronauts and knew that they needed to rest before the descent, which while automated was still potentially very dangerous."}, {"type": "sentence", "content": "Jack floated himself into the sleeping cell and strapped in ready to sleep but the adrenaline was still pumping and he couldn't sleep. His thought turned to home, to Earth, he smiled to himself. He thought about his work back at Houston, very complex and exacting but satisfying. He thought about some of the school visits, they were fun and encouraging, and the children loved to hear stories of the rocket launches."}, {"type": "image", "content": "https://miro.medium.com/max/1020/1*2pag97cGyOOnpuaOoWz50w.png"}, {"type": "sentence", "content": "\"Captain Jack! (as they called him) What's it like to sit in a rocket with 400 tonnes of hydrogen fuel when it gets lit!?\""}, {"type": "sentence", "content": "\"Well, you know the fastest ride you've ever been on at the annual show? It's a hundred time faster than that!\""}, {"type": "sentence", "content": "He would always take photographs to project on a large screen, such as of Earth from space and from the Moon but it was the stories and information they loved."}, {"type": "sentence", "content": "The children asked interesting questions. \"Will your ship travel at light speed, sir?\""}, {"type": "sentence", "content": "\"Good question, can anyone tell me what light is?\""}, {"type": "sentence", "content": "One young boy shot his hand up. \"It is what shines on my birthday cake from all the birthday candles.\""}, {"type": "sentence", "content": "\"Yes, quite correct, and how old are you, young man?\""}, {"type": "sentence", "content": "\"I'm 7 years old.\""}, {"type": "sentence", "content": "\"Ah, a good age\" said Jack."}, {"type": "sentence", "content": "\"Who else here is 7?\" Some hands up. \"Who is aged 6?\" A few hands. \"And who is 8?\" Many hands up."}, {"type": "sentence", "content": "\"Well, I think 6, 7 and 8 are all good ages\", said Jack."}, {"type": "sentence", "content": "He glanced at the pretty young teacher smiling at him from the side of the class."}, {"type": "sentence", "content": "\"How old do you think Miss Smith is?\" He asked the class. A 6 year old girl called out \"110 years old!\""}, {"type": "sentence", "content": "\"Yes, well that may be quite correct\" stammered Jack, to the muffled laughter from the other teachers and parents in the room, and from Miss Smith!"}, {"type": "image", "content": "https://miro.medium.com/max/1204/1*oGHocpQfZQmIfumyBJbWCA.png"}, {"type": "sentence", "content": "\"Now we were speaking of the speed of light and what it is\" said Jack quickly changing the subject, while making a mental note to come back and visit Miss Smith's class after Mars."}, {"type": "sentence", "content": "\"Photons\" one young student called out. \"Energy waves\" said another. \"You are both right\", said Jack."}, {"type": "sentence", "content": "\"Light, which we can see of course, travels like a particle although there isn't any mass there, so we call it a photon and it also behaves like a wave and is always in motion. Light is a form of energy\"."}, {"type": "sentence", "content": "\"Light travels at about 300,000 kilometres per second and the question was, will the spaceship that is transporting my crew and myself to Mars travel at the speed of light. Unfortunately, it won't, if it did, we would get there in a few hours, but nothing with mass can travel at the speed of light.\""}, {"type": "sentence", "content": "\"This is because the mass of the spaceship and everything in it will increase in mass as it goes faster and faster. As we have said light is energy and light does not have mass, so it can travel that fast.\""}, {"type": "sentence", "content": "\"We use the physicist Albert Einstein's theory of special relativity which says mass and energy are the same. E = mc2\""}, {"type": "sentence", "content": "\"Where E is energy, m is mass, c is the speed of light and squared means that value times by itself.\""}, {"type": "sentence", "content": "\"You can see if we put in the mass of the rocket, maybe 500 kilograms, and multiplied it by, 300,000 times 300,000, we would have a very large mass indeed. We just don't have the amount of energy needed.\""}, {"type": "sentence", "content": "Jack wondered if this was a bit complex for the young students but then he thought if he put up a photograph of a dinosaur, they would quickly tell him its scientific name."}, {"type": "image", "content": "https://miro.medium.com/max/1204/1*aAM3mdT0Em_pU38wuUg-3A.png"}, {"type": "sentence", "content": "\"Are there any other questions?\" ask Jack."}, {"type": "sentence", "content": "One of the 8 year old boys put his hand up \"Do electrons orbit atoms like the planets orbit the sun? And are there other galaxies inside of atoms?\""}, {"type": "sentence", "content": "\"Wow, you guys ask the big questions\" said Jack with a smile \"As to whether there are other galaxies inside atoms, we don't know, so we need some of you to become physicists and keep investigating that. But the image of electrons circulating around the atom like a planet is now thought of as a cloud, rather than a point orbiting, the electrons are moving so fast we can't tell exactly where they are. Electrons occur in different shells around the atom, depending on how many electrons there are, but it still would appear more as a hazy cloud.\""}, {"type": "sentence", "content": "\"One more question before recess time?\" asked Jack looking at Miss Smith."}, {"type": "sentence", "content": "One of the girls sitting in the front row asked \"When was the Big Bang?\""}, {"type": "sentence", "content": "Jack answered \"Another good question. Scientists believe it was 13.8 billion years ago, measured from the cosmic background microwave radiation but it wasn't really a big explosion, as in a bang, rather an expansion of the universe everywhere, not from one centre. Everything is moving away from everything else. There are still movements within the universe, the Andromeda Galaxy will one day merge with our Milky Way Galaxy, not for 2 billion years, but overall, the universe is expanding.\""}, {"type": "sentence", "content": "With that the recess siren sounded and Miss Smith stood up to thank Captain Jack on behalf of all the students, for coming to speak to them and everyone clapped."}, {"type": "sentence", "content": "Miss Smith walked Jack out to the carpark, with half the class following. Jack and Miss Smith stood by his car, looking at each other, Jack said \"I'll come and visit the class when I'm back from Mars.\""}, {"type": "sentence", "content": "Miss Smith said \"I'd, um, that is, we would like that very much. Have a safe trip Jack.\""}, {"type": "sentence", "content": "As Jack orbited Mars in the orbiter station, it was with thought of his work on Earth, the young school students and of Miss Smith, that he fell asleep with a smile on his face."}, {"type": "sentence", "content": "References:"}, {"type": "sentence", "content": "Climate Change | Department of Energy"}, {"type": "sentence", "content": "Chem4Kids.com: Atoms: Orbitals"}, {"type": "sentence", "content": "Speed of light Facts for Kids (kiddle.co)"}, {"type": "sentence", "content": "What Is the Big Bang? | NASA Space Place - NASA Science for Kids"}], "topic": "fiction", "uuid": "55a6ccbd4a473c6628149a468add1055f87982ff7d88b451cbbf53cb", "link": "https://milespeter061.medium.com/the-speed-of-light-electrons-and-the-big-bang-e8c171e79610"}