{"title": "Feature Selection With Practical Approach", "data": [{"type": "subtitle", "content": "Data Science, Machine Learning"}, {"type": "sentence", "content": "Feature Selection is one of the crucial steps of any Data Science project Life Cycle. There are many articles out there that describe the Techniques available for feature selection theoretically but lack a practical approach. Here, we will deal directly with code and see how it actually works. I will try to provide beginner's friendly high-level descriptions of the code snippets."}, {"type": "subtitle", "content": "What is Feature Selection?"}, {"type": "sentence", "content": "When we train our machine learning model, not all the features contribute equally. Some of the features are significant ones, and some do not even help in training at all. So, we should remove these types of features from our dataset. Hence, Feature Selection is the process of removing or reducing the input features/variables that in turn reduces the complexity, makes the training process faster, and also increases the accuracy of the model."}, {"type": "sentence", "content": "There are many techniques available for feature selection, but we will discuss only the famous and important ones. These techniques are:-"}, {"type": "sentence", "content": "NOTE:- In this article, we will only discuss the first two, the remaining two will be covered in the second part."}, {"type": "subtitle", "content": "Dataset"}, {"type": "sentence", "content": "In this tutorial, we have used the \" Santander Customer Satisfaction\" dataset from Kaggle that is also available on GitHub. Along with it, the other datasets used can be obtained directly with described code snippets."}, {"type": "subtitle", "content": "Prerequisites:"}, {"type": "sentence", "content": "I assume that you are familiar with python and already have installed python 3 in your systems. I have used a jupyter notebook for this tutorial. You can use the IDE of your like. All required libraries come inbuilt in anaconda suite."}, {"type": "subtitle", "content": "LET'S CODE"}, {"type": "sentence", "content": "Here, we will discuss two of the techniques, those are Variance threshold and Correlation."}, {"type": "subtitle", "content": "Remove Constant Features Using Variance Threshold"}, {"type": "sentence", "content": "The very first features that we should remove from our dataset are constant ones. It might seem easy to perform manually but suppose you have 200-300 features. In that case, using some technique make sense."}, {"type": "sentence", "content": "Firstly, let import all the required libraries. Pandas is used to create and manipulate the dataset. VarianceThreshold is used to remove the features that have low variance. Variance is just a measure of variability. 0 variance implies all values are same/constant. Train_test_split is used for splitting the data for training and testing purposes."}, {"type": "sentence", "content": "Here, we have just created a dummy dataframe to understand this feature selection easily. We can see that columns C and D have constant values hence they should be removed."}, {"type": "image", "content": "https://miro.medium.com/max/430/1*NhIREblXOPcw2yEOxL2-LQ.png"}, {"type": "sentence", "content": "Now, we have initialized the object var of VarianceThreshold with the threshold as 0(constant). We can vary this according to our needs. Then, we have printed the array of boolean in which true and false represent non-constant and constant features respectively."}, {"type": "image", "content": "https://miro.medium.com/max/794/1*0c2F4gGIUS6ZOhyEsIfbJA.png"}, {"type": "sentence", "content": "We have used list comprehension in which we are looping through all the columns and inserting the constant features into the list named constant_features . Finally, we have dropped the constant features from the dataset."}, {"type": "image", "content": "https://miro.medium.com/max/362/1*Y-dbPVB334ZkWVCEUedVIw.png"}, {"type": "sentence", "content": "The previous example may seem too easy and can be easily detected. But in real-world scenarios, there will be 100's or 1000's of features. This technique will help in those cases. Let us see the same using the bigger and real dataset."}, {"type": "sentence", "content": "Here, we have loaded our dataset that is available on GitHub. The dataset consists of 371 features."}, {"type": "sentence", "content": "Here, X represents input variables and Y represents the target variable. We should always apply any Feature Selection technique to the training set to avoid any kind of overfitting. That's why we are splitting the dataset into training and testing. After that, the process is the same as explained above. Here, 371-332 = 39 features are constant. So, we drop these features from both training and testing sets."}, {"type": "image", "content": "https://miro.medium.com/max/2140/1*9iaHE7jdJt_G-P47GQxM0g.png"}, {"type": "subtitle", "content": "Remove Similar Features Using Pearson Correlation"}, {"type": "sentence", "content": "Some of the features are very linearly related to each other, i.e. variable1 increases 2 times when variable2 increased 3 times. So both of these features are highly correlated to each other. Hence, we can drop one of these, and still, our model does not lose any important information."}, {"type": "sentence", "content": "Here, we have imported boston dataset for the example. seaborn will be used to plot the interactive graphs. Other libraries are already discussed."}, {"type": "sentence", "content": "Now, we have created the pandas dataframe of the loaded dataset and added the target variable as TARGET column."}, {"type": "image", "content": "https://miro.medium.com/max/1578/1*nqlUOMbglj6_fWm5XWEAOA.png"}, {"type": "sentence", "content": "It is a similar step as the previous technique where we declare input variables as X and target variable as Y. Splitting of data is required as we only perform the feature selection part on the training set to avoid any type of overfitting. The shape of x_train is (404,13) and of x_test is (102,13)."}, {"type": "sentence", "content": "Here, we have given a fixed size of the graph and then call the corr() function on x_train , but if we just print correlation variable then it will be difficult to interpret. Hence, with the help of seaborn we have plotted the heatmap that shows the correlation between features clearly."}, {"type": "image", "content": "https://miro.medium.com/max/1318/1*LIpA5bNyEpRVf2rVoTsdHw.png"}, {"type": "sentence", "content": "After that, we have declared the function find_correlated_features that takes dataset and threshold as arguments. In the function, we have iterated over every value of the correlation matrix and added the column name to the set named col_corr if correlation value is above the given threshold value."}, {"type": "sentence", "content": "Now, we have just called the above function with x_train as data and threshold = 0.7 to get the correlated features that we can drop. In our case, these features are {AGE,NOX,TAX}. After dropping these features, our dataset features were reduced from 13 to 10."}, {"type": "sentence", "content": "Defining the above function will help us when the number of features is too high that heatmap does not help in interpretation."}, {"type": "image", "content": "https://miro.medium.com/max/1234/1*Kz0gwtG1HchHu_zgDWpNxA.png"}, {"type": "sentence", "content": "I hope you understand these two techniques for Feature Selection. If you have any doubt, please feel free to comment, I will respond as fast as I can."}, {"type": "sentence", "content": "The other two techniques will be covered soon."}, {"type": "sentence", "content": "The source code is available on GitHub. Please feel free to make improvements."}, {"type": "sentence", "content": "Thank you for your precious time.\ud83d\ude0aAnd I hope you like this tutorial."}, {"type": "sentence", "content": "Also, check my article on Classify Plant Leaf Diseases Using Machine Learning"}], "topic": "artificial-intelligence", "uuid": "56c49b699f39b1f82c3289bfdfa6f237cd662f41edc07c71b2319f2e", "link": "https://medium.com/towards-artificial-intelligence/feature-selection-with-practical-approach-13ea32b7a46f"}