{"title": "7 Reasons Why Native Speakers Don't Necessarily Make the Best Language Teachers", "data": [{"type": "sentence", "content": "This might be a bit controversial and I hope I don't offend anyone but this is my experience when learning languages."}, {"type": "sentence", "content": "I'm not a teacher, I'm a life-long student and so far I've learned English and Japanese."}, {"type": "sentence", "content": "There's an obsession with finding native teachers in order to learn a language 'properly' but I think that can be misguided."}, {"type": "sentence", "content": "Over the years I've learned from several teachers, both native and non, and I had better luck with non-natives."}, {"type": "sentence", "content": "I'm not saying that native teachers are necessarily bad, I'm just saying that there are other factors as important to consider."}, {"type": "sentence", "content": "These are some of them."}, {"type": "subtitle", "content": "#1. You won't pick up the accent"}, {"type": "sentence", "content": "By speaking to The Queen you won't pick up her accent. That's a common fallacy. If that was the case all Japanese students would have a perfect BBC accent, and they don't."}, {"type": "sentence", "content": "However, this seems to be the argument when going native - \"I don't want to learn with a bad accent\" - and yet, they end up speaking with a strong Spanish, Italian, or French accent anyway."}, {"type": "sentence", "content": "First of all, you should get exposed to as many accents as possible, otherwise, you won't be able to understand people in the real world. If all you hear is your teacher from Wisconsin, you'll be lost when listening to a Scottish guy."}, {"type": "sentence", "content": "Second. For listening, you have plenty of options -movies, podcasts, recorded lessons, etc - so, narrowing down your criteria to one specific accent, you are jeopardizing your chances of understanding millions."}, {"type": "sentence", "content": "Third, you won't pick up the accent from your teacher. If you are Italian, you'll speak like Super Mario all your life. Adult learners find it almost impossible to have a native-like pronunciation no matter who they learn from. And that's not necessarily a bad thing because..."}, {"type": "subtitle", "content": "#2. You should embrace your accent"}, {"type": "sentence", "content": "Providing it's not too strong and most people can understand you, speaking with a French, German or Russian accent is not necessarily a bad thing."}, {"type": "sentence", "content": "Everybody's got an accent, whether is Scottish, Australian, or Texan. A foreigner will have one too. The purpose of learning a language is to communicate effectively so, even you have a Greek accent, you are probably better understood than a Bostonian."}, {"type": "sentence", "content": "In my travels, I've witnessed many times people with a strong accent, i.e. Northern England, speak like they were in their local pub and no one (including Americans) could understand them."}, {"type": "sentence", "content": "If we are to communicate between cultures everybody should make an effort to speak standard English or French or Spanish. The axiom \"I speak perfect English because I'm from England!\" it's just a fallacy."}, {"type": "sentence", "content": "If you just want to communicate with your fellow villagers, fine, speak your inscrutable dialect, but if you want to connect with the world, make an effort and meet them in the middle."}, {"type": "sentence", "content": "I've got an unmistakable Spanish accent but I'm sure that everyone (American, Japanese, French, or Australian) can understand me better than somebody from, let's say, Belfast."}, {"type": "sentence", "content": "My point is, your English is not necessarily better the closer to the Queen you sound. Your English is better the more people you can communicate with and for that, you don't need a native teacher."}, {"type": "subtitle", "content": "#3. Native teachers never learned the language"}, {"type": "sentence", "content": "I wouldn't be a very good Spanish teacher. I was born with the language, so to speak (pun intended), so I don't get why it's difficult for others to learn it."}, {"type": "sentence", "content": "On the other hand, I would be a much better English teacher because I have learned the grammar, the vocabulary, the rules, and the pronunciation the hard way."}, {"type": "sentence", "content": "You can't teach effectively something you haven't learned, and let's face it, native speakers don't really learn grammar."}, {"type": "sentence", "content": "When I was learning English I had both native and non-native teachers. When I asked questions about why this or that sentence is built this way, the non-native always knew the answer and knew how to explain it while the natives didn't."}, {"type": "sentence", "content": "While learning a language, you also learn how to learn and you can relate to the struggles faced by beginners. When you are born with it, it's not possible to relate."}, {"type": "subtitle", "content": "#4. The Majority"}, {"type": "sentence", "content": "There's an argument in favor of speaking the most popular version of a language so most people can understand it. That's why most people learn American English, after all, there are 400 million Americans vs 60 million Brits."}, {"type": "sentence", "content": "That's all very well and good, but there is an even bigger pool of English speakers:"}, {"type": "sentence", "content": "ESL speakers"}, {"type": "sentence", "content": "English as a Second Language Speakers is by far the biggest group so it makes sense to understand and be understood by them."}, {"type": "sentence", "content": "With about 2 billion fluent speakers, you don't want to miss out. That's the beauty of English, it opens the entire world to you, and not just the former colonies."}, {"type": "sentence", "content": "A Nigerian or south Indian person doesn't learn English to speak to an Australian, they learn to speak with their fellow countrymen that don't share the same dialect."}, {"type": "sentence", "content": "So if you want your English or Spanish or French to be useful, keep in mind that you won't be necessarily speaking to a native all the time. You will be speaking to a Chinese guy from Alibaba and complaining about why your order didn't arrive on time."}, {"type": "subtitle", "content": "#5. You are drawing from a smaller pool"}, {"type": "sentence", "content": "My best English teacher was a Spanish lady. She was amazing. Had I been narrow-minded and refuse to learn from a non-native, I would have missed out big time."}, {"type": "sentence", "content": "There are millions of non-native teachers, so you can draw from a bigger pool of talent. Not only they speak good English but they know how to teach."}, {"type": "subtitle", "content": "#6. Non-native teachers are passionate about the language"}, {"type": "sentence", "content": "Would you rather learn from a 22-year-old who's taken a gap year in Argentina and is teaching only to support her holiday? Or would you rather be taught by someone who has devoted 10 years to learn every intricacy of the language and plan to make a career out of it?"}, {"type": "sentence", "content": "Commitment is important. I just couldn't motivate myself to teach Spanish. How boring that would be! That's the way native teachers feel about the language, not all but most of them."}, {"type": "sentence", "content": "When you love a subject and decide to spend your career teaching it, you are committed and that shows. Never choose a teacher that is not passionate about the subject they impart."}, {"type": "subtitle", "content": "#7. Native teachers don't speak your language"}, {"type": "sentence", "content": "When grammar gets really complex, you need somebody who can explain the details in a language you understand. Unfortunately, that guy from Ohio doesn't speak a word of German so, tough luck."}, {"type": "sentence", "content": "Often schools try to turn this flaw into a feature. They sell it with the following argument: 'Because our teachers don't speak your language, you'll be forced to speak English and that will accelerate your learning'"}, {"type": "sentence", "content": "I don't buy that. Most of the lesson should be done in English but would the need arise for a deeper explanation, you want the option to communicate in a language you can actually understand."}, {"type": "subtitle", "content": "Native teachers are also good"}, {"type": "sentence", "content": "Don't get me wrong, by speaking to a native person, you'll get the nuances, turns of phrase, and idioms that might not be available from a Non-native."}, {"type": "sentence", "content": "I guess a combination would be ideal in order to get the best of both worlds. But I still think the ratio should be 80/20 in favor of the non-native teacher."}, {"type": "sentence", "content": "At the end of the day, you want to communicate with as many people as possible and that means combining native and non-native speakers."}, {"type": "sentence", "content": "Disclaimer: I'm not a teacher and I have no intention of becoming one. I just think that teaching is a profession that should be taken very seriously and teachers should show commitment, empathy, and determination. If you are one of those, congratulations, that's what the world needs. If you are not, please quit and find another profession."}, {"type": "sentence", "content": "Sayonara, baby!"}], "topic": "education", "uuid": "56e9a6e1105aac3c843bafb7e5a17a71e41dc65453a1596a39cd557a", "link": "https://medium.com/change-your-mind/7-reasons-why-native-speakers-dont-necessarily-make-the-best-language-teachers-899416513e6c"}