{"title": "How to confidently communicate design decisions as a young designer", "data": [{"type": "sentence", "content": "I always wondered how experienced designers were so good at responding to feedback and getting stakeholders onboard - was it a skill they developed over their career or just a natural talent they had?"}, {"type": "sentence", "content": "At my first job as a designer, I would regularly present my design concepts to stakeholders. They would ask me tough questions on the spot and I would stumble over my thoughts and lose my audience almost immediately. I wasn't able to get the stakeholders onboard."}, {"type": "sentence", "content": "I knew what I was doing as a designer, I just couldn't communicate it well. I would see other designers at the company present concepts with little pushback and get everyone onboard almost immediately. I always wondered, will I ever reach the point where I can confidently communicate my design decisions?"}, {"type": "sentence", "content": "Over the years as an in-house product designer, I finally figured out the answer. Yes, it is possible to develop this skill. All of the designers that I looked up to were in my shoes at some point in their career."}, {"type": "subtitle", "content": "Prepare and practice."}, {"type": "sentence", "content": "This may seem obvious, but it's one of the most essentials steps to succeed. To be a good designer, you need to be a good communicator. Communication is how you get people onboard with your decisions. Clearly articulating your reasoning for design decisions will not only get stakeholders onboard, but will allow stakeholders to trust you as a designer. Like all good skills, this takes practice."}, {"type": "sentence", "content": "The most effective strategy that has helped me build my communication skills is to write down possible questions and answers. As you are iterating designs and exploring concepts, start creating a list of questions and responses that you may receive when presenting. This process helps you think about the answers beforehand, giving you time to prepare and practice how you are going to say it."}, {"type": "sentence", "content": "You won't be able to prepare for every possible question, but you will be more confident during the meeting for the questions you did prepare. And the more prepared you are for the meeting, the better you will do."}, {"type": "subtitle", "content": "Set the stage."}, {"type": "sentence", "content": "When presenting your designs, some of your stakeholders may be seeing it for the first time. You don't want stakeholders falling behind and asking questions that were addressed weeks ago. Make sure you get everyone up to speed at the beginning of every meeting to eliminate friction."}, {"type": "sentence", "content": "You also want to utilize your time wisely. Sometimes, you only meet once a week with your stakeholders. Make sure you put thought into how you present the information so they are asking the questions you want them to ask. It's all about navigating the discussion effectively."}, {"type": "subtitle", "content": "Bring evidence."}, {"type": "sentence", "content": "Always come to the meeting prepared to show your concept explorations. This will help your case when showing why one concept works over the other. It shows that you have already thought about different solutions and that you have arrived at the best option."}, {"type": "sentence", "content": "You have done the hard work already. So, prove it to your stakeholders. Show the reasons why one concept is better than the other. Let them know you made logical decisions to arrive at your final design."}, {"type": "sentence", "content": "A helpful tool to organize your thoughts is a pros and cons list. For concepts you explore, make sure you have a thoughtful list of what works and what doesn't. This will help logically organize your thoughts, create a strong argument, and get more people onboard with your process."}, {"type": "subtitle", "content": "Develop relationships."}, {"type": "sentence", "content": "Even if you don't interact with your stakeholders daily, it's important to build a connection with the people you work with."}, {"type": "sentence", "content": "Once you develop a relationship with your stakeholders, they will start to understand you as a designer and as a person. This connection leads to better discussion and better understanding in design meetings. Whether you are starting a new job or have been with a company for 5+ years, it's never too late to build a relationship. It will only benefit you."}, {"type": "sentence", "content": "Understanding the way people are the way they are will help you craft the way to communicate to them and get them onboard quicker with your designs."}, {"type": "subtitle", "content": "Why is this important?"}, {"type": "sentence", "content": "The best designers get buy-in from stakeholders with as little friction as possible. And those designers are able to do that because of how they communicate. And being a good communicator is essential in this field of work."}, {"type": "sentence", "content": "If you are a product design newbie, check out my article on Top 5 mistakes UX designers make early in their career. You'll find some more helpful tips on how to better communicate as a designer."}], "topic": "design", "uuid": "5a5c7bb85bd07c0c9017d431383acec5a9abc7253270fe4e868486be", "link": "https://medium.com/design-bootcamp/how-to-confidently-communicate-design-decisions-as-a-young-designer-a9f703aa00c4"}