{"title": "The easiest way to plot data from Pandas on a world map", "data": [{"type": "sentence", "content": "This guide is intended to be quick and easy, with the least amount of words and least amount of code, to show you how to plot data from a Pandas object on a world map using Matplotlib and Geopandas libraries."}, {"type": "sentence", "content": "The python libraries you need to install are pandas, geopandas and matplotlib. You can find the code for this tutorial on github: https://github.com/udiy/blogposts/tree/main/Easy%20map"}, {"type": "sentence", "content": "The data in the Pandas object needs to have location coordinates, which means latitude and longitude. For this article, I am using data about fires in Australia, which can be found here: https://www.kaggle.com/carlosparadis/fires-from-space-australia-and-new-zeland."}, {"type": "sentence", "content": "The data comes from NASA satellites MODIS instrument, they monitor the fires from space, find acknowledgments at the end of this article. In the data, there's a column called brightness, which is a measure of the temperature (in Kelvin) of the fire."}, {"type": "subtitle", "content": "Explore data"}, {"type": "sentence", "content": "Let's see some code now. First, we'll have a quick look at loading and peeking at the data:"}, {"type": "image", "content": "https://miro.medium.com/max/764/1*BRXnNuRmBFUfgUEFVNK3Wg.png"}, {"type": "sentence", "content": "Now let's plot the data on a scatter plot, latitude on the y-axis, longitude on the x-axis:"}, {"type": "image", "content": "https://miro.medium.com/max/1006/1*K_hzrLNuSnXWltiLsLpVaw.png"}, {"type": "sentence", "content": "Nice. Even without the use of a map, we can see the contours of Australia. Let's add a map."}, {"type": "subtitle", "content": "Geopandas"}, {"type": "sentence", "content": "Geopandas lets you load the geometry for countries worldwide into an object called GeoDataFrame, which is very similar to pandas DataFrame object. It looks like this:"}, {"type": "image", "content": "https://miro.medium.com/max/1978/1*XaZpJiVZqRIaJGcZf2QPGw.png"}, {"type": "sentence", "content": "Once you have this object you can easily plot a world map, in the same way you would use the plot function in pandas:"}, {"type": "image", "content": "https://miro.medium.com/max/964/1*5L_mU6L0i0mt0UrdCUxr5g.png"}, {"type": "sentence", "content": "Since our focus is on Australia, we can slice the \"countries\" object so it shows us Australia only:"}, {"type": "image", "content": "https://miro.medium.com/max/728/1*92IByLDvKhaWB4mPm6j3WQ.png"}, {"type": "subtitle", "content": "Putting it all together"}, {"type": "sentence", "content": "We'll now use matplotlib to create a figure, and plot the map and the data together at the same time:"}, {"type": "image", "content": "https://miro.medium.com/max/1222/1*umI01QOcWXnaYHIK6SdioA.png"}, {"type": "subtitle", "content": "Bonus - Extra Styling"}, {"type": "subtitle", "content": "Minor grid"}, {"type": "sentence", "content": "The grid lines correspond to the ticks on both axes. Depending on the zoom level and our target on the map, we might want to add grid lines with smaller spacing, to do that we need to add extra ticks. For styling purposes, I prefer to add minor ticks, this way you can plot the minor grid in a different color, or transparency level. In the example below there is a minor grid with a spacing of 1 degree:"}, {"type": "image", "content": "https://miro.medium.com/max/1222/1*I5QU8_AV9zOQ0nbJoPmusw.png"}, {"type": "subtitle", "content": "Acknowledgments"}, {"type": "sentence", "content": "We acknowledge the use of data and/or imagery from NASA's Fire Information for Resource Management System (FIRMS) (https://earthdata.nasa.gov/firms), part of the NASA Earth Observing System Data and Information System (EOSDIS)."}, {"type": "sentence", "content": "MODIS Collection 6 NRT Hotspot / Active Fire Detections MCD14ML distributed from NASA FIRMS. Available on-line [https://earthdata.nasa.gov/firms]. doi: 10.5067/FIRMS/MODIS/MCD14ML"}, {"type": "sentence", "content": "Disclaimer by NASA: https://earthdata.nasa.gov/earth-observation-data/near-real-time/citation#ed-lance-disclaimer"}, {"type": "sentence", "content": "That's it, I hope you found this tutorial helpful and enjoyable :)"}], "topic": "data-science", "uuid": "5af9ae87f24a1f23932db2cb23c4f964dcaa5b522facb67efc492353", "link": "https://towardsdatascience.com/the-easiest-way-to-plot-data-from-pandas-on-a-world-map-1a62962a27f3"}