{"title": "Apple Is Working With TSMC on Micro-OLED For Apple Glass", "data": [{"type": "image", "content": "https://miro.medium.com/max/1080/1*EX9PXqbdURLR7xSQmnXtOA.jpeg"}, {"type": "sentence", "content": "The Japanese business publication \"Nikkei\" reports that Apple is developing high-resolution micro-OLED displays in a factory in Taiwan in a joint venture with chip manufacturer TSMC. These new displays will be going to be used in devices like Apple's long speculated AR / VR glasses Apple Glass."}, {"type": "sentence", "content": "The good news for Apple and technology enthusiasts is that Micro-OLEDs do not require a glass substrate, but are attached directly to the chip, resulting in thinner screens for compact devices."}, {"type": "sentence", "content": "The production is still in the test phase, it could take years to mass production - research would not be far enough for a first model of the Apple Glass, which according to rumors should come in 2022 or 2023."}, {"type": "sentence", "content": "For this specific project, Apple had employed dozens of employees from the Taiwanese display manufacturer AU Optoelectronics."}, {"type": "subtitle", "content": "Apple's Partnership With TSMC"}, {"type": "sentence", "content": "I found an article from an Asian news sources Nikkei which explains the partnership between Apple and TSMC and also explains the challenges and the solutions that Apple is promising:"}, {"type": "sentence", "content": "\"Panel experts are good at making screens bigger and bigger, but when it comes to thin and light devices like AR glasses, you need a tiny screen. Apple is working with TSMC to develop the technology because the chipmakers are export at making things ultra-small and fine, while Apple also uses the expertise of the panel experts at display Uses technologies.\""}, {"type": "sentence", "content": "And At the same time, Apple is also researching micro-LED displays for Macbook, iPhone, and iPad."}, {"type": "sentence", "content": "These are tiny light-emitting diodes that, like OLEDs, do not require backlighting and promise great contrast and high brightness with little energy consumption."}, {"type": "sentence", "content": "In the article published by \"Nikkei,\" they mentioned, micro-OLED can best be understood as miniaturized organic light-emitting diodes (OLED) and as a technology different from micro-LED. The Paris-based manufacturer Microoled advertises its panels as the AMOLED (active-matrix OLED) with the highest pixel density. The alleged research by Apple with TSMC is likely to result in this: to make OLED displays even more compact and thinner than those of the Apple Watch, for instance."}, {"type": "sentence", "content": "According to \"Nikkei\", Apple has rented several buildings in the Longtan Science Park in Taiwan that are within walking distance of TSMC's manufacturing and testing facilities for chips. TSMC builds Apple SoCs for Apple Watch, iPhone, iPad, and, more recently, Macs, which Apple designed on ARM designs."}], "topic": "business", "uuid": "5b3521924ac587a3a61be414da2c83025b0164ce8a26b00face56a1f", "link": "https://medium.com/macoclock/apple-is-working-with-tsmc-on-micro-oled-for-apple-glass-36c60fdc02df"}