{"title": "What can UXers learn from MasterChef?", "data": [{"type": "image", "content": "https://miro.medium.com/max/2016/1*PFzX1ELpCabLJsRRhQwZqQ.png"}, {"type": "sentence", "content": "In the past couple of weeks I have been obsessed with watching MasterChef on Netflix (in case you haven't watched it, it's a competitive cooking show, where contestants have to serve their best dishes and as the weeks go by to be crowned the champion). After a busy working day I couldn't wait to just sit down and enjoy one of my favourite shows."}, {"type": "sentence", "content": "As I was getting deeper into the season I realised that I could compare some situations in my work life as a UX designer with what I have seen on the show. I know you probably think it sounds crazy but let me walk you through the similarities I have explored."}, {"type": "image", "content": "https://miro.medium.com/max/3540/1*Wjiu-s4ldxYQNP8O7AOEyA.png"}, {"type": "subtitle", "content": "1. Understanding the Brief"}, {"type": "sentence", "content": "Each week the contestants have to address a brief of what they should cook, what ingredients they can or can't use and how many people they will have to cook for."}, {"type": "sentence", "content": "It is actually not that different in terms of UX at all. Let me demonstrate it for you:"}, {"type": "sentence", "content": "(Scenario: You are either a freelance designer or working for a company)"}, {"type": "image", "content": "https://miro.medium.com/max/1252/1*TvFPY1LZyrJ3TVu3-MZYtw.jpeg"}, {"type": "subtitle", "content": "2. Tools"}, {"type": "sentence", "content": "In the kitchen you're probably using the most common tools such as: pans, knives, chopping boards, measuring jars etc., and you know exactly what they can be used for. For example, you can't cook the pasta in your measuring jar, you will use the pan for that. But there are also things that you will use multiple times during your cooking process, like your knives or spoons."}, {"type": "sentence", "content": "It's the same in the User Experience world. We are so lucky that we can use many different tools to achieve the best outcome for a project."}, {"type": "sentence", "content": "I think it's important to highlight that you might feel more familiar with some of these tools than others and might even use some of them for multiple purposes. Whatever you do, always try to experiment with new and existing tools to find out which one works the best for you with different aspects of the project."}, {"type": "image", "content": "https://miro.medium.com/max/1200/1*-zsBA13e0K1dl-kla6LNeA.jpeg"}, {"type": "subtitle", "content": "3. Techniques"}, {"type": "sentence", "content": "Every MasterChef contestant is different in terms of their skills and knowledge. Some of them might have never seen a sous vide machine before, whilst others use it in their day to day life. I think it's important to note that we all have different abilities. In fact it's truly amazing as this is why we can learn so much from each other."}, {"type": "sentence", "content": "There are several cooking techniques that are most likely familiar to all of us: baking, roasting, frying, grilling etc., and we know when to use them. For example you know that frying a chocolate cake will not benefit you at any occasion."}, {"type": "sentence", "content": "It's the same in the world of UX design. You probably have a process that you apply during product discovery. Your techniques may look like: competitive analysis, creating personas, user journey mapping, a/b testing, usability testing etc. Be sure that you know your techniques and when to use them (don't fry your chocolate cake!)."}, {"type": "image", "content": "https://miro.medium.com/max/2320/1*sf1rwWlCn-KMUm101LmE6Q@2x.png"}, {"type": "subtitle", "content": "4. Ingredients"}, {"type": "sentence", "content": "In the first round of the show the contestants can use their own well-tried and tested recipes that they have probably cooked for their families for weeks before they actually have to make it for the judges, John and Gregg."}, {"type": "sentence", "content": "In terms of UX, I want you to change the word in your head to 'Components' - that's right Components like buttons, input fields, images, text etc."}, {"type": "sentence", "content": "User Experience is a really complex field but here are my 3 tips to create the best experience possible with your ingredients:"}, {"type": "sentence", "content": "Once you establish all the components that will be needed for your design you will have to make sure that they will all work well together (just like a recipe!), building up the whole page/screen. I always try to go back and forth when I'm creating components as I probably need to do multiple iterations of them and select which ones can be used in the final design."}, {"type": "image", "content": "https://miro.medium.com/max/1252/1*0TGN4YN5z0axJG0XDUAjSQ.jpeg"}, {"type": "subtitle", "content": "5. Timing"}, {"type": "sentence", "content": "In both Masterchef and in UX, timing is the most crucial part of the process. Imagine spending too much time on preparing the elements of your dish that you don't actually have time to cook. Or a different example: you focus on cooking the meat to perfection but you are not able to serve with any side dishes or sauces. You would only be able to serve a piece of meat on a plate which let's be real not so appetising."}, {"type": "sentence", "content": "It can also happen to you when you design something and you get lost in the details not realising that you have been only focused on one element of your product forgetting about the overall outcome. It's better to get a complete design out in time which you can then learn and iterate on."}, {"type": "image", "content": "https://miro.medium.com/max/1600/1*QEK8Bevt5sK44z-Jxy-u0w.png"}, {"type": "subtitle", "content": "6. Presentation"}, {"type": "sentence", "content": "Once the contestants are finished preparing their dish they have to make sure that their presentations are extraordinary and impressive for the judges. Hopefully achieving the wow factor."}, {"type": "sentence", "content": "When you are able to present your prototype, research and findings you have to make sure that you will want to do everything you can to receive that wow factor from your client/stakeholders."}, {"type": "sentence", "content": "How to achieve that wow factor?"}, {"type": "image", "content": "https://miro.medium.com/max/3168/1*mOyNqdZUP8geLB5cSRSC5A.png"}, {"type": "subtitle", "content": "7. Feedback"}, {"type": "sentence", "content": "John and Gregg are not there just to run the show. They provide feedback to all the contestants hoping that they will develop from it and become better and better each week."}, {"type": "sentence", "content": "Being afraid of getting feedback is not the best way to go. Personally at the start of my UX career, I was hesitant to share my designs for a very long time because I was scared of the feedback that I would receive. I felt anxious before my presentations as I was scared of getting negative feedback on something that I have been working on for a while."}, {"type": "sentence", "content": "Today I know that constructive feedback is the best way to develop and challenge yourself. Any sort of feedback is better than no feedback at all. It is crucial that you are aware that it's not a personal attack (or at least it shouldn't be). It's truly about getting the best outcome possible and keeping the users the centre of your focus."}, {"type": "sentence", "content": "In conclusion: becoming an effective User Experience designer is a never ending learning process, just like being a contestant in MasterChef."}, {"type": "sentence", "content": "You have to be aware of so many different aspects of the process and make sure that your audience will benefit from the application of your knowledge/skills to enjoy your final meal!"}], "topic": "ux", "uuid": "5cafbc4428383ac093738dd8be0f378401b6b134fca99c9018ba4ced", "link": "https://medium.com/design-bootcamp/what-can-uxers-learn-from-masterchef-750995559073"}