{"title": "4 Mindfulness Tips to Help Freelance Developers Finally Relax", "data": [{"type": "sentence", "content": "The life of a freelance developer is intense - finding new projects, fixing code bugs, dealing with endless emails, and chasing payments on top of creating new stuff."}, {"type": "sentence", "content": "It is depleting. Eventually, your body says \"no more!\""}, {"type": "sentence", "content": "You're forced into a period of downtime, which in itself creates more stress as you can't continue to work."}, {"type": "sentence", "content": "I've found myself in this cycle multiple times."}, {"type": "sentence", "content": "There's no quick fix, however, there is a way to help soften its impact."}, {"type": "sentence", "content": "Fans of Medium will probably be no stranger to mindfulness meditation."}, {"type": "sentence", "content": "To my infinite shame, I only started taking mindfulness seriously when it appeared on my FitBit app dashboard. Each time I logged in, there was a little icon that let me track my mindfulness sessions."}, {"type": "sentence", "content": "This gentle reminder to meditate most days has helped to integrate mindfulness more deeply into my daily life. I no longer rely on guided meditations at set times - I find it more effective to use the practice when I feel like I need could benefit from it."}, {"type": "sentence", "content": "This has seriously helped me to deal with some of the more acute aspects of my job, such as anxiety and frustration. More generally, it helps me to feel optimistic."}, {"type": "sentence", "content": "Below are some ways that mindfulness has supported my freelance lifestyle. I hope it can help you too."}, {"type": "subtitle", "content": "1. Ground yourself before going on a call"}, {"type": "sentence", "content": "Prospective client calls in particular can be stressful. All the unknowns."}, {"type": "sentence", "content": "If you're like me, this produces an unwelcome anxiety spike that can impede your ability to think clearly."}, {"type": "sentence", "content": "When I feel especially shaken by an upcoming meeting, it helps to make myself feel grounded. I do this by focusing on the sensations of my feet on the ground. I intentionally relax my shoulders, becoming aware of the downward force of gravity upon them."}, {"type": "sentence", "content": "This sends signals to the brain to assure all is well - there is no need to go nuts on the adrenaline. Amazingly, this simple act of intentionally loosening your physical body can make your mind feel relaxed."}, {"type": "sentence", "content": "Next time you're feeling nervous about an imminent call or meeting, take a moment to feel yourself grounded. A sense of calm will wash over you, empowering you to be more you when it's time to talk."}, {"type": "subtitle", "content": "2. Take a breath when you receive a bad email"}, {"type": "sentence", "content": "Before I understood that there is a space between stimulus and response, I would hit the roof the moment a bad email came in."}, {"type": "sentence", "content": "A client not happy with a piece of work? How dare they! More delays on an overdue invoice? Grrr! \ud83d\ude24"}, {"type": "sentence", "content": "What mindfulness does is enable you to pause for a moment before responding. When I was growing up, to calm down I was told to count to 10. But that never worked for me. Instead, I now focus on the sensations of the breath moving in and out of my body before doing anything else."}, {"type": "sentence", "content": "There is something deeply calming about tuning into this sensation. When I feel my belly rise and fall, the worries melt away. This temporary relief means I can focus on a more rational response rather than an emotional outburst."}, {"type": "sentence", "content": "Taking the time to notice my breathing has worked wonders with my client relations. It's also, rather surprisingly, helped foster a greater sense of empathy toward others as I give myself the space to deeply reflect on their grievances. Try it - the next time a client riles you, breathe."}, {"type": "subtitle", "content": "3. Sip a drink, mindfully"}, {"type": "sentence", "content": "My morning routine used to involve quickly making an instant coffee that I would gulp way too quickly whilst checking emails and burning my mouth."}, {"type": "sentence", "content": "This is ridiculous! Think how far those wonderful beans have travelled, how awesome coffee is. It deserves more than to be washed down without a thought."}, {"type": "sentence", "content": "I now take a few moments in the morning to drink the coffee slowly, mindfully, whilst looking of the window. I can see trees with squirrels bouncing from branch to branch. I notice wispy clouds hanging in the deep blue sky. I can hear my neighbour chainsawing some logs - well mindfulness is all about opening up to everything!"}, {"type": "sentence", "content": "Rather than using coffee purely as a tool to energise me, I've seen that there is value in the drinking of it. Doing this mindfully sets my day off to a much steadier start."}, {"type": "subtitle", "content": "4. Take a mindful walk to solve a problem"}, {"type": "sentence", "content": "I've written before about the cognitive benefits of walking, but doing it mindfully only intensifies the effect."}, {"type": "sentence", "content": "As a web developer my work is often quite technically challenging. In my junior days I would sit with a problem for hours, stubbornly refusing to take a break (I still do, sometimes)."}, {"type": "sentence", "content": "But when I get outside away from the laptop, great things happen."}, {"type": "sentence", "content": "My mind awakens. By noticing the terrain beneath my feet and the sights and sounds around me, I'm given a short break from the problem at hand."}, {"type": "sentence", "content": "I don't know what sorcery this is, but countless times I have experienced a revelation after returning from these short walks. It's like my brain gets a hard reset, and within minutes I can solve a problem that I had previously fixated on for hours."}, {"type": "sentence", "content": "If your day throws up a tricky problem that is blocking you from moving forward, take a walk and intentionally focus on your immediate surroundings. Let go of the thoughts, the problem, and when you return, you might well find that the answer has magically appeared."}, {"type": "sentence", "content": "We tend to overthink meditation. Thanks largely to how it is portrayed in popular media, we expect to hit upon some deep spiritual state, some otherworldly place."}, {"type": "sentence", "content": "The truth is you don't need a guru or candles or the view of some snow-capped mountain range. All you need to do is be present, to pay attention to your body, your thoughts and the environment around you."}, {"type": "sentence", "content": "Once enchanted by this elusive, peaceful lifestyle, I have come to appreciate meditation for what it really is - a tool to give me a damn break. That's it."}, {"type": "sentence", "content": "Leverage its power to reconnect with yourself, to step beyond your worries, to relax."}, {"type": "sentence", "content": "Stop reading now, and go practice."}, {"type": "sentence", "content": "If you enjoyed this please consider following me for more. Don't forget to register for my newsletter for the exclusives."}], "topic": "freelancing", "uuid": "61bf4805f3c15d5f40e736874999883fea5836427c934bbde26b83fd", "link": "https://levelup.gitconnected.com/4-mindfulness-tips-to-help-freelancer-developers-finally-relax-80e0c3180fd8"}