{"title": "Is It Time to Make Money From Your Passion Project?", "data": [{"type": "sentence", "content": "\"I'm not sure I should keep doing this.\""}, {"type": "sentence", "content": "My friend who writes fiction in her free time, asked for advice. Despite having fun with her passion project, she wasn't sure if she wanted to keep doing it. After all, it took a lot of time and she didn't earn anything from it."}, {"type": "sentence", "content": "Her experience is very common. When I first started following my passion, I offered free group calls where I helped people. It was my version of a passion project."}, {"type": "sentence", "content": "At first, I felt ecstatic. It was wonderful to help people and practice my skills. It was great to do something that felt aligned and that I felt passionate about."}, {"type": "sentence", "content": "But after a while, that excitement wore of. I needed to figure out why my feelings about my passion project had changed so dramatically."}, {"type": "subtitle", "content": "Here's what I learned about the need to monetize your passion project:"}, {"type": "sentence", "content": "Motivation persists when efforts feel rewarding and the perception of reward can change."}, {"type": "sentence", "content": "In other words: your passion project has to feel rewarding to you, and what that means might develop over time."}, {"type": "sentence", "content": "At first, expressing you passion or getting positive feedback might be enough. But over time, you might also need other rewards to stay motivated. One such reward is financial compensation."}, {"type": "sentence", "content": "Let's explore how you can start getting paid for your passion project."}, {"type": "subtitle", "content": "The 4-step process for beginning to monetize your passion project:"}, {"type": "subtitle", "content": "1. Get clear on if and to what an extent you want to monetize your passion project"}, {"type": "sentence", "content": "The first step to change is clarity. You need to get clear if and to what extent you want to monetize your passion project."}, {"type": "sentence", "content": "While turning your passion into a side hustle has many benefits, it also has drawbacks. It can turn something that you feel passionate about into something that feels like a job."}, {"type": "sentence", "content": "The pressure to earn money from your project can kill off the passion that made you start it in the first place. This is something I experienced when I started charging for some of the things I previously did for fun. So, tread carefully. Not everything should be monetized."}, {"type": "sentence", "content": "The extent to which you want to monetize your passion project also makes a difference:"}, {"type": "sentence", "content": "The more you want to earn from your passion project, the more effort and time you will likely have to put into it."}, {"type": "sentence", "content": "Example: \"Hmm, I definitely want to recover my expenses. It doesn't feel good to pay money to do this. I also would like to get some pocket money from it. Would I like to turn it into a genuine additional income stream? Perhaps later. Right now, I first want to start earning some money from it.\""}, {"type": "subtitle", "content": "2. Explore if people would pay for your passion project"}, {"type": "sentence", "content": "In this step, you determine whether you can monetize your passion in its current form. For people to be willing to pay for something, they need to receive value from it. This value can be information, entertainment, transformation, etc."}, {"type": "sentence", "content": "However, just because people receive value from something doesn't mean they'd be willing to pay for it. We all receive value from search engines and yet, due to social convention, few of us would be willing to pay for it. (Of course, we indirectly pay for it anyway with our data but that's a separate story.)"}, {"type": "sentence", "content": "To find out if people are willing to pay for what you do, research how people monetize comparable passion projects. It can also be useful to ask in online groups if people are aware of something that's similar to what you do."}, {"type": "sentence", "content": "Create a list of all the different ways you could monetize your passion project."}, {"type": "sentence", "content": "Example: \"Hmm, so my fiction readers definitely receive value from what I'm doing. I'm receiving a lot of positive comments. Would they be willing to pay for it?"}, {"type": "sentence", "content": "Well, if I look at other fiction writers, many of them do get paid at least some money if they put their writing into book form. I think there are also platforms such as Wattpad where some fiction writers get paid. I could also check out if there are fiction writers who use Patreon and offer their supporters exclusive stories.\""}, {"type": "subtitle", "content": "3. Try it out and give people a way to pay you"}, {"type": "sentence", "content": "Pick one of the the monetization routes (either the simplest or the one most likely to succeed) you have brainstormed in the previous step and implement it."}, {"type": "sentence", "content": "Ultimately, there's only one way to find out if you can monetize your passion project: give people a way to pay you and see if they respond. Over time, you also want to try out different ways to monetize your passion. If the first one doesn't work, perhaps it just wasn't the right one."}, {"type": "sentence", "content": "Example: \"Alright, so putting my writing in book form would take a long time, so I think I will begin by creating a Patreon and offer the people who support me through that exclusive stories.\""}, {"type": "subtitle", "content": "4. Continue to build your audience"}, {"type": "sentence", "content": "If you already have an audience who loves what you're doing, you might have made some money right away. If not, it could be that you don't yet have enough people who want to support your passion project."}, {"type": "sentence", "content": "Either way, you want to continue to build your audience. The bigger your audience, the higher your income potential. So, decide on a plan for increasing your audience."}, {"type": "sentence", "content": "Example: \"Alright, so I tend to receive some comments on my writing so I think I already have somewhat of an audience at the moment. To increase my audience, I want to continue to improve my craft, write more frequently, and encourage my fans to share my writing with others. I also want to expand to other platforms to reach people there.\""}, {"type": "sentence", "content": "By following the steps above, my friend can start earning money from her writing. Over time, this can lead into a side business or even a full-time business."}, {"type": "sentence", "content": "My friend can get there by deciding to monetize her writing, exploring ways to make money from it, taking action, and growing her audience."}, {"type": "sentence", "content": "You can do the same."}, {"type": "sentence", "content": "If you have started or are considering to start a passion project, why not take it up a notch and aim for a profitable one? By monetizing your passion project, it might also stay more rewarding for you."}, {"type": "sentence", "content": "I give more advice on how to start getting paid for your passion here."}, {"type": "subtitle", "content": "The Mini Post-Grad Survival Guide"}, {"type": "sentence", "content": "A 5-day email course with tips on budgeting, investing, and productivity for 20-somethings. Sign up for free."}], "topic": "freelancing", "uuid": "6205e4004ec9c10415d47fd5e8486c058e4755516e06709964f63cf3", "link": "https://medium.com/the-post-grad-survival-guide/is-it-time-to-make-money-from-your-passion-project-4421a83ca366"}