{"title": "Our Product Design Journey: How We Discovered Air Quality Data Wasn't Enough", "data": [{"type": "sentence", "content": "When we founded BreezoMeter, many businesses and governments were not ready to answer the public demand for solutions that protected them from harmful air quality."}, {"type": "sentence", "content": "As data scientists and environmental engineers with our own air quality technology and APIs, we realized we were equipped to answer this demand - and so our B2C product design journey began."}, {"type": "sentence", "content": "Today, our air quality app is used by hundreds of thousands each day by users around the world. It also ranks as one of the highest in the air quality app categories on both the Apple and Google Play stores. So.. how did we do it? I'll explain here some of our insights and product design learnings as we came to realize that data without insights or context is totally meaningless:"}, {"type": "subtitle", "content": "Building our B2C Product Design Journey"}, {"type": "sentence", "content": "Establishing our own unique B2C proposition within a B2B DaaS country has been a really interesting journey - we quickly realized that the psychology behind our B2B messaging wouldn't translate for consumer audiences."}, {"type": "subtitle", "content": "1. How We Found Our Audience & Validated Our Assumptions"}, {"type": "sentence", "content": "It's always a good idea to start with the basics - but when you're in the business of improving individual lives for the better, it's essential to understand the personal use cases and motivations that bring people to look for the solutions you provide."}, {"type": "sentence", "content": "I'm not going to explore all the fundamentals of product design research and user personas here, but these are some strategies that particularly worked well for us:"}, {"type": "subtitle", "content": "- Reverse Engineered Personas By Exploring Companies in our Ecosystem"}, {"type": "sentence", "content": "One thing that really worked for us at the start was to explore the assets and messaging for companies within our eco-system, such as weather and pollen tracking apps, and work backwards from that: What were their main features? How did they position themselves strategically? Were there any insights we could obtain from their websites and apps and their direction for the future?"}, {"type": "sentence", "content": "For example, say a company offered a resource providing informational and educational content - we could deduce that they were targeting educators or those interested in self-learning. If another player provided a considerable amount of governmental and legislative information, this gave us yet further insights into a separate group of potential user group interests. This method helped us to validate some of our own assumptions as a first, basic step in the early days."}, {"type": "subtitle", "content": "- Used Social Networks to Understand Our Target Customer's Pain Points"}, {"type": "sentence", "content": "Especially for an air quality data company like ours, where the public often sets the pace of demand, social media provides an invaluable tool for getting intimately acquainted with our would-be users and the solutions they felt were currently missing in the marketplace."}, {"type": "sentence", "content": "For example, our wildfire alerts and real-time smoke tracking was borne directly from a need to provide individuals with real-time information during a wildfire event - when many other sources of this information go offline due to blackouts or damage."}, {"type": "sentence", "content": "In addition to product development inspiration, social media helps us to identify the gaps in information out there, and a strategic backbone to our content planning. We're lucky to have the full gambit of atmospheric scientists, product experts, marketing and technical specialists at BreezoMeter, meaning we're well equipped to answer the public's burning questions in an informed and thorough way."}, {"type": "subtitle", "content": "2) Users Want Insights, Not Data"}, {"type": "sentence", "content": "Raw data, even if it's personalized to the user, gives no value in the long-term, it's the insights and recommendations you provide that do this."}, {"type": "image", "content": "https://miro.medium.com/max/664/0*zI4g-9vtZ7ca3dtH"}, {"type": "sentence", "content": "Here's an example: Say you just bought a new fitness watch that tracks your sleep. You check the watch and see some numbers that basically tell you slept for 8 hours or 6, or 7."}, {"type": "sentence", "content": "This kind of information can hold interest for a while, but we've found that for prolonged user retention and interest, individuals really want insights into how well they slept and advice for how to improve their sleep over time in light of their personal activities and habits throughout the day."}, {"type": "sentence", "content": "Simply reporting on 'how' or 'task completion' will never fully address your users' needs in the long run."}, {"type": "sentence", "content": "Maslow's hierarchy of psychological needs goes some way to explaining why this is. At the top of the pyramid is the self-actualization so many of us are striving to reach: Much of the drive behind personalization is connected to habit change and optimal living in today's day and age."}, {"type": "sentence", "content": "Consumers today want to feel as though they're improving their lives and solutions that provide raw data without insights don't really help them to do this."}, {"type": "image", "content": "https://miro.medium.com/max/2524/0*L3hLgtZpFYXM7q7L"}, {"type": "sentence", "content": "The realization that we needed to look beyond the data we provide in order to successfully capture our B2C audience has been an essential point of learning at BreezoMeter."}, {"type": "sentence", "content": "We could have the most reliable air quality information in the world, but we won't achieve our mission or capture the imagination of our users if we don't encourage new habits and help our users with real-life decision-making"}, {"type": "subtitle", "content": "3. How We Support Tiny Habit Changes"}, {"type": "sentence", "content": "We are big fans of Fogg's behavior model for habit formation at BreezoMeter. The idea behind this approach is that long-term behavior change occurs not by pure motivation or willpower, but rather by making small changes to behavior that evolve over time."}, {"type": "image", "content": "https://miro.medium.com/max/2226/0*-8otq9YZBYxkWsdW"}, {"type": "sentence", "content": "For these behavioral changes to begin, there needs to be the initial motivations for doing so, the actual ability to complete a task - (if it's too complicated, people will give up) - and initial trigger for wanting to change a particular behavior."}, {"type": "sentence", "content": "For Breezometer, this model starts with encouraging our app and livemap users to be more air-quality aware - simply checking air pollution levels where they are at any given time - and making small choices as a result such as choosing to walk on the opposite side of the road, heading to a different park or shutting the windows when they receive a low air quality alert."}, {"type": "subtitle", "content": "Key Takeaways"}, {"type": "subtitle", "content": "Watch Our B2C Product Lead Explain this Content Instead:"}, {"type": "image", "content": "https://miro.medium.com/proxy/1*b31hiO4ynbDLRrXWEFF4aQ.png"}], "topic": "design", "uuid": "63d5fd9642c7a2fb40e27fc89b82a41fe5ff22171b14b07111df984b", "link": "https://productcoalition.com/our-product-design-journey-how-we-discovered-air-quality-data-wasnt-enough-4d97c84c179c"}