{"title": "Kingdom Hearts Finally Hits PC as an Epic Store Exclusive", "data": [{"type": "image", "content": "https://miro.medium.com/max/2400/1*16pzwJDpIhpzc7YWsHStcA.jpeg"}, {"type": "sentence", "content": "An action role-playing game that lets you team up with Disney and Pixar characters? Kingdom Hearts sounds like a dream come true and that's because it is. The holy grail of crossovers was born from a chance meeting between a Square Enix producer and a Disney executive in an elevator. The companies shared a building in Japan at the time and the results were beyond the wildest dreams of Disney and Pixar fans across the globe."}, {"type": "sentence", "content": "In 2021, few games have as much narrative baggage as a series that doesn't hesitate to jump from one world to another. After all, juggling a complex narrative with faithful renditions of the source material is no simple feat. Simply walking around in the game often feels like being on a Disney set, complete with props and characters. And that's why Kingdom Hearts finally showing up on PC is a moment worth celebrating. It's time to duel with keyblades."}, {"type": "sentence", "content": "While it did start as a franchise that married the best elements of the iconic Final Fantasy games and the recognizable Disney roster, Kingdom Hearts soon outgrew its former ambitions. Underneath all the visual spectacle was a rock-solid role-playing game that never ceased to surprise and engage the player. If you're still wondering why Donald Duck is a mage, there's no better time to give Kingdom Hearts a shot. If anything, you'll witness what the hype was all about."}, {"type": "image", "content": "https://miro.medium.com/max/2400/1*zzNf6yGR8Qq_KHhWmSmk7w.jpeg"}, {"type": "subtitle", "content": "Face your fears"}, {"type": "sentence", "content": "While Kingdom Hearts does come with a needlessly complicated mythos for a franchise aimed at a younger audience, the satisfying combat more than makes up for it. Weaving together impressive combos as you face hordes of foes across colorful worlds is a feeling that never really gets old. Some of the Disney-themed regions can seem like retreads of a story that has already been told. But experiencing said world as a living and breathing character has its own sense of charm."}, {"type": "sentence", "content": "Besides short sessions at console booths in malls, I haven't had the opportunity to really dive into Kingdom Hearts' expansive lore and learn how the games connect to each other. But with its arrival on PC, I hope that changes. It's about time I caught up with my Kingdom Hearts homework. Here are the games heading to PC on March 30:"}, {"type": "sentence", "content": "Kingdom Hearts 1.5 + 2.5 Remix is available for $49.99 at the Epic Games Store while the other three games are $59.99 each."}], "topic": "gaming", "uuid": "64bdc73485c69b0dccda19a008123036da1643705a659e55c5572c78", "link": "https://medium.com/super-jump/kingdom-hearts-finally-hits-pc-as-an-epic-store-exclusive-73fd8b428bc1"}