{"title": "George the Rabbit Goes on a Date", "data": [{"type": "subtitle", "content": "Fiction Friday"}, {"type": "sentence", "content": "George licked his paws and rubbed at his ears. They fell softly over his eyes for a moment before springing back up into place. He stroked the fur around his hips as it had been somewhat pushed out of place by the seatbelt on the taxi ride here, then he knocked three times on the wooden front door. He set a smile on his face then worried it was too toothy so modulated back to a less intense grin. When Sammy answered the door, an even bigger and toothier smile spread across his face."}, {"type": "sentence", "content": "\"George.\" She said, happily. \"It's so good to see you.\" She planted a kiss right on his mouth."}, {"type": "sentence", "content": "\"Hello.\" He said sheepishly, still grinning widely. She beckoned him into the house and he followed. She was wearing a brightly-coloured wide-skirted dress that hung around her knees and when she walked you could see the layers of white petticoats beneath it. The dress itself was bright blue and contrasted vividly with the pink cupcake that was tattooed in the middle of her chest."}, {"type": "sentence", "content": "\"Drink?\" She offered as they entered the living room. \"I can open a bottle of wine.\""}, {"type": "sentence", "content": "\"Wine sounds great.\" He said after clearing his throat. She left through a door into the kitchen but he could still see her through the serving hatch."}, {"type": "sentence", "content": "\"White or red?\" She asked, lifting a couple of glasses from a cupboard."}, {"type": "sentence", "content": "\"Either's fine,\" George said. \"I'm not much of a wine drinker."}, {"type": "sentence", "content": "\"I can get you something else.\" She said, pouring herself a large glass of white."}, {"type": "sentence", "content": "\"No, wine is good. It's a date drink.\" He replied and watched her fill his glass."}, {"type": "sentence", "content": "\"It is, isn't it?\" Sammy said as she re-entered the living room, holding two glasses."}, {"type": "sentence", "content": "She tried to offer the glass to George's right paw but realised he couldn't hold it with just one. Carefully, he took the glass between both paws and tipped some of the contents into his mouth."}, {"type": "sentence", "content": "\"Is that OK?\" She asked and he nodded vigorously."}, {"type": "sentence", "content": "\"It's lovely.\" He said and she smiled. She gestured to the worn and faded sofa and they both sat down. A moment of silence fell between them and George awkwardly stared at the ground. His elongated furry feet looked huge next to her pink dainty ones. She saw where he was looking and gently rubbed her left foot against his warm lower leg."}, {"type": "sentence", "content": "\"I'll bet you're always lucky.\" She ran her toes down over one of his feet. He began to look uncomfortable but she continued. \"You feel pretty lucky, right now, to me.\""}, {"type": "sentence", "content": "\"Erm, Sammy,\" he edged away from her and tried to put down the glass he was holding."}, {"type": "sentence", "content": "\"Come on, everyone knows about rabbits.\" Sammy leant towards him, placing her own wine glass on the floor at their feet."}, {"type": "sentence", "content": "\"Knows what about rabbits?\" George asked with alarm. She leant in closer."}, {"type": "sentence", "content": "\"You're always at it...\" She laughed, delicately, \"Like rabbits.\" George pushed her away. He still had a glass clamped between his paws; the wine sloshed out of it and down the front of her dress. Sammy recoiled from the cold liquid on her skin. George scampered to his feet, placing the nearly empty glass on the coffee table."}, {"type": "sentence", "content": "\"Sammy, I'm sorry but no.\" He said calmly, hiding the panic rising in the back of his throat."}, {"type": "sentence", "content": "\"You've ruined my dress.\" She yelled, swirling into the kitchen to dab at the front with a cloth. He shifted his weight anxiously from one foot to the other. She reappeared in the kitchen doorway, \"Why did you think I asked you out?\""}, {"type": "sentence", "content": "\"I thought you liked me.\" He whispered, choking out the words. She sighed, her eyes growing wider."}, {"type": "sentence", "content": "\"You'd better leave.\" She said firmly. George glanced at her, tears forming in his eyes, then left. He hopped down the three steps from her front door to the pavement and began to cry. He'd really thought that this one would be different."}], "topic": "fiction", "uuid": "65d7f50dd61c518230b87da08204e7b0467ee4732578e32031e980d3", "link": "https://psiloveyou.xyz/george-the-rabbit-goes-on-a-date-79d011fa4bde"}