{"title": "Retro Modding Your GBA Console", "data": [{"type": "image", "content": "https://miro.medium.com/max/2400/1*J0DQ-my0GGsp_frT4683FA.png"}, {"type": "sentence", "content": "Since the rise of Android-powered emulation handhelds has changed the way that I enjoy handheld gaming, I have let my GBA go to the wayside."}, {"type": "sentence", "content": "Nevertheless, nothing is better than pulling out an authentic Nintendo console to play some Golden Sun or Pok\u00e9mon Emerald."}, {"type": "sentence", "content": "Unfortunately, the original GBA (Game Boy Advance) is just so the dated feeling when you put it next to a beautifully backlit console that has access to thousands of titles at once."}, {"type": "sentence", "content": "So, I set out to waste some money and reinvigorate my trusted old GBA. Here are some of the modifications that you can do to bring your GBA into the 21st century."}, {"type": "image", "content": "https://miro.medium.com/max/2000/1*IC51yoAhNRtNP2EguuzC8g.jpeg"}, {"type": "subtitle", "content": "Flash carts"}, {"type": "sentence", "content": "First and foremost, one of the most frustrating things about the original GBA is having to collect all those game cartridges, am I right? Sure, that's part of the prestige of being a collector but digging through your collection can be a painful experience if you have a lot of titles."}, {"type": "sentence", "content": "Flash carts came on the scene quite a long time ago, originally being available through online retailers like Lik-Sang (yes, I am that old). With a flash cart, you can theoretically store thousands of games on a single cartridge."}, {"type": "sentence", "content": "The earliest flash carts that I had were very prehistoric, the first one used a serial connection for data transfers. Nowadays the flash carts are a lot more intuitive and easy to use, often working with a MicroSD card."}, {"type": "sentence", "content": "Full disclaimer, I am not being paid to promote products but my flash cart of choice is the EXSEK EZFlash Omega. It's reasonably affordable, available on Amazon, and it includes adapters for the Nintendo DS as well."}, {"type": "sentence", "content": "Yes, that's right, you can play ported DS Roms on your original DS console as well. Although that's a topic for another time, as right now we are focusing on the all-mighty GBA."}, {"type": "image", "content": "https://miro.medium.com/max/2268/1*TpfzLTDR0Kb3hcMIhAbCtA.jpeg"}, {"type": "subtitle", "content": "Backlight adapter"}, {"type": "sentence", "content": "Perhaps one of the biggest letdowns of the original GBA, when it came out in 2001, was the lack of a backlit screen. There were plenty of handhelds before it that had backlit screens, but Nintendo still thought otherwise."}, {"type": "sentence", "content": "When you've played modern consoles and mobile games with a beautiful backlit screen, it can be so hard to travel back in time and play unlit. But in recent years there has been a rise in the availability of backlit screen kits."}, {"type": "sentence", "content": "Now I know what you are thinking, you have to be an electrician to get this done, huh? Well, that couldn't be further from the truth. Although you will need to have some general knowledge of soldering."}, {"type": "sentence", "content": "There is not one specific mod kit that I can point out because there are thousands available. But if you do a quick eBay search of \"GBA Backlight\" you'll be able to find one with ease."}, {"type": "sentence", "content": "Installation takes about an hour and the joy of being able to play the original GBA with a backlit screen is downright amazing. You'll experience the games as you've never seen them before."}, {"type": "sentence", "content": "Mario Kart Super Circuit, for example, looks great and so does one of the most recent games, Banjo Pilot."}, {"type": "image", "content": "https://miro.medium.com/max/2560/1*NVU_Bp5o4XhDNrmpjBfuPA.jpeg"}, {"type": "subtitle", "content": "Customizable shells"}, {"type": "sentence", "content": "Finally, bringing some new life to the case of your GBA can be a great upgrade as well. The original colors were not bland by any stretch of the word, but there are some special edition colors that you can enjoy."}, {"type": "sentence", "content": "I went for a clear orange case because I had always wanted an orange Game Boy Advance. If you remember there was not an orange console that was released in America."}, {"type": "sentence", "content": "Thus, we didn't get to enjoy that limited edition color. There are other colors that you can do as well, such as yellow, green, and just about any other color that you can think of."}, {"type": "sentence", "content": "Naturally, there isn't a single shell maker that I can highlight, but once again a quick eBay search will unlock thousands of replacement shells."}, {"type": "sentence", "content": "The process is an easy one, you'll just need a Triwing screwdriver to open the original shell and replace it. It will only take a few minutes to do the replacement and you'll have a brand new and unique GBA."}, {"type": "subtitle", "content": "Rechargeable batteries"}, {"type": "sentence", "content": "This one should be without question at the top of your list. Because the original GBA used AA batteries, and nothing was worse than running low on power right in the middle of a game."}, {"type": "sentence", "content": "If you are going to be upgrading to a backlit screen you are going to need the power behind it. You don't need to do any type of installation, but a good set of rechargeable AA batteries will make all the difference in the world."}, {"type": "sentence", "content": "I should note that there are a few rechargeable battery mods that you can do, but these require a lot of time and effort. For me, it was too much trouble so I just purchased a set of rechargeable AA batteries."}, {"type": "sentence", "content": "My GBA was back on the road and looking and playing better than ever. You'll wonder how you ever made it on the original batteries."}, {"type": "image", "content": "https://miro.medium.com/max/1600/1*8Nyog4yxenlLoxj1S0vA4Q.jpeg"}, {"type": "subtitle", "content": "The GBA is iconic"}, {"type": "sentence", "content": "Handheld gaming changed universally when Nintendo released the 32-Bit console in 2001. I know for me, I was blown away by how great the graphics were and the variety of games."}, {"type": "sentence", "content": "As we approach the 20th birthday of the GBA it is time that we pull our old friend out and enjoy it once more. Sure, the Game Boy Advance SP offered a backlit design built right in."}, {"type": "sentence", "content": "But it was the original GBA that most of us enjoyed in middle school and on those long road trips during the summer."}, {"type": "sentence", "content": "The GBA was and still is an iconic part of the video game industry, and few handhelds have managed to captivate gamers as this one did."}, {"type": "sentence", "content": "With just a little bit of work, you can bring your GBA into the 21st century, incorporating new upgrades and bringing you into a gameplay experience that feels quite natural."}, {"type": "image", "content": "https://miro.medium.com/max/1996/1*3lf9Y6mHxoxpSSFOw6gjlw.png"}], "topic": "gaming", "uuid": "664fcdc4a684e61b5f2e94dc7dd288baebf4f79e8622fca3b3ab2aaf", "link": "https://medium.com/super-jump/retro-modding-your-gba-console-23600fea00e"}