{"title": "Introducing the Internet Nostalgia Series", "data": [{"type": "image", "content": "https://miro.medium.com/max/1280/1*znrCuL0wekohMg7yV99Sbg.jpeg"}, {"type": "sentence", "content": "Today I am delighted to introduce a new series I'm planning to run on Fridays until...well, until it seems like it's time to stop, I guess. It is called Internet Nostalgia, and it looks back at stories that captured the imagination and attention of the Internet for a fleeting moment and then vanished as everyone moved on to something else. The world of the Internet moves so quickly that things that happened five years ago might as well be black-and-white newsreel footage at this point. This series looks back at those phenomena and what they told us about the Internet, and ourselves. If you have a suggested topic, email me at williamfleitch@yahoo.com."}, {"type": "sentence", "content": "We begin with the saga of Justine Sacco and her infamous \"Africa AIDS\" tweet."}, {"type": "sentence", "content": "Date: December 20, 2013"}, {"type": "sentence", "content": "The story: As later documented in Jon Ronson's book So You've Been Publicly Shamed, Justine Sacco, a senior director of corporate communications at IAC, was about to board a flight from New York City to South Africa when she sent this tweet, the final in a series of jokey missives about the banality of air travel:"}, {"type": "image", "content": "https://miro.medium.com/max/2400/1*xgIvHkoiIGLk4I9Xi9aZVg.jpeg"}, {"type": "sentence", "content": "She then took a nap. As she later explained it, \"To me it was so insane of a comment for anyone to make. I thought there was no way that anyone could possibly think it was literal.\" People took it literally, and while she slept, she became Public Enemy \u21161 on the Internet, as people piled on and piled on, obsessed with the tale of this apparently spoiled white girl traveling in total ignorance of what had happened in the wake of her tweet. The hashtag #hasjustinelandedyet became the top trending topic in the country, and grew to become such a global event that by the time Sacco landed, there was a Twitter user at the airport waiting to document her arrival."}, {"type": "sentence", "content": "Sacco was quickly fired by IAC and became a symbol, to many, of white privilege and insensitivity, via this one tweet. She also became the perfect example of what happens when the terminally online get a hold of someone who commits the worst crime possible: Not being terminally online. As I put it in a Deadspin piece that next week:"}, {"type": "sentence", "content": "Sacco had logged off. That was the worst offense of all."}, {"type": "sentence", "content": "Pop Culture Crossover: Inevitably, it became a joke on Family Guy."}, {"type": "image", "content": "https://miro.medium.com/max/2048/1*RNk_k2kqNS7u0YMc1-v6jQ.jpeg"}, {"type": "sentence", "content": "Where Are They Now? Sacco was fired, and then featured in Ronson's book. But her career recovered. She worked as a PR rep for gambling app FanDuel for a few years, to generally positive regard for those who worked with her, and even Gawker, which drove the original story as hard as anyone, came to peace with her. In quite the plot twist: She's now back working at IAC."}, {"type": "sentence", "content": "What We've Learned: That Sacco's initial tweet was offensive is not particularly debated: It went over poorly in 2013 and would go over even worse today. But the key difference between 2013 and now is that today, it would never even occur to Sacco to tweet something like that. In 2013, Sacco, who had only 112 followers, almost all of whom were her friends, was making an ironic joke for her friends on social media. But what we know in 2021 is that no one is your friend on social media. Twitter is a maw that must be fed, and whether you know someone individually on Twitter doesn't matter: If you make a mistake - or, sometimes, even if you don't - you are tossed into the machine, and that is all there is to it. The goal, the old joke goes, is to avoid being Twitter's main character for the day. Sacco was a progenitor of the form. Now, no reasonable Twitter user would ever think, \"Oh, this is just for my friends.\" Twitter is global, every second."}, {"type": "sentence", "content": "The irony is that, today, if Sacco would have actually been serious, had she actually been mocking people for getting AIDS in Africa and certain that she wouldn't because she's white ... she probably would have gotten a lot of actual, non-ironic praise for it from the non-ironic, sincere assholes that have taken over Twitter in the last eight years. And that's the biggest change in the eight years since Sacco sent a would-be winking tweet that was seen as racist: Irony may now be dead on Twitter, but racism sure as hell isn't. It sure seems like, if they find the right echo chamber, that people are constantly saying racist things on Twitter now and getting likes and retweets for it. And you don't get likes and retweets for irony."}, {"type": "sentence", "content": "Sacco turned out to be fine. But she has learned the ultimate lesson from her ordeal: Now she doesn't tweet at all. It might be the only lesson worth taking."}, {"type": "sentence", "content": "Got a suggestion for Internet Nostalgia? Send it to me at williamfleitch@yahoo.com."}, {"type": "sentence", "content": "Will Leitch writes multiple pieces a week for Medium. Make sure to follow him right here. He lives in Athens, Georgia, with his family and is the author of five books, including the upcoming novel How Lucky, released by Harper next May. He also writes a free weekly newsletter that you might enjoy."}], "topic": "social-media", "uuid": "66711c646189fafc4118ec6f6c52bd29a2d2edb368d0566dbc75510b", "link": "https://williamfleitch.medium.com/introducing-the-internet-nostalgia-series-c64fd3d3c657"}