{"title": "Why You Shouldn't Take a Break From Meditation", "data": [{"type": "image", "content": "https://miro.medium.com/max/6510/0*eL2cyD00BAXRUJgG"}, {"type": "sentence", "content": "Meditation can have you feeling depleted after a while, especially when not seeing any results. Results are what keep us motivated to continue on with a \"good habit.\" It's important we understand delayed gratification and what it can do for us in the future."}, {"type": "sentence", "content": "When it comes to mediation, you may have heard how it has changed people's lives and how people are always glorifying it. What people seem to neglect are the tougher days of meditation. These are the days that aren't advertised and nobody wants to experience them time and time again."}, {"type": "sentence", "content": "If you're meditating regularly then you most likely have experienced a few days or weeks in a row where you felt like your meditation sessions weren't helping. This happens with other healthy habits as well that we tend to pick up in our lives."}, {"type": "sentence", "content": "An example of one of these habits is exercise, people talk about how exercise benefits their body but they don't talk about the effect it has on the mind. When constantly trying to lose weight and you're exercising for a long period of time and see no weight loss it can be depressing. You may even feel like you're wasting your time."}, {"type": "sentence", "content": "This is what meditation can feel like at times but we need to remember to stick with it for as long as we can. Sometimes we may need to switch up our routine or observe other areas in our life that may be affecting us when we're meditating. If you're feeling exhausted before or during your meditation, then it can be due to a lack of exercise or even something going wrong in your diet."}, {"type": "sentence", "content": "Don't be so quick to blame the practice itself for all of the wrongdoings it gives you. Instead, analyze yourself and see what you can do to start having better mediation sessions. It's not that you need to take a break, you just need a little more motivation to continue with the practice."}, {"type": "subtitle", "content": "Your Mind Doesn't Want to Be Filled With Negativity"}, {"type": "sentence", "content": "Have you forgotten about the good days you've had with meditation? Think about the benefits that it has given you over time, even if it doesn't amount to the number of negatives. Reminding ourselves of the positives in any situation can help us to have a more optimistic attitude towards the practice or in life as a whole."}, {"type": "sentence", "content": "Meditation provides us with peace and positivity, people meditate for different reasons but these are two main ones to keep in mind when feeling stuck."}, {"type": "sentence", "content": "Who doesn't like a moment of silence during their busy day? You should be looking forward to your meditation session each day because it's one of the only times where you will experience true quietness within and outside of yourself."}, {"type": "sentence", "content": "In case you forgot, you should be trying to mediate in a quiet place, this helps the mind focus more on itself and more on the present moment. We all need at least a little bit of peace to get through work, school, and our home life."}, {"type": "sentence", "content": "This peace can be found through meditation at it takes time to realize that, so as you continue to struggle with your mediation process, remember that it's benefiting you in ways that are hard to see at the moment."}, {"type": "sentence", "content": "Even if you don't consider yourself to be an optimistic person, you still find positivity to be attractive. Being positive makes you feel good and can determine the type of day you're going to have. An easy way to gain more positivity in your life is through meditation where you can tell yourself positive affirmations."}, {"type": "sentence", "content": "Think about it, how many times during the day do you doubt yourself or you tell yourself negative things? This is one of the bad habits that has become part of our lives but we can slowly break this habit by using positive affirmations to our advantage."}, {"type": "sentence", "content": "Whenever you're beating yourself up because of a mistake you made or because you're lacking confidence, sit down and focus on your breath for 10 to 15 minutes while the positive affirmations begin to come to you gradually."}, {"type": "subtitle", "content": "A Healthy Habit That Will Help Later On"}, {"type": "sentence", "content": "You may not see the true benefits of meditation right away in your life. It's because the practice takes some getting used to. It's a pretty simple process, but when we're constantly filling our minds with distractions and negativity, it can be hard to only focus on our breath."}, {"type": "sentence", "content": "Once you do get used to the practice, you will start to see the benefits slowly, they're not as noticeable as weight lost or gained muscle but they will make themselves evident when the time is right."}, {"type": "sentence", "content": "When it comes to mediation, you may not see the results you were initially looking for until a year later, remember meditation is a practice. This is not one of those easy fixes that can be applied to your life right away, you need to be consistent with it and stick through the hard days."}, {"type": "sentence", "content": "Be patient with the processes of mediation, this is an art that has been passed down from generation to generation. It has worked on many other people and it has given trouble to many people before you, but the reason why people were able to stick with it for as long they lived was because they stuck with it."}, {"type": "sentence", "content": "Even on the days where they felt like they were going to have an anxiety attack during their session, they still stuck with it. Sounds pretty tough right? Well, you have to understand that nothing comes easy and that's including a clear mind."}, {"type": "sentence", "content": "Mediation makes you peaceful over time, on the first day you meditate, do you expect to be less reactive to every bad event that happens to you? No, you've only done it for one day, you have to keep doing it for years to become less reactive in intense situations."}, {"type": "sentence", "content": "Have some empathy for yourself during this process but at the same time remember to push through and to stay consistent. It will pay off in the long run, you just have to believe it will."}, {"type": "subtitle", "content": "It Helps You Remain Focused"}, {"type": "sentence", "content": "Mediation can help you in many aspects of your life but it has helped many people to remain focused as well. When you're meditating, you're essentially focusing on one thing which is your breath. As you may know by now, you do lose thought of your breath at a certain point of the meditation but you're able to come back to it faster the more times you do it."}, {"type": "sentence", "content": "This transfers over into your work life as well, when you're doing a task, you may get distracted by a notification on your phone or somebody trying to start a conversation with you at work. Even though you may get distracted the moment it happens, you will remember your meditation session and you will have the strength to get back to work at a faster and more efficient rate."}, {"type": "sentence", "content": "Even when it comes to having peaceful moments throughout your day when you're stressed, you can use mediation as a reference point to remind yourself to take a breath and focus on the present moment."}, {"type": "sentence", "content": "Meditation is what you make out of it so give it your best shot and allow yourself to be honest with how you feel. Even though you may not feel like meditating during the day, remember the benefits that it will give you in the future. I'll leave you with a quote from Sharon Salzberg that says"}], "topic": "mindfulness", "uuid": "68a06cabf3bd12947e51b62d4f6dd12398141ba91d16b6e0535eb63c", "link": "https://bell-brandon0.medium.com/why-you-shouldnt-take-a-break-from-meditation-23dadd2cb6de"}