{"title": "The Best Two-Word Career Advice That Will Help You Level up Fast", "data": [{"type": "sentence", "content": "By Amy Blaschka"}, {"type": "sentence", "content": "Ever have a nagging feeling that it's time to move on from a job, even if, on paper, the job is fantastic?"}, {"type": "sentence", "content": "Stop me if this sounds familiar:"}], "topic": "productivity", "uuid": "69a6bd9b44e23b4db705c24753b577b9715c12f145e209069d7632c2", "link": "https://medium.com/forbes/the-best-two-word-career-advice-that-will-help-you-level-up-fast-3469e674c464"}