{"title": "...\"Your Camera Is Off\"", "data": [{"type": "image", "content": "https://miro.medium.com/max/4800/1*MstGHZCAA5iZp-St2TEyBg.jpeg"}, {"type": "subtitle", "content": "What's your situation?"}, {"type": "sentence", "content": "Do you own your home? Live with your partner, children, pets, family?"}, {"type": "sentence", "content": "Sunny days are spent in the garden with the smell of barbequed meat making all of your neighbours jealous. Rainy days are cosy, spent hot chocolate in hand watching the rain with the heating on, or in my case log burner! A knock at the door usually means your daily amazon packages or maybe your food shop delivery."}, {"type": "sentence", "content": "What about your new workspace? Feeling as though you're enjoying your conservatory for the first time? Or have you claimed the spare room as your own domain and decorated your make-shift office with a plant or your favourite marvel figure?"}, {"type": "sentence", "content": "The reality is, you could be sat in your lovely open conservatory while someone else is forced to work remotely from their bed or kitchen with no end in sight. Schools are closed - your colleagues could have children at home, screaming the house down while that cheerful teams ringtone sounds."}, {"type": "sentence", "content": "That's not to say that if you have a good home life that you will be unaffected by remote working. As time goes on, we have surpassed our initial expectations of what COVID would mean for our lives. We have gone through the phases of motivation, depression, anxiety and ended up somewhere around complete exhaustion and subduedness."}, {"type": "sentence", "content": "Mental Health Deterioration During COVID"}, {"type": "sentence", "content": "A KFF Health Tracking Poll from July 2020 found that many adults are reporting specific negative impacts on their mental health and well-being, such as difficulty sleeping (36%) or eating (32%), increases in alcohol consumption or substance use (12%), and worsening chronic conditions (12%), due to worry and stress over the coronavirus. (1)"}, {"type": "sentence", "content": "Abuse During COVID"}, {"type": "sentence", "content": "Looking specifically at the period affected by the coronavirus (COVID-19) pandemic, the police recorded 259,324 offences (excluding fraud) flagged as domestic abuse-related in the period March to June 2020. This represents a 7% increase from 242,413 in the same period in 2019 and an 18% increase from 218,968 in 2018. (2)"}, {"type": "sentence", "content": "There is much more struggle than we see in peoples lives at this point, now a year into this new world. These are just some of the startling statistics we are seeing with an unknown timeframe still left until the world returns to some kind of normal."}, {"type": "sentence", "content": "For a lot of us, the lack of something to look forward to is a standout feature in the day to day struggle. I recommend planning something, whether it's a movie night, a date night, a zoom call. Whatever your relax and recharge rituals may be, having anything to look forward to can really help change your mindset and reduce the small stresses each day that build up."}, {"type": "image", "content": "https://miro.medium.com/max/4800/1*gg2MJiBJlIgszOup39LvOA.jpeg"}, {"type": "sentence", "content": "It's clear in the data shown above that there is a huge uplift in adults reporting the symptoms of anxiety and depression disorders. If you couple that with the knowledge that most people who suffer from anxiety and depression find it too difficult to seek help, you can really start to understand how the pandemic is affecting the mental health of our nation."}, {"type": "sentence", "content": "I know this all too well as I do suffer from an anxiety disorder myself, it's not something I share with many people and it's not something that, for me, happened for the first time during COVID. I cannot even begin to imagine how people that are experiencing this for the first time due to this pandemic are feeling but I do know, most people will likely pass it off as stress and not seek help."}, {"type": "subtitle", "content": "Hey, I'm outside!"}, {"type": "sentence", "content": "How often have you turned up at a colleagues house unannounced? How often have you integrated yourself into a colleagues personal life? My guess is never. Yet, we expect our colleagues to virtually open up their home life to us, without question - \"Your camera is off\"."}, {"type": "sentence", "content": "There are endless potential reasons that people don't want you to see them and/or their home situation on any given day. During Covid, people are suffering and it's on show. Mental and physical suffering that you may have not seen before, suddenly there is no way to hide."}, {"type": "sentence", "content": "The list goes on and on..."}, {"type": "sentence", "content": "Not being able to separate my work self from my home self has been an intense struggle at times. I tend to compartmentalise my life well, work stays at work and home stays at home - that was before Covid."}, {"type": "sentence", "content": "In the past 12 months I have had mental health issues, physical health issues, I have moved house and technically a country, I have had heartbreaking news about my loved ones, I have been completely overwhelmed. There are times when I have had my camera off due to the completely obvious fact that I had spent the morning in tears. And in one of the most difficult years of my life, all of my helpful coping strategies have been taken away from me. My support system, the gym, seeing my family, working... my life merged into one house, one room."}, {"type": "subtitle", "content": "The rise and the fall"}, {"type": "sentence", "content": "So what's the big difference? We would see each other in an office anyway, how is a video call different?"}, {"type": "sentence", "content": "A video call for a lot of people is intimidating, it feels like being on stage, being the centre of attention for however many people are attending the meeting. It sparks the feeling of being watched without knowing who is watching you. Working from home can mean several video calls a day, which realistically would never normally happen in an office setting of 10-50 (or even more) people."}, {"type": "sentence", "content": "When you speak to someone in person, you can gauge how they are feeling about what you're saying, if they are listening, if they are wanting to leave, if they are wanting more information... you're connected. Without this what are we left with? We are left with openly expressing ourselves with no emotional or physical feedback - and it's terrifying. It's not just getting up on stage, it's getting up on someone else's stage. Someone else called the meeting and you weren't expecting to be talking about your project including other peoples work, but here we are - stand on this stage in front of 50 people and present, now!"}, {"type": "sentence", "content": "And after a few months of this happening, you develop a sense of dread. A meeting request comes in with no agenda and you don't know what is going to happen. This feeling of dread and uncertainty can easily start to trigger social anxiety disorder. Social anxiety disorder, which has been called 'social phobia' in the past, is one of the most common of the anxiety disorders, affecting around one in ten people."}, {"type": "sentence", "content": "I've noticed two things that can happen after a video call/meeting. The first is feeling relieved - they can be quite intense and situations form that would never happen in the real world (inside an office). Or, after a good meeting, you can come out of it feeling as though you have a sudden drop in mood, a sudden silence that hits you in the face like the happiness you felt only 2 minutes ago has been ripped away from you."}, {"type": "sentence", "content": "For me it's usually the latter, after the high of a morning team call, speaking to your colleagues, laughing, interacting - sudden silence. There is a belief that a morning call can help people feel connected, however, from my experience it seems as though it has the opposite effect. The contrast of a morning call with people I actually miss followed by hours of stress or silence makes the silence more deafening."}, {"type": "sentence", "content": "My team are a part of my support system now, as is the case for most people. They recharge me, they help me through stressful times, they are there for me emotionally - they understand. I feel much more connected and refuelled when I meet with my team at the end of the day, where we can all wind down a little together."}, {"type": "subtitle", "content": "What can be done?"}, {"type": "sentence", "content": "Well, let's start with, stop telling people \"your camera is off\". We know."}, {"type": "sentence", "content": "Make it clear to your employees why you would like to have their cameras on - a sense of community and connection. But also make it clear that when talking to a team of people, if having your camera on is going to trigger anxiety or stress, it's simply not mandatory. Setting these boundaries is one of 4 simple steps you can take to combat this anxiety, according to Dr Yin, Wisconsin-based psychiatrist at New Frontiers Psychiatric & TMS. In an interview with The Checkup, she states that scheduling breaks, sharing your worries, getting training and setting boundaries are all simple things you can do to help ease the anxiety in this new video conferencing world."}, {"type": "sentence", "content": "In an interview with Discover magazine, this is what Alison Papadakis, director of clinical psychological studies at Johns Hopkins University in Baltimore had to say to people experiencing difficulties transitioning to a world where video calls have become the new normal:"}, {"type": "sentence", "content": "(1) https://www.kff.org/coronavirus-covid-19/issue-brief/the-implications-of-covid-19-for-mental-health-and-substance-use/#:~:text=A%20KFF%20Health%20Tracking%20Poll,due%20to%20worry%20and%20stress"}, {"type": "sentence", "content": "(2) https://www.ons.gov.uk/peoplepopulationandcommunity/crimeandjustice/articles/domesticabuseduringthecoronaviruscovid19pandemicenglandandwales/november2020#:~:text=This%20represents%20a%207%25%20increase,on%20the%20increases%20in%202020."}], "topic": "mental-health", "uuid": "69a846e93618ac82b85a3952251126058d559d41c49148d006e8e79e", "link": "https://medium.com/curious/your-camera-is-off-9b6813ebfeb2"}