{"title": "The Sunrise That Gave Me a New Life", "data": [{"type": "sentence", "content": "Five years ago, I found myself with a long list of must-haves while embarking on a house-hunting expedition, to a point where it became an obsession."}, {"type": "sentence", "content": "I had an excel sheet drawn up with potential contenders. Columns dictating square footage, the number of bedrooms and bathrooms, wooden flooring, open floor plan, granite countertops, large deck, high cathedral ceilings, close to a playground..., the list went on. We saw forty plus houses that summer. It was a feat, dragging my 9-month-old son 3-4 times/week to viewings all across the city."}, {"type": "sentence", "content": "I found myself entitled, thinking I deserved it. I was determined to have a big house, my dream home. But, most of all, I wanted a south-facing backyard with a view."}, {"type": "sentence", "content": "I remember feeling stressed and disappointed each time we walked into a house and then walked out, deleting it from the sheet - another one bites the dust."}, {"type": "sentence", "content": "The real estate agent reassured us each time: If it doesn't speak to you, we'll keep looking."}, {"type": "image", "content": "https://miro.medium.com/max/5760/1*ofzQApydno6ujRnXwbYBOQ.jpeg"}, {"type": "subtitle", "content": "House-hunting ended at Tuscany as I found the sun"}, {"type": "sentence", "content": "After house number thirty or so, I was ready to throw in the towel since we had sold our house and time wasn't on our side. We were getting desperate, and desperate times called for desperate measures. We had to settle."}, {"type": "sentence", "content": "Late one night, while we were looking at MLS listings knowing we needed to jump in and help or else we'd end up in-between houses, our agent sent us a listing. We looked at the pictures, and the view left us wanting. We booked a viewing the next day. It was in an area called Tuscany, more dreamy than Coventry, Dalhousie, or Hamptons."}, {"type": "sentence", "content": "I'll never forget the moment we stepped into the house. Looking up, were the cathedral ceilings I craved. Another few steps and the view came in sight. It was breath-taking - we didn't need convincing. Under normal circumstances, we don't jump into such a big decision without careful thought and consideration."}, {"type": "sentence", "content": "They weren't extraordinary circumstances either, but the house spoke to us, we had found the one, and it checked every box on the wish-list."}, {"type": "sentence", "content": "We lived there for three and a half years. Wonderful years. The pi\u00e8ce de r\u00e9sistance were the daily sunrises at the front of the house, and the sunsets at the back."}, {"type": "sentence", "content": "What was it about sunrise and sunset that consumed me? It wasn't until four and a half years later that I got my answer."}, {"type": "image", "content": "https://miro.medium.com/max/8064/1*by4z0PK0lFbesyndjb1t3g.jpeg"}, {"type": "subtitle", "content": "When the sun rose for me"}, {"type": "sentence", "content": "It was only natural that I looked for something familiar when moving again. Though, this time was different. My excel days were gone. The single must-have was the openness with lots of trees."}, {"type": "sentence", "content": "A house is a house, but a home can be any place."}, {"type": "sentence", "content": "And for that reason, everywhere I go now, I Iike to take a little something with me - the sunrises and sunsets. I don't have the same view I had before, but some days I'm fortunate enough to see the rising sun on my drive in the mornings."}, {"type": "sentence", "content": "One faithful day, I found myself blessed."}, {"type": "sentence", "content": "I had dropped the kids to school and was making my way back. One street before my house was a turn that went down a hill. As soon as you start the descent, the road opens to the horizon as far as the eyes can touch."}, {"type": "sentence", "content": "That faithful day, I saw the sun rising. It was as if time stood still and I watched the sky as it unfolded with a kaleidoscope of yellow, orange, pink, and red, with a hint of blue and purple. I was in the car driving, but I wasn't in the car driving."}, {"type": "sentence", "content": "It was me and the rays. The warmth from the colors felt like the best hug ever. As if God was stretching his arms to hug me. It wasn't the kind to give you goosebumps all over but rather an embrace that warms you up from the inside. The colors of the horizon enveloping me like fingers intertwining when holding hands."}, {"type": "sentence", "content": "The experience was out of this world. Hard to explain. Sometimes the words don't justify the feeling, the emotion. It was a short stretch of road, and mere seconds felt like minutes."}, {"type": "sentence", "content": "I was still, savoring the moment, experiencing it fully, not knowing, but understanding it to be a higher power in my presence, bringing me to tears and overwhelming me with a sea of love. It was a jolt to my heart, giving it new life."}, {"type": "sentence", "content": "Experiences like these are far and few. When they do happen, I am convinced that someone is there looking after me, reminding me I am never alone."}, {"type": "sentence", "content": "Thank you for reading."}, {"type": "sentence", "content": "If you are interested to read more of my writings, you may read the following one published in The Masterpiece."}], "topic": "mindfulness", "uuid": "6acad77e55860dcdbfbec2730b2a2dc7ae3585b8dd570b9764d83b20", "link": "https://medium.com/the-masterpiece/the-sunrise-that-gave-me-a-new-life-e98b36cf0866"}