{"title": "The Path of Awakening: Walking Meditation in Pandemic Times", "data": [{"type": "sentence", "content": "I feel my feet on the earth... one and then the next. Sometimes I'll simply listen. Sometimes I'll use an affirmation connected to my breath, in rhythm with my steps. Below are three of my favorite walking meditation techniques."}, {"type": "subtitle", "content": "During Covid-19, I'm too triggered for seated meditation."}, {"type": "sentence", "content": "For decades I meditated regularly. This year has changed my practice. My current meditation practice is relevant to what's happening now - it is triage. It must sustain and comfort me, feeding me courage as I manage my chronic anxiety and stay present with the suffering of the world. I'm going back to familiar, gentle practices."}, {"type": "subtitle", "content": "Walking meditation is something I can take refuge in right now."}, {"type": "sentence", "content": "Traditional seated meditation feels incongruent, even as an experienced meditation teacher. There's already too much sitting, and my worrying mind won't tolerate it. The anxiety wins out over the witness, to the point that it is intolerable. I am too triggered. So, I turn to what's most soothing: Journaling, restorative yoga postures, self-massage, compassion practices... and walking meditation."}, {"type": "sentence", "content": "These days, my walks are one of the only times I go outside. I'm finding them incredibly precious. I'm really grateful for the opportunity to go for walks. When I walk, I get curious about the relationship between what's going on in the world, and how my body is responding."}, {"type": "subtitle", "content": "Aimless Tiger"}, {"type": "sentence", "content": "The Zen Buddhist master and global spiritual leader Thich Nhat Hanh offers simple, accessible guidance for walking meditation in his many books. My favorite is \"The Long Road Turns to Joy.\" He suggests that we visualize walking like an aimless tiger. I love this image. It helps me feel at ease."}, {"type": "sentence", "content": "One thing I've noticed when I encourage people to try walking meditation is that they start very tentatively and their arms might move stiffly. It helps me to think of an aimless tiger, so that I get my whole body involved in the action of enjoying the walk."}, {"type": "sentence", "content": "I wonder if you could let your arms swing and let your hips move. Walk as if nothing in the world could bother you, and you have nowhere to be... nowhere to go... no destination."}, {"type": "sentence", "content": "Then, you can be very aware. Mindful of your surroundings, simply appreciate them. Appreciate the feel of wind on your skin, the sound of birds in the trees, the countless colors of green, the smell of mulch and the taste of dust."}, {"type": "sentence", "content": "All of this can be allowed to wash over you as you amble like an aimless tiger."}, {"type": "subtitle", "content": "Affirmation"}, {"type": "sentence", "content": "Affirmations - words or phrases that resonate with your values - are personal. You can adapt them to feel authentic to you. If I'm in need of grounding, I say to myself \"I am home\" on the first step, \"I have arrived\" with the next. You can alternate between them with every step, and continue."}, {"type": "sentence", "content": "You might choose to walk with one intention. For example, to lift the suffering of the world... to bring harmony to nature and all beings... to stand up for equity... What's coming to you? What feels most essential right now? Is there a word or phrase that resonates on a visceral level? Breathe that same word or phrase in and out. Fill yourself with your intention, and share it with the world."}, {"type": "sentence", "content": "If you feel distant, isolated or lonely, your word might be love. Breathe in, knowing you are loved. Breathe out, knowing you are loving."}, {"type": "sentence", "content": "Walk in a way that brings you closer to your relationship with the earth and all beings. You can notice how many steps it takes to repeat your intention. Align with your integrity in every step."}, {"type": "subtitle", "content": "Mindfulness"}, {"type": "sentence", "content": "Mindfulness doesn't mean stiffness or seriousness. There's nothing fancy about it. It means actually really drinking in the whole experience that you're in in the moment. Recognize what's around you, without judgement. Notice the soles of your feet. Maybe turn up the corners of your mouth in a little smile, and be present as you take your walk."}, {"type": "sentence", "content": "If there's a time when you feel captivated, curious, or grateful about some detail of your surroundings- the sound of geese calling out overhead, the grassy scent in the air, or the sight of clouds passing- pause. Allow your feet to stand on the earth. Pause in non-doing presence. Without labeling or identifying or grasping the experience, simply drink it in. Pause on the spot until your aimless tiger is ready to continue on its ramble."}, {"type": "subtitle", "content": "Takeaway"}, {"type": "sentence", "content": "During this stressful time, I'm going back to familiar, gentle practices. Walking meditation helps me notice the relationship between what's going on in the world, and how my body is responding. Three techniques you can try are:"}, {"type": "sentence", "content": "I hope you'll join me on the path of awakening, and experience a sense of gratitude, purpose, and mindfulness during your walking meditation."}, {"type": "sentence", "content": "Kate Lynch is a meditation coach and inclusive yoga teacher specializing in building resilience to anxiety. Join her online community at healthyhappyyoga.com."}, {"type": "sentence", "content": "A version of this essay was originally published at http://accessibleyoga.blogspot.com."}, {"type": "image", "content": "https://miro.medium.com/max/2400/0*wxvKB4iM3QjAwpnI.jpeg"}, {"type": "sentence", "content": "You just read another post from In Fitness And In Health: a health and fitness community dedicated to sharing knowledge, lessons, and suggestions to living happier, healthier lives."}, {"type": "sentence", "content": "If you'd like to join our newsletter and receive more stories like this one, tap here."}], "topic": "mindfulness", "uuid": "6ae24571f1d5f67095c80ba5e4c403431d79563e7942d9129a9d3d91", "link": "https://medium.com/in-fitness-and-in-health/the-path-of-awakening-walking-meditation-in-pandemic-times-395ef5af6071"}