{"title": "Virginity Tests Should Be Illegal: Clearing Up Misconceptions About Virginity", "data": [{"type": "sentence", "content": "Sex. The topic the humanity has always been obsessed about. With men thinking about sex on average 19 times a day and women - about 10, it's no wonder sex gets a lot of attention from us."}, {"type": "sentence", "content": "Unfortunately, not everything we know about sex is correct. In fact, there are quite a few lies we've been told over the years. Many so-called facts were debunked as myths a long time ago, but despite that, not everyone is familiar with the truth. And that starts from the very basics, including virginity. As we know it, virginity doesn't exist - particularly female virginity that a woman \"loses\" during her first penetrative sex."}, {"type": "sentence", "content": "Virginity as a concept was introduced to us incorrectly a long time ago. But if you ask an average Joe what losing virginity means, he would probably say something along the lines of \"it's when the woman's hymen gets torn.\" That is incorrect, particularly because we haven't been focusing on the female body enough, especially before the twenty-first century. Science disproved this traditional yet misleading definition of virginity, but many individuals are still unaware of it. Not to mention, we, as humans, are much more than our bodies."}, {"type": "sentence", "content": "But the misconceptions about virginity and sex aren't nearly as bad as certain sex crimes that keep happening around the world. We may live in the 21st century, but some practices resemble Middle Ages - such as virginity tests. Virginity tests are both painful, scary, and most importantly, damaging and inhumane. But despite that, some countries haven't ruled them unconstitutional! The world is changing, but it should change faster, and virginity exams must be banned everywhere without exception."}, {"type": "sentence", "content": "Today, we will review the facts and debunk the biggest misconception about female virginity and its entire existence in the form taught to us. But most importantly, we'll talk about the damaging effect of the virginity exams and why all the governments should unanimously ban them."}, {"type": "subtitle", "content": "The Traditional Definition of Virginity"}, {"type": "sentence", "content": "When I was growing up in a somewhat conservative and religious country, the community of people surrounding me was quite liberal and decently educated. Unfortunately, it wasn't enough to receive a proper sexual education. Certain concepts were explained to teenagers correctly, but others were not. Virginity, especially a female one, was presented to us misleadingly."}, {"type": "sentence", "content": "The concept of other sexes was rarely discussed at school, let alone different genders. No one talked to us about losing virginity as a gay man, a queer woman, a bi-sexual non-binary person, or as someone who identifies differently when it comes to gender and sexuality. The miscronception about \"penis popping up the hymen\" was engraved in our young minds... at least until the Internet came along."}, {"type": "sentence", "content": "If it weren't for the Internet, I would have probably been uneducated and misguided about sex for a very long time. I can't even comprehend how awful it is: living without knowing how your body works, what happens to it during sex and outside of it, and being utterly misled about your sexuality and body functions. No one should be in this position. I used to be there in the past, and I wouldn't wish it on anyone."}, {"type": "subtitle", "content": "The Hymen Misconception"}, {"type": "sentence", "content": "The inaccurate misconception about hymen penetration is the cornerstone of the miseducation about the female body and sex. Hymen is a flexible tissue inside the vagina opening, and every woman is not like anyone else."}, {"type": "sentence", "content": "Jonathan Shaffir, Doctor of Medicine, explains the hymen miscronception accurately and easily to understand:"}, {"type": "sentence", "content": "Every woman is different. Some of us have a small hymen barely touched during the first sexual experience; others have a more pronounced tissue. Some women are born without hymen at all! Bleeding doesn't always occur during the first intercourse, either. The hymen also covers the vaginal entrance differently - in fact, sometimes it barely covers it at all. Here is an illustration of what hymens may look like:"}, {"type": "image", "content": "https://miro.medium.com/max/2236/1*W9BdqMOPQQXHIWgv1FGaKw.png"}, {"type": "sentence", "content": "There is no right answer. Every body is different, every woman is different, and there are many variants of what your or your friend's body may look like."}, {"type": "subtitle", "content": "What Can Tear the Hymen?"}, {"type": "sentence", "content": "The list of activities that can affect the shape and placement of the hymen is decently long. First of all, inserting tampons can lead to tearing or stretching. Secondly, exercise can lead to a shape change: cycling, horse riding, using exercise machines at the gym, et cetera."}, {"type": "sentence", "content": "You can pretty much say that living can affect that piece of tissue. Many women use tampons every month, and most of us exercise as well."}, {"type": "subtitle", "content": "The Virginity Exams Should Be Illegal"}, {"type": "sentence", "content": "There are several countries and isolated communities across the globe where virginity tests are still legal. Numerous human rights organizations, including WHO, condemn this practice and call it \"inhumane, traumatizing and torturous.\" But, sadly and appallingly, the United States is on the list of countries that don't have proper laws forbidding such invasive tests."}, {"type": "sentence", "content": "On a personal note, I recall my best friend going to a gynecologist for the first time when we were in high school, and the doctor couldn't find her hymen during the exam. The gynecologist wasn't familiar with the modern science and kept insisting my friend is not a virgin anymore. That incident made my friend extremely upset and insecure, and it traumatized her for years. The poor girl started doubting herself and couldn't trust her body. She took that gynecological exam willingly and consented to that test for health reasons! But can you imagine the pain, both physical and emotional, when people are subjected to a forced virginity test?"}, {"type": "sentence", "content": "All countries across the world should unanimously ban virginity tests. Multiple research studies were conducted on this topic - here's an example - and there was no scientific conclusion that a hymen examination is reliable or accurate. Numerous factors contribute to the hymen's formation, development, and other life cycles, and no test is accurate to determine if a person is a virgin. It's a shame that some developed or decently developed countries still endorse this practice."}, {"type": "subtitle", "content": "The United States Can Do Better: the T.I. Scandal"}, {"type": "sentence", "content": "A famous American rapper T.I. made headlines in November 2019 after disclosing he takes his daughter to a gynecologist every year to ensure her hymen is still intact. He also added that being a virgin makes a young woman, such as his daughter, undesirable because no one wants to date a virgin."}, {"type": "sentence", "content": "This sparked a nationwide outcry and started a conversation about the legality of the United States' virginity tests. Unfortunately, such practice is permitted under the law in the USA, despite the effort from the human rights groups to scrap it."}, {"type": "sentence", "content": "The good news is, some states are working on having virginity tests banned. California and New York are planning to ban this horrendous and abusive practice, and we can only hope all the other states will follow."}, {"type": "subtitle", "content": "Conclusion: Ban the V-Tests"}, {"type": "sentence", "content": "Sex has many mysterious concepts surrounding it, but it's imperative to distinguish a myth from reality. Female virginity doesn't exist in the form we were taught in SexEd classes or by society. Science has done a remarkable job studying this topic over the years, and all people should educate themselves. Female virginity doesn't revolve around a hymen - in fact, the idea of the hymen determining the virginity is a complete lie."}, {"type": "sentence", "content": "So, how do we determine if a person - regardless of gender - is a virgin? How can we know if they partook in sex before? According to a remarkable TedTalk by Nina D\u00f8lvik Brochmann & Ellen St\u00f8kken Dahl, the best thing to do is simply ask. If someone doesn't believe their partner when they say they are a virgin, that person probably doesn't deserve such a partnership, to begin with. As for the virginity tests, I hope the entire world forbids them and starts fining doctors for such examinations. We have made so much progress in the 21st century - we should make this change as well."}], "topic": "science", "uuid": "6b40c8dbfcb721d73d8b3845d7c485e505ea89741c03e8a25cd5b470", "link": "https://medium.com/sexography/virginity-tests-should-be-illegal-clearing-up-misconceptions-about-virginity-de062d370dd5"}