{"title": "'Twitter Prime'", "data": [{"type": "image", "content": "https://miro.medium.com/max/6040/0*0H506Ds65xJcw4wt"}, {"type": "sentence", "content": "The idea of a premium version of Twitter - 'Twitter Pro', 'Twitter+', 'Twitter Max', 'Twitter Prime', call it whatever you want - is basically as old as Twitter itself. In the early days, users were just trying to come up with a way for Twitter to stay afloat - hello Fail Whale - and to make money, since it clearly never would as a silly little service."}, {"type": "sentence", "content": "Fast-forward 15 years and Twitter is now a quite big and decidedly more serious service.\u00b9 It is also a very real business. Twitter reported Q4 2020 revenue yesterday of $1.29B. With net income coming in at $222M. Yes, our little old twee service is making money! As a result, the stock hit an all-time high today, and Twitter's market cap is now past $50B.\u00b2"}, {"type": "sentence", "content": "And all of this has happened without the need for a premium Twitter. The service was able to get to a scale - 192M (monetizable) daily active users - where the preferred method of monetizing social networks, advertising, finally started working. That's all good news, but it's also exactly why now is the right time to switch things up a bit."}, {"type": "sentence", "content": "And to get back to the idea of Twitter Premium..."}, {"type": "sentence", "content": "Twitter has been talking about the idea of a subscription service - or multiple subscription services - for a while now. Both in interviews and even in earnings calls. Such things would seem to be inching closer, as earlier this week, Kurt Wagner of Bloomberg reported on the various paid options being explored and some other ones likely on the table."}, {"type": "sentence", "content": "In that report, at least one analyst tried to poo-poo the idea of moving beyond advertising-based monetization:"}, {"type": "sentence", "content": "I mean, define 'enough'? 10 million Twitter users paying $10/month is $100M a month in revenue. Twitter is not Apple, $300M in revenue a quarter for a company doing $1.3B in revenue a quarter right now is certainly meaningful! That's adding almost an extra 25% to the top line! And sure, maybe $10/month is too high a price point (it depends on what is being offered, of course), but I would also argue that 10 million subscribers - just 5% of their DAUs - is also likely too low (again, depending on what is offered - more on that below)."}, {"type": "sentence", "content": "I also think that mentality, mixed with the idea also talked about in the article that social networks need to be fully ad-based in order to reach the widest possible audience is ripe to be questioned."}, {"type": "sentence", "content": "In a way, I'd think of Twitter more like a streaming television service in this regard. No, not Netflix in this case, which would be all \"premium\", but more like Hulu or Peacock - both of which offer entirely free tiers, supported by ads, but also have paid tiers with either reduced ad-loads, or that remove ads entirely."}, {"type": "sentence", "content": "Again, social networks have largely shied away from this idea in the past - though, notably, YouTube does this as well with Premium, if you want to consider that a hybrid social network and streaming video service - because of the aforementioned scale aspirations. But it should be clear to everyone at this point - first and foremost, Twitter themselves - that Twitter is never going to be Facebook.\u00b3 And they were also long ago passed by Snapchat in daily users. Others are coming. And that's fine. Twitter is still growing their user base, but it also feels like that base is at a certain general level where it's going to remain."}, {"type": "sentence", "content": "This is why the time is right for a premium layer to augment the ad-based monetization layer. Twitter should take advantage of the fact that they're not Facebook, that they don't have this amazing ad business which they have to keep growing to appease Wall Street. They have just a pretty good ad business. And that means they can try to build a pretty good subscription business as well. If - yes, a big 'if' - done well, it will move the needle."}, {"type": "sentence", "content": "To me, it's a no-brainer right now that boils down to what you bake into such a package. Per Wagner's post, there's a lot they can try and a lot they likely are thinking about. But I would argue that they need to keep it pretty simple too. Two options, with a third that encompasses both."}, {"type": "subtitle", "content": "Twitter Plus"}, {"type": "sentence", "content": "This would be the premium consumer offering that I think could encompass a few things. First and foremost, it would remove the ads from Twitter. To me, the ads on Twitter suck. I know they're having some success with app install ads, like Facebook before them, but I don't need to or want to see any of that. I often mute every ad I see in my timeline. And at times, the ad load is really annoying. What I value most from Twitter is information flow. Anything that gets in the way of that, be it annoying ads or annoying Fleet bars taking up space, is a distraction and something I would gladly pay to remove to clear up and speed up my information feed."}, {"type": "sentence", "content": "I think this package also includes some premium customization options. The ability to preview new features. And a set amount of tokens to do things like tipping/paying for certain types of content on the platform. And things like access to premium content - perhaps via a paid Twitter Spaces layer. Or Periscope live video streams. Revue newsletters. Etc. There's a lot you could do here, obviously. This might be $9.99/month."}, {"type": "subtitle", "content": "Twitter Pro"}, {"type": "sentence", "content": "This would be the premium version of Twitter geared more towards professionals and creators. I think that means more powerful analytics. Better tools for the aforementioned Spaces and live video features. I'm sure they could do something with Revue here too."}, {"type": "sentence", "content": "I think this would include access to TweetDeck as well, as a power user/pro tool. The ability to have multiple tweet streams all updating at once in real time. Maybe even the ability to edit tweets?! (Who am I kidding - still, there could be an \"unsend\" grace period option or whatever.) Given the professional target group, this might be $14.99/month."}, {"type": "subtitle", "content": "Twitter Prime"}, {"type": "sentence", "content": "I think the most hardcore Twitter users would appreciate the features of both 'Plus' and 'Pro' and so I would have a 'Prime' offering to bundle everything together as well. Maybe it's $19.99/month."}, {"type": "sentence", "content": "Yes, that's a lot of money to pay for a social networking service for which you're currently paying $0. But for a feed without ads, with professional creation tools, with some baked in ability to help creators monetize, and with the ability to unsend tweets, I think it could be worth it. Or maybe it's Plus: $4.99/Pro: $9.99/Prime: $12.99."}, {"type": "sentence", "content": "Or maybe Twitter Prime is $280/year. Get it? Yeah, in a world where Amazon Prime is $119/year, that feels like a lot. How about $140/year? A nice call back to the humble beginnings."}, {"type": "sentence", "content": "I don't know what the exact pricing should be - Apple One is $14.99/month but the 'Premier' layer is $30/month, Twitch Turbo is $8.99/month, YouTube Premium is $11.99/month, Discord Nitro is $4.99/month or $9.99/month - but you get the picture of the intent here. Something to augment the ad business which is either going to hit a growth wall, or will try to burst through it by shoving more ads in our faces. Now is the time to roll out premium, but to keep it simple.\u2074"}, {"type": "sentence", "content": "I'm also sure Twitter could come up with far more on-brand, cuter names than 'Plus', 'Pro', and 'Prime'. 'Robin'/'Hawk'/'Eagle'? 'Nest'/'Egg'/'NestEgg'?"}, {"type": "image", "content": "https://miro.medium.com/max/7744/0*SQh2RgUA11-7dPit"}, {"type": "sentence", "content": "\u00b9 Some might say a little too serious these days - with former U.S. Presidents being banned and whatnot - at the very least, a service where many tweets have very serious ramifications in the real world."}, {"type": "sentence", "content": "\u00b2 As a longtime Twitter shareholder, I will just add: finally."}, {"type": "sentence", "content": "\u00b3 Nor should it necessarily aspire to be anymore! With great scale comes... well, a lot of headaches."}, {"type": "sentence", "content": "\u2074 Though, for the record, I do like the idea of Twitter attempting to monetize via a 5% cut of Revue subscriptions. I think that for businesses which are being run separately, it's fine to monetize them outside of these simple bundles, though perhaps also giving some options there for Twitter users."}], "topic": "social-media", "uuid": "6b495adb994f2eb1d1926f259992f70655f09f4d34dc96e27968073a", "link": "https://500ish.com/twitter-prime-1f13c43491c7"}