{"title": "Why the Apple Silicon M1 is a Big Win for Accessibility - Part Two", "data": [{"type": "sentence", "content": "In the first part of this potentially slightly over-elaborate article on accessibility and Apple's new M1 processor, I focused mostly on technical context, app and web development, and to some extent on application design and UX. The good news is, this radical new approach to hardware goes beyond all of those aspects, and allows the operating system - Big Sur - to further evolve for all users, both disabled and not. So, without further ado, let's see the improvements this new OS brings for accessibility, after which I'll be circling back to application and - guess what - even industrial design."}, {"type": "subtitle", "content": "There's more to software than just cross-platform apps - meet MacOS Big Sur. Again."}, {"type": "sentence", "content": "Big Sur, like any new version of Apple's Mac operating system, is not without its bugs, but while the rest of the world focuses on what I would call barely even first-world issues, I'd like to highlight what this new OS does for accessibility. The very moment you set up the operating system, you're already met with a screen giving you a brief intro to the four major disability types that Apple tries to do its best to support: vision, motor, hearing and cognitive."}, {"type": "image", "content": "https://miro.medium.com/max/4480/1*pG-doVTEbOwWeN5RP_Qvfg.png"}, {"type": "sentence", "content": "Now, of course this screen is not limited to the M1 machines, you'd very much get this on an Intel installation too, but it does educate on a level that I did not see before, and that's important, because the more I spend time researching accessibility and developing for it, the more I realise that yes, there is a group of people who just don't care about it to a level that they don't even feel bad about not caring. However, there is a much larger group of people, who start paying attention to it once they get a bit of education on the matter."}, {"type": "image", "content": "https://miro.medium.com/max/1164/1*8O_B-OJyE742N_DgcQFGCA.png"}, {"type": "sentence", "content": "Another nice addition to Big Sur is the accessibility shortcuts menu. Since I adopted touch-bar based Mac models since 2018, I felt the need to have an alternative way of accessing VoiceOver than just the standard cmd+F5, so added it to my top menu-bar as well. To my surprise in Big Sur, this also enables a dropdown menu of various extremely useful shortcuts. Attention to detail on a whole new level and a great example of combining excellent UX with accessibility."}, {"type": "sentence", "content": "You'll also note that the tools presented are categorised, which again, shows dedication to accessibility education. The benefits of this panel extend to auditors as well, who now have to click and navigate less to reach these various tools, and can toggle them on or off with ease."}, {"type": "sentence", "content": "And then of course, there's Rosetta2, the engine that makes all - with a few exceptions - the old Intel apps still work as if nothing changed. Of course, this is a perk for every user, but then again, so is accessibility if you think for more than a second. Had running Intel apps been problematic on the M1 machines, while many would have put up with the struggles just to be on an ARM-based Mac, it would have been a much less enticing option for anyone disabled, as the last thing most of them would have wanted, was to move between iOS, MacOS on M1, and MacOS on Intel, just to get everything done. While seamless transitions are great for everybody, for many disabled folks it can be the deciding factor."}, {"type": "subtitle", "content": "Application design - the hidden perk you never thought about"}, {"type": "sentence", "content": "For the last three decades or so, the concept of a window, from a software perspective that is, has largely remained the same. It's this frame with three buttons: close, minimise and maximise. What most people did, and still do, including myself, is basically live with a desktop that has a ton of windows scattered around, mostly layered on top of each other like a pile of clothes you never bothered to fold. Each of those windows would take up most of the screen, and those of us attempting to deal with this madness tried window manager apps, or just manually size them and place them in various corners of the screen. The M1 changes this, or better said, it enables the change."}, {"type": "sentence", "content": "The reality is that many of our desktop apps take up way too much space. Just typing this on a browser, in Medium's web interface, I realise there is more space taken up by the white space on the left and the right than the actual space I am using to get the job done. That is objectively a waste of space. Browsers and most desktop apps are conceptualised as horizontal spaces, while in reality they never had to be, we just kept making them so for some odd reason."}, {"type": "subtitle", "content": "Meet the new upcoming trend(?) - apps instead of windows."}, {"type": "sentence", "content": "When I first opened Untappd on the Mac, it hit me, we have all been using screen real-estate wrong for years. Yes, there are genuine use-cases where a horizontal space for an app is required - think an IDE for coding (though some would disagree), video or photo editing - but in more situations than not, a vertical space is more than enough. Don't believe me? Look at all the iPhone and iPad apps we've all been using in portrait mode for ages. The Untappd app takes up about 10% of screen real-estate on my M1 Mac, while opening the website would probably use up anywhere between 70-100% of the space - depending on usage habits. Many wouldn't see this as an obvious potential accessibility perk, and that's because it isn't obvious. Sounds more like a UX delighter for a percentage of users. But that's just it. Often those UX \"nice-touches\", are what take accessibility too from bare-bones to a great experience for all."}, {"type": "subtitle", "content": "The holy grail of modern technology - battery"}, {"type": "sentence", "content": "Since the dawn of remote control cars for kids and mobile phones for adults, battery technology and implicitly battery-life has been one of the most popular topics. I remember as a teenager comparing the battery-life of my cellular phone to those of my classmate's and feeling a tad ashamed by my old Philips Diga's rotten two days. Battery-life is one where less is definitely not more!"}, {"type": "sentence", "content": "While during the last two decades we have certainly improved on our battery technologies, we're still nowhere near having them last a very long time, or as long as we would like them to - which is basically for ever! Apple realised that there are two major roadblocks in innovation: time and physics - you don't say?!? \ud83d\ude01 Those complaining that Apple hasn't innovated ever since the first iPhone, are horribly mistaken, and the M1 shows that. It also shows that one needs both time and physics on their side to achieve innovation that can be mass-produced and deliver quality at the same time. While Apple realised that beating the physics of limited battery-life is an extremely long game, better suited to those who don't want to solve an immediate problem, started looking at these limitations from a different angle. Technically speaking, no technologist wants batteries. Not even extra-long life batteries. The ideal scenario is to run our devices on thin air, or heck, not even that if possible - because frankly air isn't a guaranteed resource either! While current commercially available battery technologies sound discouraging and the aforementioned quite utopian, thankfully there is a middle-ground. Instead of frantically trying to squeeze more milliamps into an already tightly sandwiched packaged, Apple decided to reduce consumption - aka, yet again, scale down, in a sense. In reality, no user cares about the size of the battery, but they do about the number of hours it lasts. One can deplete 10.000 mAh in mere seconds if the consumption is high - and without being facetious - most Android devices have proven that over and over again. The solution - and a green one I might add - is not to build bigger batteries, but to generate less power consumption and improve power management."}, {"type": "sentence", "content": "OK, so how does this lends itself to accessibility? It does in the same way it does for everyone else: more mobility. If a person who has no disabilities finds it frustrating that they have to be tethered down to their machine after a couple of hours because the laptop is charging again, imagine someone disabled, and how much extra effort that requires. It breaks their workflow, their activities have to revolve around being able to charge the device, etc. With the M1, all this goes away. For all intents and purposes, the M1 chips result in machines that run for a full day (minus the hours you sleep). Even if you're an insomniac, and you sleep just 4-5 hours a day, during that time the machine can recharge and get you going for another day without once being plugged in. That is unprecedented mobility and flexibility that disabled individuals will gain the most out of."}, {"type": "subtitle", "content": "The \"esc\" key is back!"}, {"type": "sentence", "content": "When the first touch-bar machines arrived, I was excited because I saw the benefits of it, and I use it plenty myself, but one thing did disappoint - the removal of the escape key. Well, it was there, but it was digital and thus less accessible, which I found to be a very non-Apple move. The M1 machines bring that back. Now, in fairness, the reintroduction of the physical \"esc\" key and the discreet touch-id button have been back since the launch of the 16\" Pro, but seeing these in the 13\" M1 Pro as well, is great news because it gives me real hope that this more accessible design is here to stay."}, {"type": "sentence", "content": "When excited about tech, I tend to get a little bit carried away, so take all this with a pinch of salt, but from where I'm standing, Apple's new M1 machines, and to an even greater extent the 13\" M1 Pro sound and feel like a disabled person's dream machine and of even greater things to come. The less obvious perk is that this makes it equally, if not more, a dream machine for everyone else. It's a testament that good industrial design, creative innovation circumventing physics' own limitations and a solid bet on the right technology stack, is all translatable into a machine that caters for everyone in an equitable way, and isn't that a world we all want to live in?"}], "topic": "ux", "uuid": "6ceb6c13d0091de91b76ca2bdb9f065284aa308684dcc1366fff46cb", "link": "https://hmh.engineering/why-the-apple-silicon-m1-is-a-big-win-for-accessibility-part-two-b17b596214bc"}