{"title": "How Writing Changes Your Brain", "data": [{"type": "image", "content": "https://miro.medium.com/max/8064/1*sHz105QLC2xVvTgvaK_sjA.jpeg"}, {"type": "sentence", "content": "In an old article of mine, I explain some of the ways reading changes our brains. Amazingly, an activity which helps us absorb and learn so much information changes the physical structures of our brains for the better."}, {"type": "sentence", "content": "Since I found learning about how reading changes our brains so interesting, I did some more research and discovered that other activities change our brains too - including writing. Read on about how writing helps our minds."}, {"type": "subtitle", "content": "Handwriting is great for our memories"}, {"type": "sentence", "content": "Writing helps us remember information. Experts consider that writing by hand is more effective for retaining information than using word processors, as it engages more senses and motor neurons than using computers."}, {"type": "sentence", "content": "Using nerve cells across lots of areas of our brains reinforces connections between different areas, helping us to think faster and remember better. Moreover, Karin James and Laura Engelhardt explain that when children handwrite letters of the alphabet, they familiarise areas of their brains with the motion required to create their shape."}, {"type": "sentence", "content": "They explain that using areas of our brains responsible for movement, including our motor and pre-motor cortexes, helps us learn, remember, and distinguish between different letters better than we would if we tried to learn only by engaging areas of the brain responsible for looking."}, {"type": "sentence", "content": "These neuroscientists, therefore, explain that handwriting, rather than simply learning from looking at letters, helps children learn and remember different letters of the alphabet, since handwriting engages more areas of the brain and establishes more extensive connections between them."}, {"type": "sentence", "content": "Interestingly, after their experiments, James and Engelhardt discovered that the area of the brain people use to distinguish between different letters, the left-fusiform gyrus, is used more by those who have experience handwriting than those who have only had visual exposure to the same letters."}, {"type": "subtitle", "content": "Handwriting helps children learn to read"}, {"type": "sentence", "content": "In the same 2014 study, Karin James and Laura Engelhardt discovered that in children who are still learning how to read, writing by hand develops part of the brain we use to recognise different letters."}, {"type": "sentence", "content": "They explain their findings show that:"}, {"type": "sentence", "content": "From this evidence, James and Engelhardt suggest that children who handwrite letters of the alphabet before they have learned to read will find it easier to become literate once they start reading. They explain that this is because children who handwrite strengthen areas of the brain responsible for letter recognition and differentiation, in ways that just looking does not."}, {"type": "sentence", "content": "If you're reading this, you obviously already know how to read. But the information could be helpful if you're a parent to young children, or plan to be one at some point in your life. We live in a world increasingly dominated by technology, and James's and Engelhardt's research stresses that analogue methods of learning, such as using a trusty pen and paper, have cognitive benefits that we shouldn't abandon too quickly."}, {"type": "subtitle", "content": "Writing can be therapeutic, relieving anxiety and stress, as well as the physical symptoms of certain diseases"}, {"type": "sentence", "content": "Resources to Recover explain that if we're feeling anxious or stressed, thinking through how we're feeling and working out why by writing our thoughts down could help us identify the sources of our negative emotions."}, {"type": "sentence", "content": "In a 2018 article published by Cambridge University Press, Karen Baikie and Kay Wilhelm discovered that writing to express emotions for 15-20 minutes a few days a week may have physical and psychological health benefits."}, {"type": "sentence", "content": "Somewhat surprisingly, according to Baikie's and Wilhem's research, expressive writing showed more conclusive evidence that it can help relieve the symptoms of physical, rather than mental, health conditions."}, {"type": "sentence", "content": "They explain that research suggests the evidence that achieving relief from negative emotions by expressing them in writing is weak. The evidence for mental health benefits is strongest for relief from traumatic memories and sources of anxiety, by desensitizing sufferers through repeated exposure."}, {"type": "sentence", "content": "Although the psychological effects are limited, they suggest there is good evidence to show that expressive writing can relieve the physical symptoms of certain diseases, including lung functioning in asthma patients, pain experienced by cancer patients, and pain in women with pelvic pain."}, {"type": "sentence", "content": "So, there is tentative evidence that writing about our feelings can help relieve negative emotions - even if simply by desensitizing us to them. Baikie and Wilhelm do argue, however, that there is strong evidence that writing about how we feel can relieve symptoms of physical diseases."}, {"type": "subtitle", "content": "Writing can help keep our brains young"}, {"type": "sentence", "content": "When we write, especially when we write creatively, we're engaging our brains with several tasks at once. The Kensington White Plains, a New York-based organisation established to help sufferers of Alzheimer's and dementia, explain that when we write, our brains are:"}, {"type": "sentence", "content": "They explain that engaging our brains in these ways when we write is a bit like working our bodies out when we do physical exercise. In particular, The Kensington White Plains say that writing is great for our grey matter."}, {"type": "sentence", "content": "Our brains on average are composed of around 60 percent white matter and 40 percent grey matter. Our white matter cells are specialised to quickly pass messages from one cell to another. Our grey matter cells are important for motor and sensory functions, as well as learning and memory."}, {"type": "sentence", "content": "Keeping our grey matter healthy is important for our abilities to perform everyday tasks as sharply as possible. Strengthening our grey matter by flexing our brain cells when performing certain tasks, like writing, may help us stave off neurodegenerative diseases like Alzheimer's."}, {"type": "sentence", "content": "So, writing is great for our brains in several ways. Handwriting engages several areas of the brain, more so than writing using word processors. This increased activity helps our memory by solidifying connections between different areas of the brain. Handwriting, especially letters of the alphabet, may also help young children learn how to read, as handwriting engages areas of the brain which are important for distinguishing between letters."}, {"type": "sentence", "content": "There is also strong evidence to suggest that writing has health benefits. Strangely, writing can help relieve symptoms of pain experienced by sufferers of physical diseases. Moreover, it also keeps our grey matter young and strong, reducing the risks of neurodegenerative diseases. So, if you needed more incentives to keep writing, then I hope this article has given you some."}], "topic": "neuroscience", "uuid": "6d03875e5324b88cec5a3fd3b6f7fe284ade5533120f707510490c32", "link": "https://medium.com/the-brave-writer/how-writing-changes-your-brain-75c9087f37e7"}