{"title": "Candy Hearts", "data": [{"type": "subtitle", "content": "Short Story"}, {"type": "image", "content": "https://miro.medium.com/max/11248/1*A-NZPhdXV9e6OEKPc6sKqQ.jpeg"}, {"type": "sentence", "content": "Picking up the box of candy Valentine hearts from her chair, Danielle took a seat in the classroom. At the age of 45, she'd decided to take a college physics class. In high school she'd always been the nerdy type. But, after one year of college, her boyfriend had convinced her to give up on a degree and get married. So now divorced for two years and her son away at an out-of-state university, she decided it was time to get back out into the world. Danielle thought finishing her degree might be just the thing."}, {"type": "sentence", "content": "Starting off slow, she signed up for two night courses. Physics and Spanish. Spanish came back fairly quickly as it was something she used frequently at work. Physics, not so much. After the first two classes, she wondered if she should have started out slower by taking calculus instead or maybe just algebra. She had mastered calculus in high school and had done pretty well in physics, too. But that had been over 25 years ago."}, {"type": "sentence", "content": "Now she was acing the Spanish II class but struggling with physics. The theory of relativity had always eluded her and that's what this class focused on. Never a quitter, she forged ahead and was even considering using a tutor."}, {"type": "sentence", "content": "Danielle looked down at the small box in her hand. She grinned remembering the Valentine's Days in grade school when all the students decorated envelopes and taped them to their desks. It was a fun tradition to have the class wind through the rows of desks distributing their Valentine cards to fellow students."}, {"type": "sentence", "content": "From kindergarten to sixth grade Danielle had received a lot of valentines and always made sure she gave one to each of her classmates. In fourth grade she had given a box of candy hearts to a boy she liked. That box of hearts led to her first kiss. Years later she married that boy and Danielle gave him a box of candy hearts every Valentine's Day during their marriage."}, {"type": "sentence", "content": "Danielle hadn't really made friends with anybody in the class. And although she'd gone out with a few of them after class for a drink once, she'd declined when they asked her again. She wondered if any of them realized she was old enough to be their mother."}, {"type": "sentence", "content": "As more students filtered in and the room filled up, she sat with the box of candy hearts on her desk and wondered who had put it there. \"To: Danielle\" was written neatly on the box but in the space following \"From:\", there was only a pink heart. Scanning the room, she couldn't imagine who might have left it."}, {"type": "sentence", "content": "Danielle got comfortable in her chair as the class was about to start. The instructor, Jessica Edwards, walked up to the whiteboard. Her long strawberry blonde hair pulled loose from its hastily tied knot as she wrote in bold red letters \"Happy Valentine's Day!\" Picking up a pink marker she framed the greeting with a big heart. Then turning toward the class she smiled and looking directly at Danielle gave her a wink."}, {"type": "sentence", "content": "The theory of relativity would have to wait for another day."}, {"type": "sentence", "content": "Sydney Duke Richey writes from the heart. Inspired by everyday experiences, her poems, haiku and non-fiction come from a slice of her life.Sydney lives in the Pacific Northwest with her husband."}], "topic": "fiction", "uuid": "6df48bf52ea04f954c575026667e223c84a358088be7aaa9830111ff", "link": "https://psiloveyou.xyz/candy-hearts-2452cef47c45"}