{"title": "Forgiving a Robot", "data": [{"type": "image", "content": "https://miro.medium.com/max/13294/0*GafF17G0vOP6PvJw"}, {"type": "sentence", "content": "Imagine, God forbid, that a driver makes a horrible mistake and kills someone you love. The driver would be arrested. There would be a trial. There would be punishment. At some point, you will face a hard question, do you forgive the driver and try to move on?"}, {"type": "sentence", "content": "Now think of the same scenario only instead of a human driver, there's a self-driving car. Should it be punished? Would you forgive it? Is punishment or forgiveness even possible or necessary when it comes to automated machines?"}, {"type": "sentence", "content": "Instinctively you might say no, and although a killer self-driving car is an extreme example, these questions are more relevant than ever as service-giving robots become a bigger part of our lives. Figures show that the service robotics global market, for example, was valued at $11 billion in 2018, and by 2024 is expected to reach $50 billion."}, {"type": "sentence", "content": "It's a conversation that humans need to have."}, {"type": "subtitle", "content": "Punishment"}, {"type": "sentence", "content": "Is a robot that commits a felony a criminal or a defective machine? To answer this question we first need to ask ourselves whether a robot could even be held responsible for its actions."}, {"type": "sentence", "content": "It's not uncommon to lay responsibility on entities that are not human. We have corporate law, we can sue companies, we can punish them. And so, the question of legally turning a robot into a criminal might actually depend on the robot."}, {"type": "sentence", "content": "In 2017, the European Commission of Legal Affairs compiled a thorough report about robots and specifically about the question of liability. The commission concluded that when a robot is autonomous beyond a certain level then it should be held accountable for its actions. The Commission distinguishes between 'a tool', meaning a robot that performs action programmed by another, and an autonomous being, meaning a robot that can use machine learning and AI to make decisions and implement them."}, {"type": "sentence", "content": "In the case of the latter, the commission concludes, the robot is more responsible for its actions than its creator, and thus could be liable for harming people or property."}, {"type": "sentence", "content": "It's challenging to think of a liable robot because we usually point the blame to one of two sources: The manufacture or the user. But as robots become more sophisticated and intelligent, this doesn't longer have to be the case."}, {"type": "sentence", "content": "The study 'Robot Criminals' published in The University of Michigan Journal of Law Reform in 2019 tackled this issue. It concluded that there is a possibility for \"no human to be sufficiently at fault in causing a robot to commit a particular morally wrongful action\"."}, {"type": "sentence", "content": "The author made the distinction between a robot and a 'smart robot'; Those are some current but mainly future machines that uphold 3 conditions:"}, {"type": "sentence", "content": "In other words, 'smart robots' are capable of making a decision, acting on it, and explaining it after the fact."}, {"type": "sentence", "content": "This might sound too 'Sci-Fi' at the moment but with the progress of AI and machine learning, a machine having to make what us human call 'moral choices' is definitely imaginable."}, {"type": "sentence", "content": "In the case of 'smart robots,' the study claims, the liability lays with the robot and it is the one to pay the price."}, {"type": "sentence", "content": "Why should we even punish a robot? In humans the benefits are clear. Punishment is not only a tool to distance a criminal from the community but also aims to rehabilitate those who broke the rules."}, {"type": "sentence", "content": "The rationale for punishing robots could be different, the author of 'Robot Criminals' offers 3 reasons to do so:"}, {"type": "sentence", "content": "How do we punish a robot? There is an obvious choice, shutting it down. That wouldn't be enough. What happens if a 'smart robot' damages someone's property? Will shutting down the robot take care of the damage?"}, {"type": "sentence", "content": "The European Commission of Legal Affairs suggested a couple of interesting ideas:"}, {"type": "image", "content": "https://miro.medium.com/max/1500/0*1c0lWipLoDQ_T01v.jpg"}, {"type": "subtitle", "content": "Forgiveness"}, {"type": "sentence", "content": "I first encountered the question of forgiving a robot in a paper by Dr. Michael Nagenborg, a researcher at the University of Twente in the Netherlands."}, {"type": "sentence", "content": "Dr. Nagenborg focuses on the philosophical aspects of forgiving a machine. As forgiveness is a crucial part of human-human relationships, he claims this would also be a major part of human-robot interactions."}, {"type": "sentence", "content": "It does make sense. Robots are a big part of our lives and keep getting bigger and more important. We have already discussed the fact that a robot could not only make a mistake but also be liable for it. Alongside punishment, forgiveness is humankind's way to move forward."}, {"type": "sentence", "content": "When are we more likely to forgive a robot? In a recent study called 'Robots at Work', researchers from the National University of Singapore, Yale University, and Texas A&M University conducted two experiments to find the answer."}, {"type": "sentence", "content": "The first experiment was done in the 'Henn-na Hotel' in Japan, the world's first robot-staffed hotel. 194 hotel guests participated and were divided into two groups. Both groups were asked to check-in and check-out using the service robots at the front desk."}, {"type": "sentence", "content": "One group was told to \"think of the robots as if they were humans\", the second group was not."}, {"type": "sentence", "content": "The study showed that when guests thought of the robot as more human-like, they tended to perceive them as sharing human attributes. These guests felt that \"robots can think\", \"robots can remember things\", and that \"robots can feel pain\"."}, {"type": "sentence", "content": "The more a guest perceived a robot as being human-like, the more satisfied the guest was by the service, and the less unsatisfied he/she was in the case of an error made by the robot."}, {"type": "image", "content": "https://miro.medium.com/max/2000/0*lFeow4zlQJrFJqLZ.jpg"}, {"type": "sentence", "content": "The second experiment was done in a lab. This time, the researchers used a robotic arm with a screen."}, {"type": "sentence", "content": "Participants sat down in front of the robot with two different snacks placed in front of them. The participant chose a snack and the robot, which the participant thought was about to serve the chosen treat, was programmed to get it wrong."}, {"type": "sentence", "content": "The participants were divided into two groups, each was facing a slightly different robot arm:"}, {"type": "sentence", "content": "Same as with the first experiment, the participants who were facing 'Alison' had a significantly higher rate of satisfaction from the service, and were less unsatisfied when received the wrong snack."}, {"type": "sentence", "content": "These findings correspond with a different study, that showed that people feel more at ease interacting with robots with screens displaying human faces. Robots speaking in a female voice, with a female name, is the easiest to relate to - in case you were wondering why Alexa and Siri are both women."}, {"type": "sentence", "content": "The questions of robots' liability, punishment, and forgiveness are challenging but the debate is relevant and important. As machines are getting smarter, humans would have to think about all consequences of the co-life we will share."}, {"type": "sentence", "content": "Robots help clean our homes, they remind us to take the pie out of the oven, they drive us and help us with those nasty parallel parking spots. But robots make mistakes."}, {"type": "sentence", "content": "In 2019, the Henn-Na hotel actually 'laid off' half of its robot staff for causing too much trouble. The robot at the check-in desk couldn't photocopy documents, the robot luggage carriers kept getting stuck, and the robot concierge couldn't answer simple questions."}, {"type": "sentence", "content": "But someday, and this day is probably sooner than later, robots mistakes could be much graver than delivering a suitcase to the wrong room. Robots can, and would, be able to cause us real harm. Someone would have to pay the price. We will have to choose whether to punish, and whether to forgive."}], "topic": "artificial-intelligence", "uuid": "6f72b1ebaca365982212cf99282f57d5f1a67fac694ade625692df68", "link": "https://eladsi.medium.com/forgiving-a-robot-4bad9bb00759"}