{"title": "Your House is the Enemy", "data": [{"type": "image", "content": "https://miro.medium.com/max/1188/0*TFW4ryOLpyuZbiVw.jpg"}, {"type": "sentence", "content": "Let's say you have a goal to reduce your snacking."}, {"type": "sentence", "content": "You spend your morning with the goal in mind - feeling really good about the decision. At lunchtime, you purposefully turn your attention away from the brownies the cabinet and feel virtuous. Around 3pm, your stomach rumbles and you think about the brownies...and jerk your thoughts away. \"No, I am not snacking\" you remind yourself. You have a nice dinner and carefully eat the one square of chocolate you promised yourself. Then 9pm comes around and finds you shamefully shoveling brownie into your face with your bare hands over the sink."}, {"type": "sentence", "content": "The next morning you again commit to reduce your snacking as you clean the chocolate smears from your cheeks - feeling really good about the decision."}, {"type": "sentence", "content": "Its a vicious cycle."}, {"type": "sentence", "content": "And one that has been written about in far too many places for me to feel like I'd add much to the conversation. However, there is one small change that may have helped mitigate this cycle."}, {"type": "sentence", "content": "Imagine if the brownies were gone?"}, {"type": "subtitle", "content": "\"You may think that you control most of your choices, but the truth is that a large portion of your actions every day are simply a response to the environment design around you. The forms you are mailed, the food on your kitchen counter, the items on your desk at work - they all impact your behavior in one way or another,\" James Clear, author of Atomic Habits."}, {"type": "sentence", "content": "In other words, if you don't create and control your environment, it will control you."}, {"type": "sentence", "content": "But, guess what? This is great because you can design your environment to work FOR you instead of against you - supplementing your willpower instead of eking it away."}, {"type": "sentence", "content": "By changing using the concept of environmental design, you can make it harder for yourself to do the 'bad' behaviors and easier to do the the 'good' ones."}, {"type": "sentence", "content": "Here are a few ways to get started:"}, {"type": "image", "content": "https://miro.medium.com/max/1180/0*dZUyoj4l2_YKRlsm"}, {"type": "sentence", "content": "Example: I hate waking up early and I hate when its cold. Its harder for me to stick to my goals of waking up early because its cold, and my bed is not. So I have my clothes waiting next to my heater so they are toasty. Slipping into a pair of baked socks and sweater is a nice reward for leaving my bed."}, {"type": "sentence", "content": "Example: While driving, I floss my teeth with a flosser. Do I look weird? Yes. Do I care? No. It is easy to remember to floss because I have the flossers in my car door and a trash can to toss them in."}, {"type": "image", "content": "https://miro.medium.com/max/800/0*SzsrTl9X6z_a3vxw.jpg"}, {"type": "sentence", "content": "Example: I am building the habit of removing my contacts nightly, but if I need to hunt down the case, the glasses, the cleaning solution...well its WAY easier to just sleep in them. So I have all these things in a cute container on my sink next to my yummy melatonin gummies (Pavlov would be proud). When I don't want to look to be on my computer anymore, I put in the trunk of my car."}, {"type": "sentence", "content": "These are just a few ways to be nice to your inner angels and starve your inner devils. There are tons of ways to use environmental design in your own life, but the first way to begin is by noticing how your environment impacts your choices."}, {"type": "sentence", "content": "And once you notice it, what will you do to make a change?"}], "topic": "productivity", "uuid": "7072dc11938c72c116d865eb2ba1bc1dd059bbe5d05a2dadcf7226de", "link": "https://samseaster.medium.com/your-house-is-the-enemy-7a5e9426f5c9"}