{"title": "8 Free Tools That Boosted My Business on the Internet", "data": [{"type": "image", "content": "https://miro.medium.com/max/4932/0*r0CGA340fnvwdDKB"}, {"type": "sentence", "content": "It's not easy to start and manage a business. Sailing the sea of bureaucracy, handling recruitment and training, calls with accounting and suppliers, and all the other necessary tasks are quite time-consuming."}, {"type": "sentence", "content": "While most entrepreneurs spend enough time to secure funding for their enterprises, they often neglect that money isn't the only essential resource needed. In fact, in an era where crowdfunding and seed capital are increasingly accessible, the scarcest resource may not even be money, but time."}, {"type": "sentence", "content": "Some founders think spending more money will save time. This is often a mistake that results in losing both time and money. It's something I learned the hard way when I opened my first business. Nowadays, I use all the free solutions listed below for both my enterprises. Some of them have paid versions, which you can purchase once you see the results pumping in your company balance."}, {"type": "sentence", "content": "This article's title is not a mistake. These tools are not only useful for an internet business, but for any brick and mortar business - like my hostel, for example - which has a website or any online presence."}, {"type": "subtitle", "content": "Calendly"}, {"type": "sentence", "content": "Around one year ago, I had trouble scheduling times for customer meetings and video-conferences. I tried various methods, like offering a few different time slots and letting the customers choose. But all had suboptimal results."}, {"type": "sentence", "content": "Then I discovered Calendly, which solved the problem once and for all. Calendly integrates with different calendar providers, like Outlook, Google Calendar, or Apple iCloud. If you use Outlook to organize everyday tasks, once you connect it to Calendly, your clients will see which time slots you have available and can send you meeting requests for when you're available. You can also program the app to block inconvenient periods, like nights, early mornings, or lunchtimes, so nobody disturbs your siesta."}, {"type": "sentence", "content": "Calendly stops the annoying back-and-forth of proposing meeting and call times. Instead of long email chains, it is enough to send your availability to the customer or work team with a simple link generated by the app. The best thing is that it will work even if the other side does not use Calendly. You will make it easier for your customers to find you, and that's part of the principles of service excellence."}, {"type": "sentence", "content": "The paid versions allow you to connect more than one calendar (eg: Google Calendar and iCloud at the same time), remove the app branding, receive SMS notifications, etc. I am using the free version and it is all fine for now."}, {"type": "subtitle", "content": "Keyword Generator Tool"}, {"type": "sentence", "content": "One of the first concerns for a business creating an online presence is gaining visibility. It is a waste to have a wonderful website for your fashion store or tech startup if nobody visits it"}, {"type": "sentence", "content": "For any firm looking for visibility, keyword is an ingrained term. They are the words or phrases we type into search engines when trying to find something. For example, if you are searching for a lawyer in London, you might type something like \"lawyer London area\" into Bing, DuckDuckGo, or Google. This is a keyword."}, {"type": "sentence", "content": "The problem is that, with no help, we do not know what people are typing into Google. If your business is a marketing agency in Miami, people may look for \"agency marketing Miami\" or \"marketing specialists in south Florida\" and so on. It is essential to know what your customers are looking for, so you can target these terms (either by paid ads or by creating content) and put your website in front of their eyes."}, {"type": "sentence", "content": "The Ahrefs Keyword Generator Tool will do this job. Ahrefs is a well-known toolbox for SEO (Search engine optimization). While their products usually have a price tag, this one does not cost a penny. To use it, you need to type one broad keyword, and the tool will give you suggestions based on it. Eg: I have a consulting company for expatriates. So when I type \"expat\" it suggests terms like what is an expat, best countries for expats, and so on."}, {"type": "sentence", "content": "This means that users are actively searching for these things on Google. The next step is to either create an ad campaign using these terms or write a blog post or any other content with them. That is why I wrote an article about what is an expat on our website."}, {"type": "subtitle", "content": "Keyword Rank Checker"}, {"type": "sentence", "content": "Once you created content targeting a certain keyword to give visibility to your business, the effect will not be immediate. It can take weeks, maybe months, for your posts to appear on the first pages of google and you have more visitors. All that depends on your SEO efforts (and below I will tell you a splendid solution to have amazing SEO results)."}, {"type": "sentence", "content": "To check how my page ranks in Google, I use the Small Seo Tools Keyword Rank Checker. Different from other websites, it allows me to check up to 10 different keywords at the same time. This saves a tremendous amount of time and helps me monitor how good my websites rank on search engines."}, {"type": "subtitle", "content": "Hustle"}, {"type": "sentence", "content": "Mailing lists are important for a myriad of industries. They help you stay connected to your customer base, inform them of freebies, promotions, or updates, and have the greatest return on investment of any online marketing effort."}, {"type": "sentence", "content": "Building a mailing list from your customer database, however, is a delicate matter. In places like Europe, privacy laws limit the situations where one can collect a customer's e-mail."}, {"type": "sentence", "content": "Hustle is a plugin for WordPress websites developed by WPMU DEV, the developers of few other acclaimed solutions for business websites like Smush (which I also use). It easily grows your mailing list by placing popups, opt-ins, slide-ins, widgets, and shortcodes across your site. You decide where and how frequently to show them, so it will not bother your clients. This plugin is straightforward to handle and you do not need any coding knowledge (something that I also don't have)."}, {"type": "subtitle", "content": "Site Kit by Google"}, {"type": "sentence", "content": "If your business relies on web traffic and ad-revenue, you will probably use AdSense. To improve your website visibility, you may use PageSpeed Insights. And, to discover how the visitors arrived at your website, SearchConsole provides a good solution."}, {"type": "sentence", "content": "These three tools were developed by Google and work independently."}, {"type": "sentence", "content": "It takes some time to check and configure all of them. And time, as I wrote before, can be as scarce as money for an entrepreneur."}, {"type": "sentence", "content": "Site Kit by Google put together all of them, AdSense, PageSpeed Insights, and Search Console, in a single dashboard. This will save you precious minutes, and, in the long term, many hours."}, {"type": "subtitle", "content": "Interact Quiz"}, {"type": "sentence", "content": "Quizzes are not only entertaining, but they can also deliver important information and serve as a brief about your customers. The best thing about quizzes is that customers complete them voluntarily, and when people start a quiz, they usually finish because they're curious to know the result."}, {"type": "sentence", "content": "The second best thing about them is that they're useful for generating leads. Leads are, in this case, emails from prospects that already invested time in your website completing the quiz."}, {"type": "sentence", "content": "The bad thing, however, is that they are not always useful to configure, and when they are, they just look childish or amateur. But this isn't the case for the quizzes you can build using Interact Quiz Maker, a tool for creating online tests that generate leads, segment your audience, and drive traffic to your website."}, {"type": "sentence", "content": "There you can create quizzes according to the subject of your business. Eg: for my consulting firm aimed at expatriates, I designed the quiz \"Which country is better for you to move to?\". At the end, when the visitor receives the result, there is the option to add the e-mail to your list, and many do. According to Interact, sometimes, 78% of the answers result in a lead."}, {"type": "subtitle", "content": "Pro Writing Aid"}, {"type": "sentence", "content": "If your business is offering services to a global market, or a premium audience, grammatical mistakes on the company website can erode prospect confidence. Grammar is relatively easy to correct, even a text editor like Word can do it. But there are other deeper, harder problems to solve when writing your promotional material."}, {"type": "sentence", "content": "Truncated texts, bad writing style, word repetition. These little monsters will haunt your copyrighting, especially if English is not your native language. ProWritingAid has the key to avoiding nearly all situations where we make these writing mistakes. I say 'nearly' because there are still things that are missed, but the software uses artificial intelligence to improve its accuracy and help any writer improve his craft. It will make your texts look much more professional."}, {"type": "sentence", "content": "ProWritingAid has more features than any other manuscript editing software I've seen. I use it both for my business, for writing things like a proper business plan, and to edit my books. I also use it for my articles on Medium, like this one you are reading now."}, {"type": "subtitle", "content": "Freelancer"}, {"type": "sentence", "content": "Two years ago, I took over a business that was in a critical situation. One problem was the high supplier expenses, especially with an SEO agency that charged stratospheric prices to take care of the two company websites."}, {"type": "sentence", "content": "My first action was to end the contract with this agency and look for new providers. I read somewhere that Freelancer was a website that could connect me with remote workers all over the world, and I was not disappointed."}, {"type": "sentence", "content": "It is very similar to Fiverr, with the difference that at Freelancer you can create projects, define your budget and let the freelancers bid on your project. Of course, I am not saying that all service providers on there are excellent, but the reputation system the website uses helps separate the bad apples from the good ones."}, {"type": "sentence", "content": "Posting a project and receiving bids is completely free. When I posted that I was looking for SEO experts for two websites, I received over 30 offers in less than one hour, which I later sorted by reputation and price, and selected two of them."}, {"type": "subtitle", "content": "Summary"}, {"type": "sentence", "content": "Levi Borba is CEO of expatriateconsultancy.com and a best-selling author. You can check his books here, his other articles here, or his Linkedin here."}], "topic": "startups", "uuid": "70fe9ff44d143e3a3bde8f94d5d706bce9735505cbb36c26a7d581dc", "link": "https://entrepreneurshandbook.co/8-free-tools-that-boosted-my-business-on-the-internet-61dfc8c1991f"}