{"title": "Adobe Photoshop implemented 5 new AI tools and it is killing the competition", "data": [{"type": "subtitle", "content": "About this article"}, {"type": "sentence", "content": "Adobe Photoshop 2021 claims to be the 'most advanced AI tool available for creatives' so far. They have successfully adopted the latest research in AI and have added as tools in its latest version - Adobe Photoshop 2021."}, {"type": "sentence", "content": "Here we will take a look into the top 5 functionalities in the app that are facilitated by the advancements in AI and also have a look at the underlying AI research papers which we saw last year."}, {"type": "subtitle", "content": "Neural Filters"}, {"type": "sentence", "content": "With a bunch of filters added in the beta stage, Photoshop 2021 is taking a bet on some of the functionalities that it was support in the coming versions ."}, {"type": "sentence", "content": "Note -"}, {"type": "sentence", "content": "Some of the key neural filters -"}, {"type": "image", "content": "https://miro.medium.com/max/1352/1*8f_LErrYlTX25bm5p1SvXQ.png"}, {"type": "image", "content": "https://miro.medium.com/max/14112/1*YgDvN4Lkfu1jjdjlEQAzHw.png"}, {"type": "image", "content": "https://miro.medium.com/max/14112/1*yoUqqM4CxlXtMwjMmQ1UCw.png"}, {"type": "sentence", "content": "Other Neural Filters are"}, {"type": "subtitle", "content": "2. Select Item"}, {"type": "sentence", "content": "As a major advancement in terms of object-detection subset comes 'select-item' . Selecting an item for object-wise editing is as simple as just running a selection around the object and letting PS-2021 dothe rest of the job."}, {"type": "sentence", "content": "Step 1. Load the original Image"}, {"type": "image", "content": "https://miro.medium.com/max/2160/1*vmmGiGHCCE6MXDLrx77r0A.png"}, {"type": "sentence", "content": "Step 2 : Manually Select any object of your interest."}, {"type": "sentence", "content": "( Use Object Selection Tool > Lasso Mode"}, {"type": "image", "content": "https://miro.medium.com/max/2274/1*bWA4G3yQCJgK4ERQ5w65_w.png"}, {"type": "sentence", "content": "Step 3 : Photoshop automatically identifies the object and builds a tight bounding areas around it. Further this area can be used for your specific object-level editing."}, {"type": "image", "content": "https://miro.medium.com/max/2324/1*LfsiMlstAE02pcwpVr8dLg.png"}, {"type": "sentence", "content": "Step 4 : Now you can apply your filters, adjustments and all the editing on that object"}, {"type": "image", "content": "https://miro.medium.com/max/2160/1*uITUmYobyD0IIjE7YylkiQ.png"}, {"type": "sentence", "content": "Another example of the object selection tool -"}, {"type": "image", "content": "https://miro.medium.com/max/4320/1*aPBk7zo05ve8KFG36V2_Jg.png"}, {"type": "subtitle", "content": "3. Sky Replacement"}, {"type": "sentence", "content": "Doing a sky replacement for your images is far easier than most other image replacement plugins and the results are far more spectacular than you can imagine . You can find the option here -"}, {"type": "sentence", "content": "Edit > Sky replacement"}, {"type": "sentence", "content": "To show a sample, here is the original image"}, {"type": "sentence", "content": "Step 1: Load your original"}, {"type": "image", "content": "https://miro.medium.com/max/3228/1*YNmrhfS-Lruxdl4E2mWPCA.png"}, {"type": "sentence", "content": "Step 2 : Select what type of sky you want to choose. ( You have a whole lot of sample skies available to choose from )"}, {"type": "image", "content": "https://miro.medium.com/max/508/1*IaT5wuVTgWQAHXTC89rLRg.png"}, {"type": "sentence", "content": "Step 3 : Select the new sky template and apply. VOILA !!! You got a new sky under your head ! See below for the new background sky ! ( Now scroll up to see the original too - to see the wonderful auto-replacement done by Photoshop )"}, {"type": "image", "content": "https://miro.medium.com/max/3228/1*M2KtvXmTQWW-5hEYKXLyoQ.png"}, {"type": "sentence", "content": "Here's yet another example -"}, {"type": "image", "content": "https://miro.medium.com/max/3228/1*xupU7s_YTHAYZuQgNtHOYg.png"}, {"type": "subtitle", "content": "4. Content Aware Fill"}, {"type": "sentence", "content": "Yet another addition in the object detection and replacement genre, content aware fill does a very good job for filling missing details ."}, {"type": "sentence", "content": "Wait ! This can also be combined with the color-selection tool to - REMOVE THE COPYRIGHT mark !! ( This topic is not covered in this article - drop a mail in case you want some pointers on this )"}, {"type": "sentence", "content": "2 Steps -"}, {"type": "sentence", "content": "Here are some of the samples -"}, {"type": "sentence", "content": "BEFORE >>"}, {"type": "image", "content": "https://miro.medium.com/max/2776/1*EQhrjT6FF1Z-UYm7dQCkzQ.png"}, {"type": "sentence", "content": "AFTER >>"}, {"type": "image", "content": "https://miro.medium.com/max/2772/1*3VCdSLN5EaYutgnS1OQURA.png"}, {"type": "subtitle", "content": "5. Discover panel and Quick Actions"}, {"type": "sentence", "content": "This new feature appears in the properties panel, where you can quickly get a guide to the most frequently used set of actions. This automatically performs a set of standard actions that take way the guess work and the time required to explore and discover the actions needed to complete your task."}, {"type": "image", "content": "https://miro.medium.com/max/724/1*KBYPE_GOJzOajf0VvabNyA.png"}, {"type": "sentence", "content": "This is the discovery panel where you can search for an action."}, {"type": "image", "content": "https://miro.medium.com/max/724/1*PDX7B0IDZG-iDHzSkBbwwA.png"}, {"type": "sentence", "content": "A sample task you want to complete - eg: \"remove background\""}, {"type": "image", "content": "https://miro.medium.com/max/724/1*PDX7B0IDZG-iDHzSkBbwwA.png"}, {"type": "sentence", "content": "The Quick action option gives you the option to perform the task you want to complete."}, {"type": "image", "content": "https://miro.medium.com/max/1652/1*2-wl68K7HLIgbfbxvBp9gQ.png"}, {"type": "sentence", "content": "As you see in the image above, the quick action does the necessary steps of removing the background and performs the task for you ( at least it gives you an idea of how it would look - the preview gives you an idea - if you are not satisfied by the automation, you can also chose to perform it manually )"}, {"type": "subtitle", "content": "Original Papers & Inspiration to the tools"}, {"type": "sentence", "content": "Before we end, here are the original Papers that were published that were the inspiration/source of the tool ."}, {"type": "subtitle", "content": "Image Colorization"}, {"type": "subtitle", "content": "Face Ageing"}, {"type": "subtitle", "content": "Sky Replacement"}], "topic": "artificial-intelligence", "uuid": "71f1071fd0e1e1b4590eaca34739115bf5cb5e0f41ef8781b3c96b1c", "link": "https://pythoslabs.medium.com/adobe-photoshop-implemented-5-new-ai-tools-and-it-is-killing-the-competition-ec722af7ec6"}