{"title": "My First $1000 as a Python Freelancer", "data": [{"type": "sentence", "content": "Lessons were learned. Both good and bad."}, {"type": "image", "content": "https://miro.medium.com/max/11438/0*Olhjj7DC9qdbc16q"}, {"type": "sentence", "content": "Everyone wants to make ends meet. I know I do. Ever since I transitioned towards the field of Data Science, I have only been amazed by how much work potential there is out there and it's just getting started."}, {"type": "sentence", "content": "My internship at a Data Science startup really humbled me and showed me how long the journey really is. It was a great experience and was truly an eye-opener but it didn't help me much when it came to meeting my financial needs."}, {"type": "sentence", "content": "Yes, I was learning but I wasn't making enough money to get myself by. So I had to turn to other sources where I could meet my financial needs."}, {"type": "sentence", "content": "I didn't want to do any sort of work that didn't have anything to do with Data or programming as I believed that would serve more as a distraction than a help."}, {"type": "sentence", "content": "So what did I do? I decided to turn to freelance."}, {"type": "sentence", "content": "I already had previous experience with offering freelance services on websites such as Fiverr but none when it came to Data Science or programming in general."}, {"type": "sentence", "content": "So what did I do? I did what I knew best. I put up an advertisement on Fiverr.com offering Freelance Data Science services on Python."}, {"type": "sentence", "content": "There were other options available as well such Upwork and Freelancer but I decided to stick to one platform(at least for the start)."}, {"type": "sentence", "content": "Initially, No one showed interest but by December, queries started to roll in and I started getting some work on my hands."}, {"type": "sentence", "content": "The projects I got were mostly small tasks related to cleaning datasets, creating visuals and training models on Jupyter Notebooks, or were queries from students looking to understand a machine learning concept."}, {"type": "sentence", "content": "It wasn't something very challenging or something I had never done before. But by mid-December, I was approached for a big and very challenging project which really captured my interest."}, {"type": "sentence", "content": "A finance consultant approached me for the task in which he wanted to gather financial data for over 4000 Listed US companies in different stock exchanges across the United States for the past twenty years and represent them using an interactive front end."}, {"type": "image", "content": "https://miro.medium.com/max/1360/1*aloINVY6XiL5HpJxrgl03w.jpeg"}, {"type": "sentence", "content": "The task was completely alien to me as I didn't know where to begin."}, {"type": "sentence", "content": "Manually collecting data for 4000 companies was the first option that came to my mind but it was too time taking and not a smart approach."}, {"type": "sentence", "content": "I knew there was a better way in approaching this problem and after a bit of research, I stumbled upon Alpha Vantage and Financial Modelling Prep."}, {"type": "sentence", "content": "Both these sites offered data for over 7000+ companies for the past 30 years and had all kinds of financial ratios and metrics possible."}, {"type": "sentence", "content": "I decided to go with Financial Modelling Prep as their documentation was pretty easy and user friendly."}, {"type": "sentence", "content": "All a user had to do was send a request and the API would return information for that particular request and Financial Modelling Prep offered unlimited requests."}, {"type": "sentence", "content": "A number of problems continued to spring up such as how authentic the data was as there was no way to ensure that such vast amounts of data were accurate 100 percent."}, {"type": "sentence", "content": "But with time, all challenges were met and the client was more than satisfied with the progress on the product."}, {"type": "sentence", "content": "Having experience with Python, I used Django for the backend of my application and Angular for the front end."}, {"type": "sentence", "content": "All in all, The client paid me $800 for this entire application and in January, I made close to $980 in total just freelancing."}, {"type": "subtitle", "content": "How to get started Freelancing"}, {"type": "sentence", "content": "My number one tip for anyone who would like to venture into Python Freelancing is that"}, {"type": "subtitle", "content": "Conclusion"}, {"type": "sentence", "content": "With the whole concept of \"Work from Home\" gaining more and more popularity, Freelancing will only see a rise. I, for one, believe that not only is it a good source of income, but also an excellent learning medium. Yes there times when things get difficult. But that is with everything worthwhile. At the end of the day, It depends on the individual and his goals."}, {"type": "sentence", "content": "Follow me on Instagram or if you need help/assistance with your Python/Data Science Projects, Reach out to me on Fiverr."}], "topic": "freelancing", "uuid": "72416784dbeaf34044a143f7a982191fe1e14ff6c2a2220f0475401f", "link": "https://medium.com/swlh/my-first-1000-as-a-python-freelancer-dae32e3c8c88"}