{"title": "Robin Hood Society - How to Capitalize on Your 15 minutes of Internet Fame", "data": [{"type": "image", "content": "https://miro.medium.com/max/7400/0*-XDd5TOiTqQpCBuI"}, {"type": "sentence", "content": "There you are an organization toiling away in relative obscurity when a big story breaks about another organization with a similar name. Suddenly your Twitter account is blowing up. Are you prepared to handle it?"}, {"type": "sentence", "content": "This is where the World Wide Robin Hood Society found itself this week after the Robin Hood App catapulted into notoriety for its role in the GameStop/Redditt story. For more about Robin Hood's role check out Steve LeVine's How Robinhood Went From Hero to Villain in 48 Hours."}, {"type": "sentence", "content": "Many people turned to @robinhood on Twitter to air their strong feelings. The only problem is the @robinhood account is run by the Robin Hood Society not the Robin Hood App whose handle is @robinhoodapp."}, {"type": "sentence", "content": "What happens next is a master class in how to handle sudden unexpected attention and harness it to grow your brand awareness and reach. There are many lessons about what to do when you find yourself in the spotlight and how to position yourself to be ready to catch a wave and ride it for all its worth."}, {"type": "subtitle", "content": "Own the name"}, {"type": "sentence", "content": "The Robin Hood Society was well-positioned because it owned the @robinhood handle. Never underestimate the value of the right name at the right time."}, {"type": "subtitle", "content": "Strike the right tone"}, {"type": "sentence", "content": "The Robin Hood Twitter account began the day on Thursday, Feb. 28 with under 400 followers. By Friday morning they had over 40,000."}, {"type": "image", "content": "https://miro.medium.com/max/1224/1*DrggV9NXxsZHpG265Xrvvg.png"}, {"type": "sentence", "content": "Their first tweet after realizing what was happening set the tone for all the tweets that followed. \"Lovely to have all these new followers .. can we just check that you know that you're following The World Wide Robin Hood Society in Nottingham and not the Robin Hood App .. if so .. a big welcome from Sherwood\""}, {"type": "sentence", "content": "There is not a hint of anger, frustration, or being overwhelmed. Even more importantly those who made a mistake are welcomed and not ridiculed in any way."}, {"type": "sentence", "content": "The wording of the tweet is also subtly and charmingly British in a way that is catnip to Americans."}, {"type": "subtitle", "content": "Stay in character and on-brand"}, {"type": "image", "content": "https://miro.medium.com/max/1178/1*sgCNbkjTsErjEaZX4IFKSw.png"}, {"type": "sentence", "content": "The next direct tweet maintains the same upbeat tone. People are redirected gently in a way likely to cause a smile rather than frustration."}, {"type": "sentence", "content": "In all subsequent tweets and replies, the account remains in character and on brand."}, {"type": "image", "content": "https://miro.medium.com/max/1202/1*VPYKJ26DS-129Qx6cxfQUQ.png"}, {"type": "subtitle", "content": "Tie in to the big story while promoting your own agenda"}, {"type": "sentence", "content": "According to their website, \"The World Wide Robin Hood Society is an internet-based organisation that globally promotes the Robin Hood legend and its associations with Nottingham and Sherwood Forest.\" The viral story in this case with its elements of pitting the rich again the common person ties directly to the original Robin Hood story."}, {"type": "image", "content": "https://miro.medium.com/max/1256/1*5RNsemf76BzQ3rpbMNi_1Q.png"}, {"type": "image", "content": "https://miro.medium.com/max/1194/1*tnOZylDFxIr1FTAva_tOWg.png"}, {"type": "subtitle", "content": "Engage with your followers"}, {"type": "sentence", "content": "While the follower count continued to shoot up, Robin Hood kept responding to the various comments."}, {"type": "image", "content": "https://miro.medium.com/max/1252/1*VWt6BGYQG4ouF8YrTNRJSQ.png"}, {"type": "subtitle", "content": "Are you ready if attention turns to you?"}, {"type": "sentence", "content": "For the World Wide Robin Hood Society, this was the perfect scenario. A major news story and a mistaken name drove people to their twitter account. They responded so perfectly to this initial surge that their follower base skyrocketed."}, {"type": "sentence", "content": "It is hard to predict when and where internet lightning will strike for any individual, company, or organization. But there are steps you can take to be prepared."}, {"type": "sentence", "content": "How far will this attention take the Robin Hood Society? Hard to say but the initial results look good!"}, {"type": "image", "content": "https://miro.medium.com/max/1196/1*OHdN40f44yYpMYwZeeMAZQ.png"}], "topic": "marketing", "uuid": "72fb03d114b0d66ab7aad5a9472a9d810b4a5a5bc1ba2c9493b8ea6d", "link": "https://marydj03.medium.com/robin-hood-society-how-to-capitalize-on-your-15-minutes-of-internet-fame-44386ff8aba8"}