{"title": "Next Generation Digital Damage", "data": [{"type": "image", "content": "https://miro.medium.com/max/1540/1*FtTrrjUcuCi2Afyxr5IYGA.jpeg"}, {"type": "sentence", "content": "I've got a real problem with how we're fucking up the next generation by attention farming for ourselves. The seeds we've sown that grew into our offspring are in for a rude awakening unless we change our ways on the double."}, {"type": "sentence", "content": "I'm not talking about protecting the environment as goodness knows plenty of well-intentioned people have already taken up this cause. I'm also not talking about helicopter parents, participation awards, or the relentless pursuit of living our dreams vicariously through children when we failed on the sporting fields of the globe."}, {"type": "sentence", "content": "I am talking about the digital blob that grows exponentially every day through both harmless intent, and malicious actions alike, known as the \"Digital Shadow\" of minors. They are unable to comprehend or control its growth and at the same time, we do little to stop it."}, {"type": "sentence", "content": "This week here in Queensland, Australia, thousands of children returned to the classroom to begin Term 1 of a new school year. In addition to the swell in traffic during school pick-up and drop-off time, there has been a surge in digital media being shared online in a virtual pissing content that competes for the fickle attention of friends, family, acquittances, and strangers alike. Our collective social media feeds are inundated with \"back to school pictures\" in front of family homes and cars, in front of schools and colleges, and fully displaying names, ages, grades, and school uniforms of children."}, {"type": "sentence", "content": "Some schoolkids begrudgingly pose for the pictures while others mug for their parents' attention, knowing mum and dad will eagerly upload their digital replicas. The photos end up on Facebook, Instagram, and endless other places to try to \"get likes\" and out-do their connections in a race to see who gets the most attention. Social media is the online version of \"keeping up with the Joneses\" where we spend the time we don't have, doing things we don't need to impress people, we don't like."}, {"type": "sentence", "content": "Authorities and privacy advocates alike plead with parents not to upload pictures of their children in school uniforms or provide any more information than they have to. We may think we're being a good digital citizen and watching our backs on the big, bad Internet while we throw the next generation to the wolves. Three decades in Information Technology and Cybersecurity have taught me that predators do not respect rules, laws, boundaries, and are incredibly skilled at aggregating information, manipulating minds, and exploiting the smallest weaknesses."}, {"type": "sentence", "content": "Seriously, people. What the actual fuck are you thinking sometimes? Do you not have access to enough media about the dangers online and the risks children face every day just by existing? One of the basic principals in cyber is minimising your risk profile and attack surface, but the more you willingly expose to the Internet, the more massive that digital footprint you leave becomes. And the larger the digital shadow grows."}, {"type": "sentence", "content": "The Internet has been around nearly 30 years, give or take, in its present form. We now have an entire generation (which is rapidly becoming two generations as millennials have children) that do not know the world without this electronic medium. We're immediately sceptical of anything we don't voluntarily do online, but embrace contradictory risky behaviour."}, {"type": "sentence", "content": "The government wants me to give my name, email, and mobile number for contact tracing during the pandemic and try to keep us safe? Hell no!"}, {"type": "sentence", "content": "Upload pictures of minors in their school uniforms with names, grades, and other private information? Hell yes!"}, {"type": "sentence", "content": "Come on, shake your heads."}, {"type": "sentence", "content": "Now that we have an entire generation growing up not knowing a world without the Internet, their introduction to cybersecurity and online safety is the same as when we learned not to touch the hot stove. We got burned. Once, if we were lucky, but we learned."}, {"type": "sentence", "content": "Unfortunately, virtual scars don't go away and, if anything, can get worse instead of healing somewhat like physical ones can. There are untold volumes of past transgressions and embarrassments online still readily found from blunders made decades ago. That personal picture shared with a love interest they then shared with their friends? You bet it's still out there! Controversial posts on social media? Ditto. A lot of this gets dug up at the worst time, and the recent emergence of \"Cancel Culture\" is a perfect example."}, {"type": "sentence", "content": "Today, no kid grows up without a camera (usually the back of a smartphone) in their face for every little thing they do. Even the smallest kid-ism is preserved for posterity and smeared all over social media, emailed to relatives, liked, shared, commented, turned into a meme, and sent to every corner of the Internet, known or otherwise."}, {"type": "sentence", "content": "When I entered the workforce, new parents had to bring pictures of their offspring physically to my desk to show off. Now they flood our social media feeds with them and while you can ignore, unfollow, and block the fact remains, your kids' digital replicas are online and accessible to people without our same moral code."}, {"type": "sentence", "content": "Your kids don't know any different in the beginning; they only know this is how they get your attention, so they play along to make you focus on them instead of your phone, but you're only focusing on them through your phone. You can't take that picture fast enough to edit it, crop it, filter it, post it, share it, and hashtag it so others can click on it, share it, like it, and comment on it. Their analogue life shared online is a way to get your digital dopamine hits, and when you get them, you keep posting."}, {"type": "sentence", "content": "Eventually, kids grow up but still play along. They want you to take their picture and post it because they know that means they get more of your time. In time, they start to develop self-awareness and play along or, hopefully, begin to question what their digital image is used for. They get their very own social media accounts and, in time, may even repeat the cycle with their families."}, {"type": "sentence", "content": "This outcome isn't always the case. Sometimes we grow up and figure out that there are other ways to exist than online, but Fear Of Missing Out (FOMO) and different ways we become wired to exist virtually keeps us connected. Remember \"The Matrix\"? Could that become a reality in the future? (well, at least the part of living in a purely fabricated, digital world) Remember that a lot of the technology once seen on Star Trek in the '60s eventually became current tech in some form."}, {"type": "sentence", "content": "By the time the next generation reaches adulthood, there will be a digital shadow of a petabyte or more in size created through no action of their own. And because virtually none of that data-sharing was the kids' doing via direct digital footprints, we're the ones responsible, setting them up for a world of pain they can't possibly hope to control."}, {"type": "sentence", "content": "But there is a way forward, and it starts with thinking before you click. Asking yourself, \"is there any possibility this picture could come back to haunt my child in the future? (yes, haunt THEM, not you). Ask if you need to share that detail and why. Are you posting that picture on Facebook for Nan & Pop to see? Or are you trying to mug for attention in front of your peers? \"My kid is better than your kid\" is nothing more than a game of one-upmanship you'll never win."}, {"type": "sentence", "content": "Scroll through your social media feeds. Are there posts, pictures, and videos that share more than you should? Is there any information shared that could lead a predator to your door? It's good advice not to leave your bins out when you're away or leave boxes for expensive electronics or baby items at the curb for rubbish collection. What you post online can have the same effect."}, {"type": "sentence", "content": "You know the details you post online that get used in targeting you with advertising? You type in \"Toyota\", and suddenly you're swamped with car ads; the information you freely share online can give a predator enough information to commence grooming and building a relationship with a minor."}, {"type": "sentence", "content": "These points are not fearmongering as goodness knows there is enough already. Instead, I hope to make you stop and think for a moment and be mindful of your online presence - and the digital shadow you are creating for your children."}, {"type": "sentence", "content": "Please go ahead and continue to use social media because it is, after all, to be \"social\". Just stop and think first before you post. And perhaps it's time to go back through older posts and remove any that could become a problem. Avoid the ready-fire-aim approach."}, {"type": "sentence", "content": "Stay safe out there."}, {"type": "sentence", "content": "Disclaimer: The thoughts and opinions presented on this blog are my own and not those of any associated third party. The content is provided for general information, educational, and entertainment purposes and does not constitute legal advice or recommendations; it must not be relied upon as such. Appropriate legal advice should be obtained in actual situations. All images, unless otherwise credited, are licensed through ShutterStock"}], "topic": "social-media", "uuid": "7490e2c3aa7652b5e1e1613256232981c08532fded07ee4782ccf771", "link": "https://medium.com/swlh/next-generation-digital-damage-aa9bd0f1f056"}