{"title": "1-Minute Marketing Tips: Creating a Personal Brand", "data": [{"type": "image", "content": "https://miro.medium.com/max/8000/0*w8ZkOsivxE6LNweY"}, {"type": "sentence", "content": "Let's cut to the chase. You have branding questions and after creating, shaping, and supporting brands for ten years - I have answers."}, {"type": "subtitle", "content": "7 Tips on Personal Branding You Can Digest in One Minute or Less"}], "topic": "marketing", "uuid": "74cac2f88555b12122d77f1c17bd973d4c1031bbd4247cca975403fe", "link": "https://medium.com/better-marketing/1-minute-marketing-tips-create-a-personal-brand-639864e2e1d2"}