{"title": "How to Answer the 7 Most Important Job Interview Questions", "data": [{"type": "sentence", "content": "By Ashley Stahl"}, {"type": "sentence", "content": "You've finally landed an interview for your dream job. It's Thursday at 9PM, and in 12 hours, you'll be talking to the hiring manager. But right now, you're stuck nervously refreshing the \"Mission\" page on the company website. How can..."}], "topic": "productivity", "uuid": "74d1d83872c27aef66b15b36410cc8de65baff6cdcc507348ad51747", "link": "https://medium.com/forbes/how-to-answer-the-7-most-important-job-interview-questions-3037f80334f0"}