{"title": "Exhausting Discoveries", "data": [{"type": "subtitle", "content": "They confide and conspire as they stand near a river and a man-made waterfall."}, {"type": "sentence", "content": "Why did we come here? Why choose a man-made waterfall? How about some mother fuckin' nature? He screams as he skips a stone and skips over her."}, {"type": "sentence", "content": "She is lovely. But more importantly, she is half-naked and the sun is pounding forcefully on her tan, glowing skin. She was about to jump in the water but instead, she stands there and watches in amazement as he explodes loud words all around her. Again."}, {"type": "sentence", "content": "I can't think straight! All of this, this, stuff, it's distracting me! The mountains, the man-made waterfall, the sky, and YOU. You are so... distracting. You are always there. You are always so... you."}, {"type": "sentence", "content": "That's when he jumps into the river in his blue jeans. She assumes that taking off the jeans first would have been time-consuming or maybe being pantless near her would have made him feel too vulnerable. He dives far into the water and stays under for a long time as if he was waiting for someone, maybe the half-naked female someone, to scream, Hey! Are you okay? and then jump in after him."}, {"type": "sentence", "content": "But she doesn't scream anything and she doesn't jump in. You can plan. You can plot. But people, other people, will still end up doing whatever is they want to do."}, {"type": "sentence", "content": "His head finally appears above water, catching his breath, he bobs up and down in the distance looking so tiny and almost sweet. That's when she decides to join him. She jumps in and swims to him."}, {"type": "sentence", "content": "Hi, she says. Hi, he mutters as if it took everything in him to speak that two-letter word. Where are we? she asks.We are on vacation, in the river, fighting, he answers feeling empty and weighed down, heavy in his blue jeans.That's not what I meant, she says and then swims away."}, {"type": "sentence", "content": "He's left alone to think. He feels so alone in the river. The kind of alone that he once prayed to get out of. The kind of alone that he thought he was safe from once in a relationship. The kind of alone he couldn't seem to escape. He knew what she meant. She meant, where are we. In the relationship. In the world.In the now.And where do we go from here?"}, {"type": "sentence", "content": "He thought long and hard about it all and decided a long time ago that nobody knew where anyone was at any given moment. The reality is we are often here wondering if we should be there and pissed off that we remain nowhere in particular. Nobody gets anybody and nobody ever will."}, {"type": "sentence", "content": "She swims back to him, not knowing why. She doesn't know what to say next. She knows what she wants though, something better. She wants to be seen, to be heard. Maybe she can still have that with him. Relationships are a process. A process of discovery. An exhausting process. Maybe she needs to focus on discovering herself before she embarks on a journey with another."}, {"type": "sentence", "content": "And the thing is, his pessimism, his rage, she knows it comes from a place of pain that someone else had put there long ago, but still, that doesn't mean she needs to take it all in, does it?"}, {"type": "sentence", "content": "She begins to cry. You never cry, he says.Now seems like as good as a time to any to start, she says as she swims as far away as the current would take her."}, {"type": "sentence", "content": "more words, art & entertainment"}], "topic": "fiction", "uuid": "7507826c68ddf0b0cca0979fd70a3868e30a9b40276ec70cfc190101", "link": "https://psiloveyou.xyz/exhausting-discoveries-a2020af759ce"}