{"title": "Experience. You keep using that word. I do not think it means what you think it means.", "data": [{"type": "image", "content": "https://miro.medium.com/max/2800/1*LxGglDEBVdDAYYm2rJuS_A.jpeg"}, {"type": "sentence", "content": "How was your experience? Well, it was okay but the overall customer service wasn't that flash. The, ah, experience, was a bit lumpy. New car? Yep, and I love the driving experience! Hey, how was that session today? Well, I liked their presentation, but experientially, I thought it was flat. By the way, I totes loved Spain last year. Now, that was an experience! And did you buy any more of those gadgets? Yep, but I nearly didn't. The payment experience was horrible!"}, {"type": "sentence", "content": "Ever notice that the word \"experience\" is everywhere?"}, {"type": "sentence", "content": "Especially in customer operations: marketing, sales, service, and commerce. Go to a marketing event, read through a CMO forum, listen to a CX podcast. And there it is, that word, on a loop."}, {"type": "sentence", "content": "We hijack it into sentences like the kids from the Valley did with, \"like\", in the early 2000s."}, {"type": "sentence", "content": "You know, like, when I said like, that time."}, {"type": "sentence", "content": "Experience!"}, {"type": "sentence", "content": "But, we've all gotten hopelessly lost."}, {"type": "sentence", "content": "For example, just think about the whole Customer Experience profession. Whilst it is true that the experience layer is critical (critical!) to a customer's propensity to feel connected, it is often the entirely forgettable services layer, built on the core product layer, that actually earns their trust."}, {"type": "sentence", "content": "If you want to deep dive into why I say that, read: \"How to Inspire Brand Trust\"."}, {"type": "sentence", "content": "Now, product reliability and the services layer aren't \"experiences\", not technically, but they are just as essential to overall customer outcomes and yes, their spend."}, {"type": "sentence", "content": "And yet, experience has become the default and sole catchcry. I guess this is fine, so long as we accept that we are missing major pillars of the strategic imperative."}, {"type": "sentence", "content": "Leaning in he whispers intensely: \"It's not really fine\"."}, {"type": "sentence", "content": "***"}, {"type": "subtitle", "content": "Overcoming Industrial Tourettes"}, {"type": "sentence", "content": "I have written in the past about industrial Tourettes. The super obvious example, \"Innovation\", is pretty much the word of our time."}, {"type": "sentence", "content": "Change the color of your logo, and you'll probably call it \"brand-innovation\". Decide to vary your route to work, and it's \"commute-innovation\". Drag your laggard company, finally, into online commerce, and it's (listen for the singing angels), \"business model innovation\"."}, {"type": "sentence", "content": "What a joke. And besides, the whole notion is patently misguided."}, {"type": "sentence", "content": "The idea that innovation is the holy grail for some kind of digital re-invention, is a touch uninformed when you learn that it only occupies only the first level of human cognition. In other words, even on its very best day at the office, innovation results in nothing more than a cycle of iteration."}, {"type": "sentence", "content": "You can learn more about Innovation by studying \"Causal Layered Analysis\" (Professor Sohail Inayatullah), or reading the report \"Causal layered analysis enriching the innovation process\" by H A Kotze at Stellenbosch University, 2010."}, {"type": "sentence", "content": "Yet we have adopted the word into the popular business lexicon, without any widespread understanding of it. Well, there is now another word suffering that same fate, this time at the hands of marketing and CX professionals."}, {"type": "sentence", "content": "That word is, of course, experience."}, {"type": "sentence", "content": "In truth, experience has specific attributes that one can both design for and harness. But it also has boundaries, where it bumps up against other defined things that you can also design for and harness."}, {"type": "sentence", "content": "Thus, if you are in the marketing, sales, service, or commerce worlds (or any other related customer field), you should know that experience, is a means to the end, but is not the end itself."}, {"type": "sentence", "content": "And more importantly, you should know what is."}, {"type": "sentence", "content": "***"}, {"type": "subtitle", "content": "Interactions"}, {"type": "sentence", "content": "So if you can't use the word, experience, what do you say when you want a catchall term for any touchpoint with a customer?"}, {"type": "sentence", "content": "I give you, \"Interactions\"."}, {"type": "sentence", "content": "It's not so much that there is a hefty and insightful definition for the word. It is more so, that the other words, like experience, that we keep substituting do have critical distinctions that should be affecting your strategy, and are therefore important to preserve."}, {"type": "sentence", "content": "So, an interaction is any touchpoint with a customer. Easy. And interactions are broadly found in two categories."}, {"type": "subtitle", "content": "Frictionless Interactions (the service layer)"}, {"type": "sentence", "content": "This means all service attributes, e.g. \"frictionless\" interactions, with your customer. In other words, the stuff that you have to do with each other, that is not defining for either of you. Unless you get it badly wrong."}, {"type": "sentence", "content": "Making payment in the checkout cart is a prime example. You need them to pay you. They need to pay you. It's utility, nothing more."}, {"type": "sentence", "content": "No one wants to remember it."}, {"type": "subtitle", "content": "Memorable Interactions (the experience layer)"}, {"type": "sentence", "content": "But when we elevate an interaction to the state of being memorable, we have created an experience. If we have done it on purpose, we will have (usually) created a very positive outcome for both customer and brand."}, {"type": "sentence", "content": "If we have done it by accident, it usually means we inserted friction in ways that the customer doesn't like. This too is memorable, for all the wrong reasons."}, {"type": "sentence", "content": "So interactions come in these two forms. Now, let's talk more about experiences."}, {"type": "sentence", "content": "***"}, {"type": "subtitle", "content": "Experiences"}, {"type": "sentence", "content": "The key thing to understand is that there is no such thing as a human experience, without the presence of emotion, which is the trigger for long term memory. In fact, you can tell if something was an experience or not, simply by whether you remember it or not."}, {"type": "sentence", "content": "With me?"}, {"type": "sentence", "content": "It works like this. When something connects with our emotions we store it in our long-term memory. That's how humans work. If you want the science on it, read about the limbic system."}, {"type": "sentence", "content": "By definition, when this happens, we have had, an experience."}, {"type": "sentence", "content": "Now, as a brand, we absolutely do not want people to remember everything they do with us. For instance, if someone specifically remembers your online checkout process, it is because you forced them to, negatively. That stuff should be about as memorable as paint drying."}, {"type": "sentence", "content": "But you do want them to remember certain targeted interactions with you. Like a brand activation, or a thank you gift, or a particular interaction that is designed to be \"feel good\". In that case, you are actually designing a memory."}, {"type": "sentence", "content": "That's the purpose of experience. It's awesome, but by itself, it's not enough."}, {"type": "sentence", "content": "***"}, {"type": "subtitle", "content": "The Sum of it All - Engagement"}, {"type": "sentence", "content": "Your headline ambition must always be, \"Engagement\"."}, {"type": "sentence", "content": "Great experiences are, well, great. People actually pay more for them or the things they are attached to. By contrast, bad experiences have the opposite effect. And simple services (like payment), are neutral. Which is how they should be."}, {"type": "sentence", "content": "But all of them are interactions, and the sum of these, collectively, is Engagement."}, {"type": "image", "content": "https://miro.medium.com/max/2048/1*Y9FTHgoCl7IZ2UZw2dnNtw.png"}, {"type": "sentence", "content": "So it is engagement, not experience, that is your end goal."}, {"type": "sentence", "content": "Everything we do today must be measured in terms of engagement. But be careful here. Engagement is not the same thing as involvement. Just because someone was involved in a process with your brand, does not mean that you engaged them. This distinction is crucial to understand."}, {"type": "sentence", "content": "Thunderhead's Engagement 3.0 model calls out that:"}, {"type": "sentence", "content": "Without that state of motivation, you just have either a simple service transaction, which is fine, or you have a negative experience, which is not."}, {"type": "sentence", "content": "So, we want engagement, not involvement, and these are consumed over time. Yes, over time, which is the other key thing to understand."}, {"type": "subtitle", "content": "Time matters!"}, {"type": "sentence", "content": "Engagement is not a one-off event. Just like in any relationship, it is a series of interactions, over the long run, that eventually defines how we feel about each other, the depth of our connection, and our level of commitment."}, {"type": "sentence", "content": "For these reasons, time-limited marketing campaigns or offers, do not trigger engagement in and of themselves. They can contribute, so long as the other correct interactions are present, but that's as far as they can go."}, {"type": "sentence", "content": "And yet so many marketing departments are nothing more than a 1920's paperboy, yelling in the street. And no amount of data analytics to better target all that yelling, changes that fact at all."}, {"type": "sentence", "content": "***"}, {"type": "subtitle", "content": "A Call for Maturity"}, {"type": "sentence", "content": "Now, some folk will say that we are all just getting caught up in jargon and semantics. Well, the specificity of language, and clarity of definition, is one of the key hallmarks of professional maturity."}, {"type": "sentence", "content": "You won't find engineers or doctors, lawyers or accountants, electricians or plumbers, or architects and educators getting confused with the core terminology of their industry."}, {"type": "sentence", "content": "They don't do buzzwords. They do accuracy. They are, professionals."}, {"type": "sentence", "content": "And in a time when both technological and societal conditions are moving quickly, there is an even greater need for professional maturity and collective standards within customer operations."}, {"type": "sentence", "content": "Many of the performance and transactional focussed practices that still dominate in much of the marketing, CX, (et al) industry today, might have new technologies and data science at their disposal, but the mindset is redundant."}, {"type": "sentence", "content": "The paperboy has passed into history. For a reason."}, {"type": "sentence", "content": "My call to the industry is to move on. To mature! To grow up a little. To do that, we need to understand and normalize these essential definitions in our profession."}, {"type": "sentence", "content": "Those that do so, and apply the execution disciplines that they imply, know that whilst critical, \"experience\" isn't everything. Not even close."}, {"type": "sentence", "content": "But engagement, true engagement, is."}], "topic": "marketing", "uuid": "75b2edb2ce378fcc66400744816fd2f5330c701a62385d93fe25337b", "link": "https://medium.com/the-innovation/experience-you-keep-using-that-word-i-do-not-think-it-means-what-you-think-it-means-d87e38365314"}