{"title": "Peek like a Geek, steal like the greatest", "data": [{"type": "sentence", "content": "Schumpeter knew it already decades ago: \"innovation is an invention put to work\". The underlying idea of his statement is as apparent as it can be. However, it is often hard for companies to come to this conclusion. The reason is an unequal focus on research and development compared to the emphasis on design. Usually, we allocate all attention to core-competences and technology. However, when innovation is an invention put to work, the magic happens where the customer interacts with the offering."}, {"type": "subtitle", "content": "Innovation is invention put to work"}, {"type": "sentence", "content": "To make the invention work and thus truly innovate, we must understand our customers' mental model. We have to understand what they expect from our service, how they will want to use it, and the context in which they use it."}, {"type": "sentence", "content": "In our businesses, we are used to filling out a business model canvas. Such a canvas helps us to get a clear view of who our customers will be, what value we create for them, what activities we will deploy to create that value or offer, and who the partners will be that help us doing so. What the cost will be to make that value and how we will be profitable. When we are good at it and have done our research in the best of manners, we can define our value proposition. We understand the possible relationships we have with our different groups of customers and have a good view of our disposal channels to interact with these customers."}, {"type": "sentence", "content": "We usually have an excellent idea of the key activities we have to execute and the critical resources we need. The key partners that provide us with the necessary resources are also somewhat easy to map."}, {"type": "sentence", "content": "So we have our business model in place and have some ideas about the needs of our customers. We seldom have the slightest clue of the mental model (a concept first mentioned in Kenneth Craiks 1943 book 'The Nature of Explanation') of our customers. The reason for that is that our customers' mental model is beyond our control and often beyond our understanding."}, {"type": "image", "content": "https://miro.medium.com/max/3840/1*HVtZ_CGCalSMyx3d9B2Elg.png"}, {"type": "sentence", "content": "That understanding is, due to digitisation and an ever more rapidly changing environment, today even more difficult to gain than it was decades ago. But that understanding is due to that same digitisation often much more important to acquire. In this digitised world, we do not interact in person with our customers, in many cases."}, {"type": "sentence", "content": "Gaining an understanding of the mental model of your customers has four significant advantages:"}, {"type": "sentence", "content": "For example, most real estate agents hold on to their reactive business model, in which they sell a house when someone wants to sell and try to find a house when someone wants to buy one. But what happens when a real estate agent acts like a curator, who selects and presents, based on whatever criteria are relevant?"}, {"type": "image", "content": "https://miro.medium.com/max/3840/1*WjlTFSvsqfyOJ49MCToksA.png"}, {"type": "sentence", "content": "When designing appropriate solutions for real problems, we need to gain an understanding of our customers mental-model to comprehend:"}, {"type": "sentence", "content": "Metaphors really help look outside in and get focused on the crucial factor or the real need."}, {"type": "image", "content": "https://miro.medium.com/max/188/0*Iz902M-6lStEbQwk"}], "topic": "design", "uuid": "78aeba51f5ab13fcd36c8b4d8288b3d8afc17e9342dfca0ba8c895aa", "link": "https://uxdesign.cc/peek-like-a-geek-steal-like-the-greatest-bfe930601ded"}