{"title": "mRNA and the Future of Vaccines", "data": [{"type": "subtitle", "content": "NEWSLETTER"}, {"type": "sentence", "content": "Reach out on Twitter with feedback and questions. Receive this free newsletter every Friday morning by clicking here."}, {"type": "subtitle", "content": "\ud83d\udcf0 Bioengineering in the News"}, {"type": "sentence", "content": "DNA is my love language."}, {"type": "sentence", "content": "THE mRNA POTENTIAL: mRNA vaccines can protect people from the novel coronavirus. In the future, they could protect people from much more. MIT Technology Review. Link"}, {"type": "sentence", "content": "RIBOSOME REVIVAL: Ribosomes are exquisitely chaotic; pistons pumping, gears thrumming, they read through mRNA and spit out proteins with blistering pace. Now, scientists are modifying these machines to create new types of polymers. Chemical & Engineering News. Link (See my technical proposal to engineer ribosomes to create a 'mirrored' organism.)"}, {"type": "sentence", "content": "NEANDERTHAL BRAINS: For a recent study, researchers expressed a Neanderthal gene in brain organoids - hundreds of thousands of human cells, grown in the lab, that 'mimic' normal brains - to understand its ancient function. That single gene \"triggered striking changes in the anatomy and function of brain organoids,\" writes Carl Zimmer in The New York Times. Link (Also reported in Scientific American and Science)."}, {"type": "sentence", "content": "NEANDERTHAL MICROBIOMES: Aaaand....it turns out that neanderthal microbiomes were pretty similar to our own. That's according to a DNA analysis of 50,000 year old poop. Fun. Ars Technica. Link"}, {"type": "sentence", "content": "AMERICAN DEFENSE: America is not prepared for biological threats. Now, the Bipartisan Commission on Biodefense is calling for an 'Apollo program' to tackle the issue. Future Human. Link"}, {"type": "sentence", "content": "SEQUENCE THE BEND: A new technique, called Loop-seq, can measure the 'bendability' of DNA. Nature Methods. Link"}, {"type": "sentence", "content": "HUMAN GENOME HISTORY: Twenty years after publishing the human genome sequence, Nature's editor-in-chief reflects on the achievement. Audio. Nature. Link"}, {"type": "sentence", "content": "DNA DATA IN DISARRAY: DNA sequences, stored in digital databases, are spread out across websites and repositories like a patchwork quilt. Scientists and government agencies can do better. Nature. Link"}, {"type": "sentence", "content": "VIRUS VARIANTS: New coronavirus variants are spreading across the U.S. The threat will demand a surge in viral testing; some existing facilities are barely being used. Science. Link"}, {"type": "sentence", "content": "CRISPRi STOPS FAECALIS: Researchers at the Singapore-MIT Alliance for Research and Technology used CRISPRi to shut down biofilm formation in Enterococcus faecalis, a common cause of hospital-acquired infections. MIT News. Link"}, {"type": "sentence", "content": "COMPLEX THERAPIES: Gene therapy is pretty good at tackling diseases caused by one defective gene. But how does it fare at tackling complex diseases, caused by myriad genetic interactions? This article takes a 'deep dive' on that topic. Labiotech.eu. Link"}, {"type": "image", "content": "https://miro.medium.com/max/1350/1*DGlRqtlGRHJr9z0SF4pr2g.jpeg"}, {"type": "subtitle", "content": "\ud83d\udcb3Industry Updates"}, {"type": "sentence", "content": "If you're into press releases."}, {"type": "sentence", "content": "Ally Therapeutics, a new startup out of George Church's group, is developing AAVs that can 'hide' from the immune system. Fierce Biotech. Link"}, {"type": "sentence", "content": "Caribou Biosciences, the Berkeley, Ca. based CRISPR company, signed a deal with AbbVie to develop an \"off-the-shelf cancer cell therapy.\" The deal could be worth up to $340 million. San Francisco Business Times. Link"}, {"type": "sentence", "content": "Codexis, the Redwood City, Ca. based enzyme engineering company, will move into a 36,000 square foot pad in San Carlos, Ca. Globe Newswire. Link"}, {"type": "sentence", "content": "Drug Farm, based in both China and the U.S., has raised $56 million to develop and test immune-modulating therapeutics. The company plans to conduct human clinical trials for its hepatitis B drug. Business Wire. Link"}, {"type": "sentence", "content": "EnginZyme, based in Stockholm, Sweden, raised \u20ac11 million in a series A to advance their cell-free manufacturing technology. Business Wire. Link"}, {"type": "sentence", "content": "Ensoma, a new spinout from researchers at the Fred Hutchinson Cancer Research Center and the University of Washington School of Medicine, raised $70 million in venture funding to develop new vectors for delivering genomic medicines. Fierce Biotech. Link"}, {"type": "sentence", "content": "Hoxton Farms, a London-based cell biotechnology company, raised \u00a32.7M in a seed round, led by Thiel's Founders Fund, to make animal fat without animals. Tech Crunch. Link"}, {"type": "sentence", "content": "LanzaJet, a renewable fuels biotechnology company in Skokie, Ill., inked a deal with British Airways to supply 7,500 tons of a fuel additive annually. Tech Crunch. Link"}, {"type": "sentence", "content": "Nanome, a San Diego, Ca. based developer of virtual reality platforms to help scientists explore biological molecules, has raised $3 million in a funding round led by Bullpen Capital. Tech Crunch. Link"}, {"type": "sentence", "content": "Notch Therapeutics, based in Vancouver, raised $85 million in a series A round. The company develops cellular therapies for cancer using induced pluripotent stem cells. PR Newswire. Link"}, {"type": "sentence", "content": "Pacific Biosciences, the Menlo Park, Ca. based sequencing company, has received a $900 million investment commitment from Soft Bank. Fierce Biotech. Link"}, {"type": "sentence", "content": "Until next time,"}, {"type": "sentence", "content": "- Niko"}, {"type": "sentence", "content": "Thanks for reading Cell Crunch, part of Bioeconomy.XYZ. If you enjoy this newsletter, please share it with a friend or colleague. Reach me with tips and feedback @NikoMcCarty or via email."}], "topic": "science", "uuid": "7c161c2a943c22f24a08040cfcd09af4e860ae37e4464fada5c5889b", "link": "https://medium.com/bioeconomy-xyz/mrna-and-the-future-of-vaccines-c236f75f0497"}