{"title": "4 Signs of Busy but Unproductive People", "data": [{"type": "image", "content": "https://miro.medium.com/max/3466/1*3Yz7xC0nXO_61A1KhsrjVQ.jpeg"}, {"type": "sentence", "content": "We live in a time where the number of hours you work in a week is worn as a badge of honor. The more hours worked the bigger the badge."}, {"type": "sentence", "content": "But the harsh reality is, too many people work extreme hours, yet still don't get the results they want because busy doesn't always mean productive."}, {"type": "sentence", "content": "Then there are those who work less then average but still get the results we want - if not more."}, {"type": "sentence", "content": "Is it because they're better at what they do? Not always. Sometimes it's about how they approach their work that gets them the results that we have to work countless hours for."}, {"type": "sentence", "content": "Here are 4 signs that you could be busy but unproductive, and what you can do to turn things around."}, {"type": "subtitle", "content": "1. You constantly feel overwhelmed"}, {"type": "sentence", "content": "People who aren't as productive have a large part of their brain just trying to keep track of all the things they need to do."}, {"type": "sentence", "content": "There were many days where I felt stressed just thinking of all the things I had to do that day, that week, that month and etc... So much so that I barely got anything done."}, {"type": "sentence", "content": "When too much of our brainpower is dedicated to remembering our growing to-do list, this can greatly distract from the important work that needs to get done."}, {"type": "sentence", "content": "One of the best ways I significantly decreased these feelings of overwhelm was by externalizing my brain. I realized I didn't need the mental clutter of trying to remember everything all the time."}, {"type": "subtitle", "content": "What to do today:"}, {"type": "sentence", "content": "Some people put all their to do's and goals in one notebook."}, {"type": "sentence", "content": "In my experience what worked better wasn't keeping all these lists in one place. I found it calming having more than one 'external brain'."}, {"type": "sentence", "content": "Today I keep a notebook for my daily to do's. I use Trello to organize my weekly goals. And I keep a big physical calendar as an overview for the month for important dates and etc..."}, {"type": "sentence", "content": "Not needing to remember so much all the time greatly increased my daily productivity because now I'm no longer worried about forgetting anything important."}, {"type": "sentence", "content": "Give your brain a break by figuring out different ways to externalize it today. Your mental health will thank you when it no longer feels the 'weight of the world' daily."}, {"type": "subtitle", "content": "2. You don't know your next 5 moves"}, {"type": "sentence", "content": "If someone asked you what your 'top 5 major moves' are to achieve your goal, could you name them right away?"}, {"type": "sentence", "content": "If not, then according to the leading high-performance coach Brendon Buchard, you're not optimizing your time. You could end up living a life full of distractions where you achieve goals in years versus others who achieve the same goals in months."}, {"type": "sentence", "content": "People who are productive know the next 5 moves that have the biggest impact in getting them where they need to go."}, {"type": "sentence", "content": "Those who are less productive give equal priority to everything."}, {"type": "sentence", "content": "One example is if your goal is to create a large online following, one of your top 5 moves would be producing content consistently. People who are busy but not productive will spend weeks making sure they have the perfect set-up or refreshing their statistics daily versus actually getting content out."}, {"type": "sentence", "content": "People who are productive are too busy moving forward to get caught up checking their progress every hour. Sometimes they don't even need to check, because their results are proof enough whether they're moving forward or not."}, {"type": "subtitle", "content": "What to do today:"}, {"type": "sentence", "content": "Identify your 5 major moves and afterward be strict in spending most of your time dedicated to those specific tasks."}, {"type": "sentence", "content": "I have been caught up in busywork in the past, but I've learned to be mindful of my activities. Now I pause in between tasks to ask myself if what I'm about to do will bring me closer to my goal or if it's just a distraction."}, {"type": "sentence", "content": "If it's the latter, I out loud will say, \"doesn't matter\" before redirecting myself to what is worth doing."}, {"type": "subtitle", "content": "3. You're more of a planner than a do-er"}, {"type": "sentence", "content": "Fantasizing about our dreams is motivating. We should have an idea of who we want to be with steps to get there. But then we need to do the work."}, {"type": "sentence", "content": "One way to determine if you're more a dream-er than a do-er is if you produce weekly outputs. When we look at the definition of productivity it is: being able to generate, produce or bring forth goods and services."}, {"type": "sentence", "content": "If you aren't generating or producing something regularly, your dream or goal will likely only continue to exist in your head."}, {"type": "subtitle", "content": "What to do today:"}, {"type": "sentence", "content": "Tim Ferris, the bestselling author of The 4 Hour Work Week, said that he only reads information that he is immediately going to put into use. Nothing more."}, {"type": "sentence", "content": "Inspired from that idea, I've limited consuming to 'just enough'. Today I plan 'just enough' to give me a sense of direction. When I'm researching ways to improve, I consume 'just enough' to prepare for my next task."}, {"type": "sentence", "content": "People who are more productive spend less time thinking and more time executing. They are open to figuring it out along the way."}, {"type": "sentence", "content": "You may not know everything to succeed at your goal, but you likely know enough to at least move a step forward. You can read everything about swimming, but you'll only really learn how when you're in the water."}, {"type": "subtitle", "content": "4. They 'feel their way' towards generic goals"}, {"type": "sentence", "content": "People less productive often set generic yearly goals like \"have a successful side hustle\" or \"lose weight\", but then don't have concrete steps to get there."}, {"type": "sentence", "content": "Their motto is: work hard and hope for the best."}, {"type": "sentence", "content": "They have a lot of wants that they're working towards. But they don't break these down into short term goals to get there."}, {"type": "sentence", "content": "People who are productive know exactly what they want and when they want it to happen. They don't leave their results to chance or luck."}, {"type": "sentence", "content": "Busy and productive people move towards a destination. Busy but unproductive people are still moving, but they never arrive anywhere."}, {"type": "subtitle", "content": "What to do today:"}, {"type": "sentence", "content": "Begin thinking of yourself as a company. Do successful companies decide on their goals at the start of their year and only check to see if they achieved them at the end of the year? No. They set quarterly goals that ultimately lead to the big picture."}, {"type": "sentence", "content": "Break your big yearly goals into smaller goals throughout the year. An effective time frame is setting smaller goals every 3 months."}, {"type": "sentence", "content": "Goals every 3 months gives you that needed sense of urgency to get things done. Ninety days is also enough time to gather data to see if what you're doing is working or not. If not, pivot and see if the next 3 months of action bring you closer to your yearly goals."}, {"type": "subtitle", "content": "Bottom Line"}, {"type": "sentence", "content": "When you're in the hurricane of 'hustle culture' it can be hard to tell the difference between busywork versus real productivity."}, {"type": "sentence", "content": "If you're working an insane number of hours a week, yet aren't getting your desired results you may not be that productive."}, {"type": "sentence", "content": "As a recap, the signs that you can check weekly to see if you're busy but not necessarily productive are:"}, {"type": "sentence", "content": "Results don't lie. No one wants to slave away countless hours only to not get what they want. Begin to trim the fat of busy-ness so that you can be truly productive instead."}], "topic": "productivity", "uuid": "7e79cf8ed3b70990652424b7bad97380786ac4b9e0b8adf3d58afb9a", "link": "https://medium.com/curious/4-signs-of-busy-but-unproductive-people-b884acfad26"}