{"title": "Why It's Beneficial To Feel Joy For Other People's Success", "data": [{"type": "image", "content": "https://miro.medium.com/max/1502/1*_pTlXrmWvuPAOLWOE_M9_Q.jpeg"}, {"type": "sentence", "content": "We all want to feel good about our accomplishments. We all want to feel pride and a sense of satisfaction in the things we work hard for in life."}, {"type": "sentence", "content": "Unfortunately, we can't all be succeeding at exactly the same time. As a writer, I know this all too well. There may be days when you simply miss the mark, whether it's with your job, school work, relationships, or inspiration for a project that's meaningful to you."}, {"type": "sentence", "content": "I've come to learn throughout my life that feeling negative emotions when other people do 'better' than me or they are having 'their moment' instead of me is not only counter-productive but it's utterly exhausting."}, {"type": "sentence", "content": "Spending vast amounts of time and energy feeling bitter or resentful over someone else's achievements can drain the much-needed significant mental power better used for coming to terms with something else - which is the realization that your own time will come."}, {"type": "sentence", "content": "It may not arrive as quickly as you'd like it to but it will show up at the moment it's meant to."}, {"type": "sentence", "content": "You've got to allow the journey to unfold."}, {"type": "sentence", "content": "Meanwhile, double-down on focusing your energy on the things you want to do well at and/or the things you're passionate about. Try not to get distracted by your insecurities. Sow your seeds into the universe and then let them go without looking back or second-guessing."}, {"type": "sentence", "content": "All you can really do is put yourself out into the world with the most sincere intentions possible. Keep your expectations for what eventually comes back to you grounded in reality. Try not to allow your ego to dictate how you're going to feel about any given reaction to whatever you're giving or showing to the world."}, {"type": "sentence", "content": "This is about more than just creating good karma or believing that what goes around comes around. I'd like people to treat and support me in the same way that I treat them - with a purposeful grace and with an understanding that their success is also essentially my success."}, {"type": "sentence", "content": "When you clap for someone else, you are really clapping for yourself. When you respect someone else's achievements, you are also learning to respect your own."}, {"type": "sentence", "content": "With that gift of humility comes the wisdom of knowing how to appreciate your own moment to bask in the sun of success or the opportunity to shine in the spotlight when it arrives."}, {"type": "sentence", "content": "It may not be today and it may not be tomorrow. But it will arrive. Until then, cultivate a new kind of joy by learning how to cherish the success of others around you so you can truly be grateful for your own when it comes."}, {"type": "sentence", "content": "Trust the journey. Lean into the journey. Own the journey."}, {"type": "sentence", "content": "More from Michelle: Do You Recycle 'Pet Names' For Your Lovers?"}], "topic": "mindfulness", "uuid": "81793a3be343d26eea8163fc0f27a69fbfce66c0fcd584882a4d073e", "link": "https://medium.com/self-inspired/why-its-beneficial-to-feel-joy-for-other-people-s-success-1731d725e4f9"}