{"title": "20 Rules That Will Help You Become A More Effective Boss", "data": [{"type": "sentence", "content": "Leadership Isn't Easy. That's Why So Many Bosses Suck."}, {"type": "image", "content": "https://miro.medium.com/max/10944/1*QbPNDPlN-n6EBAoxe7DK3w.jpeg"}, {"type": "sentence", "content": "The Toxic Boss."}, {"type": "sentence", "content": "Everyone's Buddy."}, {"type": "sentence", "content": "The Screamer."}, {"type": "sentence", "content": "The Narcissist."}, {"type": "sentence", "content": "The Egoist."}, {"type": "sentence", "content": "The Inexperienced."}, {"type": "sentence", "content": "There are many reasons leaders fail."}, {"type": "sentence", "content": "As many readers are aware - through direct experience - ineffective (or worse - toxic) bosses have a profound impact on the well-being of everyone in the workplace."}, {"type": "sentence", "content": "A failing boss makes the lives of every team member miserable."}, {"type": "sentence", "content": "They undercut morale."}, {"type": "sentence", "content": "They reduce productivity."}, {"type": "sentence", "content": "They incur unbearable costs on organizations due to high turnover and reduced productivity."}, {"type": "sentence", "content": "Yet ineffective bosses are obscenely common."}, {"type": "sentence", "content": "In many cases this is because the wrong people are placed in these positions."}, {"type": "sentence", "content": "Frequently (and the ones who inflict the most organizational and human damage) are people lacking empathy and self-awareness."}, {"type": "sentence", "content": "These are the toxics - people who have generally managed up, impressing their bosses on the backs of their people. They don't care about their people and never will as long as they achieve their own selfish goals."}, {"type": "sentence", "content": "Sadly, they will achieve results for a period of time - results driven by fear. But these results are not sustainable and come with costs that no company wants to bear (high turnover, unhappy workforce)."}, {"type": "sentence", "content": "What about the non-toxics?"}, {"type": "sentence", "content": "There is an even large population of ineffective leaders who are generally good people, who have performed well in positions of lesser responsibility, but are promoted to quickly and simply lack the experience and knowledge to lead effectively."}, {"type": "sentence", "content": "You may have heard of the \"Peter Principle\" - where people perform well and are promoted beyond their level of competence. While I do not doubt that this does happen, I believe that more often than not it's less an issue of competence then it is a lack of experience OR a genuine lack of interest in being in a leadership position (perfectly normal and acceptable - being a boss is not for everyone). Most people who want to be in leadership roles can be good bosses provided they are self-aware and work hard at the job."}, {"type": "sentence", "content": "I am living proof of that. I have led people in multiple high stress organizations during my career. I will be the first to admit, I was far from an excellent boss - but I was always a good boss."}, {"type": "sentence", "content": "Tough Job. Easy Fail."}, {"type": "sentence", "content": "Being a boss (i.e. a leader) is difficult work. A good boss will go home exhausted every day. It is NOT easy."}, {"type": "sentence", "content": "Good = defined by being both effective at meeting organizational goals and doing so while maintaining a workforce with generally high morale."}, {"type": "sentence", "content": "1. If you don't want to be a boss - if you were truly happy doing what you were doing previously, speak up!"}, {"type": "sentence", "content": "As a former boss myself, I hold people who speak up in high regard. It is better for the organization and better for the person. And it is totally ok to not want to be in that role."}, {"type": "sentence", "content": "2. Ask for training."}, {"type": "sentence", "content": "Yes, this may be a little pollyannish - it is an almost universal fact (and organizational failure) to assign so many unprepared people to leadership roles without even acknowledging that training is as important, if not as essential as experience. You get training for the most menial roles, but not for the most significant. It's as if you are supposed to know - from day one - how to keep a diverse workforce upbeat and productive."}, {"type": "sentence", "content": "I spent 25 years in the military - and in my service, despite the fact that effective leadership was embedded in the culture, I received only 5 days of concentrated leadership training. It was not surprising that I encountered so many ineffective and failed leaders during my time in the service."}, {"type": "sentence", "content": "3. Actively demonstrate mutual respect with every member of your team."}, {"type": "sentence", "content": "Show team members that you value and respect them as human beings and as contributing members of the team. I cannot overstate the importance of taking the time to do this. Again and again."}, {"type": "sentence", "content": "4. Get to know as many of your team members as possible."}, {"type": "sentence", "content": "Yes in some organizations and leadership positions this is impossible. But in most it is an entirely achievable goal."}, {"type": "sentence", "content": "At one point I led a unit of 100 people. I knew each person's first name, a little bit about each one's interests and family. This is vitally important. It may take a little time for you to learn a bit about everyone, but it is time well spent."}, {"type": "sentence", "content": "Moreover during the learning phase you will have to approach every team member and ask questions. People want to know you are interested in them beyond what they can do for you."}, {"type": "sentence", "content": "5. Ask questions and listen. Enough said."}, {"type": "sentence", "content": "6. Observe for the first 30 days (or 45) before making large changes to the organization."}, {"type": "sentence", "content": "7. Be optimistic and upbeat."}, {"type": "sentence", "content": "You may have just had a fight with your spouse, or be in a bad mood for whatever reason. Don't show it. It's exhausting sometimes - but your mood will effective the entire organization."}, {"type": "sentence", "content": "An unhappy boss is a scary boss. A scary boss shuts people down."}, {"type": "sentence", "content": "8. Don't be a friend."}, {"type": "sentence", "content": "9. Hold people accountable."}, {"type": "sentence", "content": "10. Hold yourself accountable."}, {"type": "sentence", "content": "11. Practice self-awareness and self-assessment."}, {"type": "sentence", "content": "12. Fight for your people."}, {"type": "sentence", "content": "Do all that you can to provide them with resources and support they need to do their jobs effectively - this is a component of Servant Leadership."}, {"type": "sentence", "content": "13. Don't ever exhibit irritation or a thin skin."}, {"type": "sentence", "content": "You will be criticized. Get used to it."}, {"type": "sentence", "content": "14. Employ empathy intelligently."}, {"type": "sentence", "content": "First make sure you know what empathy means. Really. Then use it to put yourself in the shoes of your team members. You need to understand what it is like to be one of the team members before you can effectively lead them towards a goal."}, {"type": "sentence", "content": "15. Be observant."}, {"type": "sentence", "content": "Recognize when a member of the team is struggling and engage that person."}, {"type": "sentence", "content": "16. Set an example."}, {"type": "sentence", "content": "If the boss doesn't spend 15 hours a day in the office, team members will not feel that they have to do the same."}, {"type": "sentence", "content": "If the boss works out at lunch, members of the team will feel comfortable taking a real break too."}, {"type": "sentence", "content": "What the boss does and says matters. A lot. If you spend most of your waking life in the office, demonstate not a lick of work-life balance - guess what? Exactly - your entire team will assume that is what you expect of them."}, {"type": "sentence", "content": "17. Give the team or members (where due) public praise and credit for organizational or personal accomplishments."}, {"type": "sentence", "content": "18. When necessary provide critical (but useful) feedback to team members in PRIVATE."}, {"type": "sentence", "content": "Never publicly criticize - which is different than a team meeting where you are providing general, but useful criticism to the ENTIRE team for a poor outcome. Even here you must own the failure though - and acknowledge your own role in the outcome."}, {"type": "sentence", "content": "19. Never, ever, play favorites."}, {"type": "sentence", "content": "20. Above all be fair."}, {"type": "sentence", "content": "See number 10. Everyone should be treated the same way. People will not respect a leader who is perceived as unfair. There is no faster way to undermine your role and effectiveness."}, {"type": "sentence", "content": "Whew! Why Would Anyone Want to Be a Boss?"}, {"type": "sentence", "content": "Don't take being a boss lightly, think about your every action and the potential consquences and impact."}, {"type": "sentence", "content": "If all else fails, remember the leaders who motivated you in the past and emulate them."}, {"type": "sentence", "content": "You have it in you. Go lead!"}], "topic": "leadership", "uuid": "8281dcfd60db03342111196bedb88861986f12d4849611da0eee49c6", "link": "https://medium.com/datadriveninvestor/20-rules-that-will-help-you-become-a-more-effective-boss-8cb6812d926c"}