{"title": "Future prospects & the ", "data": [{"type": "image", "content": "https://miro.medium.com/max/1252/1*7E9FF_eelQHv1vh0F1lNCg.jpeg"}, {"type": "sentence", "content": "In the past ten years, with the continuous growth of available and usable big data, the fourth paradigm as a new scientific research paradigm has attracted more and more attention from scientists at the same time, many shortcomings have been exposed."}, {"type": "sentence", "content": "For example data uncertainty problem, data complexity problem, data dimension explosion problem, data scale boundary problem. At present, the major issues facing network science, brain science, social science and other fields are extremely complex and dynamically changing problems, using simple experiments like classical physics (first paradigm) and theoretical deductions based on axioms and hypotheses (second paradigm), model-based computer simulation (third normal form) and data-driven correlation analysis (fourth normal form) can not be solved. For this reason, scientists have begun to seek a new scientific research paradigm that is closer to the nature of data and intelligence, and more effectively understands complexity and uncertainty."}, {"type": "sentence", "content": "At present, this kind of new scientific exploration methodology has not yet formed a final conclusion. Generally speaking, this kind of new scientific research paradigm is immersive embodied research with intelligence as the research goal. Temporarily call it the \"fifth paradigm\"."}, {"type": "sentence", "content": "The \"fifth paradigm\" focuses more on the interaction between people, machines and data, and emphasizes the decision-making mechanism of people. The integration with data analysis embodies the organic combination of data and intelligence; the \"fifth paradigm\" emphasizes the ontological perspective of data, and believes that data itself contains the laws of natural intelligence, and is also the carrier and product of new intelligence. It is expected to be driven by data. While being intelligent, it breaks through the boundaries of existing computational intelligence capabilities and constructs a new intelligent paradigm with the help of natural intelligence."}, {"type": "sentence", "content": "At present, the exploration of the \"fifth paradigm\" has just started, and its basic characteristics cannot be summarized methodologically; but it is certain that an important feature of it is \"fusion\", which requires the integration of the first four paradigms and integration. New methods emerging from cutting-edge research such as statistics, network science, and brain science."}, {"type": "sentence", "content": "Computers are used in the third and fourth paradigms the third paradigm is \"human brain + computer\", the human brain is the protagonist; the fourth paradigm is \"computer + human brain\", and the computer is the protagonist. The fifth paradigm not only emphasizes the \"organic integration\" of human brain and computer, but also may further learn from the calculation and decision-making mechanism of social system and human brain system, thereby paying more attention to the formal modeling of human and society in scientific research circuits. Integration with computing."}, {"type": "sentence", "content": "The development of data science and computational intelligence has given birth to the \"fifth paradigm\" the development of the \"fifth paradigm\" is inseparable from the enrichment of data science and the breakthrough of computational intelligence capabilities."}, {"type": "sentence", "content": "From the perspective of research objects, the \"Fifth Paradigm\" is a ternary space in which scientific research extends from the study of the physical world and human society to the integration of \"human-machine-object\";"}, {"type": "sentence", "content": "From the perspective of research goals, the \"fifth paradigm\" is not only a traditional scientific discovery, but also the exploration and realization of intelligent systems;"}, {"type": "sentence", "content": "From the perspective of research methods, the \"fifth paradigm\" emphasizes the immersive embodied research of people in the circuit. At present, it is still difficult to give a clear definition of the \"fifth paradigm\". Perhaps in 10-20 years, the characteristics of the \"fifth paradigm\" will become clear, and it may gradually become one of the mainstream paradigms of scientific research."}], "topic": "science", "uuid": "856c6b3b0725c1f37c5fdbf0cdb559b40fba98147efcc94973811808", "link": "https://medium.com/cloud-believers/future-prospects-the-fifth-paradigm-of-data-science-7d2eb44fcc85"}