{"title": "How To Find Hidden Opportunities With Customer Journey Maps", "data": [{"type": "subtitle", "content": "BEGINNERS GUIDE"}, {"type": "sentence", "content": "Watching a movie on the release date is a prestigious thing in Asia. The hard part is getting tickets."}, {"type": "sentence", "content": "People talk about movies months before their release date. Yet, on the release date, they bump into the cinemas. At that time, we didn't have the luxury of booking tickets online and watch movies."}, {"type": "sentence", "content": "A few other folks and I sensed a different thing."}, {"type": "sentence", "content": "We talked to theatre owners and booked a few first-day shows. We knew how to access fans outside the theatres because we were part of them. We sold the tickets for a premium and paid the tax. We got a profit, and fans got a hassle-free first-day show."}, {"type": "sentence", "content": "The idea worked. For more than a year, it was fun making profits."}, {"type": "sentence", "content": "At that time, I didn't know what customer journey maps are. We created a touchpoint that didn't exist on a fan's journey to watch a new movie."}, {"type": "sentence", "content": "Little things could mean a lot if we pay attention to them. Through the user's journey, it could reveal hidden opportunities. A customer journey map is a simple tool to do it - thinking through the total customer experience."}, {"type": "sentence", "content": "You don't have to be an MBA to do journey mapping. Your kindergarten kid may do it better than most executives in boardrooms."}, {"type": "subtitle", "content": "What are customer journey maps?"}, {"type": "sentence", "content": "We use customer journey maps in Design Thinking. Many successful firms use them to empathize with users and develop revolutionary ideas."}, {"type": "sentence", "content": "They are a visual representation of how a customer's journey - how they perform tasks, such as buying a movie ticket or ordering a cake online."}, {"type": "sentence", "content": "Journey maps, as well as Design Thinking, are human-centric ways for problem-solving. In real life, we can use these techniques to build new products or to resolve social issues."}, {"type": "sentence", "content": "Some people call it a customer journey map, and others call it a user journey map. But they are the same - visual storytelling tool to narrate how a person accomplishes a task."}, {"type": "subtitle", "content": "Why we use customer journey maps?"}, {"type": "sentence", "content": "Journey maps have several benefits:"}, {"type": "subtitle", "content": "A romantic cake ordering journey map"}, {"type": "sentence", "content": "All journey maps have five underlying components. But, some may use a different flavor for their specific needs."}, {"type": "sentence", "content": "Here is a simplified, hypothetical customer journey map for an online cake merchant. It's about a romantic birthday celebration."}, {"type": "image", "content": "https://miro.medium.com/max/2520/1*I4KokP-T5lILE-U-mfgSlQ.png"}, {"type": "sentence", "content": "Here is how we come up with the five components of the journey map."}, {"type": "subtitle", "content": "1. The actor or persona"}, {"type": "sentence", "content": "An actor is a depiction of a real person (an existing or a potential customer) trying to accomplish a goal. In our example, it's Sarah."}, {"type": "image", "content": "https://miro.medium.com/max/4480/1*4LQWPbBi5CxJsuZZ4srL-g.png"}, {"type": "sentence", "content": "Define the characteristics of your personas. Like their demographics, what they like, what they do. Subtle things sometimes have a significant impact on your thought process. So try to be as detail as possible."}, {"type": "subtitle", "content": "2. Scenarios and expectations"}, {"type": "sentence", "content": "Scenarios are the task to accomplish. Each journey map will describe one."}, {"type": "image", "content": "https://miro.medium.com/max/4480/1*vSJOd2tTUGG--bowY_fP5g.png"}, {"type": "sentence", "content": "For an online cake shop, ordering cake is one scenario. The one we are looking at in this example. Handling customers' complaints could be another one. We can even zoom in and call it a particular scenario. Handling same-day delivery, for example."}, {"type": "subtitle", "content": "3. Journey phases"}, {"type": "sentence", "content": "These are high-level actions or the breakdown of the main task. Often, they are laid out on a timeline."}, {"type": "sentence", "content": "Firstly, Sarah decides to order a cake to surprise Kevin. Then she looks for cake shops near her. She selects a few cakes in some shops and finally purchases one of the cakes chosen. The purchasing happens only before a couple of days, yet the process started at least before a week."}, {"type": "subtitle", "content": "4. Actions, mindset, and emotion"}, {"type": "sentence", "content": "At each journey phase, the actor does many things. And her expectations and emotion are different in each activity."}, {"type": "sentence", "content": "In this part of journey mapping, we list out what they do, with what expectations, and their emotional state at every step. It's also the most detailed part as well."}, {"type": "sentence", "content": "Sarah, when deciding to order a cake, does the followings:"}, {"type": "sentence", "content": "To find cake shops, Sarah does the followings:"}, {"type": "sentence", "content": "In the third phase, Sarah finds products in a few selected shops."}, {"type": "sentence", "content": "She purchases the cake on the final stage."}, {"type": "subtitle", "content": "5. Insights and opportunities"}, {"type": "sentence", "content": "The insights stage is the most creative part of a customer journey mapping exercise."}, {"type": "sentence", "content": "Once you have the journey map, you can ask yourself or brainstorm with your team how you might cost-effectively innovate and create an extraordinary user experience."}, {"type": "sentence", "content": "Think through different touchpoints your customers will interact with your system - make new ones, improve existing ones, and dump some if needed."}, {"type": "image", "content": "https://miro.medium.com/max/4480/1*BTqm8dCDQ_eT2RCxIM5X0A.png"}, {"type": "sentence", "content": "Here are a few insights and opportunity we Identified:"}, {"type": "sentence", "content": "You may have noticed. It's an easy and fun way to structure your thinking process. And that's what journey maps are."}, {"type": "sentence", "content": "As I said, this is a simplified map. A real one could have more phases and activities - it should."}, {"type": "subtitle", "content": "Are you creating current-state or future-state maps?"}, {"type": "sentence", "content": "Are you mapping the user experience as it is now? - It's current-state maps. Current state maps are useful to identify and document problems as they are now. It helps learn what user needs are, what gaps exist, and how they feel about their experience at the mom."}, {"type": "sentence", "content": "A future-state journey map is useful to envision the ideal user experience. It helps to look at the problem from new angles and brainstorm."}, {"type": "subtitle", "content": "A note before you begin with customer journey maps."}, {"type": "sentence", "content": "Customer journey mapping approaches can be one of two - hypothesis-first and research-first."}, {"type": "sentence", "content": "In the hypothesis-first approach, you can start creating a customer journey map right away with your past experiences. It's quick but inaccurate. Use it if you want to get your stakeholders familiar with journey maps. Also, it's excellent for brainstorming."}, {"type": "sentence", "content": "Alternatively, you can do customer research first. The research-first approach is costly and time-consuming. However, they are accurate and dependable. For the study, you can do interviews or observations of how customers accomplish their goals."}, {"type": "sentence", "content": "A hybrid approach is useful in most cases. Start with a hypothesis-first way to quickly sketch the current-state and a future-state of a problem. Use it to pitch to stakeholders. Then you can follow up with customer research and create a more dependable journey map."}, {"type": "subtitle", "content": "Final thoughts"}, {"type": "sentence", "content": "Journey maps are a powerful tool to aid innovation. Many had success using it to empathize with users."}, {"type": "sentence", "content": "Simplicity is its strength. The visual storytelling tool is simple enough for even kids to make one."}, {"type": "sentence", "content": "They help us structure our thoughts. And we can use our brains to think out of the box without circling in a narrow frame."}, {"type": "sentence", "content": "It could be a back of the envelope thing or a team activity that spans over many weeks. In the latter case, you'd do it with large discussion walls and post-it notes. In both ways, we draw simple pictures because text demands more brainpower. We need it for more creative work, don't we?"}, {"type": "sentence", "content": "Further Reading"}], "topic": "design", "uuid": "85b21d2982cfbcbf329fcdaddb1c5bb99d1790569471f587f41839aa", "link": "https://medium.com/design-bootcamp/turning-pain-into-profits-with-customer-journey-maps-578ba97157c3"}