{"title": "Gaming's Most Spectacular Sequences", "data": [{"type": "image", "content": "https://miro.medium.com/max/2400/1*tcmOGn_CZmIIvSCAs1cbmA.jpeg"}, {"type": "sentence", "content": "These are some of the most explosive or emotionally heavy moments seen in video games that are closely reminiscent of what we might come across at a movie theater."}, {"type": "sentence", "content": "Thanks to advancements in technology and the leaps and bounds video game developers have made in recent years, there are times during our playthroughs of many popular titles when things begin to move so quickly around the characters or that the plot gets so deep that we find ourselves lost within it."}, {"type": "sentence", "content": "It's during these times that it's easy to forget that we're still playing a video game and not watching some action or drama film. It's a credit to the incredible work done by the motion and voice actors who pull off these captivating and award-worthy performances, but also to everyone else that works within the industry and has helped push it forward so far in such a short amount of time."}, {"type": "sentence", "content": "Here we'll be taking a look at some of those times when we were forced to put down the controller and watch in awe as our favorite characters were brought to life in what can only be described as the industry's greatest moments."}, {"type": "image", "content": "https://miro.medium.com/max/476/1*hyGFpFDelWZ4huw6SIe1pg.png"}, {"type": "subtitle", "content": "Ellie confronts Joel (The Last Of Us Part II)"}, {"type": "sentence", "content": "You can literally pick any moment from this Naughty Dog masterpiece or even its prequel and you'll be left picking up your jaw from the floor. The characters are like real-life people, they all have their struggles, they all deal with their insecurities even though they're living in a post-apocalyptic world that's been decimated by an incurable disease (yeah, let's not go there). But through all of that, this was the one moment that fans had been waiting for - or even fearing - ever since the end of the first game. Ellie asks Joel to tell him the truth about what happened when he took her from the Fireflies (the events that play out in the final hours of the first game). Having no other choice, he tells her everything and she is left crushed. It creates a deep wound in their father-daughter relationship that is never truly mended, at least not until the moment of Joel's gruesome death."}, {"type": "subtitle", "content": "Clifford's memories (Death Stranding)"}, {"type": "sentence", "content": "A game filled with award-winning performances by Hollywood actors, the one to truly stand out was Mads Mikkelsen who was able to fulfill both the role of the terrifying war veteran and the loving father with equal success. When Sam Bridges experiences the memories of the BB that he is transporting, he discovers that Clifford Unger (Mads Mikkelsen), the man he's been running away from, was actually nothing more than a worried father doing his best to save his wife and newborn child. The two of them were placed under the care of the UCA, but when Clifford is told that they plan to take his child away from him, he attempts to escape the medical facility that they're being kept in. His escape is unsuccessful however and he is gunned down by President Bridget herself. With his final breath, he bids farewell to his son, BB, who turns out to be a younger version of Sam."}, {"type": "subtitle", "content": "Escaping Sector Seven (Final Fantasy VII Remake)"}, {"type": "sentence", "content": "This scene was already quite emotionally charged in the original game, but thanks to all the upgrades in graphics and audio, it hits a lot harder this time around. Tifa, Aerith, and Cloud have gained inside knowledge by underground gangster Don Corneo (don't ask how!) that Shinra are planning to drop the top part of the Sector Seven platform onto the slums, in order to crush the AVALANCHE members and their hideout in one fell swoop. The thousands of people and businesses that will also be lost along with Sector Seven mean less than nothing to the Shinra bigwigs, who are determined to move ahead with the plan."}, {"type": "sentence", "content": "Despite the party's best efforts and the - apparent - death of Jessie and Biggs, they are unable to stop the Turks (Shinra's agents) from activating the bomb that destroys the platform. In a last-ditch effort, Cloud, Tifa, and Barret escape through the skin of their teeth as everything around them is blown to bits. In the aftermath of the explosion, Barret and Tifa's sadness, desperation, and rage can barely be contained. The only glimmer of hope is that Barret's daughter, Marlene, had been spared, as Cloud informs the AVALANCHE leader that Aerith took her to her house. The sound as Barret's voice suddenly goes lighter after hearing this little bit of news is a testament to John Eric Bentley's acting skills."}, {"type": "subtitle", "content": "Car chase in Madagascar (Uncharted 4: A Thief's End)"}, {"type": "sentence", "content": "This scene, which goes on for almost 10 minutes, is one of the most impressive achievements in modern gaming. After being convinced by his brother, Sam, the game and franchise's main protagonist Nathan Drake goes searching for clues to a hidden pirate treasure in Madagascar. The problem is, there's someone else who's also after the very same treasure: notorious businessman Rafe Adler. Once he discovers that the Drake brothers have got their eyes on the bounty, Adler sends a small army to put a stop to their attempts, an army that finds Nathan and his partner Sully at one of the run-down Madagascar villages and immediately puts them on the run. What follows is a scene that has everything: a car chase, many explosions, gunfights, quick-time actions, punch brawls, desperate climbs, and everything happening while on moving vehicles! It's incredible to think how Naughty Dog managed to pull all of this together and create such an action-packed sequence. Even now, almost five years after the game's initial release, it can easily be compared to some of the best moments we've had in the previous generation."}, {"type": "subtitle", "content": "Meeting Jormungandr (God Of War)"}, {"type": "sentence", "content": "As Kratos and his son Atreus continue their journey to reach the highest peak of the nine realms, they find themselves at the Lake Of Nine, where they meet with Jormungandr, also known as the Earth Wyrm. And there's a reason why he's known by that name. His size is literally immense, enough to cover up the entire continent - if not the planet itself - with its full body. This scene is particularly awe-inspiring, mainly because of how impressive Jormungandr is, not only in stature but also in its visual design. It's a good thing this is a friendly creature because Kratos may have felled his fair share of giants in the past but not even he would know where to begin with this one! Truly an impressive display by the Santa Monica Studios team."}, {"type": "subtitle", "content": "Escaping the avalanche (Rise Of The Tomb Raider)"}, {"type": "sentence", "content": "The reboot of the Tomb Raider series has offered us some pretty spectacular moments, but few could live up to the opening act of the second game. It's during this scene that main character Lara Croft, along with her associate and friend Jonah, is seen climbing a snowy mountain in search of a long lost treasure known as the \"divine source.\" At the start, despite the bad weather, the climb seems to be going rather well. But eventually, as is to be expected by the Tomb Raider franchise, everything goes wrong as the storm begins to get a lot worse and Lara gets separated from Jonah. Eventually, she begins to fall down while trying her best to fight off the oncoming avalanche. It's a thrilling sequence that could see poor Lara getting impaled or falling to her untimely demise unless the player is quick to take the actions necessary to keep her going."}, {"type": "subtitle", "content": "Lights on, superstar! (Super Mario Odyssey)"}, {"type": "sentence", "content": "New Donk City is a very unique part of Mario's latest adventure, Super Mario Odyssey. And that's because it looks and feels, well, more like an actual city. Like something you'd see in Grand Theft Auto or Watch Dogs. It's in this world that you meet Pauline, the mayor of this rather modern new area. She asks for your help to bring the power back to the city. Once you collect all of the moons requested by Pauline, however, something even more unexpected takes place. The whole town changes and throws a festival for its savior, while Mario himself goes through a series of levels that serve as a throwback to his earlier, 2D days. The entire sequence is like a musical and puts the player in a very cheery mood and even Mario himself joins the festivities and busts a move towards the end! It's a great way to celebrate the little plumber's great legacy towards the gaming industry and whoever thought of adding that into the game is a genius!"}, {"type": "subtitle", "content": "Escaping Titan (Final Fantasy XV)"}, {"type": "sentence", "content": "Final Fantasy XV has received mixed reviews by players for being an incomplete game, yet one thing it didn't lack was visually impressive scenes. One of the greatest among them was when the party is lead by Ardyn to meet with one of the Astrals (summon monsters), Titan at the Disc of Cauthess. The Archaean attempts to communicate with the main character Noctis, who is plagued by headaches, as the enemy forces of Nifleheim invade and begin to attack everything in sight. Titan then responds in anger, forcing a three-way battle between Noctis and his friends, Titan, and the Nifleheim army. The chaos that ensues sets up an action-packed battle, with the beast destroying everything in sight and attempting to squash you like a bug as you use your Crystal powers to keep him at bay. FFXV could've been better as a game, but it really had its moments!"}, {"type": "subtitle", "content": "Vengeance of the Four Heroes (The Legend Of Zelda: Breath Of The Wild)"}, {"type": "sentence", "content": "During his final battle with Ganon, Link gets the assistance of the four divine beasts Vah Rudania, Vah Ruta, Vah Medoh, and Vah Neboris, who fire their beams towards the monster from the four corners of the horizon. These beasts are controlled by the spirits of the heroes (Daruk, Mipha, Revali, and Urbosa, respectively) who gave their lives 100 years ago in the first battle against the calamity. As the beasts send their blasts towards Ganon, the spirits can be seen atop each one, claiming their vengeance for the horrific events that transpired on that day. As if that wasn't enough, Princess Zelda herself can be heard throughout the battle pushing Link forward toward victory. A truly heart-warming moment that inspires players to succeed in a difficult challenge."}, {"type": "subtitle", "content": "Taka's horrific death (Ghost Of Tsushima)"}, {"type": "sentence", "content": "A game that is full of breathtaking cinematic visuals, this one stands out as the most gut-wrenching. When the main character Jin Sakai attempts to locate and confront his old friend Ryuzo for betraying him and siding with the Mongols, he and his comrade Taka invade a nearby encampment to find clues about his whereabouts. But they fall into a trap and are captured by the enemy. The Mongolian general Khotun Khan then faces Jin and demands that the remaining Japanese forces still resisting on the isle of Tsushima stand down. When Jin denies his request, the heartless general ruthlessly takes the head of Taka, one of the protagonist's dearest friends. All Jin can do is watch on and scream in agony at his friend's loss, but that's not the worst of it. After a while, the Khan departs and Jin's friend Yuna - Taka's sister - finds the two after picking up their trail. Her reaction, after finding the beheaded corpse of her brother, is enough to bring tears to the eyes."}, {"type": "image", "content": "https://miro.medium.com/max/3840/1*SPlQ3NX_SO0zXJDLDP-jXw.jpeg"}, {"type": "sentence", "content": "And that's it! This list could go on for hours but those are just a few great examples of when video games truly blurred the line between playing and watching a great movie. If you think we've left something out or you have your own emotionally-charged or action-packed gaming sequence, feel free to let us know in the comments or on our social media profiles! And let's hope that games continue to bless us with awe-inspiring moments like these in the future!"}], "topic": "gaming", "uuid": "85d550dc50a433ac4873df8e50f43f30a76043f3b62feb276327799b", "link": "https://medium.com/super-jump/gamings-most-spectacular-sequences-db20f1209dcf"}