{"title": "Mindfulness on the Go", "data": [{"type": "subtitle", "content": "Cultivate Mindfulness Through Active Engagement"}, {"type": "image", "content": "https://miro.medium.com/max/2000/0*-D0ANjSC6pixiihp"}, {"type": "sentence", "content": "Now that so many magazines and books promote the benefits of mindfulness, it is no wonder that the number of people who practice meditation has increased. But, as someone who has had an off and on meditation practice for more than thirty years, it is also no surprise to me that some studies show up to a third of people that have meditated discontinue their practice. Some people simply find it hard to sit still. Sometimes (especially after a trauma), meditation can be anxiety provoking. Sometimes people simply don't feel like they have the time."}, {"type": "sentence", "content": "While I have personally found a sit-down meditation practice has benefited my well-being, it's not the only (or even the best way) to learn to become more mindful. Mindfulness practices can be active, \"out in the world,\" and don't need to take that long - which brings me to my first on-the-go mindfulness practice:"}, {"type": "subtitle", "content": "Mindfulness Snapshots"}, {"type": "sentence", "content": "I learned about this technique through my therapist. I had been through a traumatic event and suddenly found it difficult to be in \"my own head\" in a positive and engaged manner. I had temporarily lost my ability to meditate comfortably. This technique of \"mindfulness snapshots\" provides many of the benefits of meditation as a standalone technique, and can also be used as a gateway to a traditional meditation practice. Here's how it works:"}, {"type": "sentence", "content": "While doing something where you can go on \"autopilot,\" allow your brain to wander as it normally does. Then, for a period of a few seconds to no more than thirty seconds, focus on all the sensations of the moment. For example, if you are washing dishes, you might notice the warm, soapy water on your hands; the weight of the dishes as you pick them up; the sounds of the water swishing; your breath; the floor under your feet; the light from a window; and the patterns on the dishes. In short, just be engaged with your five senses as you do the activity. After you are done the mindfulness snapshot, let your attention wander again. You can do this a few too many times a day according to your preference and you can also use this to build up to being mindful for longer periods. Which brings me to the second practice:"}, {"type": "subtitle", "content": "Mindfulness Through Repetitive Activity"}, {"type": "sentence", "content": "Many of our daily activities of choice or necessity are simple, repetitive, or can be done on \"autopilot.\" Some examples of these activities are walking or running, household chores, knitting, colouring, and grooming a pet. These activities have two major benefits to mental well-being that may seem at odds with each other;"}, {"type": "sentence", "content": "To do this mindfulness activity, first pick something you can do on autopilot. While applying mindfulness can help you learn to enjoy a repetitive activity that you have previously found tedious, it is probably easier to learn this technique doing something you find pleasant. Then, simply do the activity while noticing the sensations in your body and your mind. Simply notice without judgement. If your mind wanders, gently bring yourself back into awareness. You can do this as long as you like and daydream afterwards as you wish - just make an active choice as to which you are doing."}, {"type": "subtitle", "content": "Daily Letters"}, {"type": "sentence", "content": "I found out about this mindfulness practice in the classic book \"The Artist's Way\" by Julia Cameron. The book's twelve week program includes a practice called daily letters. It recommends that you do this practice first thing in the morning, although I can picture it also being beneficial as a warm-up activity for creative work or as a tool for anytime you need to get the \"junk\" out of the mind. What you do is to write in a stream of consciousness style for three pages (or longer if needed). Just write whatever is on your mind. Don't worry if it makes sense or if it switches topics. Don't stop to correct things - spelling and punctuation don't matter for this exercise. Just write what's on your mind. When you're done, don't read it. You can choose to destroy it or keep it to read it in the future; just don't read it anytime soon."}, {"type": "sentence", "content": "Julia Cameron describes the activity as being a valuable meditation that allows the \"Inner Critic\" (the disapproving part of our unconscious) to have its' say so that it can move out of our way and allow us to complete our day with less anxiety and more freedom. It is also useful as a way to simply observe your thoughts. The reason you don't pause to correct or read it afterwards is that it is an exercise in giving your unconscious a voice in the moment rather than trying to consciously reflect. I have used this practice off and on over the years and find it really helps loosen up my creativity and reduces \"junk thoughts\" invading my work."}, {"type": "subtitle", "content": "Realistic Drawing"}, {"type": "sentence", "content": "I have kept up a daily drawing practice ever since I read \"Drawing on the Right Side of the Brain\" two years ago. When we draw something we see; whether it is a person or an object in front of us, a photograph, or someone else's work of art; we are engaging in a type of mindful observation. The book's author, Betty Edwards, espouses a \"right brained\" approach that relies on observing shapes, angles, negative spaces and light and shadow in a purely visual way rather than using verbal or analytical rules about perspective or proportions. I recommend you read the book itself if you can, but here are some rules and ideas to get you started:"}, {"type": "sentence", "content": "I have found drawing to be a really useful mindfulness practice because it is actively observant rather than passively so. I can stay mindfully engaged for a longer time in this active state than I can while meditating. The benefit goes full circle in that I have found that I have been able to learn to meditate longer since finding this flow state while drawing. I find that the active observation gives me later insights about the things I have drawn even though I am not thinking about them at the time. The completed drawing gives me a tangible record of the relation between myself and the drawing subject in a given time."}, {"type": "subtitle", "content": "Mindful Conversation"}, {"type": "sentence", "content": "I see mindful conversation or listening as being both a way to build good rapport between yourself and others and a way to learn to really see and hear another person instead of your own thoughts and ideas about them. I am still very much in the process of learning to be more mindful in conversation, and certainly don't manage to maintain this state when there are strong negative emotions involved. But practice makes perfect."}, {"type": "sentence", "content": "To start, actively decide you are there to listen. Put away the phone. Be somewhere that isn't too distracting. Try to hear what the other person is saying without rehearsing what you are going to say next. I have been listening to Dr. Drew Pinsky (addictions expert) talk about the concept of \"whole body listening\" and try to do this. The idea is to connect to not just the person's words but the emotions and sensations they are conveying non-verbally and share their experience. When you speak back in the conversation, try to speak from what you are actually feeling or experiencing rather than saying what you think makes the right impression or impact."}, {"type": "sentence", "content": "Mindful conversation helps you relate to others and yourself in a more honest way. You experience the person and your relationship to them as they are in the moment instead of as a collection of thoughts and feelings you have already formed regarding them."}, {"type": "subtitle", "content": "Active Mindfulness Practices Are Beneficial Beyond Being Meditation Alternatives"}, {"type": "sentence", "content": "Some people just aren't comfortable or interested in meditating. Active mindfulness practices like those I described can offer a way to benefit from mindfulness without having to meditate. While this is useful, I think these activities go beyond being meditation alternatives or \"beginner\" mindfulness techniques. They have their own, unique benefits that can be complementary to traditional mindfulness practices."}, {"type": "sentence", "content": "Active mindfulness:"}, {"type": "sentence", "content": "Whether or not you like to meditate, I hope some of these mindfulness practices may be useful to you. I have personally found my life has been enriched by practicing mindfulness outside of sit down meditation practice."}, {"type": "sentence", "content": "Happy living to you."}], "topic": "mindfulness", "uuid": "8734cd91ebe3261b0b780b9f23d544beaab8ae8e81d5a56bed76b054", "link": "https://medium.com/free-thinkr/mindfulness-on-the-go-e3ef3a4d9dc7"}