{"title": "The Ultimate Backlink Strategy SEO Guide For A Smart 2021", "data": [{"type": "sentence", "content": "Backlinks are links from one website to a page on another website. Backlinks typically come from what is known as a referring domain. A single referring domain may generate tens of thousands of backlinks."}, {"type": "sentence", "content": "Earning high-quality backlinks is a very challenging part of SEO. Nonetheless, it is an essential part of ranking high with search engines. The links strategy, part of which being the backlinks strategy accounted for 18-21% of rankings obtained in 2020, hence why it's worth addressing."}, {"type": "sentence", "content": "A backlinks strategy is the approach used for managing backlinks and acquiring new backlinks."}, {"type": "sentence", "content": "Here is an end-to-end guide on managing backlinks smarter in 2021."}, {"type": "subtitle", "content": "Why are backlinks important?"}, {"type": "sentence", "content": "Google and other major search engines consider backlinks \"votes\" for a specific page. Pages with a high number of quality backlinks tend to have high organic search engine rankings."}, {"type": "sentence", "content": "Backlinks are important because they:"}, {"type": "subtitle", "content": "What methods can be used as part of the backlinks strategy?"}, {"type": "subtitle", "content": "1. Reclaim Unlinked Mentions"}, {"type": "sentence", "content": "This includes reaching out to any partners, bloggers, external parties, suppliers, and other business associations, which have mentioned the company but have not linked to it and asking them to do so."}, {"type": "subtitle", "content": "2. Get Contextual Links"}, {"type": "sentence", "content": "A contextual link is a type of link, usually found within the body of content and is in context with the idea surrounding the link. This type of link is highly valuable as context and semantics are becoming more and more valued in the process of content interpretation in search engine algorithms."}, {"type": "sentence", "content": "Here are some strategies you can use to gain such links:"}, {"type": "subtitle", "content": "3. Get 'Best X' List Mentions"}, {"type": "sentence", "content": "In order to do this, simply be the best at something. On a more serious note, best of X articles and blog posts are being written every minute of every day, so finding out what customers, visitors, and readers like about your company or content is the first step in knowing who to reach out to for links."}, {"type": "sentence", "content": "For instance, Canva is pretty good at introducing graphic design to non-designers (and, it's also free), so it would reach out to bloggers, who compare different free image editing software for people with no professional experience. That way by introducing their company and product, it could get a shot at being featured as part of a 'Best free graphic design software for beginners' list."}, {"type": "subtitle", "content": "4. Become a Source for Other Publishers and Journalists"}, {"type": "sentence", "content": "By using your expertise and unique data, you can become a source for other bloggers and journalists."}, {"type": "sentence", "content": "To start, simply subscribe to HARO (Help A Reporter Out). This is a free service that connects expert sources (like yourself) with bloggers and journalists who are looking for contributors. Here is how content requests look like in the email when received."}, {"type": "sentence", "content": "You can also reach out to journalists directly."}, {"type": "subtitle", "content": "5. Update Old Content."}, {"type": "sentence", "content": "Make updates to your old content. It takes less work and delivers faster results."}, {"type": "sentence", "content": "According to Neil Patel, by doing this you can obtain a spike in search traffic, improve your click-through rate, improve your content's accuracy, and improve your site's overall freshness."}, {"type": "sentence", "content": "Here are some quick-fire tips to implement this straight away:"}, {"type": "subtitle", "content": "6. Build Free Tools"}, {"type": "sentence", "content": "Everyone loves a tool that helps. A while ago, I was astounded to find out that Adobe has a free background remover tool, having observed that this can be used by people frequently for doing quick photo editing work, but also mentions and (likely) conversions, too."}, {"type": "sentence", "content": "In a nutshell, here's how to get started:"}, {"type": "subtitle", "content": "7. Publish Ultimate Guides and Listicles"}, {"type": "sentence", "content": "An Ultimate Guide is a piece of content designed to be the best, most comprehensive resource on a given topic. It covers enough information that you don't need to go elsewhere to learn more about that subject."}, {"type": "sentence", "content": "The reason why these Ultimate Guides attract inbound backlinks is that they help bloggers and journalists reference a concept they mention."}, {"type": "subtitle", "content": "8. Use Images to Earn Links & Mentions"}, {"type": "sentence", "content": "Infographics are probably the most common visual asset used to earn backlinks. It's always good to experiment with them if you haven't done it before. Check out how to optimize infographics and images for SEO, regardless of whether you have beginner or advanced SEO knowledge."}, {"type": "sentence", "content": "However, if you feel infographics don't work well for your brand, here are a few other visuals you might consider creating:"}, {"type": "subtitle", "content": "9. Use Directories"}, {"type": "sentence", "content": "Listing your website on online directories goes a long way in helping improve your presence on the web."}, {"type": "sentence", "content": "It's important to find high-traffic directories with authority links in order for this strategy to be successful."}, {"type": "subtitle", "content": "10. Use the Broken Link Building Method"}, {"type": "sentence", "content": "This tactic involves reaching out to a website that has a broken outbound link (a link to an external source) and suggesting they update it with a link to one of your pages. Of course, your page has to be a good resource on the topic to which they were originally linking, so it makes sense to swap the broken link with yours."}, {"type": "sentence", "content": "The challenge with this tactic is, of course, finding these broken links. We can do this by using tools such as Deepcrawl's reports:"}, {"type": "subtitle", "content": "11. Give Testimonials"}, {"type": "sentence", "content": "Testimonials and reviews help in customers' purchase decisions. They help improve rankings, establish trust and credibility, and earn trustworthy mentions."}, {"type": "sentence", "content": "In this article, Julia McCoy shares how you can use this approach in four steps as part of your backlinks strategy."}, {"type": "subtitle", "content": "12. Engage in Digital PR"}, {"type": "sentence", "content": "Digital PR involves gaining high-quality backlinks from websites and online publications and honest customer reviews."}, {"type": "sentence", "content": "These tactics help sites reach their target customers by featuring the business on websites they read, podcasts they listen to and the social media accounts they love."}, {"type": "sentence", "content": "A good, free and quick way of doing so is by posting as a business on platforms such as Medium, Vocal, and LinkedIn. Why not jump on a trend and hop on Clubhouse while you are at it? The golden rule applies here, as per usual, namely: create meaningful, noteworthy, showstopping content that your users will love and share, otherwise - best not bother."}, {"type": "subtitle", "content": "13. Utilise the skyscraper technique"}, {"type": "sentence", "content": "The skyscraper technique involves mirroring and improving upon the content of top performers in the key ranking positions for your desired keywords."}, {"type": "subtitle", "content": "What is the end-to-end process of gaining backlinks?"}, {"type": "sentence", "content": "Here is the holistic approach followed, regardless of which tactic is used, anytime an external stakeholder is involved:"}, {"type": "sentence", "content": "The outreach effort itself, while in its first instance is about creating a connection, in the long-term it's all about building a relationship."}, {"type": "subtitle", "content": "How can I outreach for backlinks?"}, {"type": "subtitle", "content": "1. Know how to identify high-quality links"}, {"type": "sentence", "content": "Not all links have the same value. Links that come from authoritative sites will improve your search rankings more than links from low-quality sites."}, {"type": "sentence", "content": "So, as you conduct your link building outreach efforts, know which sites are worth pursuing, and only reach out to qualified sites worth your time and effort."}, {"type": "sentence", "content": "Check out this guide on how to assess the quality of a backlink, before you outreach to them."}, {"type": "subtitle", "content": "2. Reach out to sites that link to competitors"}, {"type": "sentence", "content": "To identify sites that are likely to link back to your website, first look at the sites that link back to your competitors."}, {"type": "sentence", "content": "Click on any backlinks website to get the exact URL that links to the competitor."}, {"type": "sentence", "content": "View the type of content that links to your competitor and then send a request to the publisher to publish a link to your website in the same capacity."}, {"type": "sentence", "content": "Give them a compelling reason that adding your business to the list will improve their readers' experience."}, {"type": "subtitle", "content": "3. Reach out to sites where your competitors guest post"}, {"type": "sentence", "content": "Linking pages that are guest posts, also indicate that the site is a great guest blogging opportunity for your brand as well."}, {"type": "subtitle", "content": "4. Request links with your brand mentions"}, {"type": "sentence", "content": "If you're producing quality content and actively engaged in outreach efforts, you will start to receive mentions of your brand on other sites."}, {"type": "sentence", "content": "Ensure each mention of your brand includes a link back to your site."}, {"type": "sentence", "content": "Set up a Google Alert for your brand name and regularly search for your branded terms to find mentions of your brand. If the mention doesn't include a link back to your site, reach out to the publisher and request it."}, {"type": "subtitle", "content": "5. Rebuild Broken Links"}, {"type": "sentence", "content": "Just as some website publishers don't always link when they should, they might also include links that are broken or incorrect."}, {"type": "sentence", "content": "When you see a broken link on a website (that is relevant to your brand or industry), contact the publisher, notify them of the error, and provide a link back to your site that would be a good replacement."}, {"type": "subtitle", "content": "6. Reclaim Image Links"}, {"type": "sentence", "content": "Images embedded in websites often include a link to their source. Sometimes, these links are not pointing to the appropriate site, or they are broken."}, {"type": "sentence", "content": "Keep an eye out for these opportunities as well, especially if a website has linked to one of your graphics."}, {"type": "sentence", "content": "Ensure that all of your graphics used on other sites appropriately link back to your site."}, {"type": "subtitle", "content": "How can I build partner relationships for better backlinks?"}, {"type": "sentence", "content": "Relationship building is about leveraging your partnerships and contacts to grow your backlink profile."}, {"type": "subtitle", "content": "1. Link out to related sites"}, {"type": "sentence", "content": "The best relationships are the ones where both sides gain something through the connection. So as you engage in link building activities, spread the benefit to both sides."}, {"type": "sentence", "content": "Link to other sites to improve your chances of getting links back to your website. Linking to another site can help you get on their radar."}, {"type": "sentence", "content": "In the SEMrush Audience Insights report, you can enter up to 5 competitors to compare against. Once you enter the domain you will see the Audience Overlap graph. This will display each of the domain's audiences and where they overlap with each other."}, {"type": "subtitle", "content": "2. Feature other brands"}, {"type": "sentence", "content": "This helps you start the relationship, but it also increases your chances that the site you link to will return the favor."}, {"type": "sentence", "content": "When you feature a brand on your website, the brand is likely to mention the post (and might link back to it) on their website."}, {"type": "sentence", "content": "The brand is also likely to share the post through their media distribution and social networks, which provides even more benefits and exposure."}, {"type": "subtitle", "content": "3. Give an interview and contribute to roundup posts"}, {"type": "sentence", "content": "Another way to get high-quality backlinks is by offering to give an interview or contribute to roundup posts."}, {"type": "subtitle", "content": "4. Write testimonials"}, {"type": "sentence", "content": "You can also get your name and link back on websites by offering to write testimonials or leave a review about another brand."}, {"type": "sentence", "content": "Choose the top tools or brands you work with and contact them to offer to write a review about your experience."}, {"type": "sentence", "content": "Brands are usually eager to feature testimonials on their site and often link back reviewers in the credit line."}, {"type": "subtitle", "content": "5. Host an event or sponsor a meet-up"}, {"type": "sentence", "content": "Build high-quality backlinks by making connections offline. A perfect way of doing so is by hosting an event or sponsoring a meetup or conference."}, {"type": "sentence", "content": "The presence of COVID has made digital conferences a casual thing, so make sure to capitalize on this trend, as this significantly reduces the costs necessary to host a digital meet-up."}, {"type": "sentence", "content": "When you host the event, you can gain links from event listing sites, and you typically get a link on the event page when you sponsor a meetup or conference."}, {"type": "subtitle", "content": "6. Have a strong social sharing strategy"}, {"type": "sentence", "content": "A strong social strategy helps drive traffic to your content and increase your exposure, which is great for your brand and also your link building efforts."}, {"type": "sentence", "content": "Sharing your content and making it easy for others to share your content, and helping your posts get maximum exposure on social networks can and will improve your site's SEO."}, {"type": "sentence", "content": "Backlinks are often quite a difficult aspect of the SEO strategy as they involve thought, outreach and relationship-building. Many specialists avoid this part of SEO, precisely as quite a huge part of its success depends on other people's perception of the content, and its value."}, {"type": "sentence", "content": "Without it though, there is a high risk in operating in an echo chamber, creating content only for search engines and not for users, which is exactly what Google downranks and what good SEO specialists avoid supporting."}], "topic": "marketing", "uuid": "879dbc6f2454ce42afe23ca54cf71f2c271e201276af7c8b3ea8666f", "link": "https://medium.com/bite-sized-marketing/the-ultimate-backlink-strategy-guide-for-a-smart-2021-df6c195bfab"}