{"title": "A U.S. Influencer Got Deported From Bali by Bragging About Her Lifestyle on Twitter", "data": [{"type": "image", "content": "https://miro.medium.com/max/4000/1*A3OhfHhTz_960LK8m2qhNQ.jpeg"}, {"type": "sentence", "content": "The living in paradise lifestyle of an American influencer and her partner ended when the Indonesian government deported them back to the United States in January 2021."}, {"type": "sentence", "content": "On January 16, 2021, Kristen Gray, a professional graphic designer, started a Twitter thread sharing her extravagant life in Bali for over a year."}, {"type": "sentence", "content": "Her tweets sparked outrage among Indonesians and drew the ire of local authorities. Gray's case was a concrete case study of why cultural intelligence and cultural sensitivity are significant to entrepreneurs, professionals, business people, and digital nomads."}, {"type": "subtitle", "content": "It Started With a Thread"}, {"type": "sentence", "content": "In Gray's thread, she described how she and her girlfriend, Saundra Alexander, found a new opportunity for money-making and living a grander life in Bali as a \"digital nomad.\""}, {"type": "sentence", "content": "Her luxurious lifestyle on the island was incomparable to her previous one in the United States, where she struggled to sustain a decent income."}, {"type": "sentence", "content": "In March 2020, amid the outbreak and lockdowns, the couple decided to stay in Bali. Their initial plan was to \"wait it out.\""}, {"type": "sentence", "content": "They believed that such a move was the best decision for them as they experienced Bali's best life. Towards the end of her thread, she started encouraging her followers in the U.S. to follow in their footsteps."}, {"type": "sentence", "content": "She then promoted their eBook, Our Bali Life is Yours, to all her followers. She was emphasizing that Bali is a safe, cheap, luxurious, and \"queer-friendly\" island. Their book, priced at $30, also provides a \"direct link\" to visa agents that could help them get into Indonesia during the COVID-19 pandemic."}, {"type": "subtitle", "content": "The Locals' Outrage"}, {"type": "sentence", "content": "It would have been an inspiring narrative to promote a business on social media using a rags-to-riches account. But when Gray's tweets became viral, the Southeast Asian community, particularly the Indonesians, thrashed Gray for her alleged exploitation of Bali's low-cost accommodations and encouraging more foreigners to move to Indonesia amid a pandemic."}, {"type": "sentence", "content": "Some locals were also appalled when Gray promoted Bali for LGBTQ+ couples. The locals themselves were even struggling to come out to the public due to Indonesia's strict laws about same-sex couples."}, {"type": "sentence", "content": "Gray defended herself, stating that they were experiencing such persecution because they are two Black gay women. Her statement rage the locals more lecturing her that Indonesia is not America."}, {"type": "subtitle", "content": "Authorities Intervene"}, {"type": "sentence", "content": "Since the couple \"unsettled the public\" through social media, the head of the Bali office for the Ministry of Law and Human Rights, Jamaruli Manihuruk, said that Gray and Alexander had violated several immigration laws after their investigation."}, {"type": "sentence", "content": "Apart from spreading misinformation, they were doing business at the expense of Indonesia, when their permits to stay in the country were only under tourist visas."}, {"type": "sentence", "content": "The two were sanctioned and deported from Bali. They were also banned from entering Indonesia for six-months after their deportation."}, {"type": "sentence", "content": "In an interview, social psychologist Benny Siauw said the way Gray mentioned Bali as a queer-friendly place is highly ignorant."}, {"type": "subtitle", "content": "The Significance of Cultural Sensitivity"}, {"type": "sentence", "content": "Looking at the other side of the picture, Kristen Gray and her partner Saundra Alexander were merely a couple who wanted to make a living and thrive. There's nothing wrong with that - but what made their operation technically illegal was the lack of understanding of the country they moved into."}, {"type": "sentence", "content": "As a citizen of a developing nation in Southeast Asia, my passport is not as powerful as the American passport. Many countries won't allow me to enter their borders without proper documents. Therefore, to obtain a visa, we had to go through tons of research, paperwork, leg work, phone calls, and fees."}, {"type": "sentence", "content": "If we can do these beforehand, all the more, the \"first world\" citizens with more access to information should do their assignments better. Especially in this day and age, where everything is a click away, being ignorant of the law excuses no one."}, {"type": "sentence", "content": "Therefore, it is essential to arm yourself with the knowledge that you need before booking a flight, packing your bags, moving to another country, and making a living as a foreigner."}, {"type": "sentence", "content": "Here is a research checklist I recommend based on personal experience that can relate to this case study."}, {"type": "subtitle", "content": "1. Religion"}, {"type": "sentence", "content": "I bet for those who are reading this, religion may not be their first priority. But in this case, it should be. The government of Indonesia takes religious practices seriously. Six distinct faiths are officially recognized, but not limited to Islam, Catholicism, Protestantism, Hinduism, Buddhism, and Confucianism."}, {"type": "sentence", "content": "87% of Indonesia's population are Muslim, and the Islamic religion played a crucial role in the country's independence movement during the 20th century."}, {"type": "sentence", "content": "When the Portuguese, and later the Dutch, occupied the nation, they introduced Christianity to the Indonesians. Apart from Islam and Christianity, Hinduism and Confucianism are also evident religious practices."}, {"type": "sentence", "content": "Citizens of this country had to carry their identification cards stating their religions. The state does not recognize atheism and agnosticism as these two were considered blasphemous, illegal, and punishable by law."}, {"type": "sentence", "content": "Religions in Indonesia are developed regionally rather than nationally. Nonetheless, to have a harmonious environment, despite palpable differences, Indonesians respect each others' faith preferences."}, {"type": "subtitle", "content": "Takeaway"}, {"type": "sentence", "content": "Learning about a nation's stance on religion is important. Western countries may not give a fuss about religious practices, but most parts of Asia, Latin America, and Africa do. Researching about such would give you an idea if you could adjust to the local culture and traditional practices."}, {"type": "sentence", "content": "You need to understand that nations with high religious commitment influence their society's lifestyle and policies."}, {"type": "subtitle", "content": "2. Public Policies"}, {"type": "sentence", "content": "Conservative religions highly influenced Indonesia's laws, and in the case of Gray and her girlfriend, their status as a same-sex couple gave the locals a disturbing vibe."}, {"type": "sentence", "content": "LGBTQ+ people in Indonesia face legal challenges and prejudices. Tradition disapproves of homosexuality, cross-dressing, and gender transitioning, which impacts their public policies. Indonesian same-sex couples are not eligible for any of the legal protections available to opposite-sex married couples."}, {"type": "sentence", "content": "Being gay in Indonesia may not be a crime, but it is highly condemned by society due to traditional religious norms. If the locals are still struggling to fight for their rights, non-residents should be more sensitive in this matter to not provoke the majority and put the minority in jeopardy."}, {"type": "subtitle", "content": "Takeaway"}, {"type": "sentence", "content": "Having the discernment of a nation's public policies that would affect your status is essential. Moving to a country that has significantly different values from yours is risky. The best thing you can do is immerse yourself without creating a scene because you are not a resident. At the end of the day, you are an \"alien\" with limited rights."}, {"type": "subtitle", "content": "3. Economic Status"}, {"type": "sentence", "content": "Indonesia is a developing country, and locals themselves are working hard to make a living. In the midst of a global pandemic, the people are already struggling to make ends meet."}, {"type": "sentence", "content": "The more foreign nationals that move to Bali for the same reason of having a luxurious life would put a strain on locals to sustain a living on the island."}, {"type": "sentence", "content": "For Americans, inclusive monthly costs to live a grander life in Bali is only $1,900 USD. However, for the locals, this is already costing them over 26 million IDR. Bali's cost of living for the locals is like the Americans' California - way too expensive."}, {"type": "sentence", "content": "So, showing off to social media that you can live a millionaire's life in Bali, wherein most are struggling, is downright disrespectful."}, {"type": "sentence", "content": "Also, making an income at the expense of Indonesian people without a proper permit is like robbing them of their rightful benefits because you are not paying local taxes. Worst, encouraging more foreigners to travel to Bali amid a pandemic, dodging COVID-19 protocols for your business to thrive was not only selfish but also absurd and insensible."}, {"type": "subtitle", "content": "Takeaway"}, {"type": "sentence", "content": "If you choose to pursue your business overseas, then level the playing field. Apply for a visa that allows you to operate a business in a foreign land. Several digital nomads may argue that it's unnecessary, as many could get away with it. That doesn't mean it is legal."}, {"type": "sentence", "content": "Mostly, a tourist visa only allows you to stay for 30-90 days - and working is not part of that. So, being a digital nomad as a profession is technically illegal. Visa laws in most countries are not set up to deal with this new class of modern vagabonds. But, since it became apparent, some nations are recognizing its permanence as a profession."}, {"type": "sentence", "content": "You need to check if the country you want to visit offers a digital nomad visa, remote work visa, or freelance visa, so you could prevent complications, apprehension, and deportation during your stay. If none of these are available, at least secure a proper permit where you can operate legally."}, {"type": "sentence", "content": "Bear in mind, having deportation or a criminal record overseas will affect your future visa applications."}, {"type": "subtitle", "content": "Final Thoughts"}, {"type": "sentence", "content": "Harnessing cultural intelligence could hone one's sensitivity to other cultures. In Gray and Alexander's case, it was widely inappropriate to encourage all their western followers to invade a nation that they even seem unknowledgeable about."}, {"type": "sentence", "content": "However, studying all the essential information you need to know about the country you are visiting or staying in could avoid unwanted difficulties. Don't merely research for accommodations, food, and leisure places. Learn the country's economic status, your rights as a foreigner, policies, beliefs, and practices."}, {"type": "sentence", "content": "Apply for a proper visa to make your profession and business legal, hassle-free, and relatable to the locals. They would support you more because you are promoting their nation and culture respectfully instead of exploiting it. Thus, you are playing your game fairly and not stealing their privileges."}, {"type": "sentence", "content": "When you land on foreign soil, you will be following that country's regulations. You need to make adjustments because that country will never ever adjust for you."}], "topic": "travel", "uuid": "8cf53511eaf88fcbc1d52fdc23856135618677bf327c3601730c3e9c", "link": "https://medium.com/better-marketing/a-u-s-influencer-got-deported-from-bali-by-bragging-about-her-lifestyle-on-twitter-c14426dd9c09"}