{"title": "Facebook Knows What You Eat: Discover The Entire Data Facebook Collects About You, Step By Step.", "data": [{"type": "sentence", "content": "I bet most Facebook users are not aware of what they really know about them.What if I told you that YOU can visualize it in just 5 minutes?"}, {"type": "sentence", "content": "I'm gonna show you how to do it yourself, and we will explore my (censored) Facebook data together."}, {"type": "image", "content": "https://miro.medium.com/max/6704/1*yQa63QCO6decEnrL1xJbSQ.png"}, {"type": "sentence", "content": "Some spooky commercials I ran into the other day, related to something that I was, most certainly, for 100%, speaking about in-person around my phone (not new to anyone, but boy! they are insolent) got me thinking what Facebook REALLY knows about me."}, {"type": "sentence", "content": "I am grateful for all the good Facebook brought so far, and I appreciate the company. They have done some amazing things, This post's intention is to open your eyes to how the advertisement world works with a real world example."}, {"type": "sentence", "content": "At the end of the day, like any other free product software - If you don't pay for it, your data is the key component of their business."}, {"type": "sentence", "content": "I found some interesting \"Facebook-related data\" about me in Facebook's archive and I believe you would like it."}, {"type": "sentence", "content": "No Idea how they got it, but we can all guess together ...it has something to do with $$$$$."}, {"type": "sentence", "content": "Whether they bought it or collected it themselves."}, {"type": "image", "content": "https://miro.medium.com/max/1108/1*S8KPdZlaLLprJMZf3_G63A.png"}, {"type": "subtitle", "content": "Compliance - Asking For Your Rights"}, {"type": "sentence", "content": "Giant (and also small) companies must comply with the latest privacy laws if they wish to scale worldwide or enter the European or Californian market."}, {"type": "sentence", "content": "Facebook, one of the biggest players in the advertisement oligopoly (next to Google), are offering their users to download their data for free at any time."}, {"type": "sentence", "content": "So I created a new archive. After a few hours, I have received a link to my email."}, {"type": "image", "content": "https://miro.medium.com/max/3644/1*fb2aQsoREK_3y0qOCUztjA.png"}, {"type": "sentence", "content": "The HTML Files contained an offline version of https://www.facebook.com/your_information.It is really nice, but after a few minutes of jumping between pages, I understood there must be a better (more efficient) way."}, {"type": "sentence", "content": "So I looked at the JSON files, which contained a lot of information that the HTML versions were missing."}, {"type": "sentence", "content": "The HTML version is skinnier. It is obviously making it harder for people, even technical as I am, to really understand the data and really see the whole picture."}, {"type": "sentence", "content": "So I downloaded their JSON format and focused on the data that I could not see completely in the HTML5 web interface (And there is lots of it).It's like there is more to be shown - but although it is an offline piece of all the data, The web interface encapsulates some of the events."}, {"type": "sentence", "content": "I wanted to see the entire picture in front of my eyes. I felt like I could understand it better using graphs, numbers, and lines, rather than through their website/HTML archive."}, {"type": "sentence", "content": "It would be cool to see it on one screen. I needed to stream that data and index it somewhere...No way I'm gonna look after everything, file by file, or page by page."}, {"type": "subtitle", "content": "Indexing The Data"}, {"type": "subtitle", "content": "(Technical Details - Feel Free To Skip)"}, {"type": "sentence", "content": "For the geeks among us, Let me elaborate."}, {"type": "sentence", "content": "I chose to go with a docker stack composed of ELK (Elastic + LogStash + Kibana) components. I implemented a custom LogStash file stream that preprocessed the interesting JSON files from the downloaded ZIP archive to ElasticSearch."}, {"type": "sentence", "content": "Then I split the records that contained multiple elements (events, clicks, likes, notifications, marketplace item clicks, etc.) so I could query real Facebook objects easily (as if they are indexed in a GraphQL), and create ElasticSearch indexes with my interesting fields.An ElasticSearch service from the stack would index all my events that ever took place inside Facebook's servers regarding my data.Later on, We are going to visualize the data and research it using Kibana."}, {"type": "sentence", "content": "The Compose file (can be translated to Kubernetes services using Kompose) is available at at end of the post."}, {"type": "sentence", "content": "I ran docker-compose up and it all started to play.After some samples went through ElasticSearch, I created index patterns manually using 1 click."}, {"type": "sentence", "content": "Finally, through Kibana, and started to work with these pieces of data and understand what I was facing."}, {"type": "subtitle", "content": "Finding The Right Place To Start"}, {"type": "sentence", "content": "There is an insane amount of data about me.I am not talking about the obvious data Facebook collects from their services... A lot of the data came from other places."}, {"type": "sentence", "content": "I had to focus. There was too much.Let's take a look at the Ads And Business dashboard I created, which covers only some of Facebook's relationships with more than 300 companies."}, {"type": "sentence", "content": "So, my question is: what they Buy and Sell about me?After years of using their products (Facebook, Instagram, WhatsApp) for Free, they must know me pretty well."}, {"type": "subtitle", "content": "The Results"}, {"type": "sentence", "content": "Facebook receives much of its information from 3rd party apps and services. I didn't even need to actually have a Facebook, an Instagram, or a WhatsApp account connected to any of these apps in order to be identified."}, {"type": "sentence", "content": "I had to make the data visible somehow. So made some dashboards."}, {"type": "image", "content": "https://miro.medium.com/max/6704/1*yQa63QCO6decEnrL1xJbSQ.png"}, {"type": "sentence", "content": "They know about each and every digital incident that took place in 300+ websites, Which I am really using, or have used, without logging into with Facebook or relating to it in any way.."}, {"type": "sentence", "content": "They know how I pay to each and every service, what apps I've installed or changed, what websites I visited, thanks to Facebook Pixel technology and other \"great, privacy-respecting\" tools."}, {"type": "sentence", "content": "Another great question came up - who inside Facebook can really see this data?I bet you also used, even once, one of the following:"}, {"type": "sentence", "content": "Nevertheless, Facebook had my browsing history for a variety of websites. Stop worrying about deleting it occasionally.Do you believe it? Well, here are some examples from my personal dashboard."}, {"type": "sentence", "content": "Facebook knows I eat, whenever I order delivery."}, {"type": "image", "content": "https://miro.medium.com/max/648/1*xgAc5hkIcVjzFkMNJ2RWdQ.png"}, {"type": "sentence", "content": "They know about my personal user flows on 300+ websites. from login to cart and checkouts."}, {"type": "image", "content": "https://miro.medium.com/max/1868/1*qSPMyYHCd4XNK1OzXZq0gw.png"}, {"type": "sentence", "content": "They know which sites I view, even when looking at previews."}, {"type": "image", "content": "https://miro.medium.com/max/2220/1*RvBAHantU9ZmIg9z8bp_SA.png"}, {"type": "sentence", "content": "They know where, how, and when I Fly and Travel - my booking tickets/accommodation were logged."}, {"type": "image", "content": "https://miro.medium.com/max/582/1*BsZXBGjshlbJRMPD9GINbA.png"}, {"type": "sentence", "content": "They (obviously) know my music taste. From Spotify, not from page likes."}, {"type": "image", "content": "https://miro.medium.com/max/398/1*WY1j1cpfaTP7nm-OnBJO-w.png"}, {"type": "sentence", "content": "And \"CUSTOM\" data events - some nasty data they rather not name - that got me asking- why? What the **** is CUSTOM?"}, {"type": "image", "content": "https://miro.medium.com/max/374/1*1Vd2kqBwNFV4QsXBkPO_jw.png"}, {"type": "sentence", "content": "I almost forgot the most precious jewel: \"advertisers_who_uploaded_a_contact_list_with_your_information.json\""}, {"type": "sentence", "content": "If that wasn't enough, I can also find \"profile_information.json\" among the files.This file, profile_information, included all the top facts about me, with some 0 timestamps values in a tuple, as if it was stored optimally for data science projects, experiments, and queries."}, {"type": "sentence", "content": "It's like your due diligence provided by Facebook! relationships, interests, skills, etc. Think of it as your basic profile info, which many historical and inner data that Facebook does not use or support in their user interfaces. These fields are used by computers, for computers, to customize your ads (Or sell them, to whoever pays the most)."}, {"type": "sentence", "content": "I have much more to cover, But I have started an open-source skeleton for you curious people (who read the article, all the way) so you can download your data and visualize it immediately on your computer."}, {"type": "sentence", "content": "When you'll find more interesting files in your archives that I didn't mention, It is really easy to add new data to the pipeline and I am sure you can discover it. There will be a part 2 to this blog post!"}, {"type": "subtitle", "content": "How To Do It Myself?"}, {"type": "sentence", "content": "I uploaded the project files to GitHub so y'all can do the same:"}, {"type": "subtitle", "content": "What I do (About Me)"}, {"type": "sentence", "content": "Avi Lumelsky - I'm a Software Engineer / Security Researcher, I practice mostly in the fields of Privacy, Deep Learning, and Cyber Security."}, {"type": "sentence", "content": "I am a co-founder of DATU.A platform that lets you control your online data without providing any sensitive information."}, {"type": "sentence", "content": "DATU Scans only the information you choose to add, nonstop, to find possible security and privacy issues.Within 1 minute you will get a view, for your eyes only, that contains public data that anyone with basic computer knowledge can find about you.You will find exactly, which parts of your identity were compromised, leaked, or copied without you knowing. You will start a clean page from that moment."}, {"type": "sentence", "content": "What do we get? Real private-caring users, what will help us understand what features you like the most.We can't access your data and we will never do anything related to your data."}, {"type": "sentence", "content": "I will cover the progress in future posts. I hope you enjoyed this article.You can also read my previous article about Google Phishing POC."}, {"type": "sentence", "content": "Meanwhile, you are more than welcome to follow me on GitHub, here.Feel free to comment, leave questions or feedback,and of course - Sharing is Caring."}], "topic": "social-media", "uuid": "8e15a46e12af43fd47e84ab6a8925092f77c7fb3d41e5fd81fa8e66f", "link": "https://medium.com/digital-diplomacy/facebook-knows-what-you-eat-how-to-visualize-all-the-data-facebook-knows-about-us-c89fe3cb4f89"}