{"title": "How To Grow Your Yoga Business to a Steady 4-Figure Income", "data": [{"type": "image", "content": "https://miro.medium.com/max/7200/1*PTf_XpBoyQgRnnN8kGbJDw.jpeg"}, {"type": "sentence", "content": "Have you ever thought about starting or evolving your career as a yoga or fitness instructor?"}, {"type": "sentence", "content": "One year ago, I had just finished my yoga teacher training when the pandemic hit the world. I was quite disappointed as I was hoping to apply for some yoga teacher jobs and earn money with my hobby. My goal was to teach in 2-3 studios and work there next to my full-time job."}, {"type": "sentence", "content": "Then the lockdowns came, and all my beloved studios closed for several months."}, {"type": "sentence", "content": "Today, I know that the lockdowns were the best possibility for me to set up my own online yoga business. Since September, I'm teaching regular classes online, and my subscribers' quote increases continuously."}, {"type": "sentence", "content": "In the beginning, I thought that teaching online wasn't really my thing."}, {"type": "sentence", "content": "It can be frustrating and impersonal to only communicate with your clients via Zoom. Your clients may also feel tired by their daily home-office routine and need a more versatile and appealing offer. The pandemic requests creative solutions from yoga and fitness instructors to stay motivated and provide stimulating classes to their clients."}, {"type": "sentence", "content": "It's a challenge but an opportunity to grow! People still need yoga in their lives especially because of lockdowns and quarantines. Today, I find value in my online classes because I know that they help me think outside the box. Also, they allow people to escape their monotonous lockdown-life and experience something pleasant."}, {"type": "sentence", "content": "That's why you should think about offering online yoga classes. The demand for online courses is enormous, and you will benefit from it personally and financially."}, {"type": "sentence", "content": "I decided to invest money into a website and practical tools to set up my business, create my brand, and give my offer a professional look."}, {"type": "sentence", "content": "Here's how you can realize your online business ideas and evolve your career as a successful online yoga teacher."}, {"type": "subtitle", "content": "1. Develop Your Offer"}, {"type": "sentence", "content": "Before you start creating your brand and designing your website you should think about what you want to offer. Start planning your regular classes first."}, {"type": "sentence", "content": "The first crucial point is the price. Start with a price that feels fair to you. Your income should allow you to cover all your costs and earn a nice sum with your hobby every month. When thinking about your offer, try to answer these questions:"}, {"type": "sentence", "content": "Remember that it's harder for you to cancel classes when people can buy monthly passes. In general, I'd still recommend offering them when you provide more than one class per week. Students who want to practice regularly can benefit from a well-priced monthly pass."}, {"type": "sentence", "content": "Start with fewer classes in the beginning and see how it works out. After a while, you can expand your existing offer. Also, not all your classes have to be 90-minute Vinyasa Flows. There are multiple possibilities to vary the time and style of your courses. Here are some examples:"}, {"type": "sentence", "content": "Offer what feels right for you and always ask your students for feedback. You can also do a survey from time to time and determine if you can adjust your offer for the better."}, {"type": "subtitle", "content": "2. Create Your Brand"}, {"type": "sentence", "content": "After you've thought about your offer, you can start creating your logo or let someone design it for you."}, {"type": "sentence", "content": "Design is key! Your business can definitely profit from beautiful fonts, pictures, and gadgets."}, {"type": "sentence", "content": "Not only your website but also your social media accounts should look aesthetically appealing."}, {"type": "sentence", "content": "You don't have to spend tons of money on good designers. There are many tools on the internet you can benefit from."}, {"type": "sentence", "content": "I use canva.com for my social media designs. That's where I also created my logo. Still, it can be useful to hire a professional designer and pay for the creation of your logo as you will use it for many years!"}, {"type": "image", "content": "https://miro.medium.com/max/922/1*b7SkOechjfvkgno1eVHTYQ.png"}, {"type": "sentence", "content": "However, you should think about the style and the colors you want to have on your website and your social media accounts. Use coolors.co to create your beautiful color palette. Ensure that these colors represent your style and personality and that you can identify yourself with them."}, {"type": "sentence", "content": "You can use your logo and personalized color palette to create an appealing account on Instagram or Facebook. It's definitely worth it to invest time and money into the design. Your brand will look professional and pleasant and you'll eventually attract more clients."}, {"type": "image", "content": "https://miro.medium.com/max/2398/1*Pt5YHtfu6fUdm2rQvuV_3w.png"}, {"type": "subtitle", "content": "3. Website and Booking System"}, {"type": "sentence", "content": "After creating your brand, it's time to set up your website. You don't necessarily need one in the beginning. But I made the experience that some yogis (especially those who don't use Instagram or Facebook) regularly visit my website. It's for your advantage to make your brand visible on as many platforms and channels as possible."}, {"type": "sentence", "content": "Another crucial and successful investment I've made is my booking system. Students can use the system to check out my offer and book my classes independently. I don't have to issue invoices or track my income. It all happens automatically."}, {"type": "sentence", "content": "As suggested by my business coach @Eva Keiffenheim, I chose the booking system momoyoga.com. The only disadvantage is that you cannot offer discount codes (I'd like to have them for my family) on this platform. But there are other possibilities to provide discounts. In general, I can highly recommend this platform!"}, {"type": "subtitle", "content": "4. Set Up Your Social Media Accounts and Create a Newsletter"}, {"type": "sentence", "content": "You'll reach many yogis over Instagram. It's my number one platform to promote my brand. If you aren't into social media platforms, I'd recommend using them in a limited way. Set up a minimalistic and beautiful feed and only post a few stories or pictures a month."}, {"type": "sentence", "content": "You can use the platforms to promote your most important news and offers. I like it to post my schedule every week. In this way, I remind my followers that I'm offering classes regularly."}, {"type": "sentence", "content": "Make sure that interested yogis can subscribe to your newsletter. Use the newsletter to promote your current offers. Always integrate your logo and your website and contact details into your newsletter's signature. I use ConvertKit for my newsletters."}, {"type": "sentence", "content": "Before I started to send newsletters regularly I only addressed my Instagram users. Since I'm sending them regularly, my client base became broader. With a newsletter, you can address more people regardless of which social media accounts they use."}, {"type": "subtitle", "content": "5. Provide Special Offers to Your Clients"}, {"type": "sentence", "content": "During the last months, I often received positive feedback from my students in terms of my offer. I teach my regular classes, but every month I try to offer a special."}, {"type": "sentence", "content": "These specials can relate to the season, current events, or something you'd like to share with your students. There are multiple possibilities. To name a few:"}, {"type": "sentence", "content": "Give your students multiple inputs and possibilities to practice with you. I made the experience that some yogis don't want to practice regularly, but they prefer blocks or workshops to concentrate on a particular focus."}, {"type": "image", "content": "https://miro.medium.com/max/2160/1*hCfvlF__H6tx1Mrzj-XSBA.jpeg"}, {"type": "subtitle", "content": "6. Offer Exciting and Stimulating Classes"}, {"type": "sentence", "content": "Make sure that the background of your online classes looks appealing. Light some candles, cover unsuitable furniture with a beautiful blanket, and make sure that you wear rather tight clothing so that your students can see your poses properly over the camera. Make sure that the sound of your microphone is pleasing and that the room is well illuminated."}, {"type": "sentence", "content": "If you want to play music during the class, be careful that the sound is pleasant. I decided to create playlists for my classes and send the playlist link to my students in advance. They can decide if they want to turn on the music at home or not. It's easier for me to let them decide, and I don't have to worry about my classes' sound quality."}, {"type": "sentence", "content": "Another decisive point is the variety of asanas and stimuli during your classes. It's even more important when you teach online."}, {"type": "sentence", "content": "If you do the same asanas every week, students will finally become bored and stop making progress. Here are some tips on how you can keep your classes exciting:"}, {"type": "sentence", "content": "I'd also like to recommend you the following book: \"The Art and Business of Teaching Yoga\" by Amy Ippoliti and Taro Smith, Ph.D. This book helped me to get an insight into the economic approach of yoga. You'll also find valuable tips to create stimulating yoga classes."}, {"type": "subtitle", "content": "Closing Words"}, {"type": "sentence", "content": "I'm thrilled to see my little business grow. Growth sometimes happens slowly but sustainably. Don't be discouraged if there aren't so many bookings in the beginning. Keep on teaching and offering and you'll see that there'll be more and more students after a while."}, {"type": "sentence", "content": "Stay in contact with your yogis and ask them how they feel after class. Act as you would still teach at a studio and give them your genuine attention. Your classes can still be personal, even if there's a physical distance. I wish you the best for your own online yoga business!"}, {"type": "subtitle", "content": "And here are the steps you want to remember:"}], "topic": "marketing", "uuid": "8e1ff07d189144c058078a276d00df033b40066e63da3e1bd5a2ac41", "link": "https://medium.com/better-marketing/how-to-grow-your-yoga-business-to-a-steady-4-figure-income-e3577d53b944"}