{"title": "Design systems: Working on the right level", "data": [{"type": "sentence", "content": "Of all the risks with adopting a design system, the most dangerous one is to keep working the same way. If that happens, what we have adopted is not a design system, but rather a UI component library. We might see benefits in the beginning: the UI looking fresher and more consistent, components nicely cataloged and documented. However, with time, the same old problems will re-surface. Inconsistencies will creep in, design critiques will get long and frustrating, component variants will multiply. These are system-level problems-and those cannot be solved by a component library."}, {"type": "sentence", "content": "Consider, for example, the good old cards. At InterNations, we have card-like components (which we call teasers) to represent various entities: a group teaser, an event teaser, a forum teaser, etc. Each is tightly coupled with the entity it represents and has evolved over the years to take many interesting shapes."}, {"type": "sentence", "content": "Suppose we decide to introduce a design system within the company."}, {"type": "sentence", "content": "We take Material Design and start by theming colours and typography, then go to basic components like buttons and form elements. Finally, we come to the teasers. And now we have a choice: work on the product level or on the system level."}, {"type": "subtitle", "content": "Product-level thinking"}, {"type": "sentence", "content": "This is how we've always done it. We take each teaser type, collect all the use cases we can find, and create a new component. Here's what an event teaser would look like:"}, {"type": "sentence", "content": "We know that we have two info points (icon + text). The only two buttons possible are \"accept\" and \"decline\", and both can be represented by an icon. We also have a bookmark button in the top right corner."}, {"type": "sentence", "content": "We build this using components from our new design system and rest. We might even look at Material Design cards for inspiration. Then we do the same for the group teaser. Then comes the forum teaser. And then we're done. Or are we?"}, {"type": "sentence", "content": "Let's step back and examine the results. We'll see two problems:"}, {"type": "subtitle", "content": "System-level thinking"}, {"type": "sentence", "content": "Before diving in, we take a closer look at Material Design cards. They're not there for inspiration, they're meant to solve things. And our teasers are exactly the case they were designed to solve. Now the focus has shifted: instead of building many teaser components, we're building one - the card. How is this better?"}, {"type": "sentence", "content": "Our teaser is no longer a one-off thing; it belongs to a family. It'll look like other cards, existing or yet to be built. We're building on a foundation: whatever solutions we already have for cards, like styling for the image or title, can be re-used. Moreover, whatever solutions we are going to come up with now will benefit future card layouts we build. So not only are we building on a foundation, we extending the foundation as well, making the system stronger."}, {"type": "sentence", "content": "Back to our event teaser. We keep it in mind, but think more generally. Looks like we have three areas to deal with:"}, {"type": "sentence", "content": "We name them and note their position:"}, {"type": "sentence", "content": "And this is already a step forward. We're no longer talking about buttons and info points. Even before considering what can go into each area, we can foresee potential variations and address those. If there're no actions, should the info area take up the full width? If there's no info, should the actions slide to the left? Where do we position the toggle - left side maybe?"}, {"type": "sentence", "content": "Then we move into the areas and see what can happen there. If there's only one action, should it stretch to the entire area? Are two primary actions allowed? How many info points can we accommodate?"}, {"type": "sentence", "content": "And so we continue. This will take more time than doing it the old way, but what we get in the end is far superior: we find, name, and think about common patterns on the platform. It's good to have actions, info blocks, and state toggles. We can use them everywhere. We're more aware of the limitations. We can make good design decisions faster."}, {"type": "sentence", "content": "Will we make mistakes and miss some cases? Of course. But as long as we resolve them on the system level, those are good mistakes to make. That's how systems evolve."}, {"type": "image", "content": "https://miro.medium.com/max/188/0*mUrJN3viXyBe8GSG"}], "topic": "ux", "uuid": "8e352424ecc81bcd31aaa16c12d2a29fca0cde28a46ad8ef2b436350", "link": "https://uxdesign.cc/design-systems-working-on-the-right-level-425939a1ff58"}