{"title": "Tesla Invests $1.5 Billion in Bitcoin", "data": [{"type": "image", "content": "https://miro.medium.com/max/12000/0*kM3bciKRdSaNGdEj"}, {"type": "sentence", "content": "The electric car maker, Tesla invested $1.5 billion in bitcoins, intends to allowing cryptocurrency as a normal payment for cars and other products in the future."}, {"type": "sentence", "content": "After this news, bitcoin jumps 14% to a record of $44,000. Etherum also surges 7%."}, {"type": "sentence", "content": "Tesla said that this decision was part of its investment policy and was targeted at maximizing its cash returns."}, {"type": "image", "content": "https://miro.medium.com/max/2400/0*BYlbcYZ6nmh0jL3-.png"}, {"type": "sentence", "content": "Tesla's investment is a strong sign that the electronic currency is gaining broad attention as a type of investment globally."}, {"type": "sentence", "content": "Elon Musk has often tweeted about cryptocurrency topics."}, {"type": "sentence", "content": "Musk has been backing up the currency, even adding #bitcoin in his profile and tweeting in its favor."}, {"type": "image", "content": "https://miro.medium.com/max/1192/1*81MjKyBhdx3YT8bmRp8s7Q.png"}, {"type": "sentence", "content": "Recently, He called 'Bitcoin' a good thing to invest in. He also tweeted about 'Dogecoin.' It hit a record this Monday after Musk and Rapper snoop dog tweeted regarding it."}, {"type": "image", "content": "https://miro.medium.com/max/1194/1*b0rOlvtzeuccKVvA73zR0g.png"}, {"type": "sentence", "content": "Elon Musk's poll tweeted, \" The future currency of Earth.\""}, {"type": "sentence", "content": "Surprisingly, 71.3 % have chosen 'Dogecoin' which boosted its worth to an all-time high at $0.082."}, {"type": "sentence", "content": "It seems that one tweet of tech billionaires can shack the crypto markets easily."}, {"type": "sentence", "content": "The price of the bitcoin has been jumping up gradually throughout 2021 because its robust demand from retail buyers and institutional has pumped up."}, {"type": "subtitle", "content": "It still remains a volatile cryptocurrency."}, {"type": "sentence", "content": "A senior market analyst, Edward Moya said,"}, {"type": "sentence", "content": "In 2020 Bitcoin gained over 300% and almost 50% up this year."}, {"type": "sentence", "content": "Some technical analysts suggested that current resistance and pull back will breakout and take $BTC to $63K with some exceptions."}, {"type": "subtitle", "content": "Remarks"}, {"type": "sentence", "content": "All those who are investing have to keep their eyes open to get blasting profit from this currency."}, {"type": "sentence", "content": "Source: https://www.bloomberg.com/news/articles/2021-02-08/tesla-bets-1-5-billion-on-bitcoin-in-new-policy-crypto-surges"}], "topic": "economy", "uuid": "8e397665c8f078da94bfa034a806838e9280bc46e604756834655324", "link": "https://medium.com/swlh/100a18cfb848"}