{"title": "OCR 101: All you need to know", "data": [{"type": "image", "content": "https://miro.medium.com/max/2182/0*OWUv5HUNl6qVTmJx"}, {"type": "subtitle", "content": "Intro"}, {"type": "sentence", "content": "I Love OCR (Optical Character Recognition). To me, it represents the real challenge in data science, and specifically in computer vision. It's a real world problem, it has many approaches, it involves computer vision, pipeline tweaking, and even some NLP. It also requires a lot of engineering. It encapsulates many of the problems in data science: undermining a robust benchmark, over-emphasis on complication and \"novelty\" of approaches instead for real world progress."}, {"type": "sentence", "content": "Two years ago, I've published an article about OCR. Like most of my articles, it was intended to Review the field - Research and practice, Shed light on what you can and can't do, how and why and Provide practical examples."}, {"type": "sentence", "content": "Its essence was - back then deep learning OCR was good, but not good enough. Nowadays later, OCR is much better. But still not great."}, {"type": "sentence", "content": "However, considering the vibrancy of the deep learning field, it requires in my opinion an update, or perhaps even a full rewrite. So here it is. If you got here, you're probably interested in OCR in some way. Either you are a student or a researcher who wants to study this field, or you have a business interest. Either way, this article should get you up to speed."}, {"type": "subtitle", "content": "Getting started"}, {"type": "sentence", "content": "First, let's set our concepts straight:"}, {"type": "sentence", "content": "As said, OCR depicts many of the achievements but also the challenges in deep learning and data science in general. On one hand, a tremendous advancement to what we had before. Also an impressive year on year improvement. However, OCR is still not solved."}, {"type": "sentence", "content": "There are still some very annoying failure cases that are accounted for different reasons, most of them stem from the standard deep learning root cause - lack of generalization, susceptibility to noise, and so on. Therefore, even though models can handle many cases (different fonts, orientations, angles, curves, backgrounds) there are some deviations that just won't work (as long as they weren't introduced manually into the training set): not popular fonts, symbols, backgrounds and so on."}, {"type": "image", "content": "https://miro.medium.com/max/1388/1*6V8ZXEVBsD2NCrrKpA_d6g.png"}, {"type": "sentence", "content": "Additionally, a great and useful library has emerged - Easy OCR, which set a goal to make the state of the art OCR approach(s) accessible and easy to use in open source. As an extra treat, this library also tackles the multi language problem in OCR (currently includes ~80 languages and more to come) and the speed of models (still in early stages). This library is not perfect, but it's really a great solution to have. More on this later."}, {"type": "sentence", "content": "So without further ado, let's examine the state of OCR."}, {"type": "subtitle", "content": "Noteworthy Research"}, {"type": "sentence", "content": "As always, data science tasks boundaries are extended by research, while practice lags behind in innovation, but leads in robustness."}, {"type": "sentence", "content": "In my previous post, I've reviewed 3 approaches:"}, {"type": "sentence", "content": "In this post, we may say that the Specific deep learning approaches have ripened, and became the dominant one both in research and in practice."}, {"type": "subtitle", "content": "Tasks"}, {"type": "sentence", "content": "In the previous post, we've used a few examples, that might look simple in the current state: license plates recognition, captcha recognition and so on. Today's models are more potent and we can discuss much harder tasks, such as:"}, {"type": "subtitle", "content": "Pipeline"}, {"type": "sentence", "content": "After applying standard object detection and segmentation methods on OCR, approaches started to become more specific, and tailored to text attributes:"}, {"type": "sentence", "content": "Therefore, modern OCR approaches \"isolate\" specific text characteristics, and use a pipeline of different models to address them."}, {"type": "sentence", "content": "Here, we are going to focus on a certain setting, actually a pipeline of models which apart from the vision model (feature extractor) there are a few more helpful components :"}, {"type": "image", "content": "https://miro.medium.com/max/1778/1*1kxMjEaR57NSz2XyrfgYUA.png"}, {"type": "sentence", "content": "This pipeline, except the detection part is mostly trained end to end, to reduce complexity."}, {"type": "subtitle", "content": "The pipeline \"disease\""}, {"type": "sentence", "content": "Having a pipeline of different components is a good idea, however it has some drawbacks. Each component has it own set of biases and hyper parameters, and it induces another level of complexity in the pipeline."}, {"type": "subtitle", "content": "Datasets"}, {"type": "sentence", "content": "It is known that the base of all good data science work is datasets, and in OCR the are crucial: Results were critically influenced by the train and test datasets of choice. Throughout the years, the OCR task honed in around a dozen different datasets. However, most of them didn't include more than a few thousands of annotated images, which didn't seem enough for scale-up. On the other hand, OCR task is one of the easiest to use synthetic data."}, {"type": "sentence", "content": "Lets see what are the prominent datasets available:"}, {"type": "sentence", "content": "\"Real\" Datasets"}, {"type": "image", "content": "https://miro.medium.com/max/734/0*TNn9d8vuRY8oKV4H"}, {"type": "sentence", "content": "A few datasets exploited the massive coverage of google street view. These datasets can be divided by their focus on regular or irregular (distorted, angled, rounded) texts."}, {"type": "sentence", "content": "SVHN - street view numbers, which we used for the example in the previous post."}, {"type": "sentence", "content": "SVT - street view text - text images from google street view"}, {"type": "sentence", "content": "ICDAR (2003, 2013,2015, 2019) - some datasets that were created for the ICDAR convention and competition, with different emphasis. E.g, 2019 datasets is called \"arbitrary shaped text\", which mean, as irregular as it gets."}, {"type": "sentence", "content": "Synthetic datasets"}, {"type": "sentence", "content": "There are 2 popular synthetic datasets, which were used in most OCR works. Inconsistent use of them makes the comparison between works challenging."}, {"type": "sentence", "content": "MJ Synth - includes relatively simple compositions of words. Datasets itself includes ~9M images."}, {"type": "sentence", "content": "Synth text - a more elaborate mechanism, which applies segmentation and depth estimation of images in the first stage, and then \"plants\" text on inferred surfaces. The dataset itself includes ~5.5M images."}, {"type": "image", "content": "https://miro.medium.com/max/820/0*6kPLOgliCkEo4xvW"}, {"type": "sentence", "content": "DALL-E - a bit of a wild card, but the future of text image generation (and perhaps OCR) seems far more unsupervised."}, {"type": "image", "content": "https://miro.medium.com/max/1454/1*IlmeU4MPtxDadxc_x_keEA.png"}, {"type": "sentence", "content": "The synthetic datasets also excel in their ability to generate different languages, even difficult ones, such as Chinese, Hebrew and Arabic."}, {"type": "subtitle", "content": "Metrics"}, {"type": "sentence", "content": "Before addressing specific research papers, we need to determine metrics for success. There is clearly more than one option."}, {"type": "sentence", "content": "First, lets get the text detection out of the way: it can use the standard metrics of object detection such as mean average precision, and even standard precision and recall."}, {"type": "sentence", "content": "Now for the interesting part - the recognition. There are two main metrics: word level accuracy and character level accuracy. Specific tasks may use even higher levels of accuracy (e.g text chunk accuracy). The current state of the art methods present >80% accuracy on challenging datasets (we'll discuss this later)."}, {"type": "sentence", "content": "The character level itself is wrapped with \"Normalized Edit distance\" which measures the ratio of similar characters between words."}, {"type": "subtitle", "content": "Research papers"}, {"type": "sentence", "content": "In this post, we are focused here on best practices than on laying out ideas. For ideas, I suggest you go to one of these two surveys, where you'll find out there are many methods that make it really hard to choose from."}, {"type": "sentence", "content": "What Is Wrong With Scene Text Recognition?"}, {"type": "sentence", "content": "This very interesting work has a somewhat unusual name, and the work itself is also outstanding. it's a kind of a proactive survey, which:"}, {"type": "image", "content": "https://miro.medium.com/max/2490/1*9KmIl0IUBEIdiXIHkjs-Pg.png"}, {"type": "sentence", "content": "So the key points from this paper are:"}, {"type": "image", "content": "https://miro.medium.com/max/1184/0*OQXhKDJd30jDdlKo"}, {"type": "subtitle", "content": "Text detection"}, {"type": "sentence", "content": "In most of this post we discuss text recognition, but as you may recall, first part of the pipeline is text detection. Reaching the current generation of text detection model was a bit tricky. Previously, text detection was intuitively subdued as a sub-branch of object detection. However, object detection has some settings that are general for objects such as cars, faces and so on. which were required some significant updates when induces to text-detection."}, {"type": "sentence", "content": "The essence of this is that text is both homogeneous and characterized by its locality. which means that on one hand, every part of the text is text by itself, and on the other hand, text sub-items should be unified into bigger items (e.g characters into words). Therefore, segmentation based methods would be a better fit for text detection than object segmentation."}, {"type": "sentence", "content": "CRAFT"}, {"type": "sentence", "content": "Our favorite object detection method, which is also integrated into easy OCR is called CRAFT - Character Region Awareness for Text Detection. This method applies a simple segmentation network, and nicely uses both real and synthetic images, and both character and word level annotations."}, {"type": "image", "content": "https://miro.medium.com/max/2080/1*3YCIaA2FTsnsyZhYIrhhdg.png"}, {"type": "sentence", "content": "This model resulted in ~80% H-mean (on P and R) and most datasets, and also does very good work on word separation, to make life easier for recognition models."}, {"type": "subtitle", "content": "Practical examples"}, {"type": "sentence", "content": "We've reached the practical stage. What should you use? So we've mostly answered this question earlier (Easy OCR...) but lets examine a few of the popular solutions"}, {"type": "subtitle", "content": "Open source"}, {"type": "sentence", "content": "One very important thing to notice is that while OCR suffers from academy lack of robustness, it enjoys the flourishing of open source software, which allows researchers and practitioners to build upon the work of each other. Previous open source tools (e.g Tesseract, see below) were struggling with data collection and development from scratch. Recent packages, such as easy OCR, enjoy a set of building blocks, from data generation, through all pipeline models and more tweaks."}, {"type": "subtitle", "content": "Tools"}, {"type": "sentence", "content": "Tesseract"}, {"type": "sentence", "content": "For a long time, Tesseract OCR was the leading open source OCR tool (not considering occasional paper related repositories ). However, this tool was built as a classic computer vision tool and didn't undergo the transition to deep learning well."}, {"type": "sentence", "content": "APIs"}, {"type": "sentence", "content": "The OCR were some of the early computer vision APIs of the big cloud providers - Google, Amazon and Microsoft. These API's don't share any benchmark of their abilities, so it becomes our responsibility to test"}, {"type": "sentence", "content": "Easy OCR"}, {"type": "sentence", "content": "In some way, the Easy OCR package is the driver of this post. The ability to build an open source, state of the art tool from different building blocks is fascinating."}, {"type": "sentence", "content": "Here is how it works:"}, {"type": "sentence", "content": "The last piece in the puzzle, which makes it the \"go to OCR tech\" at this stage, is the performance. You can see below, that they are even better than the paid API results."}, {"type": "sentence", "content": "One thing to improve in Easy OCR, is the tweaking ability: although language selection is easy, changing models and retraining for different purposes. In our next post, we'll show how to do some of it."}, {"type": "image", "content": "https://miro.medium.com/max/2000/0*Co-8RjixYLtP7TEZ.jpeg"}, {"type": "subtitle", "content": "What about run time?"}, {"type": "sentence", "content": "It should not come as a surprise that inference of OCR might be slow. Detection models is a standard deep learning model that runs in ~1 second on GPU (per image), while recognition models run again and again on the detections. An image with many items may take a few dozens of seconds on a GPU, not mentioning CPU. What if you'd like to run OCR on your mobile or PC app, using weaker hardware?"}, {"type": "sentence", "content": "Easy OCR can get you covered: first, the library induces some tricks to make inference faster (e.g tighter shape of image slices for object recognition). Additionally, being modular, it is possible (currently with some code tweaking) to integrate your own models, which can be smaller and faster."}, {"type": "subtitle", "content": "Code examples"}, {"type": "sentence", "content": "So after discussing different packages and models, it's time to witness the actual results. Go to this colab notebook to try Easy OCR vs Google OCR vs Tesseract. I've chosen two images:"}, {"type": "image", "content": "https://miro.medium.com/max/822/1*GpWhAhbpKVPpjZCJpPRRvQ.png"}, {"type": "image", "content": "https://miro.medium.com/max/3200/0*qqFNoBWIG2CzIsTF"}, {"type": "sentence", "content": "One is the common OCR case, and the second one is a challenging book cover collection: many fonts, backgrounds, orientations (not so many) and so on."}, {"type": "sentence", "content": "We'll try three variants: Easy OCR, Google OCR API (which is considered best among big tech cloud APIs) and the good old Tesseract."}, {"type": "subtitle", "content": "PDF"}, {"type": "sentence", "content": "Somehow surprisingly, the best performer on PDF is the good ole' Tesseract. Google OCR on the other hand really blunders. Easy OCR is around 95% accurate."}, {"type": "subtitle", "content": "Challenging image"}, {"type": "sentence", "content": "In general, Easy OCR results were the best. specifically, the detection component caught around 80% of items, including very challenging diagonal ones."}, {"type": "sentence", "content": "Google OCR was somehow worse, around 60%."}, {"type": "sentence", "content": "In recognition, they were about on par - about 70% on character level, which made them not so good on word or book level. It seems that Google OCR wasn't 100% correct on a single book, while Easy OCR had a few."}, {"type": "sentence", "content": "One more thing I've noticed is that while Easy OCR was better on characters, google OCR was good on words - which makes me think it may be using s dictionary behind the scenes."}, {"type": "subtitle", "content": "Summary and future"}, {"type": "sentence", "content": "I hope you enjoyed this post."}, {"type": "sentence", "content": "We've seen that although a lot of work had been done, OCR suffered from the same generalization issues of deep learning, and probably will continue suffering until some paradigm change."}, {"type": "sentence", "content": "Recent Open-AI models - Clip and Dall-e, have shown some \"unsupervised\" OCR understanding"}, {"type": "sentence", "content": "In the next posts, we'll roll up our sleeves and:"}, {"type": "sentence", "content": "Stay tuned!"}, {"type": "subtitle", "content": "References:"}], "topic": "data-science", "uuid": "90f50c65f82e482eed75a738dca94ba2a1761811f00e27458553c253", "link": "https://gidishperber.medium.com/ocr-101-all-you-need-to-know-e6a5c5d5875b"}