{"title": "Master Freelance Tax Definitions", "data": [{"type": "subtitle", "content": "FREELANCE TAX GUIDE"}, {"type": "sentence", "content": "Discover some of the language used when talking about tax, including freelance tax concepts, tax types, tax forms, and more."}, {"type": "image", "content": "https://miro.medium.com/max/9792/0*jEtOCrEYyKMcxw7P"}, {"type": "sentence", "content": "Hello you lovely people, this is part of my friendly freelance guide to taxes. You can learn more about the series of guides, what they do, who they're for, and yours truly in the introduction."}, {"type": "sentence", "content": "In this part of the guide, I'll explain many of the common terms that we'll be using as I cover the various aspects of freelance taxes. It's good to get a common understanding, so that when I mention things like \"accrual accounting\" or \"standard deduction,\" you know what I'm talking about."}, {"type": "sentence", "content": "To make things a little easier, I've split the terms up into several sections:"}, {"type": "subtitle", "content": "These guides only contain general information and are not a substitute for professional advice or official sources"}, {"type": "sentence", "content": "I am not an accountant or qualified tax professional. These guides are intended only as general information, not as specific advice or recommendations. You should not rely on any of the information in these guides to make financial, tax, or other decisions. Always use official sources like the IRS website or your state's Department of Revenue to get accurate, up-to-date information."}, {"type": "sentence", "content": "You should always speak to a qualified tax professional about your unique tax circumstances. These guides only apply to freelancers filing taxes as sole-proprietors or single-member LLCs in the United States. You'll find a disclaimer at the end of this article."}, {"type": "sentence", "content": "Alright, enough dilly-dallying, let's get into it."}, {"type": "subtitle", "content": "Tax terms and concepts for freelancers"}, {"type": "sentence", "content": "These concepts are central to understanding who you file taxes with and how much you will need to pay."}, {"type": "image", "content": "https://miro.medium.com/max/1920/0*GrybH7x1hYjxrRil.jpg"}, {"type": "subtitle", "content": "Department of Revenue (State)"}, {"type": "sentence", "content": "Your state's Department of Revenue is the state government agency responsible for collecting taxes from state residents. For freelancers, that will typically be state income tax. Your tax filing software or accountant will file your state tax return with the Department of Revenue. Note that Departments of Revenue have different names in different states."}, {"type": "sentence", "content": "Here's a list of state government websites from the IRS."}, {"type": "subtitle", "content": "Filing status"}, {"type": "sentence", "content": "Your filing status will depend on your personal circumstances. There are five types of filing statuses:"}, {"type": "sentence", "content": "The filing status you use will impact how much your standard deduction is, which you deduct from your overall income to figure out your income tax."}, {"type": "subtitle", "content": "Internal Revenue Service (IRS)"}, {"type": "sentence", "content": "The IRS is the U.S. federal tax collection agency. It's responsible for collecting taxes from taxpayers like you and me. Freelancers are normally self-employed and will typically pay self-employment tax and federal income tax to the IRS. We'll report that income on a Form 1040 and attached schedules."}, {"type": "subtitle", "content": "Itemized deduction"}, {"type": "sentence", "content": "An itemized deduction means you can itemize legitimate costs and deduct them from the federal income tax that you owe. You might choose to itemize if you have large, uninsured medical or dental expenses, high amounts of mortgage interest, property taxes, or other large, itemized deductions. A couple of important points:"}, {"type": "subtitle", "content": "Qualified Business Income"}, {"type": "sentence", "content": "Qualified business income (QBI) was introduced by the Tax Cuts and Jobs Act of 2017. For freelancers, it means that 20% of your freelance business profits are deducted from your overall income for the purpose of calculating your federal taxes."}, {"type": "sentence", "content": "Note that QBI only applies up to a maximum amount earned. QBI is only applied to federal income taxes, it does not apply to self-employment taxes or state income taxes."}, {"type": "subtitle", "content": "Standard deduction (federal)"}, {"type": "sentence", "content": "The federal standard deduction is a set amount that you can deduct from your income when you're calculating your federal income tax. Your standard deduction will vary depending on your filing status. Note that the standard deduction does not affect the amount of self-employment tax that you will pay."}, {"type": "sentence", "content": "You can choose to either take the standard deduction or itemize your deductions on your tax return, not both."}, {"type": "subtitle", "content": "Standard deduction (state)"}, {"type": "sentence", "content": "Many states that charge a state income tax and you can often claim a standard deduction when you report your taxes to the state. You would take your overall income and deduct this amount to calculate your total state income taxes that are due."}, {"type": "subtitle", "content": "Tax return filing extension"}, {"type": "sentence", "content": "Tax returns are normally due by April 15. If you need more time to get your freelance taxes together, you can file an extension request with the IRS and your state's Department of Revenue. These extensions extend the deadline for filing your tax return by six months, to October 15. In almost all cases, extensions will be accepted by the IRS and your state."}, {"type": "sentence", "content": "You can request a federal tax-filing extension on Form 4868, Application for Automatic Extension of Time To File U.S. Individual Income Tax Return. Forms to extend state filing times do vary from state to state. Note that you will still owe interest on taxes from April 15, even if you file an extension."}, {"type": "sentence", "content": "You will need to file a separate extension with the IRS and your state."}, {"type": "subtitle", "content": "Types of taxes for freelancers"}, {"type": "sentence", "content": "These terms will help you understand the taxes you will need to pay."}, {"type": "image", "content": "https://miro.medium.com/max/1920/0*Zui0h9qZ2c3vOUXc.jpg"}, {"type": "subtitle", "content": "Estimated taxes"}, {"type": "sentence", "content": "Sadly, freelancers can't hold on to all of our delicious tax money until the end of the year and pay it all at once. Instead, we're expected to calculate and pay estimates taxes four times a year, on the following dates:"}, {"type": "sentence", "content": "Estimated taxes will be due to the IRS (federal income tax and self-employment tax) and to your state (state income tax.) If you expect to owe $1,000 or more in taxes, you will need to pay estimated taxes by the dates shown above."}, {"type": "sentence", "content": "You will calculate, report, and pay your estimated taxes to the IRS on a Form 1040-ES, and on a similar type of form to your state. Make sure you file and pay your estimated taxes on time, as otherwise you can get charged penalties and interest, and no-one wants that."}, {"type": "subtitle", "content": "Federal income tax"}, {"type": "sentence", "content": "Federal income tax is a tax you pay to the federal government on all of your income including your freelancer earnings. It is reported to the IRS on a Form 1040. You deduct your federal standard deduction (determined by your filing status) from your income, and will pay tax on the remainder."}, {"type": "sentence", "content": "Federal income tax is charged in bands, depending on how much you earn. Most freelancers will pay tax at a 10%, and then a 12% rate. If you're making a good income from your freelance business, then the top part of your income may be taxed at a 22% rate."}, {"type": "subtitle", "content": "Other taxes"}, {"type": "sentence", "content": "The three main types of taxes a freelance business will need to pay are federal, self-employment, and state taxes. In some cases, other taxes might be due, for example, sales taxes, local taxes, property taxes, or franchise taxes. These taxes vary between states, and are out of the scope of this guide."}, {"type": "subtitle", "content": "Self-employment tax"}, {"type": "sentence", "content": "This is a tax that self-employed freelancers pay to the IRS on the profits made by our businesses. It's charged at a rate of 15.3% and is payable on all business profits (revenue less expenses). You will need to pay estimated self-employment tax four times in a year, and any final tax owed or due to you will be reported on a Form 1040."}, {"type": "sentence", "content": "The part of the 1040 used to calculate and report self-employment tax is a Schedule SE. Self-employment tax goes towards paying for Social Security and Medicare."}, {"type": "sentence", "content": "Note that LLCs taxed as S Corporations, S Corporations, and C Corporations will be required to collect and pay a \"Payroll Tax\" which is charged at the same rate as self-employment tax. Payroll taxes are not covered in this tax guide."}, {"type": "subtitle", "content": "State income tax"}, {"type": "sentence", "content": "State income tax is a tax you pay to your state government on all of your income and earnings. It is reported to your state's Department of Revenue, and the forms used for filing do vary by state. You deduct your state standard deduction (determined by your filing status) from your income, and will pay tax on the remainder."}, {"type": "sentence", "content": "Several states do not charge state income tax, they are: Alaska, Florida, Nevada, South Dakota, Texas, Washington, and Wyoming. New Hampshire and Tennessee don't tax earned income either (including freelancing), but they do tax investment income."}, {"type": "subtitle", "content": "Tax forms for freelancers"}, {"type": "sentence", "content": "These terms will help you understand the various tax forms you use to report your freelance and other income."}, {"type": "image", "content": "https://miro.medium.com/max/1920/0*G0R6JguKjNaJi5Cs.jpg"}, {"type": "subtitle", "content": "Federal tax return"}, {"type": "sentence", "content": "Your federal tax return is a Form 1040 and associated schedules that you file with the IRS every year on or before April 15. Your federal tax return lists all of your income from all sources in the previous calendar year. Income from your freelance business will normally be reported on a Schedule C, which is filed along with your 1040. The federal tax return is used to calculate your federal income tax, self-employment tax, and other taxes depending on your circumstances."}, {"type": "subtitle", "content": "Form 1040"}, {"type": "sentence", "content": "Form 1040 is the U.S. Individual Tax Return, and is the main form we fill out to report our income to the IRS each year. The IRS uses this form to understand how much we've earned from various areas, including our freelance, self-employment income. The 1040 tells the IRS our total income, the amount of tax that we owe, and how we came to that figure. Your 1040 is created by your tax software or your accountant."}, {"type": "subtitle", "content": "Form 1040-ES"}, {"type": "sentence", "content": "Form 1040-ES is a form you use to calculate and pay estimated taxes. As a freelancer, you'll need to pay estimated taxes to the IRS four times a year, and the 1040-ES helps you work out how much you will owe. It's important to note that a 1040-ES and a 1040 are not the same thing - those crazy kids at the IRS with their slightly confusing naming conventions!"}, {"type": "sentence", "content": "Note that your state will also have a similar form that you'll use to report and pay state income tax (if your state charges it, which most do.)"}, {"type": "subtitle", "content": "Form 1040 Schedules"}, {"type": "sentence", "content": "Schedules are additional parts of a 1040 that get added to the main form, depending on certain aspects of your tax return. For freelancers, the main two schedules that will be filed along with a 1040 are your:"}, {"type": "sentence", "content": "These schedules get created by your tax software or your accountant and will be filed together with your 1040."}, {"type": "subtitle", "content": "Form 1065"}, {"type": "sentence", "content": "A Form 1065, U.S. Return of Partnership Income is a tax form that must be completed and filed by partnerships and multi-member LLCs. Speak to your accountant about completing and filing this form."}, {"type": "subtitle", "content": "Form 1099-K"}, {"type": "sentence", "content": "A Form 1099-K, Payment Card and Third Party Network Transactions, is a form you might receive if you take payments through PayPal, Stripe, or some other third-party provider. It captures the income you receive when people pay you via debit card, credit card, and other means."}, {"type": "subtitle", "content": "Form 1099-NEC"}, {"type": "sentence", "content": "A Form 1099-NEC (nonemployee compensation) is a form that businesses are required to send to the IRS if your work meets the following conditions:"}, {"type": "sentence", "content": "This means any income of $600 or more that you earned freelancing for someone else will be reported to the IRS and they will expect to see that income reported on your tax return. You will receive a copy of the 1099-NEC that you can send to your accountant or enter into your tax filing software."}, {"type": "sentence", "content": "A business gets your information to file a 1099-NEC from a W9 form that you will complete and send to them on request. Nonemployee compensation was previously reported on a 1099-Misc."}, {"type": "subtitle", "content": "Form 1120S"}, {"type": "sentence", "content": "A Form 1120S, U.S. Income Tax Return for an S Corporation is a tax form that must be completed and filed by LLCs taxed as S Corporations. Speak to your accountant about completing and filing this form."}, {"type": "subtitle", "content": "Form W-9"}, {"type": "sentence", "content": "A Form W-9, Request for Taxpayer Identification Number and Certification, is a form that you will complete and send to businesses that hire you for your freelance services. You may also need to file a W-9 with freelancing platforms, or marketplaces where you sell freelance products or services. You will include either your Social Security Number (SSN) or your Employer Identification Number (EIN) on a W-9."}, {"type": "sentence", "content": "Learn more about freelancers and Form W-9."}, {"type": "subtitle", "content": "State tax return"}, {"type": "sentence", "content": "Your state tax return is a form that you file with your state's Department of Revenue every year. Your state tax return lists all of your income from all sources in the previous calendar year, including your freelance business. The state tax return is used to calculate your state income tax. Most state tax return due dates are the same as the federal tax return due date (normally April 15). The actual form you file does vary by state."}, {"type": "subtitle", "content": "Finally, done!"}, {"type": "sentence", "content": "Phew, I think that's it, thanks for reading!"}, {"type": "sentence", "content": "In the next piece, we'll explore the various different business structures you might choose and what each one means for your taxes."}, {"type": "subtitle", "content": "About me"}, {"type": "sentence", "content": "I'm a freelance writer specializing in B2B content on business, finance, and technology. Learn more about me on my freelance writing website."}, {"type": "subtitle", "content": "Disclaimer"}, {"type": "sentence", "content": "I am not an accountant or tax professional and the information offered here is intended only as general information, not as recommendations or advice on your financial, tax, or other circumstances."}, {"type": "sentence", "content": "The information shared in these guides may not be accurate, reliable, timely, or relevant. You should not rely on these guides to make financial, tax, or similar decisions, and they are not a substitute for qualified, professional advice or information from official sources. You should always consult a qualified tax professional about your unique situation."}, {"type": "sentence", "content": "The information here only applies to freelancers in the US, paying US taxes. It also only applies to freelancers who are sole proprietors or single-member LLCs. It only covers earnings from freelancing activities and businesses, and does not take into account any other form of income that may need to be reported on a tax return."}, {"type": "sentence", "content": "Tax rules for partnerships, corporations, etc. are more complex and always require specialist, individual advice. The information shown in these guides is consolidated from common, publicly available information in January 2021."}, {"type": "sentence", "content": "If you have general questions about tax that I haven't covered in these guides, please leave a comment and I'll review it and see if I can add it. If you see any incorrect information in these guides, please let me know and I will correct it."}], "topic": "freelancing", "uuid": "9272174cbc2d4fddeff39b91236049d895f9496bba504eacbba8e6f9", "link": "https://medium.com/trust-works/freelance-tax-definitions-explained-13d0181fa9d"}