{"title": "5 Marketing Lessons From Disruptive Valentine's Day Campaigns", "data": [{"type": "image", "content": "https://miro.medium.com/max/4416/1*h7aDGztMHGDJcC2UTR-8BA.png"}, {"type": "sentence", "content": "Marketers will plan their Christmas campaigns months and months in advance, frantically working on stunts a few weeks after the rush of Black Friday."}, {"type": "sentence", "content": "Yet, there is no rest for the wicked (as they say) are they have to fully immerse themselves in subsequent New Years' campaigns."}, {"type": "sentence", "content": "Just like that, January is over, and most marketers make a staggering realisation: Valentine's Day is around the corner and a few heart-shaped graphics are not going to cut it."}, {"type": "sentence", "content": "According to Snapchat, nearly 7 in 10 Snapchatters around the world plan to celebrate Valentine's Day this year, and 63% plan on making Snapchat a part of the celebration."}, {"type": "sentence", "content": "For those celebrating, 82% will spend the day connecting with the most important people in their lives: their current partner (40% in the US and 38% in the UK and Norway), family (24% in Mexico and 20% in the US and Germany), and best friends (32% in Indonesia and 23% in Mexico)."}, {"type": "sentence", "content": "How can you then make your brand part of the conversation? This year, more than ever, consumers are not looking to be patronized."}, {"type": "subtitle", "content": "Bloom & Wild - Red Roses, it's Over (2021)"}, {"type": "sentence", "content": "Bloom & Wild's customers don't buy into cliches, so this year it isn't selling them. The brand collated data from real customers and amplified their point through an impactful campaign."}, {"type": "sentence", "content": "Based on a Bloom & Wild survey of 1,000 nationally representative UK men and women between the ages 18-64 January 2021. The brand uncovered a variety of valuable stats, including the fact that 70% of women would prefer something other than red roses on Valentine's Day."}, {"type": "sentence", "content": "This is, once again, proof that customer insights can be your best alley when shaping up a campaign."}, {"type": "subtitle", "content": "What you can learn from this campaign"}, {"type": "sentence", "content": "Don't be afraid to shape your campaign around hidden customer truths."}, {"type": "sentence", "content": "Just like Apple learned that iPhoneowners prefer to show (and take pride in) the output of their device rather than talking about the camera technology, pixels, and framerates, this year Bloom & Wild is disrupting the norm by listening to what the customers had to say."}, {"type": "subtitle", "content": "DeliverDate with Deliveroo Tinder and Wingstop (2021)"}, {"type": "image", "content": "https://miro.medium.com/max/1500/1*93KoAuOmOAa7K3g-9kPSMA.jpeg"}, {"type": "sentence", "content": "Deliveroo, Tinder and Wingstop partnered to launch a new 'DeliverDate' service just in time for Valentine's. 'DeliverDate' sees Tinder profiles of 30 local singletons printed on Wingstopchicken wing boxes, available nationwide through Deliveroo."}, {"type": "sentence", "content": "Laura Wilkinson-Rea, Director of Communications UK From Tinder says:"}, {"type": "sentence", "content": "Tinder profiles of 30 local singletons will be printed on 1,000 Wingstop chicken wing boxes, available nationwide through Deliveroo"}, {"type": "sentence", "content": "The brand used customer insights to shape the partnership, as Tinder saw an 84% increase year-on-year in Tinder Bios featuring the word \"takeaway\"."}, {"type": "sentence", "content": "Look at consumer insight as a surprising or new way to look at the problem that unlocks a creative opportunity for your marketing and message."}, {"type": "subtitle", "content": "What you can learn from this campaign"}, {"type": "sentence", "content": "By turning what would be a simple campaign into a national stunt, the brands are partnering in a unique way by creating a compelling story to engage all customers, not just the 30 people who'll be the 'faces' of the campaign. Working on creative partnerships with unexpected matches can open upa whole new audience in unexpected ways."}, {"type": "subtitle", "content": "Pip & Nut Love Lab (2020)"}, {"type": "sentence", "content": "UK nut butter brand Pip &Nut hosted a three-day pop-up in London's Shoreditch, where it ran a series of hour-long workshops."}, {"type": "sentence", "content": "People were encouraged to blend their own bespoke 'Love Lab' nut butter with a helping hand from a resident Pip & Nut 'Squirrelogist'. They could personalise their jar with a calligrapher and send a love note with Valentine's cards (free postage), the poetry wall, and optional donations to charity."}, {"type": "sentence", "content": "The campaign tapped into UGC (user-generated content) as well as getting products in the hands of the customers."}, {"type": "subtitle", "content": "What you can learn from this campaign"}, {"type": "sentence", "content": "Experiences really drive marketing, even right now, with Covid putting the brakes on experiential events. Online events and experiences can provide your audience with fun activities to do with loved ones and friends and can be a great way to send special kits to attendees to create an inclusive experience."}, {"type": "subtitle", "content": "Twitter Tweet Takeover (2020)"}, {"type": "image", "content": "https://miro.medium.com/max/3760/1*bvsUgftmv1GQjCrdT7pQeA.jpeg"}, {"type": "sentence", "content": "In 2020, Twitter took over London by challenging the norm and going against Valentine's cliche with relatable tweets from real people. The tweets took over the tube by going against the traditional Valentine's messages."}, {"type": "sentence", "content": "explained David Wilding, director of planning at Twitter UK on Valentine's campaign."}, {"type": "sentence", "content": "What I loved about this campaign is that reminds us of the power of disrupting the norm and not underestimating the importance of understanding your consumers' needs."}, {"type": "sentence", "content": "As David Ogilvy once said, \"the consumer isn't a moron. She is your wife.\""}, {"type": "subtitle", "content": "What you can learn from this campaign"}, {"type": "sentence", "content": "Honest and unfiltered marketing will stand out from the crowd. Think about ways you can change the conversation and go where other people may not feel comfortable heading with their message."}, {"type": "subtitle", "content": "The Body Shop #SharingAKiss (2018)"}, {"type": "image", "content": "https://miro.medium.com/max/2048/1*uyqbOJO3ZxBG05yfK8lJVw.png"}, {"type": "sentence", "content": "Customer-driven marketing can still be a great resource for last-minute marketing ideas on social media. Competitions, when well thought-out, can be a powerful driver (with very little setup)."}, {"type": "sentence", "content": "The Body Shop's #SendingAKiss contest used Galentine's Day as a hook by asking their Instagram followers to send in photos of themselves blowing a kiss to a friend. Every Instagram account that used the hashtag was entered into a prize draw to win the company's new range of lip balms, both for themselves and their 'Galentine'."}, {"type": "sentence", "content": "The twist here is to look at a different angle (friendship, positivity) and truly encourage users to produce most of the content."}, {"type": "subtitle", "content": "What you can learn from this campaign"}, {"type": "sentence", "content": "Word of mouth campaigns can be a real winner on social media, as they are easy to set up and execute. Altruistic competitions can be a great alternative for important dates and occasions like Valentine's and Galentine's day."}, {"type": "sentence", "content": "In 2020, the campaigns that stood out provided much-needed moments of levity and fun - aligning with why people turn to social media in the first place."}, {"type": "sentence", "content": "Data from Morning Consult shows that useful and entertaining ads are most likely to drive purchases, as consumers increasingly crave a return to normalcy."}, {"type": "sentence", "content": "In order to truly stand out with your message, this Valentine's Day, you do not necessarily need a big stunt - overall, you need to be smart and tap into your audience's needs. May these lessons be the ones you can take with you beyond Valentine's Day and into your overall strategy."}], "topic": "marketing", "uuid": "92e44b7d8d048de8ddae7216969885b8895aec699c6a6608ab46ddce", "link": "https://medium.com/better-marketing/5-marketing-lessons-from-disruptive-valentines-day-campaigns-f4bec6a49c2"}