{"title": "Using MapQuest API to Get Geo Data", "data": [{"type": "subtitle", "content": "Data Science Tricks"}, {"type": "image", "content": "https://miro.medium.com/max/6144/1*UbrLatIhT50MJDc3mqmRjQ.jpeg"}, {"type": "sentence", "content": "Knowing how to deal with geographic data is a must-have for a data scientist. In this post, we will play around with the MapQuest Search API to get zip codes from street addresses along with their corresponding latitude and longitude to boot!"}, {"type": "subtitle", "content": "The Scenario"}, {"type": "sentence", "content": "In 2019, my friends and I participated in CivTechSA Datathon. At one point in the competition, we wanted to visualize the data points and overlay them on San Antonio's map. The problem is, we had incomplete data. Surprise! All we had were a street number and a street name - no zip code, no latitude, nor longitude. We then turned to the great internet for some help."}, {"type": "sentence", "content": "We found a great API by MapQuest that will give us exactly what we needed. With just a sprinkle of Python code, we were able to accomplish our goal."}, {"type": "sentence", "content": "Today, we're going to walk through this process."}, {"type": "subtitle", "content": "The Data"}, {"type": "sentence", "content": "To follow along, you can download the data from here. Just scroll down to the bottom tab on over to the Data Catalog 2019. Look for SAWS (San Antonio Water System) as shown below."}, {"type": "image", "content": "https://miro.medium.com/max/2412/1*GAEKAEDC5g8WqfESGhj5sA.png"}, {"type": "sentence", "content": "Download the file by clicking on the link to the Excel file."}, {"type": "image", "content": "https://miro.medium.com/max/2320/1*S6O_xHbWWiq3nLlc6b2pjQ.png"}, {"type": "sentence", "content": "OR, you can click on this."}, {"type": "subtitle", "content": "MapQuest API Key"}, {"type": "sentence", "content": "Head on over to https://developer.mapquest.com/ and create an account to get a free API key."}, {"type": "image", "content": "https://miro.medium.com/max/3172/1*KynHwbXAjiUNy-TsOhnK5g.png"}, {"type": "image", "content": "https://miro.medium.com/max/3016/1*zteEt04jHT8LC6C32qpX1g.png"}, {"type": "image", "content": "https://miro.medium.com/max/3654/1*4iFWYcqUea439ZMSiEjLlA.png"}, {"type": "image", "content": "https://miro.medium.com/max/1454/1*R-H8D6WbD_kHOqv5xA5CRQ.png"}, {"type": "image", "content": "https://miro.medium.com/max/1864/1*3dpVhsw9zTk1b5W-BUCi8Q.png"}, {"type": "sentence", "content": "Copy the 'Consumer Key' and keep it in a safe place. We'll need it later."}, {"type": "subtitle", "content": "Jupyter Notebook"}, {"type": "sentence", "content": "Now, let's fire up a Jupyter notebook and get coding!"}, {"type": "sentence", "content": "For starters, let's set up the environment by doing a couple of imports."}, {"type": "sentence", "content": "Don't forget to replace the API_KEY (line#12) with your own key above."}, {"type": "sentence", "content": "Now. let's read the Excel file with a simple df = pd.read_excel()."}, {"type": "image", "content": "https://miro.medium.com/max/2784/1*i4TEim5zwDpie0_axIhqEQ.png"}, {"type": "sentence", "content": "Next, we'll combine the street number and street name columns."}, {"type": "image", "content": "https://miro.medium.com/max/680/1*AUMgHi4yXHJbfEHsC33_OQ.png"}, {"type": "sentence", "content": "The ALL CAPS hurts my eyes. Let's do something about it:"}, {"type": "image", "content": "https://miro.medium.com/max/612/1*jwuJMjDB5cWr1_hfizel8A.png"}, {"type": "sentence", "content": "Below are two functions that call the API and returns geo data."}, {"type": "sentence", "content": "We can manually call it with the line below. Don't forget to replace the '#####' with your own API key. You can use any address you want (replace spaces with a + character)."}, {"type": "sentence", "content": "But we've got many addresses, so we'll use a loop to call the API repeatedly."}, {"type": "sentence", "content": "Let's see what the result looks like:"}, {"type": "image", "content": "https://miro.medium.com/max/964/1*0-44ewmZ-KblMsE6Toph4A.png"}, {"type": "sentence", "content": "Finally, let's create a dataframe that will house the street addresses - complete with zip code, latitude, and longitude."}, {"type": "sentence", "content": "Voila! We've got ourselves geo data."}, {"type": "image", "content": "https://miro.medium.com/max/1154/1*7nUaeleJhZhixCd_MWREEA.png"}, {"type": "sentence", "content": "For extra credit, let's import the data in Tableau and get a pretty spiffy visual:"}, {"type": "image", "content": "https://miro.medium.com/max/1834/1*Pq7Y0zH2yKUwRFdSLrOVMg.png"}, {"type": "sentence", "content": "And that's it, folks!"}, {"type": "sentence", "content": "You can find the jupyter notebook here."}, {"type": "sentence", "content": "Thanks for stopping by and reading my post. Hope it was useful :-)"}, {"type": "sentence", "content": "If you want to learn more about my journey from slacker to data scientist, check out the article below:"}, {"type": "sentence", "content": "And if you're thinking about switching gears and venture into data science, start thinking about rebranding now:"}, {"type": "sentence", "content": "Stay tuned!"}, {"type": "sentence", "content": "You can reach me on Twitter or LinkedIn."}], "topic": "data-science", "uuid": "933106da2006360b327834c4fd34635cb71c553cb21a57ade9b8902a", "link": "https://towardsdatascience.com/using-mapquest-api-to-get-geo-data-a0b4375145e3"}