{"title": "How the Customer Persona framework is failing us and how to improve it", "data": [{"type": "sentence", "content": "This famous framework could sometimes lead to completely misleading and biased conclusions. In this article I propose ways in which we, designers, could use it in a more efficient and transparent way by applying a few modifications and being conscious about where we may be falling short in our decision making process."}, {"type": "sentence", "content": "In Design, there is a widely accepted framework called, \"Customer Personas\" or just \"Personas\". For those of you who aren't familiar with the term/concept, \"Personas\", Wikipedia states:"}, {"type": "image", "content": "https://miro.medium.com/max/1848/1*g3m6sy1X23NJ8JM_n345sg.jpeg"}, {"type": "sentence", "content": "Although this framework is widely used by designers around the world, some of us still believe that its use could have some negative consequences and could even have the opposite effect on the problem it came to solve in the first place. I will try to explain why I think this and also propose a couple of alternatives to, at least, solve the most relevant problems this framework has."}, {"type": "image", "content": "https://miro.medium.com/max/11542/1*2CyEIuQVzABisIaQIiDZ7w.jpeg"}, {"type": "sentence", "content": "Let me introduce you to Jorge. Jorge is 35 years old and lives in Philadelphia with his dog and his mother. He goes out every morning to grab a coffee and a blackberry muffin from his favorite place in West Philly. He likes technology, but he is not a person one would label as a \"geek\". He uses Whatsapp to communicate with his friends and family, because that is the most popular messaging platform for Latinxs. He also uses Instagram, mostly at night before bed."}, {"type": "sentence", "content": "The poor Jorgito (fun way to call Jorges in Latin America) has only one problem: he does not exist. He is a fictitious character, created by a team of designers who interviewed, researched, and built some archetypal models of their users. Jorge is not alone in this ether of nonexistent people. Designers create dozens of personas and create detailed fictional stories about them. The more \"real\" these characters appear, the better, because it helps to create a compelling story for the product being designed and presents it in a \"human-centered\" way."}, {"type": "sentence", "content": "This method is used by the design team to create some sort of empathy for Jorge, and to try and think of better solutions that consider different aspects of his routine. Remember? He liked to buy his coffee in the morning, so designers can start ideating around that: does he check the phone while waiting in line? Does he read the news, or does he prefer checking his stocks while waiting for his coffee? At first, this looks very compelling. And to be honest with you, sometimes it even helps. However, problems arise when designers start to believe in their own story too much, and they are confident enough to forget they made most of these details up."}, {"type": "sentence", "content": "To be fair, it is also necessary to mention that these Personas are not created in a vacuum. They are, if the team does the work properly, the consequence of many interviews (10-20 people), followed by synthesis sessions, in which designers start catching patterns, organizing them into clusters and drawing conclusions from what they observed. Many times, this process creates the false impression that the participants are being entirely objective. They define the average Jorge in those sessions, normally in glass-walled rooms full of post-it notes. Most decisions about how Jorge behaves, looks and acts are made then by these people in the room. Once finished, they share these Personas with the rest of the company to be praised as a source of truth of how the company's customers look like."}, {"type": "sentence", "content": "What they do not take into account is that nobody is objective. We have many unconscious biases that play a major role in how we perceive information being transmitted to us. Particularly, in those user interviews, many times we unconsciously listen to only what we want to hear, we unconsciously filter data and label actitudes or people by how they look and/or talk. All of this happens without us even noticing, and it happens to everyone, even - to a lesser extent - to the most experimented user researchers. We sieve the information the users transmit and then we write that onto post-its, and then, again, cluster it into common patterns. The more we work on this, the more personal biases we put into the process, moving us farther away from the raw data."}, {"type": "image", "content": "https://miro.medium.com/max/8064/1*KEPXa5WOUJ-z-RFUhUullw.jpeg"}, {"type": "sentence", "content": "Precisely, the problem with the Customer Personas method as it is, is that it creates people who do not exist, will never exist, and probably are not entirely representative of the users of a product. Furthermore, the method is designed to consciously exclude all the non-Jorges. Even when the team's qualitative data are supplemented with quantitative data to analyze the composition of their user base, by the time the team arbitrarily decides what Jorge's life looks like, they are killing off the hundreds or thousands of other people who are not exactly like him."}, {"type": "sentence", "content": "The more we want to humanize our Jorge, the more we stereotype him and the more we apply unconscious social mandates to him. He ends up being a representation of the team's prejudices."}, {"type": "sentence", "content": "The framework is even weaker for non-diverse teams. Our unconscious biases and prejudices are modeled by the culture and the environment in which we were raised. Being an immigrant makes me realize this even more: I do not know the tribes of the culture I'm immersed in now and many times I find myself listening to locals explain how certain groups of people dress and act in this new culture. I simply don't have that knowledge. I may have other biases, but certainly not the same as my local community."}, {"type": "sentence", "content": "Diversity kills biases and prejudices. Therefore, minority representation on teams is essential. The lack of representation on product teams created fantastic and infamous failures recently. Siri, for example, learned to tell jokes and flirt with a female voice, but didn't know what to do when the user said, \"Siri, I'm being raped\" or \"Siri, I was abused, what do I do?\" (more here). Unsurprisingly, the team responsible for designing this was predominantly male. Let's set aside the fact that we are surrounded by AI assistants with female voice presets... Apparently, tech companies could only imagine a woman complying with those tasks."}, {"type": "sentence", "content": "The truth is that no two Jorges are the same. We cannot draw conclusions about the average Jorges in 10, 20 or 50 interviews. Even more so considering that a great part of people's innermost and most personal details will remain unknown to the team. In this world there are 7.4 billion different and unrepeatable Jorges."}, {"type": "subtitle", "content": "The extreme cases"}, {"type": "sentence", "content": "At this point, I thought that not applying this framework would be better. Would it? It is true, at the same time, that having a visible idea of our users is necessary when designing."}, {"type": "sentence", "content": "A couple of years ago, I saw something that the company OXO had on one of their walls. Yes, the company that designs kitchen utensils and tools."}, {"type": "sentence", "content": "The jump to fame for this company was thanks to their famous potato peeler. You probably have already heard this story, but just in case, here it is again. OXO's founder, Sam Farber, had a wife (Betsy) who suffered from arthritis. Every time she peeled potatoes, she suffered terrible pain because the grip of the old peelers was thin, metallic and very difficult to handle. Both worked together to design a better peeler with a wider, much gentler grip for the hand, which made Betsy much happier. What's interesting is that this design not only worked for Betsy and others who had arthritis, but people with 'healthy' hands, also benefited from this new grip and preferred this new design over the old-metallic one. Such a simple design, so massive (less than $10), earned OXO international recognition, awards, and even a presence at the best industrial design shows in the world (at MoMa, for example). More about OXO's history here."}, {"type": "image", "content": "https://miro.medium.com/max/2048/1*zb4owYtbOvalDi2dXI2kLQ.jpeg"}, {"type": "sentence", "content": "The intriguing thing about this story is that if Sam and Betsy had used the Personas framework (should we call it 'average persona' instead?), they probably would not have come up with such an inclusive solution as they did: Jorges do not suffer extreme pain when peeling potatoes."}, {"type": "sentence", "content": "Designing for average is designing for no one and in some cases, this generalization can even have tragic consequences. For example, until not so long ago, women were much more likely to die in a car accident because manufacturers (with mostly male design teams) would conduct crash-tests and design dummies to fit a male average height and weight. When considering averages for designing, we are designing for those who fall into that average; most likely, no one (Some interesting cases of this here and here)."}, {"type": "sentence", "content": "So, how do we design inclusive, non-average solutions then? And most importantly, how do we avoid the downsides of the Personas framework? The Microsoft Design team proposed a very interesting methodology: to design for the extreme real cases and then adapt the solution to the mainstream users. Designers should not focus on the averages (or the false 80/20), but on the most difficult cases to solve: users with the most difficulties to perform a certain task. Most likely, what works for the former would work for the latter as well."}, {"type": "sentence", "content": "This method would not base its studies on imaginary people created by a design team. They would be real people, with real names, real lives and real routines. There are hundreds of organizations and groups that classify people with different types of disabilities and characteristics and contacting them should not be difficult. Making them a part of the design process, testing and iterating with them (and not for them) is infinitely more valuable than creating a fake person, googling a stock photo and sticking it on a wall."}, {"type": "subtitle", "content": "Abstraction as a tool to bring the solution to the mainstream market."}, {"type": "sentence", "content": "Okay, we know where to start. Now, how do we extrapolate the observations and insights to mainstream users?"}, {"type": "sentence", "content": "I recently saw that OXO has a wall full of hanging gloves. See the relationship? The image seemed super powerful to me: just by looking at those empty gloves, I was able to recreate infinite stories in my head for each one of them. I could imagine who was wearing the gloves, and in which circumstances. I could even feel like I was a carpenter when I stared at one of the wood working gloves for a while. My imagination was triggered."}, {"type": "image", "content": "https://miro.medium.com/max/3000/1*mKK2cirLTv4PzAtuJU3ksA.jpeg"}, {"type": "sentence", "content": "The level of abstraction of each one of these elements is the key. Providing just the right amount of information lets your mind wander freely, and allows your brain to even complement the information with smells and even more comprehensive sensations. We vividly recall moments in which we saw that object and revive the feelings we had."}, {"type": "sentence", "content": "Let's now compare and contrast this with our Persona. We have all the details of Jorge's life, which allows us to set the team and company on the same page, but... do we really empathize with him? Is that persona making us feel anything when we read his story? Everything is pretty much assembled, so there's no opportunity for us to imagine anything different to what is there. But, since not two individuals are the same in this world, shouldn't we facilitate people to imagine other versions of him and moreover, link this persona to a real person you've met in the past, or a situation you can recall vividly in order to better relate what it's like to be him?"}, {"type": "sentence", "content": "Coworkers may see the same glove and imagine, or remember, another person and they are all still valid because they all use OXO utensils, although in different kitchens, with different families. But the fantastic thing about this is by creating these implicit personas, when counting with a diverse team, embraces differences and heterogeneity. Each persona we create in our minds is unique and driven by our own experiences, therefore the importance of a diverse team, and using this method embraces that. It's all about choosing the right glove for the product we are designing, an object that has the ability to trigger this effect in our teams' minds. Then, setting the broadest limits possible to allow abstraction to happen within loosely constrained boundaries."}, {"type": "sentence", "content": "I see some similarities between this and mindfulness that I would like to explore further. Perhaps, we could go a step further and create \"abstraction corners\", in which the team has these items hanging on the walls for them to just go there, sit and let their imagination run wild."}, {"type": "subtitle", "content": "In short"}, {"type": "sentence", "content": "The Customer Persona method has, in my opinion, problems that can jeopardize its effectiveness when designing products. It could be improved by taking into account the following points:"}, {"type": "sentence", "content": "Thank you for reading \ud83e\udd17"}], "topic": "design", "uuid": "95022f47a9d89a52cca8e90fff84205d4eb5b0b8fc0d23406f612405", "link": "https://medium.com/design-bootcamp/revisiting-customer-personas-27b22729d1fa"}