{"title": "How Being Prolific Made Picasso, Bach, and Godin So Successful", "data": [{"type": "image", "content": "https://miro.medium.com/max/1482/1*m9iNHEAg6jsVcjQ2jBlRWQ.jpeg"}, {"type": "sentence", "content": "What do Seth Godin, Pablo Picasso, and Johann Sebastian Bach all have in common? Yes, they're all uber-successful. But they're also all extremely prolific."}, {"type": "sentence", "content": "Seth Godin, for example, has authored 20+ books in his life, all of which have been bestsellers. And despite his busy schedule, he's still been able to find time to write one new blog post a day for the last 10+ years."}, {"type": "sentence", "content": "The great artist Pablo Picasso has been estimated to have created somewhere between 50,000 and 100,000 works of art in his lifetime. That's around 1-3 new works of art a day."}, {"type": "sentence", "content": "Similarly, composer Johann Sebastian Bach composed over 1,000 pieces of music. At his peak, Bach produced at least one new song a day."}, {"type": "sentence", "content": "In the book \"Originals,\" Wharton professor Adam Grant says that in order to be a successful radical such as Godin, Picasso, or Bach, you have to be prolific."}, {"type": "sentence", "content": "Unfortunately, most people are scared to be prolific because they're scared to be imperfect. Rather than put themselves out there, they'd rather spend years fine-tuning their ideas. But this strategy is a mistake."}, {"type": "sentence", "content": "This is what Godin, Picasso, and Bach avoided. Instead, they focused on being prolific. And so should you."}, {"type": "subtitle", "content": "If You Want Quality, Then You Need Quantity"}, {"type": "sentence", "content": "Now, you might be thinking that there's a trade-off between quality and quantity. That in order to do truly 'great work,' you can't do very much of it. But this just isn't true."}, {"type": "sentence", "content": "In Originals, Adam Grant says,"}, {"type": "sentence", "content": "This is exactly what professor Jerry Uelsmann noticed while teaching his photography class at the University of Florida. On the first day of class, Uelsmann divided his film photography students into 2 groups."}, {"type": "sentence", "content": "Everyone on the left side of the classroom, he explained, would be in the \"quantity\" group. They would be graded solely on the amount of work they produced. If a student submitted over 100 photos, they would get an A in the class."}, {"type": "sentence", "content": "Meanwhile, everyone on the right side of the room would be in the \"quality\" group. They would be graded only on the excellence of their work. They would only need to produce one photo during the semester, but in order to get an A, it had to be a nearly perfect image."}, {"type": "sentence", "content": "Interestingly, however, at the end of the semester, Uelsmann was surprised to find that all the best photos were produced by the \"quantity\" group."}, {"type": "sentence", "content": "How did this happen? It's simple. During the semester, the \"quantity\" students were busy taking hundreds of photos, experimenting with composition and lighting, testing out various methods in the darkroom, and learning from their mistakes. As a result, they were able to hone their skills."}, {"type": "sentence", "content": "The students in the \"quality\" group, on the other hand, didn't do any of this. Instead, they just student sat around speculating about perfection. In the end, they had little to show for their efforts other than one mediocre photo."}, {"type": "sentence", "content": "Therefore, if you want to create work that is great, then you have to be prolific and not worry about whether or not your work comes out perfect."}, {"type": "sentence", "content": "Over time, this will make you a better writer, film producer, or painter because creating a lot of work will provide you with a lot of feedback. This will allow you to learn from your mistakes, which in turn will allow you to get even closer to 'perfection.'"}, {"type": "subtitle", "content": "Don't Judge What You Think Is Quality, Just Create"}, {"type": "sentence", "content": "Highly successful individuals such as Seth Godin, Picasso, and Bach are not reliable creators of great work. In other words, they don't always consistently create work that is great."}, {"type": "sentence", "content": "Seth Godin, for example, has once said that over 50% of his posts are average. As stated earlier, Picasso created over 50,000 works of art in his life. However, Picasso is only known for about 10 pieces of art. Similarly, among the 50 greatest pieces of music ever created, 3 belong to Bach. But in order to create those 3, Bach had to write over 1000 songs."}, {"type": "sentence", "content": "Not everything Picasso, Bach, and Godin created was innovative and revolutionary. But here's the even more interesting thing: Godin, Picasso, and Bach had no idea which one of their works were going to succeed and which ones would fail."}, {"type": "sentence", "content": "None."}, {"type": "sentence", "content": "According to Professor Dean Simonton, a psychologist who's spent many years studying creative productivity, he says,"}, {"type": "sentence", "content": "In fact, most of their works were misses. Oftentimes, we tend to think that people who are successful have somehow cracked the code to success. That everything they create is going to be a hit. But this just isn't true. Successful people are just as clueless as the rest of us."}, {"type": "sentence", "content": "But then why are they so successful? Easy. Because they keep creating."}, {"type": "sentence", "content": "In the book \"Maximize Your Potential,\" author Jocelyn K. Glei says,"}, {"type": "sentence", "content": "In other words, highly successful people have increased their chances of succeeding simply by producing a lot of work."}, {"type": "sentence", "content": "Therefore, in order to create a few masterpieces of your own, you need to be willing to create a lot of garbage along the way."}, {"type": "sentence", "content": "So whether you're a writer, an artist, or an ad exec, it's going to be extremely difficult for you to predict what is going to be successful and what isn't. I mean, if Picasso and Bach couldn't predict which of their works were going to succeed and which ones were going to fail, then you probably won't be the one who will be able to decide which of your ideas are going to succeed or fail either. Because of this, you always have to keep trying because the more times you try, the more likely that you will create successful designs, start-ups, or pieces of art."}, {"type": "sentence", "content": "In an increasingly unpredictable world, you have to leverage the statistical advantage of randomness by producing a lot of work."}, {"type": "subtitle", "content": "Start Being Prolific"}, {"type": "sentence", "content": "Oftentimes, when we think of successful geniuses, we tend to think of them as some amazing human-being who possesses some magical ability."}, {"type": "sentence", "content": "But successful geniuses like Bach, Godin, and Picasso aren't born geniuses at all. Instead, successful geniuses are just average people who have chosen to be highly prolific."}, {"type": "sentence", "content": "Simonton says,"}, {"type": "sentence", "content": "In other words, being prolific is what makes Godin, Picasso, and Bach so successful, not their innate talent."}, {"type": "sentence", "content": "So whatever your field of work is, start creating and make sure you create a lot. When you create regularly, success will strike regularly."}, {"type": "subtitle", "content": "Connect Deeper"}, {"type": "sentence", "content": "If you resonated with this article then join thousands of others who have subscribed to my book club where I talk about the best ideas from the books I read."}], "topic": "productivity", "uuid": "971bc589f6480be3ef85329ec6ef6e610cca2f5eba5455655b807fd3", "link": "https://medium.com/mind-cafe/how-being-prolific-made-picasso-bach-and-godin-so-successful-5b6da7b76a47"}