{"title": "What impact will Facebook's new data cable project have in Southern Africa?", "data": [{"type": "subtitle", "content": "Catching up with Southern Africa \ud83c\udf0d"}, {"type": "sentence", "content": "Facebook alongside partners such as China Mobile International, MTN GlobalConnect, Orange, Telecom Egypt, Vodafone and the West Indian Ocean Cable Company (WIOCC) recently announced the 2Africa project. The 2Africa project is expected to be one of the largest submarine cables in the world, linking up both West and East Africa, and will connect around 23 countries, starting with the UK and ending in Spain. In the countries where the 2Africa lands, service providers will obtain capacity in carrier-neutral data centres and have access to cable landing stations."}, {"type": "image", "content": "https://miro.medium.com/max/1830/0*c-s6FWX8eMgxcZuW"}, {"type": "sentence", "content": "From the nations in the Southern African Development Community, this project will see links to South Africa \ud83c\uddff\ud83c\udde6, Tanzania \ud83c\uddf9\ud83c\uddff, Mozambique \ud83c\uddf2\ud83c\uddff, the Democratic Republic of Congo \ud83c\udde8\ud83c\udde9 and Madagascar \ud83c\uddf2\ud83c\uddec gain access to the new data link and for these economies, it will be a much-needed boost post-COVID-19."}, {"type": "sentence", "content": "As we start looking at the future post-COVID-19, we can already tell that businesses who are able to invest in remote solutions will prosper in this new world. For African businesses, this has been a challenge as often, employees may not have access to a suitable internet connection at home. And often, informal markets in Africa do not rely on the internet. SMS has always been king in terms of mobile money technology but with investment in infrastructure to support network connectivity, we could start seeing a shift in internet penetration levels and also more Governments pushing for a shift in digital strategy. Telecommunication technology is the clear winner in infrastructure platforms that can spearhead Africas leading emerging economies. For countries such as Zimbabwe who are not geographically blessed and are landlocked, it also creates initiatives for more investment in telecommunication hubs connecting border towns with infrastructure from neighbouring SADC countries. Being landlocked is a major reason why 16 of the world's 31 landlocked developing countries are among the poorest in the world, say three World Bank economists working on trade logistics issues."}, {"type": "subtitle", "content": "Data is the new oil \ud83d\udee2\ud83d\ude46\ud83c\udffe\u200d\u2642\ufe0f"}, {"type": "sentence", "content": "Communication is key and with more than half of global population growth between now and 2050 expected to occur in Africa according to the United Nations, mobile networks will be the bridge to connect the continent. But with that connectivity also comes new data points but currently, Africa does not have the underlying infrastructure to support this. With countries such as Zimbabwe holding the unfortunate title of having the most expensive data bundles in the world as of 2019, more will need to be done to ensure data is accessible, this includes pricing as well as signal strength by consistent investment in telecommunications infrastructure. Africans are entrepreneurs and will innovate! As we start navigating to life with more services being offered remotely, this will also create opportunities for the Diaspora to start investing in Africa with ease. But it's not only the diaspora looking to invest in Africa."}, {"type": "image", "content": "https://miro.medium.com/max/2048/0*lATTKkjgBVwP4r2D.jpg"}, {"type": "sentence", "content": "Google, Microsoft, Facebook and Amazon now own or lease nearly half of the undersea bandwidth, according to Washington-based research firm TeleGeography. Google alone has backed at least 14 cables globally. And with Google offering Cloud services via GCP, Amazon via AWS and Microsoft via Azure, it will be no surprise in the next 10 years to start seeing more data regions being available in Africa. Chinese companies such as Huawei have already started investing heavily with telecommunication projects in Africa. Huawei completed a 3,750-mile cable between Brazil and Cameroon in late 2018, and last year began work on a 7,500-mile cable connecting Europe, Asia and Africa."}, {"type": "subtitle", "content": "Will this see an increase in data centre regions in Africa?"}, {"type": "sentence", "content": "Data centres are yet to really take off in Africa. More work and investment needs to be done to offer competitive markets or at least some type of diversity is needed for both electricity and fibre connectivity. This is often seen as one of the main stumbling blocks. Often geography plays a part, Microsoft Azure set up data centres to the coastal city of Cape Town with another opening soon after in Johannesburg in 2019. Huawei of China also currently has plans to open two South African data centres in with Cape Town being touted as a possible location. AWS from Amazon in April 2020 started data centre operations in Cape Town. It will not be surprising to see Facebook also adopt this strategy upon completion of the 2Africa project. Often businesses in Africa looking to adopt cloud strategies often faced higher costs due to multinational cloud offering having data centre regions outside of Africa, but this is soon to change. This isn't just a problem for countries in the SADC region, low broadband penetration and poor latency remains a significant challenge for many African entities."}, {"type": "subtitle", "content": "What next for Southern Africa?"}, {"type": "sentence", "content": "In May 2020, the African Continental Free Trade Area (AfCFTA) Secretary-General, Wemkele Mene announced the postponement of the commencement of trade under the AfCFTA. Commencement of trading under the AfCFTA was initially slated for 1 July 2020 (AfCFTA Trading Date). With no new AfCFTA Trading Date announced, it is important to consider what the postponement means for Southern Africa in light of the pandemic and the objectives of the AfCFTA. Investment in infrastructure must continue, connecting Southern African Countries by road, establishing trade routes and ensuring safe borders suitable for trade must remain the focus of the SADC Secretariat. Collaboration between carriers and telecommunication companies across borders will also help this transition ensuring no nation is left behind."}, {"type": "sentence", "content": "The new data pipeline from Facebook is not the first and it most definitely will not be the last. Africa's digital revolution is on the way!"}, {"type": "sentence", "content": "By Stephen Chapendama"}], "topic": "economy", "uuid": "2a510e728d19006b75ec9e404bba074398fe51c66f463125c88e10fd", "link": "https://towardsdatascience.com/what-impact-will-facebooks-new-data-cable-project-have-in-southern-africa-21fd3912f9ea"}