{"title": "The Scientific Sorcery of Radiocarbon Dating", "data": [{"type": "subtitle", "content": "An archaeologist explains why figuring out how old something is harder than you realize. Consider the amazing technology of radiocarbon dating."}, {"type": "sentence", "content": "Several years ago, I went back to Chicago to see some old friends: artifacts, really - ancient sandals to be precise."}], "topic": "science", "uuid": "b8fa9a5b292480f334779140a90c35191fda56e00b9271cd34c7aa83", "link": "https://medium.com/sapiens-org/the-scientific-sorcery-of-radiocarbon-dating-ea73d3b4b2b"}