{"title": "Inspiring Quotes By 7 Physicists That Aren't Albert Einstein", "data": [{"type": "sentence", "content": "Everyone knows famous quotes by Einstein that grant a lot of insights into his miraculous mind. And just in case you haven't had the opportunity to read any of his works, you might want to take a look at the following excerpt:"}, {"type": "sentence", "content": "Albert Einstein (1879-1955) is a master in so many fields, and analyzing his quotes is a beautiful task on its own."}, {"type": "sentence", "content": "Thus, the world has physicists that also delivered valuable views on the planet. And they either lived long before Einstein or are colleagues in mind."}, {"type": "sentence", "content": "The following quotes offer you the chance to reflect on your thoughts, and besides, shatter the belief systems of your audience."}, {"type": "subtitle", "content": "#1 Isaac Newton"}, {"type": "sentence", "content": "No great enumeration of physicists can call itself great if I don't mention Isaac Newton (1642-1726)."}, {"type": "sentence", "content": "And this quote is essential as it gives credit to all the predecessors in a specific field:"}, {"type": "sentence", "content": "Please keep in mind that Newton's quote achieves a form of humbleness that, in reality, was not his most prominent quality. Newton used this quote in a letter to Robert Hooke, another expert in the field of optics."}, {"type": "sentence", "content": "Isaac Newton believes that Hooke was more like a dwarf in the respective science-field."}, {"type": "sentence", "content": "Newton was intensely jealous and could not have enough attention to all his achievements."}, {"type": "sentence", "content": "Nevertheless, you can use this quote if you:"}, {"type": "subtitle", "content": "#2 Alexander von Humboldt"}, {"type": "sentence", "content": "Friedrich Wilhelm Heinrich Alexander von Humboldt (1769-1859) was a Prussian polymath."}, {"type": "sentence", "content": "With his work \"Kosmos\" (German for cosmos=universe), he laid the foundation for a unification of the diverse branches of science and culture. It also contributed to developing a unifying explanation of everything - the universe as one interacting entity."}, {"type": "sentence", "content": "In his five years of traveling extensively in the Americas, he explored and described them through the eyes of a scientist:"}, {"type": "sentence", "content": "And this quote has its brilliance as it explains the growth in everyone's life. Besides, it shows that we should not rest ourselves on past achievements as we:"}, {"type": "subtitle", "content": "#3 Wernher von Braun"}, {"type": "sentence", "content": "Wernher von Braun (1912-1977) might be the most controversial person on this list. He was first the leading engineer for the Nazi Germany rocket program, and afterward a pioneer for space technology in the United States:"}, {"type": "sentence", "content": "And this first quote gives kudos to all large projects as it highlights the bureaucracy involved. Sometimes bureaucracy is so overwhelming that the original goal is not visible anymore."}, {"type": "sentence", "content": "Quite interesting is the next quote, especially considering that Wernher von Braun used it:"}, {"type": "sentence", "content": "It is needless to say that von Braun played a significant factor in the space program, but one shall never forget where he started his career. And just like he said: science is like a knife. Let us hope that future scientists remember this quote because massive changes are waiting for humans if you look at virtual reality, crypto-currencies, or alike."}, {"type": "subtitle", "content": "#4 Marie Curie"}, {"type": "sentence", "content": "Marie Curie (1867-1934) is the first female Nobel Prize winner and the only one who won the Nobel Prize in two scientific fields."}, {"type": "sentence", "content": "She coined the term radioactivity and received her first Nobel Prize (together with her husband) to pioneer this field. She got her second Nobel Prize for the discovery of polonium and radium. The first element might have gained notoriety as it was the poison for Alexander Litvinenko."}, {"type": "sentence", "content": "And she lived her life like the child in her first quote:"}, {"type": "sentence", "content": "Sadly, she died due to aplastic anemia. It is a direct result of her radiation exposure. Even though she did not fear anything as she was a master in almost any field."}, {"type": "sentence", "content": "Just think about the small terrestrial beings around you. They conquer the world with fresh minds, virgin eyes, and don't fear anything."}, {"type": "sentence", "content": "They enjoy the experience itself - something that we should try more often."}, {"type": "subtitle", "content": "#5 Max Planck"}, {"type": "sentence", "content": "Born in 1858, Max Planch is another recipient of the Nobel Prize in Physics. He got it for his discovery of energy quanta in 1918."}, {"type": "sentence", "content": "His main contributions towards theoretical physics are enormous but fall short compared to his role as the originator of quantum theory."}, {"type": "sentence", "content": "Besides his significant triumphs in the world of physics, he loved quotes almost as much as Einstein did. My favorite does not only cover his territory of physics but the understanding of the world itself:"}, {"type": "sentence", "content": "As with all lies, the truth will come out one day. And their enemies will not have the chance to hold up the lies. You can find examples for it in history and current developments."}, {"type": "subtitle", "content": "#6 Galileo Galilei"}, {"type": "sentence", "content": "Born in 1564, almost no other ancient person received so many superlatives for his work. Known as the \"father of modern physics\", he explored or combined fields that shattered the belief systems at that time."}, {"type": "sentence", "content": "He even argued with the pope (using his Dialogue Concerning the Two Chief World Systems in 1632). He was tried by the Inquisition and spent the rest of his life under house arrest."}, {"type": "sentence", "content": "If a person is mindful enough and firm in his beliefs, you can expect brilliant quotes. The best one might be the following:"}, {"type": "sentence", "content": "Before Kant's \"Sapere Aude,\" - Galilei used this quote to say the same. He reminds us to:"}, {"type": "subtitle", "content": "#7 Aristotle"}, {"type": "sentence", "content": "Aristotle (384-322 BC) was a great philosopher and wrote on physics, among other subjects. And set the base for many scientists afterward."}, {"type": "sentence", "content": "Especially for Western societies, you cannot ignore his influence on knowledge, problems, and inquiries."}, {"type": "sentence", "content": "And one of my favorite quotes by him is used frequently even today:"}, {"type": "sentence", "content": "\"Stay hungry, stay foolish\" is somehow the new interpretation by Steve Jobs that leads in the same direction."}, {"type": "sentence", "content": "It is great to play around with ideas, and nobody should take this ability (\"to be a bit crazy\") away from you - if everyone looks in the same direction, you won't find new paths."}, {"type": "subtitle", "content": "On-going thoughts"}, {"type": "sentence", "content": "As with all great literature, the real power lies in the application of the newly obtained wisdom. Some quotes date back more than 2300 years and are still valid today."}, {"type": "sentence", "content": "Sometimes, it is worth looking deeper into subjects as Einstein was not the only genius on the planet. I wish you great fun in exploring the world without focusing on the prominent parts. The beauty sometimes lies hidden (in history)."}, {"type": "sentence", "content": "And as always - please enjoy the ride!"}, {"type": "sentence", "content": "If you want to join the ride - please subscribe to my newsletter on substack!"}], "topic": "science", "uuid": "02449a4aafb327f7ad181237501b172ae563081ca0e4f06f30e686d8", "link": "https://medium.com/change-your-mind/inspiring-quotes-by-7-physicists-that-arent-albert-einstein-e2b7bd60cf17"}