{"title": "Everyone Should Have Equal Say in How Monetary Values Are Distributed", "data": [{"type": "image", "content": "https://miro.medium.com/max/6830/0*Z1pAPj6P9hI4Ds2g"}, {"type": "sentence", "content": "As kids, we all probably exchanged one thing for another thing that we thought was more valuable to us than what we had at that particular time; I, in particular, exchanged toys that I didn't like or I have gotten tired of. What we didn't know at that time was that whatever we exchanged with/for, can be also referred to as money, mostly due to the fact that we knew the recognized fiat currencies, and they were definitely weren't toys."}, {"type": "sentence", "content": "The first point is, money in itself has no value, the value is dependent on the importance you and I place on it; if we decide that the dollar is not important and we cannot use it for transactions, then it cannot be called money. The evolution of money is also very symbolic; it signifies that money in itself can change and we must be open to such changes. At first, people bartered - exchanging one valuable item for another corresponding one of similar value, people exchanged silk, salt, metals, etc."}, {"type": "sentence", "content": "However, it became increasingly necessary to have a unified measuring system for ensuring no one was cheated by barter, hence the introduction of metal coins, gold, paper currency, and the likes that exist now."}, {"type": "subtitle", "content": "Despite this, money remains the root of all evil; it has become a commodity that has been MONOPOLIZED BY A FEW for selfish reasons by leveraging on many systemic forms of oppressive structures."}, {"type": "sentence", "content": "Money, like air or water, is necessary for human sustenance. But unlike air and water that occurs freely in nature, money is a human invention. And it is the few elites that are in charge of this invention process that controls the distribution of this vital human good, which is to some certain extent wrong."}, {"type": "sentence", "content": "Thomas H. Greco said in his 2018 paper, it is those who control the creation and allocation of money that are able to control every other aspect of our society. The greatest incentive for anyone to do anything is money. The few elites know this. Control money, finance, and the banking system and you can control almost every other aspect of human life. And this is why these elites have labored to consolidate their grip on the monetary system."}, {"type": "sentence", "content": "However, like every other thing in this ever-dynamic world, money has continuously been evolving and improving and two critical drivers in the evolution of money are the speed of transactions and the necessity to meet the population or corresponding evolving lifestyle."}, {"type": "sentence", "content": "The currency for any era was one that people always felt would make transactions faster as everyone already knows the value of every currency to be spent, and with regards to speed and productivity, technology(automation) has always been the driver of productivity and speed."}, {"type": "sentence", "content": "The same applies to money, not only did the currencies evolved, but the processes involved in producing them also evolved to keep up; presently paper notes are being minted. Humans may identify problems but to optimize solutions, technology remains the best tool; automation is the major contributor to human advancement in every sphere of life."}, {"type": "sentence", "content": "Firstly, automation speeds up processes, it reduces/removes errors and consequently increases productivity. However, one thing about technology is that as it evolves, it also changes 'face' or platforms. And the present face of technology is the internet. The internet is the platform by which almost every advancement in technology is built on."}, {"type": "sentence", "content": "Consequently, the internet has also caused a shift in the lifestyle and culture of people. These days everyone prefers anything digital or online; the number of digital solutions and innovations across industries is endless. And no statement best describes this than that of famous Silicon Valley investor and Entrepreneur, Naval Ranvikant."}, {"type": "sentence", "content": "It's no surprise that money has followed suit, with fin-tech one of the most profitable and scalable industries in the world; the fin-tech space has seen a lot of innovation crop up like USSD, mobile banking, tokens, credit cards, financial APIs, and other forms of digital payment and financial solutions."}, {"type": "sentence", "content": "However, the internet has actually failed to fulfill the initial purpose of its creation. The internet was created to be a decentralized system that gave everyone equal access and control. The reverse has actually been the case with the internet and its derivatives now monopolized and its control skewed on different levels."}, {"type": "sentence", "content": "Many people complain that they don't see Instagram posts by their friends and families any longer because the paid adverts are more prioritized by the Instagram algorithm. And a lot of the super and widely used app is being developed in a few selected places like silicon valley due to concentration of talents."}, {"type": "sentence", "content": "The Ponzi like institutionalized VC mechanism in these tech hubs(cities); emerging markets like Africa can barely produce a solution that can compete globally due to systemic market entry barriers. And they have to settle for titles like \"The Facebook of Africa\", for their digital products; data privacy and infringement is now a big problem as complaints of data privacy infringement keeps increasing and a lot of people contemplating boycotting certain services in order to maintain their privacy and safety."}, {"type": "subtitle", "content": "The next question is, what is the way forward?"}, {"type": "sentence", "content": "This question is a two-way one because of the two major factors at play here: money and technology (the internet). The solution or attempted solution for a better money system must also take into consideration the dynamism and importance of technology."}, {"type": "sentence", "content": "Hence, the proposed solution in this article is in one sense realistic, well-thought-out but in some other ways also hypothetical and predictive; I acknowledge the constant innovation the internet keeps undergoing and that we can only make predictions about what forms of innovation will crop up in the future around it."}, {"type": "sentence", "content": "In view of this, I identified some major factors that simultaneously affect the improvement of money and the internet respectively. So what are these three key factors that can really provide the money system that we crave for and still be in line with the advancement of mankind in the field of technology ensuring that our money system is not backward?"}, {"type": "sentence", "content": "These three factors are the security of the money, the reach of the money, and the access to the money."}, {"type": "sentence", "content": "Before I tackle each highlighted factor in the previous paragraph, it is pertinent that I first lay a necessary groundwork for any of the proposed solutions to work; centralization remains the major driver of the present money and internet problems; the continual existence of powerful financial and technology gatekeepers will make any proposed efforts to satisfactorily improve the distribution of money, futile."}, {"type": "sentence", "content": "For us to give everyone equal access and influence on money, we need not necessarily tear down already existing centralized financial institutions, we however must totally decentralize the financial system and give every individual autonomy."}, {"type": "sentence", "content": "Hence, the money system that will be able to actualize the benefits to be highlighted in this article, must be one that is decentralized."}, {"type": "sentence", "content": "DeFi (Decentralized Finance) immediately comes to mind with respect to the last sentence, but that's not the point here; this is not an article on the benefits of the present features of DeFi; as I have stated before, technological innovation is something that is hard to predict, so Blockchain may not even be at the heart of the solution that I am even proposing, however, the core concept of Blockchain is decentralization which means we will constantly refer to Blockchain for illustration, simply think of it as me using something you are aware of, to prove a point about what would most likely work in the future."}, {"type": "subtitle", "content": "The Security of the Money"}, {"type": "sentence", "content": "Are our monies really safe? I know a few people who refuse to use the ATM or conduct any online transaction and will always visit the bank physically or pay for services in cash always, yes, here in Africa. The reality is their money is most likely safer than ours, especially with the recent increase in cybercrimes, internet fraud, and data privacy infringement."}, {"type": "sentence", "content": "However, as I said before, it is not possible to have a financial system that is moving in the opposite direction; the whole world is going digital, imagine if everyone had to behave like these people who insist on doing every transaction offline?"}, {"type": "sentence", "content": "Imagine how slow and tiring economic activities would be if despite all the digital mechanisms our finances and payments still all have to be offline all in the name of financial security and data privacy."}, {"type": "sentence", "content": "Hence, it is the duty of the financial system to find a way to keep up with human advancement and simultaneously ensure security. Presently Blockchain is the only system that can guarantee absolute security and autonomy at the same time for every individual; with Blockchain every individual data is secured."}, {"type": "sentence", "content": "Blockchain technology is presently the most secure and transparent technology in the world because it stores data in several databases by using peer-peer nodes thus by-passing any central authority by giving every user absolute autonomy."}, {"type": "sentence", "content": "The technology is at the backbone of digital currency and can be applied to various aspects of online transactions and dealings like identity management."}, {"type": "sentence", "content": "By securing the data of every individual, you take away the risks and unethical consequences of money; internet fraud will be absent in an internet that is completely built on a decentralized system like Blockchain."}, {"type": "sentence", "content": "This potentially creates a world where every individual in the internet space will look for ways to uniquely create value for other people, which is exactly what the internet was designed to be."}, {"type": "sentence", "content": "The inability of anyone to exploit the data of others also levels the playing ground and ensures that value creation is the engine that drives innovation. These positive ethical and systemic effects of a secure internet and financial system means we may begin to see more ethical expression and manifestation of money that we hope for."}, {"type": "sentence", "content": "Furthermore, apart from the issue of data privacy, we need to ask ourselves this question again. Is our money really safe? In the current monetary system, the safest place to put your money is in the bank. Whilst this reduces or completely eliminates the danger of someone stealing your money or even wastefully spending it, it leaves savers vulnerable to inflation. If you put $10,000 dollars in your bank, inflation means when you go back to withdraw the money the $10,000 you will be taking home worths less than the $10,000 you put in."}, {"type": "sentence", "content": "Another thing is this, your bank might not be able to return your saved money if, for example, many other depositors get in line before you. This is because banks usually loan out as much as 90% of their total deposits. So when depositors come in simultaneously requesting their money, the banks would most likely not be able to provide it."}, {"type": "subtitle", "content": "The Control of the Money"}, {"type": "sentence", "content": "As much as every currency is being influenced by the market forces of demand and supply, there still exists systemic barriers that favor some people than others; a selected few continue to benefit from systemic financial or market barriers, especially the upper class."}, {"type": "sentence", "content": "Take for example the respective experience a rich and average business owner has when trying to process a loan from a conventional bank; someone summarized it with the following statement:"}, {"type": "sentence", "content": "What this statement points to is the collateral system involved in getting a loan and how an average business owner will struggle to get a loan for his/her business which has made many SMEs fail, while on the other hand, we have even heard cases of some banks that went bankrupt because they failed to ask for collateral all just to make sure that their rich customer has a \"smooth service\"."}, {"type": "sentence", "content": "Obviously, the internet with the help of Fin-tech platforms have tried to considerably close this gap (another testament to why the internet has been a significant driver of financial inclusion); a lot of payment and digital microfinance platforms have been rising to drive financial inclusion especially in developing countries, however, this financial inclusion will not be total until the structures built to favor accumulated advantages for a selected few are completely removed and everyone is made to be his/her own financial institution."}, {"type": "sentence", "content": "When you put, say again, $10,000 in a bank. The money does not just sit idle in the bank's vault. They use your money to give out loans to other people with a significant interest rate. That's how they make money. But then the individuals who made this possible by giving these banks their money in the first place do not benefit from the profits these banks make off their money."}, {"type": "sentence", "content": "This is also similar to people who invest with hedge fund managers. When there is a high turnover in profits, the hedge fund takes a large chunk and distribute little to their lower-class investors. And in instances when these investments fail, and sometimes they fail spectacularly, it is the individual investors who suffer the brunt of it. Some have their entire savings wiped out while the banks and hedge fund takes a less severe hit mostly due to government bailouts like in the great recession of 2008."}, {"type": "sentence", "content": "The control of money goes beyond loans, it has to cover everything from transparency, security, market-entry, foreign exchange, payment, and even trading. People must have absolute autonomy with regards to their finance for there to be equal opportunity in the long term. The rise of Blockchain and its digital currencies like Bitcoin is already a pointer to what can happen if we digitalized all currencies and completely decentralized the internet. With a completely decentralized currency and the internet, there is the complete removal of systemic barriers or borders (not absolute)."}, {"type": "subtitle", "content": "Access to The Money"}, {"type": "sentence", "content": "This final factor is more of a corollary or consequence of the previous two. Provided, there is a completely decentralized internet and a general currency that is built around this technology, the access to money is completely fluid."}, {"type": "sentence", "content": "Note, when we mean access to money, we mean access to all the forms of 'money value', as I explained in the opening paragraph of this article, it's not necessarily about the money(currency) but the value we place on it, which is obviously dependent on the value we all derive from the money."}, {"type": "sentence", "content": "The present system cannot give everyone equal access to the value that money is supposed to give; firstly, the fact that the money is not yet digital means there isn't yet a complete correlation between where the market is heading and the 'language of the market'(money)."}, {"type": "sentence", "content": "Secondly, the lack of absolute transparency means not everyone knows and can influence the dynamics of all the value in the 'money value chain' and finally, the uncertainty around financial and data security means a few people are still skeptical about online transactions or eCommerce as in the case of Africa and some exploit the existing security loopholes to cheat or use people's data for completely selfish reasons."}, {"type": "sentence", "content": "Access can only be achieved when individuals have absolute control and autonomy over their money and feel their money is secured and not vulnerable to the whims of selfish hegemonies. This is the reason why the case for a decentralized digital currency is a powerful one, and it is not a question of if but when these switches will finally occur."}, {"type": "subtitle", "content": "Final Note"}, {"type": "sentence", "content": "Conclusively, these three factors: access, control, and security which this article revolved around, are not specifically referring to the money itself. This is not about a certain currency that everyone should be able to touch, control, and secure, no, that's not the point; the point is if money is a general commodity then everyone should have equal access to all its value, control how these values are fairly distributed and everyone must be able to trust the system because we all know it is secure."}, {"type": "sentence", "content": "The emphasis is on value; a currency is only as useful as its value, why then should everyone not have equal say to how these values are distributed? Is Blockchain the answer? Presently it seems to be the only system that can at least guarantee these three factors, and maybe Blockchain is not the solution, but regardless we must not settle for less, we deserve transparency, we deserve security, we deserve autonomy, after all, its everyone's money."}], "topic": "economy", "uuid": "02ed7968842b14e3fbba522f64d5e892f06e225ff0a8edd7f6e736f3", "link": "https://medium.com/swlh/whats-wrong-with-money-and-how-to-fix-it-fee8978d52a8"}