{"title": "KPI trees for root cause analysis", "data": [{"type": "sentence", "content": "The KPI tree is a really powerful tool for understanding changes in system performance. It is very easy to implement and it has a broad range of applications. Here we'll look into 2 examples:"}, {"type": "subtitle", "content": "An online A/B test"}, {"type": "sentence", "content": "We're running an A/B test and notice that revenue per customer is down 13%."}, {"type": "sentence", "content": "Here's a sample of the data that we're collecting:"}, {"type": "sentence", "content": "We note that:"}, {"type": "sentence", "content": "So now we can build the KPI tree:"}, {"type": "sentence", "content": "So we conclude that:"}, {"type": "subtitle", "content": "Retail store performance year-over-year"}, {"type": "sentence", "content": "Sales are down 5.1% for Gap Inc. and management wants to understand the cause."}, {"type": "sentence", "content": "Here's a sample of the sales data:"}, {"type": "sentence", "content": "We note that:"}, {"type": "sentence", "content": "So, again, we can build the KPI tree:"}, {"type": "sentence", "content": "So in conclusion, the decline in (simulated) revenue can be traced back to 2 very specific causes: the closure of a single Old Navy store plus the reduction in average item price across the Athleta stores."}, {"type": "sentence", "content": "KPI trees are really powerful at turning raw data into stories that are both interpretable and actionable. They also have broad applications as demonstrated here. Have fun using them in your work!"}, {"type": "subtitle", "content": "Raw data + visuals"}, {"type": "sentence", "content": "https://docs.google.com/spreadsheets/d/1akudtNb_WF37WjoF6lVBD7cYoSIKn7IOyCS8uBZ5VJI/edit?usp=sharing"}, {"type": "subtitle", "content": "R scripts to generate raw data"}], "topic": "data-science", "uuid": "05ac35f6ba502e0d34d3dc333bde551e6681d4452d424f9bb4c8bdfb", "link": "https://towardsdatascience.com/kpi-trees-for-root-cause-analysis-59e8d930544a"}