{"title": "The Devil's Own Pirate", "data": [{"type": "image", "content": "https://miro.medium.com/max/1200/1*NWmq69OubC022PRFLTBSWA.png"}, {"type": "subtitle", "content": "\"The Cutlass\", Port Royal, Jamaica."}, {"type": "sentence", "content": "The tavern fell silent. It was a hot day but all those present recall feeling a chill as the gentleman entered, a gentleman of quality never seen before or since in the whole of the island."}, {"type": "sentence", "content": "He strode across the room and placed a few gold coins on the bar. \"A drink for everyone.\" His clear voice penetrated the souls of all those present, his generosity doing little to allay their fears."}, {"type": "sentence", "content": "Adam Tucker sat in his usual corner, unsure what to make of the newcomer and his largesse. The gentleman had not come to sample the rum, or to enjoy the company. Tucker's feeling that the stranger had come to see him became a certainty when, rapidly and without hesitation, he spun on his heels to face the corner."}, {"type": "sentence", "content": "Tucker stood to greet his visitor. He feared no man. But this was no man. He knew, as surely as he knew his own name, that he was looking into the eyes of The Devil. Tucker had long known that he would one day meet The Devil, and that day had come."}, {"type": "sentence", "content": "He had met many devils in his time. Some said he was himself a devil, an epithet that caused him no distress, and for a fleeting moment the absurd notion came to him of putting his visitor to the sword."}, {"type": "sentence", "content": "\"No, Captain Tucker. Keep your sword in its scabbard.\""}, {"type": "sentence", "content": "\"I was not expecting to meet you so soon\"\u00a0Tucker\u00a0replied. \"In fact I was hoping never to meet you at all.\" It was a lame joke and it betrayed his nervousness, his fear even, fear which he had not felt since his brutal father had died when he was still a boy."}, {"type": "sentence", "content": "\"Oh, we were always destined to meet, to become friends even. Two of a kind, you and I.\" Tucker knew he was being flattered and relaxed very slightly, even began to enjoy the encounter. The Devil continued: \"Captain Tucker, to business\"."}, {"type": "sentence", "content": "Ten long years it had been since Captain Adam Tucker had treated with The Devil. \"You know you will never get to Heaven. Do my work, The Devil's work, and I will keep you from Hell.\""}, {"type": "sentence", "content": "How many damned souls had he sent to The Devil just to save his own? He knew every pirate's trick, ruse, and hiding place. \"If The Devil can't get you Tucker will.\" So it was said, and said with truth. But he was getting old, old and tired and careless."}, {"type": "sentence", "content": "\"A damned clergyman. Cross and Bible and 'God Bless You My Son'. You send me a damned clergyman. Do you want to burn? Do you? Well do you?\""}, {"type": "sentence", "content": "The Devil had raged for what seemed an eternity. \"I didn't know\" Tucker said eventually, a meek and pathetic response. \"I'm sorry.\""}, {"type": "sentence", "content": "Eventually the tirade stopped. The storm had blown itself out. \"Be more careful in future Captain Tucker.\" There is nothing more humiliating than hearing your own name uttered with contempt. Tucker closed his eyes for a moment. When he opened them The Devil had gone."}, {"type": "sentence", "content": "Tucker stood, walked to the cabin door and opened it slightly. Nobody around, and he knew The Devil's voice had been heard by him alone. He slowly made his way along the deck. Old Jim was at the wheel, guiding the ship through the night. \"Who's aloft Jim?\""}, {"type": "sentence", "content": "\"Young Billy cap'n. Good lad for a dark night like this. Eyes like a hawk.\""}, {"type": "sentence", "content": "Tucker looked up to the crow's nest. \"Billy, come down. I'll take a turn on watch.\""}, {"type": "sentence", "content": "They passed on the rigging. Billy was expecting his captain to at least exchange a word or two but Tucker remained silent, grim faced."}, {"type": "sentence", "content": "The storm blew up before the glass was turned, as Tucker had known it would. On the first gust the masthead swung over the ink black water. Tucker fell."}, {"type": "sentence", "content": "He fell and he sank, ever deeper, through the domain of the fishes and the whales, through the kingdom of the mermaids and the mermen, through the lairs of the sea monsters, through Hell itself to a place where even The Devil could never find him."}], "topic": "fiction", "uuid": "060292912def139eb93c190fb35db877e5892a0da729b0faf358aedd", "link": "https://medium.com/short-fiction-by-chris/the-devils-own-pirate-3ec3c8fa2642"}