{"title": "Genomics New Clothes", "data": [{"type": "subtitle", "content": "MATHEMATICAL STATISTICS AND MACHINE LEARNING FOR LIFE SCIENCES"}, {"type": "image", "content": "https://miro.medium.com/max/1858/1*9VSEg13MPlvYnZF-IFUCyw.png"}, {"type": "sentence", "content": "This is the twenty second article of my column Mathematical Statistics and Machine Learning for Life Sciences, where I discuss in plain language some mysterious analytical techniques that are common in Computational Biology. Genome-wide genotyping and whole-genome sequencing (WGS) brought unprecedented resolution to genetic studies in Life Sciences, but also resulted in rapid growth of high-dimensional genetic variation data suffering from the Curse of Dimensionality. In the present article, I will give some theoretical background of the problem, and discuss why it is extremely challenging to do any meaningful and robust analysis in modern Genetics and Genomics."}, {"type": "subtitle", "content": "Genomics: Progress or Regress?"}, {"type": "sentence", "content": "Everyone who works with Genomics data has probably heard at least once a phrase said by somebody from senior colleagues:"}, {"type": "sentence", "content": "Every time I hear this phrase, I think how easy the life of an analyst was when working with 10 genetic variants, and what a scary headache it is nowadays to analyze million-dimensional genetic variation data. The reason I am worried about robustness of genomics research is because I typically think about any type of data in terms of matrix dimensions."}, {"type": "image", "content": "https://miro.medium.com/max/2046/1*XUn4J-KbsTl6EONepFHuOw.png"}, {"type": "sentence", "content": "For me, the choice of analysis technique depends on the ratio between N (the number of statistical observations, samples) and P (the number of variables / measurements / features). In the figure above, you can see that this ratio for genetic variation data matrix (left) is very different from e.g. scRNAseq data (right) even though the products of the dimensions are equal. Indeed, usually for a WGS project, we can afford to sequence around ~1000 samples (see e.g. 1000 genomes project), while we discover millions of mutational differences across individual genomes, so the feature space is million-dimensional. This is orthogonal to the data structure in single cell sequencing, where sample sizes break records every year approaching millions of cells sequenced, while the number of genes expressed per cell is often limited to ~1000, at least for the high-throughput 10X Genomics technologies. Thus, while containing similar amounts of elements, the data matrices from genetic variation and scRNAseq are dramatically different. I refer to scRNAseq as Big Data since it gives a lot of flexibility and statistical power for analysis. In contrast, I tend to consider genetic variation as Little Data because of numerous limitations of working with this high-dimensional data type."}, {"type": "subtitle", "content": "High-Dimensional P >> N Limit in Genomics"}, {"type": "sentence", "content": "Typically, I choose a particular type of analysis looking at the dimensions of the data. For example, if N ~ P or N > P we can use traditional Frequentist statistics. If we have a lot of data points, i.e. N >> P (epidemiological limit), one can again of course use the Frequentist statistics, but this limit gives us much more freedom to try non-linear approaches such as Machine and Deep Learning. Finally, in the most difficult limit P >> N (high-dimensional data), assumptions of Frequentist statistics, such as normality assumption, are not valid any more, and one should use some regularizations or priors within the Bayesian approach. As you see, genetic variation data falls into P >> N limit."}, {"type": "image", "content": "https://miro.medium.com/max/1812/1*XvbK9zzJljlropYJIFiIJg.png"}, {"type": "sentence", "content": "Why would it be dangerous to continue using traditional Frequentist statistics in the limit P >> N? One example would be a linear regression Y~X problem, where X is a high-dimensional genotype matrix, and Y is a variable of interest (trait or phenotype). It turns out that the linear regression problem can not be solved in the high-dimensional (P >> N) limit because the covariance matrix can not be inverted, it diverges in the limit due to the Curse of Dimensionality."}, {"type": "image", "content": "https://miro.medium.com/max/1652/1*qN5bgwUR6Brxn8ObFi98Qg.png"}, {"type": "sentence", "content": "Another example would be the famous biased variance estimator within the Maximum Likelihood (which is a synonym to Frequentist statistics) approach. It can be derived that the variance estimated from maximizing p-dimensional multivariate Gaussian distribution is given as"}, {"type": "image", "content": "https://miro.medium.com/max/776/1*nc2Lt3WCjMr7k2XtOWRCtw.png"}, {"type": "sentence", "content": "Here you explicitly see the interplay between N and P, i.e. the closer P is to N (still providing that N > P) the more the variance estimator is biased. I do not know how this equation would look in the high-dimensional limit P >> N. I assume Karl Pearson, Roland Fisher and other fathers of Frequentist approach never considered that there can be a data with dimensionality P > N."}, {"type": "sentence", "content": "An interesting way to demonstrate the difference between high-dimensional (P >> N) and low-dimensional (P << N) data is to compute the Principal Component Analysis (PCA) and display the distributions of eigenvalues, this can be easily done at least for random matrices with different dimensionality."}, {"type": "image", "content": "https://miro.medium.com/max/3100/1*8_kGgiQWhzIH5AKBcCaEJA.png"}, {"type": "sentence", "content": "From the figure above we can see a clear difference between shapes of the distributions and ranges of eigenvalues computed for data with different dimensionality. The eigenvalues follow the Marchenko-Pastur law and this distribution can be utilized for further investigation of the nature of high-dimensional Genomics data."}, {"type": "subtitle", "content": "Sparsity of Genomics Data"}, {"type": "sentence", "content": "One of remarkable manifestations of the Curse of Dimensionality in Genomics is the sparsity of Genomics data. Sparsity is a lack of statistical observations (often due to poor sampling) for certain ranges of variables measured in an experiment. In case of Genomics, sparsity is a consequence of inability to find enough carriers of rare alleles. Consider 3 single-nucleotide polymorphisms (SNPs) genotyped in 100 individuals. Assuming minor allele frequency (MAF) of 10% for all three SNPs, we can expect only 10 minor allele carriers for each SNP, only 1 carrier of both minor alleles for two SNPs simultaneously, and 0 samples with minor alleles in the positions of all three SNPs simultaneously."}, {"type": "image", "content": "https://miro.medium.com/max/2060/1*m-HR0XGU6vmkbWj9wak-Pg.png"}, {"type": "sentence", "content": "Therefore, we can not in principle associate a trait of the 100 individuals with minor alleles of all the 3 SNPs. Moreover, even if we try to to do association of a phenotype (Phen) against only two SNPs simultaneously, Phen ~ SNP1 + SNP2, i.e. in 2-dimensional space, we still can not robustly compute it because of the lack of observations (only 1 sample) of carriers for both minor alleles together. In the figure below, circles are the carries of minor alleles. For a 1D problem, Phen ~ SNP A, we have 10 minor and 90 major allele carries that is probably enough for a robust linear or logistic regression analysis. However, when we have a 2D problem, Phen ~ SNP A + SNP B, we have only 1 sample in the bottom right square of the 2D parameter space, so we can not proceed with the regression analysis because of the improper sampling."}, {"type": "image", "content": "https://miro.medium.com/max/2088/1*kJ-ZiTvx4aeWw356r336Ew.png"}, {"type": "sentence", "content": "Therefore, despite a fair sample size n=100 (at least for Evolutionary Biology it is a fair sample size), we can't compute a simultaneous effect of two SNPs on a variation of a trait (Phen). Moreover, even the UK Biobank with n=500 000 participants would not be able to analyze more than 4 - 5 SNPs with MAF = 10% at a time. Note, that for p=1 000 000 SNPs (approximate dimensionality of the genetic UK Biobank data set), the sample size n = 500 000 is not really large enough, we still have sparse data at p >> n suffering from the Curse of Dimensionality."}, {"type": "subtitle", "content": "Missing Heritability Problem in Genomics"}, {"type": "sentence", "content": "In reality, the best we can do is to analyze 1 SNP at a time similar to Genome-Wide Association Studies (GWAS). This implies that we can not capture any interplay between variants providing that a phenotype might be caused by a co-occurence of minor alleles from multiple variants, rather than effects from individual SNPs. To still account for the effects of multiple SNPs it is common to construct a so-called Polygenic Risk Score (PRS), that can be later validated against the trait / phenotype of interest in an independent sample."}, {"type": "image", "content": "https://miro.medium.com/max/2090/1*fvVjt4JK8T-_SZ8AMDcBEA.png"}, {"type": "sentence", "content": "This however results in a problem known as The Missing Heritability problem. The problem is formulated as a lack of reliable prediction of a phenotype of interest from the genetic variation data. To say it differently, genetic variants individually detected to be associated with a phenotype of interest, can not explain a reasonable amount of variation in the phenotype of interest when collapsed together in a Polygenic Risk Score (PRS)."}, {"type": "image", "content": "https://miro.medium.com/max/1632/1*nJZXkzoNHxosbU8ir3pWXQ.png"}, {"type": "sentence", "content": "Despite multiple explanations of the Missing Heritability problem have been suggested, one obvious thing would be to note that the causal genetic variants in GWAS are searched one-by-one (because we do not have the power to test multiple SNPs) and put together in an additive manner in PRS, and therefore can not account for epistatic non-additive effects of multiple variants that potentially might underlie the phenotypic variation."}, {"type": "sentence", "content": "Another important consequence of the Curse of Dimensionality in Genomics data that leads to individual rather than collective testing of genetic variants is the necessity to correct for multiple testing in order to decrease the number of false-positive discoveries. This however does not seem to solve the problem of false-positive discoveries entirely. As it is elegantly shown by Naomi Altman et al. in the Nature Methods article below, correcting for multiple testing with accepted false-discovery rate of 5% still results in a number of false positives far beyond the expected number."}, {"type": "image", "content": "https://miro.medium.com/max/2096/1*ax_1_5UlOKSHgnjJU8F1ZA.png"}, {"type": "sentence", "content": "Therefore, it is not uncommon even in very well powered GWAS studies to see obviously spurious but strong genetic signals for such phenotypes as \"number of vehicles in household\", \"time spent watching television\", \"weekly usage of mobile phone in last 3 months\", \"salad / raw vegetable intake\" etc. that can be nowadays detected and explored thanks to the GWASbot."}, {"type": "image", "content": "https://miro.medium.com/max/4800/1*wuLV66gveTUroulXYLbcDQ.jpeg"}, {"type": "image", "content": "https://miro.medium.com/max/4800/1*gQ0DpSCVh9so9cUTk4r-3w.jpeg"}, {"type": "sentence", "content": "Those phenotypes are hard to believe to be heritable and hence their strong \"genetic signal\" possibly originates from confounding by another factor such as population structure. The confounding factors are rarely known in reality, this fact further complicates our ability to use genetic studies for prediction of common traits such as diseases for the purposes of e.g. Precision Medicine."}, {"type": "sentence", "content": "Therefore if we were to use genetic variants identified in GWAS studies for predicting common diseases such as Type 2 Diabetes (T2D) and Abdominal Aortic Aneurysm (AAA), that would probably not be successful compared to the prediction based on clinical factors (body temperature, blood pressure etc.) alone, see below."}, {"type": "image", "content": "https://miro.medium.com/max/2104/1*DsK72y3Yllc1wvmPsmHrYw.png"}, {"type": "image", "content": "https://miro.medium.com/max/1306/1*-AMC0W2cpiyWUWGFETszhQ.png"}, {"type": "sentence", "content": "Moreover, a recent study demonstrate that predictive power of microbiome data exceeds that of GWAS studies in the discrimination of complex human diseases."}, {"type": "image", "content": "https://miro.medium.com/max/1768/1*Z_q3G5u4VOG40EjM_g7UdQ.png"}, {"type": "sentence", "content": "The poor prediction based on genetic variation data is another demonstration of the very complicated high-dimensional nature of the data that suffers from the Curse of Dimensionality."}, {"type": "subtitle", "content": "Theory of The Curse of Dimensionality"}, {"type": "sentence", "content": "Let us give some theoretical background for the Curse of Dimensionality. If we were to visualize a high-dimensional data such as genetic variation, we would be very surprised to see how strange the data looks in high dimensions. For example, let us simulate a data uniformly distributed in a p-dimensional ball with p = 2, 5, 10 and 100, and visualize any two dimensions of the data:"}, {"type": "image", "content": "https://miro.medium.com/max/2390/1*mi1SM400vzFm43Md77f8Vw.png"}, {"type": "image", "content": "https://miro.medium.com/max/2362/1*8IYEL_aq2dA2PoIiX0rHGw.png"}, {"type": "sentence", "content": "It turns out that when dimensionality of space grows, the data points become more and more concentrated on the surface of the p-dimensional ball with the hollow center. Further, if we plot a histogram of pairwise Euclidean distances the data points will look more and more equidistant and far away from each other with the growth of the space dimensionality, note how the distributions become more narrow and shifted toward larger distances when increasing the dimensionality in the figure below."}, {"type": "image", "content": "https://miro.medium.com/max/3042/1*_0ZA67EauNmCZE2MOEWeQg.png"}, {"type": "sentence", "content": "It can be derived that the mean pairwise Euclidean distance grows as a square root of the number of dimensions. This law explicitly demonstrates that data points move further away from each other in high-dimensional spaces."}, {"type": "image", "content": "https://miro.medium.com/max/1584/1*AWgE-tTw9-eUvYmgjiLKvw.png"}, {"type": "sentence", "content": "To empirically demonstrate this law, here we will construct a random data matrix, compute Euclidean distances between all pairs of data points, and visualize this dependence. The green curve in the figure below is the mean distance, and the red curves display two standard deviations from the mean."}, {"type": "image", "content": "https://miro.medium.com/max/2354/1*rbwsqaUDi6t5Ih4MLIp8rQ.png"}, {"type": "image", "content": "https://miro.medium.com/max/2040/1*hc39QCw3MU6giC6YQQSxsw.png"}, {"type": "image", "content": "https://miro.medium.com/max/2360/1*sYrayh1JjCowEH00iqU4Xg.png"}, {"type": "sentence", "content": "The latter figure displays the mean pairwise Euclidean distance between data points as a function of the number of dimensions on a log-scale. Computing the Ordinary Least Square (OLS) linear regression one can obtain the slope of the line to be equal to 0.56 which is close to the theoretical value of 0.5. In a similar way, computing an average distance between any given data point and its nearest, middle and farthest neighbor, one can obtain the following figure:"}, {"type": "image", "content": "https://miro.medium.com/max/2402/1*90gChFHM72HMZEsrnJP8PA.png"}, {"type": "sentence", "content": "We can see that the difference between the distances from a data point to its closest and farthest neighbors becomes indistinguishable in high-dimensional space. This implies that we can not group \"good\", \"bad\" and \"ugly\" data points together based on their similarity metric any longer. Therefore, clustering in high-dimensional space is widely acknowledged to be very unreliable simply because all data points look equally similar to each other. In terms of genetic variation data, this implies that e.g. \"sick\" and \"healthy\" individuals can not be confidently separated based on their genetic information, this results in a poor prediction of traits and eventually the Missing Heritability Problem. In my previous post, How to Cluster in High Dimensions, I tried to explore the clustering problem in some detail. You might also want to check the article No True Effects in High Dimensions to get a better intuition about weird things in high-dimensional data analysis."}, {"type": "sentence", "content": "Another manifestation of the poor grouping of data points in high dimensions is the very weak correlations between the data points. Below, we construct a random data matrix following Normal distribution, and compute the Pearson correlation coefficient between all pairs of data points."}, {"type": "image", "content": "https://miro.medium.com/max/2384/1*Bs-ynzAoAnLC6ZRj0ypZHw.png"}, {"type": "sentence", "content": "The figure above displays the maximal Pearson correlation between pairs of samples as a function of increasing dimensionality of the data. We observe, that when the number of dimensions reaches approximately 100, no pair of data points demonstrates Pearson correlation with coefficient above 0.5, that means the data points are more and more difficult to group and cluster in high dimensions. In terms of genetic variation, it is problematic to assign samples to a certain population based on their genetic background by using the raw matrix of genotypes. One should at least try to reduce dimensions in order to address this problem."}, {"type": "subtitle", "content": "Ways to Combat the Curse of Dimensionality"}, {"type": "sentence", "content": "What can we do to minimize the damage from the Curse of Dimensionality in Genomics data? I see the following four options that can improve our analysis in Genetics research area:"}, {"type": "sentence", "content": "Increasing sample size is a brute force approach that is not always affordable, however it is the most straightforward way. Regularization should be used in my opinion more often in Genetics research. At least performing association studies genome-wide with LASSO in a sliding window seems like a possible thing to do to account for epistasis without a lot of problems due to the Curse of Dimensionality. Performing dimension reduction and replacing the original genotype data with latent variables seems to be a relatively easy and efficient way to overcome the Curse of Dimensionality problem, and there are already some promising attempts in literature. Finally, Bayesian statistics is another way to perform a meaningful analysis in under-powered studies thanks to the priors that essentially provide regularization and reduce risks of overfitting for high-dimensional genetic variation data."}, {"type": "subtitle", "content": "Summary"}, {"type": "sentence", "content": "In this article, we have learnt that it is extremely challenging to perform a robust analysis with genetic variation data because of the high-dimensional nature of the data that suffers from the Curse of Dimensionality. Due to low sample sizes and sparsity of genetic variation data, genetics analyses often result in poor predictive power of common traits that is known as the Missing Heritability problem. High-dimensional data behave in a counter-intuitive way when data points become equidistant and very poorly correlated with each other that results in severe problems when clustering the data."}, {"type": "sentence", "content": "As usually, let me know in the comments below what topics in Life Sciences and computational Biology seem especially mysterious to you and I will try to address them in this column. Check the complete notebook on my github. Follow me at Medium Nikolay Oskolkov, in Twitter @NikolayOskolkov and connect in Linkedin. In the next post we will discuss how to cluster in UMAP space, stay tuned."}], "topic": "science", "uuid": "07176ba455695a5f69ed430d1d6d27ec791bc263541429102f5a28de", "link": "https://towardsdatascience.com/genomics-new-clothes-6301ab9798a7"}