{"title": "The Impatient Person's Guide To Creating Memories That Last", "data": [{"type": "image", "content": "https://miro.medium.com/max/3840/1*VEgDJTstleD0R5aW5zQP1w.jpeg"}, {"type": "sentence", "content": "Tell me if this rings a bell: You find a new television series and get hooked. The next episode is all you can think about, and you binge-watch it within a matter of days. Then, there's a gaping hole in your life. All of the excitement has vanished, and your memories of all the episodes blur into one."}, {"type": "sentence", "content": "I've been there. In a rush to experience things, whether it be holidays or TV shows, you can sometimes forget to make sure the memories last. You didn't foresee the period after, and why would you? All you could think about was how excited you were before."}, {"type": "sentence", "content": "This article is for all of the impatient people out there. The ones who sprint from event to event, tearing through time and inadvertently allowing memories to dissipate as fast as they were made."}, {"type": "subtitle", "content": "Never be afraid to do something that scares you"}, {"type": "sentence", "content": "For the first 20 years of my life, I had never held a baby. So, when my housemate's newborn nephew visited us, I was apprehensive. I'm 6'3\" and having never held a baby before, his size completely baffled me (it still does). I held him, and immediately my heart flustered. I looked at his feet and wondered, \"How can someone so tiny grow into someone like me? How was I ever that small?\" I was constantly scared I would drop him. It scared me to death."}, {"type": "sentence", "content": "That's what made it so unforgettable."}, {"type": "sentence", "content": "I have more enjoyable memories from that year at university, but that one is one of the clearest. Fear is one of the strongest emotions there is, so while it may put you off, you'll certainly remember it for years after."}, {"type": "sentence", "content": "Usually, I jump into an event head first in a quest to satisfy my impatient side. However, the fear I felt made me contemplate whether or not to hold the baby, and even as I held him, I was so afraid of dropping him, the moment felt like slow motion. Actively thinking about doing something might cause the memory to settle in before making it- giving it some legs to stand on in the future."}, {"type": "subtitle", "content": "Master the art of controlled-anticipation"}, {"type": "sentence", "content": "There are two benefits to mastering the art of controlled-anticipation:"}, {"type": "sentence", "content": "Research published in the journal of Applied Research in Quality of Life has shown that the feeling of anticipation can exceed the happiness of the event itself."}, {"type": "sentence", "content": "Untempered anticipation can lead to hasty consumption. Research from the University of Melbourne found that binge-watchers remembered less about TV shows they watched a few months later compared to people who watched one weekly episode of a series. Yet, a Morning Consultant/Hollywood Reporter poll reported that 60% of adults said they binge-watch television at least once a week."}, {"type": "sentence", "content": "For the most impatient people, anticipation is a race. The next episode or holiday is all you can think about, so you binge whatever possible. To temper over-excitable anticipation, I've deployed a few tricks. Copy them if you like:"}, {"type": "sentence", "content": "By tempering anticipation, the memories themselves become the prominent force in your mind. Try not to let anticipation control you."}, {"type": "subtitle", "content": "Discuss it in private and public"}, {"type": "sentence", "content": "The \"forgetting curve\" states that if you don't take action within a week of obtaining new information, you will forget 90% of it. As an impatient person, you may swiftly forget one memory as your mind races towards creating a new one. However, a memory that lasts needs more attention. So, here's a three-step process to creating memories that last."}, {"type": "sentence", "content": "Once you've done all of this, you can always refer to your notes in the future. By dumping some out on paper or out loud, you're giving yourself a better chance of remembering it further down the line."}, {"type": "subtitle", "content": "Make your memories last a lifetime"}, {"type": "sentence", "content": "Patience is useful in all walks of life. In terms of making memories, it can prevent you from wiping them away as soon as you've made them. They're the semantics that makes our lives exciting and the things you hold on to in your quietest moments."}, {"type": "sentence", "content": "Memories deserve to last a lifetime. To ensure that's the case, consider doing those things:"}, {"type": "sentence", "content": "As an impatient person myself, I'm still battling my mind's need to chase the next memory. But what good are they if we can't remember them correctly?"}], "topic": "mindfulness", "uuid": "0a551c4ea099c1aa52ec4474c4057f738510a1db1e076e9b75377078", "link": "https://max-phillips.medium.com/the-impatient-persons-guide-to-creating-memories-that-last-e309632c0766"}