{"title": "You're Experiencing Future Shock - It's Why You Can't Think Straight", "data": [{"type": "sentence", "content": "I used to look forward to the future."}, {"type": "sentence", "content": "Now it paralyzes me."}, {"type": "sentence", "content": "To deal with this, I slip on an Oculus headset my husband got last Christmas and sit there in the home screen environment, a warm cabin in the mountains under the northern lights. I don't play any games. Instead I pretend this is where I live, away from everything, in nature. I wonder when I'll be able to get to the real mountains again."}, {"type": "sentence", "content": "After a while, my brain tells me screw the real mountains. These fake mountains are prettier. I want to stay here forever, in the fake mountains under a luminous green sky."}, {"type": "sentence", "content": "This is future shock, a term coined by Alvin Toffler all the way back in 1970, in a book by the same name. It refers to the social and emotional paralysis we all feel, brought on by \"shattering stress and disorientation\" at the magnitude and velocity of changes we're going through."}, {"type": "sentence", "content": "I find it highly appropriate."}, {"type": "subtitle", "content": "The future is full of artificial light."}, {"type": "sentence", "content": "If we're honest, the future is looking darker these days - but there's a lot of artificial light to distract us from that."}, {"type": "sentence", "content": "On the one hand, climate change might destroy the planet. We're living through a sixth mass extinction. On the other hand, a robot can give you a lap dance now. Cars can drive themselves. Gold has gone digital. We're a few years away from being able to live on other planets. Most recently, you get to work from home now."}, {"type": "sentence", "content": "We're constantly torn about the future."}, {"type": "sentence", "content": "Things are getting a lot worse and a lot better at the same time. We don't know whether to trust the artificial light or not. It seems to be causing a lot of the problems it promises to solve."}, {"type": "sentence", "content": "Lately it feels like the only way to get through an entire day is not thinking about the future too much, especially in the long term. And yet, we also know we can't hide from the future. It's coming, whether we like it or not. We have to prepare somehow, so it doesn't catch us by surprise."}, {"type": "sentence", "content": "We feel chronically unprepared."}, {"type": "subtitle", "content": "The future is making us obsolete."}, {"type": "sentence", "content": "We used to worry about being replaced by someone younger and better educated than us, maybe better looking. That time is long gone. Now we're competing against algorithms and lines of code."}, {"type": "sentence", "content": "One day, some of us will report to an artificial intelligence that knows our heart rate and credit history."}, {"type": "sentence", "content": "People are already losing jobs and healthcare to pieces of software. The only way to stay employed is to become more like a robot, or a superhuman. You have to become evermore productive. Or you have to figure out what robots can't do (yet), and learn how to do it better. You have to be a creative genius, just to keep your head above water."}, {"type": "sentence", "content": "Anyone under 50 feels a growing sense of overwhelm at the sheer number of skills we're expected to master today. We live with daily stress and unrest over which industries are going to transform us out of a career in five years, and force us to completely reinvent ourselves."}, {"type": "sentence", "content": "Job security is going extinct."}, {"type": "sentence", "content": "This fear of becoming obsolete is putting us on edge. Being replaceable or expendable means poverty and death. We're willing to do anything to keep up now. We'll pay more and more money for courses that promise to keep us relevant, so we can earn our livelihoods. We'll buy tons of e-books. We'll sign up for websites that teach us how to code."}, {"type": "sentence", "content": "We update ourselves to survive."}, {"type": "subtitle", "content": "We're trying to short the future now."}, {"type": "sentence", "content": "Thanks to the r/wallstreetbets movement, we all know what it means to short a stock now. You sell an asset at a high price because you think it's going to drop later. This move resonates with us because that's what we've been doing for the entire last year. We've been shorting the future."}, {"type": "sentence", "content": "We used to daydream. Now we anticipate the problems we'll have to deal with, and how we can avoid getting trapped by them."}, {"type": "sentence", "content": "We wonder which cities will be underwater in 15 years. We wonder which safety nets will collapse first, and where we can put our money to keep it safe when they inevitably do."}, {"type": "sentence", "content": "We hedge our hopes."}, {"type": "sentence", "content": "Giant corporations and billionaires are doing the same thing. They seem to understand that the end could be on the way. So instead of trying to save everyone, they're surging their pollution to maximize profits, so they'll be better off when everything goes to hell."}, {"type": "sentence", "content": "We're all trying to eyeball that moment in the next decade or so when things start to get really bad, and when we might have to bail on society altogether. We anticipate a time when we'll have to protect only ourselves and those closest to us. If you have a conscience, it eats at you. It's painful and disorienting to only sort of believe in the future."}, {"type": "sentence", "content": "It freezes your brain."}, {"type": "subtitle", "content": "We're trying to get away from the future."}, {"type": "sentence", "content": "A lot of us are entranced by old things now. We're binge-watching period romances, or just watching our old favorite movies on repeat. We love the past because it doesn't change."}, {"type": "sentence", "content": "That lack of change provides deep comfort. It's relaxing to watch a movie where you already know what's going to happen."}, {"type": "sentence", "content": "This is exactly why I can't finish Tenet, a film I'd been looking forward to before the pandemic. There's something deeply unsettling about a movie where the future is trying to kill you, and the only way to survive is to learn how to think backward and forward at the same time."}, {"type": "sentence", "content": "The metaphor is too good."}, {"type": "sentence", "content": "It's stupefying."}, {"type": "subtitle", "content": "The future is driving us nuts."}, {"type": "sentence", "content": "The most troubling part of the future now is that it's forcing us to think in completely new ways. We're having to face hyper-objects, facts that escape our ability to deal with them through ordinary logic."}, {"type": "sentence", "content": "Climate change would be an example. So would the economic shifts we're seeing now. It's hard to think about the consequences of entire cities going underwater in our lifetimes, or never retiring."}, {"type": "sentence", "content": "And yet, we have to."}, {"type": "sentence", "content": "We have no choice but to deal with the future. It's already here, washing into every crevice of our lives. We use technology to escape the stress caused by technology. We create new tech to solve the problems of old tech, which cause new problems. Every year the cycle speeds up, like a merciless Peloton coach. We have to pedal faster and faster."}, {"type": "sentence", "content": "This doesn't leave you a lot of time to think things though."}, {"type": "sentence", "content": "We feel the need to act now. Because if we wait a few minutes, the price on the stock or that cryptocurrency will go up."}, {"type": "sentence", "content": "We'll miss out."}, {"type": "sentence", "content": "We're living in an age where the richest man in the world can send an asset soaring with a single tweet, in just a few minutes. It's not the kind of environment that encourages deliberation. That's why people are acting so illogical now. There's huge amounts of displaced anger and anxiety. We're all rushing toward the latest thing to offer a slight advantage in this unpredictable landscape, full of artificial light."}, {"type": "sentence", "content": "It's maddening, in the true sense."}, {"type": "sentence", "content": "It's driving us nuts."}, {"type": "subtitle", "content": "We have to grapple with our future shock."}, {"type": "sentence", "content": "Alvin Toffler recommends a handful of practices and attitudes to handle our future shock, and they're surprisingly on point for a book that was published more than fifty years ago. Here they are:"}, {"type": "sentence", "content": "Direct coping"}, {"type": "sentence", "content": "Zones of stability"}, {"type": "sentence", "content": "Situational grouping"}, {"type": "sentence", "content": "Halfway houses and enclaves of the past"}, {"type": "sentence", "content": "Global space pageants"}, {"type": "sentence", "content": "Strategies of futureness."}, {"type": "sentence", "content": "The larger point here is that you don't have to abandon the past. You just have to stop letting the future paralyze you. There's a lot about the future that concerns someone like me, including the recent craze over meme stocks and cryptocurrencies going main stream."}, {"type": "sentence", "content": "But I'm altering my stance every week. I'm inching toward investing in some cryptocurrencies, even though I'm skeptical of the hype. I'm figuring out what new skills to learn so I can stay employed. I'm acknowledging that things will change, and that they always have been."}, {"type": "sentence", "content": "You can't stop change. You can just get better at letting it rush over you and through you, like a cold stream."}, {"type": "subtitle", "content": "Don't let the past consume you."}, {"type": "sentence", "content": "For the last year, I've found myself wishing for a time machine. I've been fantasizing about the past more than daydreaming about the future. It would be nice to just flip a switch and travel back ten years."}, {"type": "sentence", "content": "Part of me would stay there."}, {"type": "sentence", "content": "The past provides comfort and safety. It was a world where climate change and economic uprooting were only threats on the horizon, something you could spend a few minutes feeling concerned about before getting back to your day, something that didn't assault you every day. Back then, things like democracy and job security were sure bets."}, {"type": "sentence", "content": "Wrapping yourself up in the past offers a temporary reprieve from the constant onslaught of the future, but it can never do anything more than that. A little bit can give you some peace of mind. Too much tricks you into thinking you can pretend to live there."}, {"type": "sentence", "content": "You can't."}, {"type": "sentence", "content": "You have to step into the future."}, {"type": "subtitle", "content": "We have to live in the future."}, {"type": "sentence", "content": "Living in the future means letting go of some antiquated worldviews. It means unyoking yourself from old schools of thought. It means listening to our intuition and instincts as much as your logic. It could mean reaching even further back into history for ideas we'd forgotten about."}, {"type": "sentence", "content": "It means letting go of the need for security. That need is what's causing our paralysis. We're trying not to change."}, {"type": "sentence", "content": "This future isn't the one we wanted. It's cold and unsettling. It gives us chills. But we made the future. We're making it right now, minute by minute, for ourselves and for everyone else."}, {"type": "sentence", "content": "Don't let the future shock you."}, {"type": "sentence", "content": "Absorb it."}], "topic": "mental-health", "uuid": "0a7b5bd25a20b1f341d9db876e76ca55d99ebf753ee6c0140cd4d022", "link": "https://medium.com/curious/youre-experiencing-future-shock-it-s-why-you-can-t-think-straight-2df30aaecba9"}