{"title": "How Reddit and Budweiser Won the Super Bowl", "data": [{"type": "image", "content": "https://miro.medium.com/max/7302/0*JovlZA7s2J7ah71L"}, {"type": "sentence", "content": "Two brands advertised differently this year. They did not buy 30 seconds of ads during the half-time show. They did not crack jokes nor told a story. They managed to innovate and seize the moment, without breaking the..."}], "topic": "marketing", "uuid": "0b7d9bb75b4319fac2da8d15a25bd848f4e046721dea684c53a92dfe", "link": "https://medium.com/swlh/how-reddit-and-budweiser-won-the-super-bowl-37aeeaacb000"}