{"title": "\"Fake\" Sober Friends", "data": [{"type": "sentence", "content": "I recently got back in touch with an old friend from high school. Like me, he had struggled with addiction but later managed to get sober."}, {"type": "sentence", "content": "As we were comparing sobriety stories, he complained that he felt like most of the friends he had made in recovery were \"fake.\" He said that he always had a feeling that they were only hanging out with him out of a sense of obligation, not because they actually enjoyed his company."}, {"type": "sentence", "content": "His comments reminded me of similar feelings that I had experienced when I first quit drinking. I remember meeting other alcoholics, and actually being put off by how over-the-top friendly some of them were being."}, {"type": "sentence", "content": "It didn't feel like they were genuinely interested in me as a person. Instead, I felt like they were just acting nice so that I wouldn't immediately go back to drinking."}, {"type": "sentence", "content": "After one of my first in-person meetings, a couple of fellow addicts invited me to get some coffee at a nearby Waffle House. As I sat there talking, I just kept thinking that I was a burden on them, and that they had only asked me there out of some sense of obligation."}, {"type": "sentence", "content": "What amplified these feelings is that they were both incredibly cheery, while I was pretty miserable and not doing a thing to hid it. My emotions made sense - after all, I had just quit drinking - but it left me feeling like I was somehow killing everyone's mood."}, {"type": "sentence", "content": "Despite that, they kept including me in the conversation and doing their best to get to know me. This only made me feel more suspicious. I wasn't used to people being interested in me, so it felt fake, or as if they had ulterior motives."}, {"type": "subtitle", "content": "Learning to Care"}, {"type": "sentence", "content": "Now that I've been sober for several years, I see these early interactions in a different light. One of the things that I've learned since quitting drinking is that it's surprisingly easy to become emotionally invested in fellow addicts. I find myself caring about people that I've just met moments earlier."}, {"type": "sentence", "content": "There's an immediate sense of kinship whenever I meet someone else who has struggled with addiction. Although we might have totally different personalities and lives, I know that we do share this one massive thing - our addictions - in common."}, {"type": "sentence", "content": "Knowing that someone is an addict means knowing that we've more than likely shared many similar experiences and even similar thoughts. They can relate to certain aspects of my life better than even my closest non-addict friends."}, {"type": "sentence", "content": "That connection makes me instantly care about someone, even if they're still a stranger. I've never felt like I was \"faking\" it when I was friendly towards a fellow addict."}, {"type": "sentence", "content": "I'll admit, however, that maybe the question isn't completely black-and-white. I do know how difficult it can be to quit drinking, so when someone is newly sober, I tend to be a little nicer than usual because I understand what they're going through."}, {"type": "sentence", "content": "This isn't coming from a sense of obligation though. It's just that I genuinely want every recovering addict to succeed. I don't think that treating people differently when they are going through one of the hardest times of their life is being \"fake.\" I think it's just being empathetic."}, {"type": "subtitle", "content": "Making Friends"}, {"type": "sentence", "content": "One of the things that my old friend said to me is that he felt like the people he had met in recovery were only friends with him because they had all gotten sober."}, {"type": "sentence", "content": "While this might be true, I don't think that it makes the friendships any less legitimate. Friendships almost always start because of some type of shared experience. Either you go to school together, work together, or share a hobby. Why should getting sober together be any less real or meaningful?"}, {"type": "sentence", "content": "Not everyone that you meet in recovery is going to end up being a good friend. There are some people that you just won't connect with. There are others who are total jerks. However, if you do end up becoming friends with someone, I think it's unfair to write off the friendship simply because of how you met."}, {"type": "sentence", "content": "My addiction was such an isolating experience that I often forgot how easy it can be to start caring about other people. If you've learned to care about the friends that you've made in recovery, chances are that they've learned to care about you too."}], "topic": "mental-health", "uuid": "0de64cff522c479441267ccdf23ec01cf89b6eec233fa26461d70073", "link": "https://medium.com/exploring-sobriety/fake-sober-friends-7604479f41c7"}