{"title": "A Forest in These Walls", "data": [{"type": "image", "content": "https://miro.medium.com/max/5120/1*AprIUVjxwSBUBstUPZSZ6A.jpeg"}, {"type": "sentence", "content": "\"I got here as fast as I could.\" He bent to brush dirt off his red trousers, a lazy cloud billowing around his legs."}, {"type": "sentence", "content": "\"Shh,\" I hushed, my face contorting into a scowl. I held a finger to my lips then pointed up at the ceiling. \"You're gonna wake up the kids.\""}, {"type": "sentence", "content": "I stood from the dining table to greet him. He eyed me from head to toe and back again. I was suddenly aware of all the reasons why he might not find me beautiful anymore. I looked down at my feet and tucked a strand of hair behind my ear."}, {"type": "sentence", "content": "\"I can't believe it's been an entire year since I've seen you.\""}, {"type": "sentence", "content": "I looked up at him and his eyes met mine. I smiled sheepishly and nodded. \"I know. I've been looking forward to tonight for months.\""}, {"type": "sentence", "content": "He smiled back at me but it faded as he recalled a thought. \"You know I don't have a lot of time.\""}, {"type": "sentence", "content": "I nodded again. \"I know.\""}, {"type": "sentence", "content": "He bent to unzip his black leather boot and pried it off his foot. He repeated this with the other. I stood and watched, drinking up the sight of him."}, {"type": "sentence", "content": "I ran my hands over my chest and torso, ironing out any wrinkles in my silk gown. I fluffed my hair while he wasn't looking but he looked up and caught me. I brought my hands down abruptly to my sides, my face burning with embarrassment."}, {"type": "sentence", "content": "He smiled and walked towards me. \"You look beautiful.\""}, {"type": "sentence", "content": "I blushed and avoided eye contact with him as he approached me. \"I'm a little nervous is all. You look like you haven't aged a day. You never do. I feel...\" I trailed off."}, {"type": "sentence", "content": "He brought a hand to my waist and pulled me into him. He tucked two fingers under my chin. He tilted my head up gently, forcing me to look at him."}, {"type": "sentence", "content": "\"You feel what?\""}, {"type": "sentence", "content": "I sighed. \"I feel like an imposter.\""}, {"type": "sentence", "content": "His eyes widened with pretend anger. An imposter, he screamed in silence. I brought a hand up to my mouth to stifle a laugh and I melted into his chest. He brought a hand to the back of my head to hold me. He chuckled and my body bounced against the rumbles of his laughter."}, {"type": "sentence", "content": "I leaned back and placed my hands on his chest. I wanted a good look at him."}, {"type": "sentence", "content": "He looked tired. He always did. He'd been up all night. His eyes were framed with fine lines but the eyes themselves were bright and clear. His iris' were Arctic blue with iridescent flecks of gold around the pupil. They smiled even if his mouth didn't. The apples of his cheeks were rosy, having been brushed with the cold from outside."}, {"type": "sentence", "content": "He repressed a smile through pursed lips as he watched me inspect him. Whiskers from his moustache combed over his upper lip. I cupped at the body of his beard, the coarse hair conforming to the contour of my palm. I felt his eyes following mine as I wandered over the details of his face I'd forgotten. A freckle here, a wrinkle there."}, {"type": "sentence", "content": "\"Do you like what you see,\" he asked."}, {"type": "sentence", "content": "I met his eyes and nodded. \"Of course.\""}, {"type": "sentence", "content": "\"Much change?\""}, {"type": "sentence", "content": "I shook my head. \"No. Never. And it never ceases to me.\""}, {"type": "sentence", "content": "He wrapped his hands around me and clasped one of his wrists at the small of my back. His warmth emanated through his suit. It reminded me of sitting in front of a fireplace."}, {"type": "sentence", "content": "I snuggled my face into his chest and he rested his chin on the crown of my head. \"You smell lovely,\" he mumbled into my scalp."}, {"type": "sentence", "content": "I looked up at him. \"Did you miss me?\" The need for reassurance was in my voice and he caught it."}, {"type": "sentence", "content": "He grabbed me by the shoulders and held me at arms length, white teeth radiating behind his grin. \"Every year you ask me this. Did you know that?\""}, {"type": "sentence", "content": "\"I know. I'm waiting for the day you trade me in for a newer model.\" I chuckled, half joking, half serious."}, {"type": "sentence", "content": "The humour in his expression faded. He brought his hand to the nape of my neck and cradled my head. He sighed deeply before speaking."}, {"type": "sentence", "content": "\"I remember the first night I met you. Do you remember? I remember it like it was yesterday. You sat at a small table over there - \" He turned his head and pointed at the dining room with his chin. \" - And I thought, 'I've never seen someone so beautiful look so sad.'\" He gave a quick shake of his head. \"No. No - 'sad' is an incredible understatement. You looked broken.\""}, {"type": "sentence", "content": "I remained quiet as I listened to his story. He had told it many times before but I never tired of hearing it."}, {"type": "sentence", "content": "\"You seemed surprised to see me.\" He chuckled in recollection. His chest bounced and it made me laugh with him. \"You stood so quickly from the chair I was convinced it was going to topple over! You threatened to call the police on me, do you remember that?\" I laughed again and nodded into him."}, {"type": "sentence", "content": "\"After I convinced you not to - and lemme tell you, you took some convincing - I joined you at the table and asked what was wrong. I had a busy night ahead of me, but for some reason, I just couldn't walk away. It was the look you had in your eyes. You knew what it felt like to be alone. And I know, better than most, what that feels like."}, {"type": "sentence", "content": "\"I wasn't expecting you to open up to me the way that you did but I guess I have that effect on people. Or maybe nobody had listened to you in a while. Either way..."}, {"type": "sentence", "content": "\"You told me you felt lost. You told me you were married to someone you didn't know. An alcoholic and an abusive one at that. 'I'm not sure if I ignored the signs or if they had come out of nowhere,' you said. You told me it was easier to pretend you weren't aware your husband was cheating on you than to confront him and be blamed for all the reasons why he did. You didn't want your grief to be misconstrued. You didn't want him to take it out on the kids.\""}, {"type": "sentence", "content": "I felt a lump in my throat swelling and I swallowed. It didn't go away."}, {"type": "sentence", "content": "\"You told me you felt stuck. Because of those great boys you got upstairs. Those little rascals, they stole my heart too! You didn't want to leave him because you weren't sure if you could handle them blaming you for the reason why their family had to function in fragments. They were only one at the time but 'they'll grow up and wonder', you said.\""}, {"type": "sentence", "content": "My eyes welled and I tried to blink them away. I sniffled and he pulled me closer."}, {"type": "sentence", "content": "\"I sat and listened and watched you, your beautiful lips spilling these heartbreaking words - cruel poetry, it was. You finished speaking and sat there in silence, looking at your hands. You stared at them so long I thought you might never speak again."}, {"type": "sentence", "content": "\"I opened my mouth to speak but that's when you looked up at me. A tear spilled onto your cheek, the sadness in your eyes reaching depths I thought I'd only ventured to. You asked, 'does magic exist?' I rolled the question over in my mind a few moments before asking what kind of magic you wanted to believe in. You said, 'the kind that makes me disappear.'"}, {"type": "sentence", "content": "\"I hurt hearing that, I did. I had no idea who you were yet I felt the weight of everything you were carrying. I wasn't sure what to say to comfort you - at the least, take you away from yourself, even if only for a moment. But then, 'A-Ha!', like some divine stroke of clarity, I knew what to say!"}, {"type": "sentence", "content": "\"I leaned across the table, getting as close to you as possible. You smelled as lovely then as you do now. I said, 'I don't know if that kind of magic exists. But I do know of a different kind that does.' You leaned in close, our heads inches away from each other, like we were sharing some kind of secret. I suppose we were. You asked me what kind and I smile now remembering the curiosity that lit up your eyes."}, {"type": "sentence", "content": "\"I said, 'when a seed is watered and given sunlight, its shell cracks open and out sprouts a fragile string of green. It's so fragile the odds of it surviving are not in its favour. But with nourishment and care and time, that little acorn becomes an oak.'"}, {"type": "sentence", "content": "\"You looked at me with a bemused expression written over your face and said, 'that's not magic; that's just science.' I said, 'maybe but suppose science and magic are one in the same? Suppose we learned how magic works and because we understand it, we call it science? That doesn't take away from these phenomena still being magical.'"}, {"type": "sentence", "content": "\"You leaned back in your chair, with your arms crossed over your chest and you eyed me. You wanted to prove me wrong but you couldn't. I was there after all, wasn't I? After a while, you leaned in again, ready to listen and you asked, 'okay. I'll bite. How does this magic apply to me?'"}, {"type": "sentence", "content": "\"'You're the seed,' I'd said. You repeated what I said, not sure if you heard correctly. 'I'm the seed?' you asked. I nodded and said it again: 'you're the seed.'\""}, {"type": "sentence", "content": "I shifted against his chest and wrapped my hands around him. He was much larger than me and my fingertips barely met around his circumference. I shimmied and found a way to hook my middle fingers together."}, {"type": "sentence", "content": "He peered down at me over his beard. \"You doing okay down there, sniffles?\""}, {"type": "sentence", "content": "I nodded and smiled. \"Keep going.\""}, {"type": "sentence", "content": "He rested his head atop mine again."}, {"type": "sentence", "content": "\"You'd looked at me waiting for some kind of further explanation but I didn't give you any. I think part of you knew that I wasn't going to give you one either so you didn't ask. I stood, already well behind schedule, and told you that I had to be getting off."}, {"type": "sentence", "content": "\"You asked, 'will I see you again?' I told you, 'yes, you will. I'll make sure of it.' You smiled at me and it felt like the sun was peeking through the clouds. I walked over to you and hugged you, the way I do now, and kissed you on the head. I stared at you before leaving, maybe a moment too long, but I wanted to memorize as many details about you as possible."}, {"type": "sentence", "content": "\"I came back the following year, same day, same time. I wasn't sure if you were going to remember. Not until I was inside the house and there you were - sitting at the table, clasping your hands together and looking at your watch every couple seconds. You must've thought I wasn't going to show up because your knuckles were white. You looked up and saw me and boy, did I give you such a fright! I thought that chair was going to topple over again! But you laughed and I could see how excited you were to see me. You came up to me and wrapped your arms around me, asked me if I wanted anything to drink.\""}, {"type": "sentence", "content": "\"You wanted a small glass of milk,\" I mumbled into his chest."}, {"type": "sentence", "content": "He nodded several times, his chin poking the top of my head. \"Yes. Yes I did.\""}, {"type": "sentence", "content": "\"We sat down at the table again and I asked you how you were doing. There was something different about you, I knew it the moment I looked in your eyes. You told me how the boys had turned two and they were climbing and crawling on everything. You'd said this with frustration but your eyes told me a different story - you loved those boys, you sure did. You were proud of them."}, {"type": "sentence", "content": "\"That was the night you asked if I could hold you. We cozied up on the couch together, with what time I had left. You were curled up under my arm and you cried. You cried a small pool onto my suit, but I didn't mind; I just held you until you were done. You sobbed for a long time. You had a lot of hurt that couldn't be put into words."}, {"type": "sentence", "content": "\"When you finished, you pulled away from me, your eyes rimmed red and your lashes sticking together from the tears, and said, 'you have to go now, don't you?' I nodded my head and you smiled at me. You said, 'I'll see you next year,' and I nodded again. It was hard for me to leave you but I knew I would see you before long."}, {"type": "sentence", "content": "\"Every year, I'd come into the house and see you sitting at the table waiting for me. Small things and big things would change around you, but you always sat there waiting for me. Your pyjamas were always different. One year, the table was different. Sometimes your hair too. I hardly recognized you that one year you lopped it all off and dyed it blonde!\""}, {"type": "sentence", "content": "\"I was so worried you weren't going to like it.\""}, {"type": "sentence", "content": "\"The one thing that never changed was this look you had in your eyes. I guess a part of me was always worried that I'd see the same look in them the first year we met but I have yet to. But no, this look - this look was the opposite of that. I don't know how to describe it - there's not a lot of moments I've seen that look in someone's eyes. But you had it every single time."}, {"type": "sentence", "content": "\"One year, I saw you sitting at the table and you didn't get up to greet me immediately - it was unusual and out of sorts. You didn't even turn to look at me but you knew I was there. I could feel that something was different but I couldn't put my finger on what it was. The dining room buzzed like something other than you and me were alive in it."}, {"type": "sentence", "content": "\"I walked over and stood at the table and that's when I saw it - your black eye. It looked like it was a couple days old, the border now a yellow-green gradient. I sat down quietly and looked at you. I had never seen the effects of the abuse even though you had mentioned it to me on many occasions."}, {"type": "sentence", "content": "\"You looked up and - it was - I remember it - this, this fire in your eyes. You said, 'he's gone.' Those words rang in my ears in the silence that followed. And you repeated those words again when the echoes of the first stopped cascading through my mind: 'he's gone.'"}, {"type": "sentence", "content": "\"I watched you and marvelled at this creature that was bruised but far from broken. And then you said - you said these words that - that I will never - I will never forget.\" His voice cracked and he hugged me tighter."}, {"type": "sentence", "content": "\"'I'm the oak,' you said.\""}, {"type": "sentence", "content": "I whispered it back: \"I'm the oak.\""}, {"type": "sentence", "content": "We didn't speak for a moment. His shoulders fell in a sigh and said:"}, {"type": "sentence", "content": "\"You've been the oak ever since.\""}, {"type": "sentence", "content": "We stood there wrapped in each other in the middle of the night, frozen in time. My heart beat lazily against his chest and the residue of insecurity released me from its clutches. The second hand on the clock tick, tick, ticked, the refrigerator hummed and the furnace in the basement roared. The incandescent light from the dining room cast a warm, cozy glow around us, every object coming to life in its own shadow. The wind howled outside and the floorboards creaked in protest."}, {"type": "sentence", "content": "My boys - no longer boys - were asleep with their partners in two of the guest rooms upstairs. Their children were tucked away in the third. There were only a handful of hours before this old home would be a buzz with the clamour of small, naked feet running through the halls, the sizzle and whir of the kitchen preparing breakfasts and Americano's, the tearing of Christmas wrap and boxes, and the shouts of incredulous surprise at each discovery under the tree. It filled my senses and it filled my heart and as fast as the hubbub would come, it would go."}, {"type": "sentence", "content": "He pulled away and held me at arms length, bending at the waist so our eyes were level. He looked into me, his gaze sincere."}, {"type": "sentence", "content": "\"When they kids grow up, as they do, and they stop believing in me, they'll still believe in you. If I am magic, then you are too.\""}, {"type": "sentence", "content": "Nick embraced me in his arms and I held him tightly. He squeezed me before we released each other. He cradled my jaw in his massive hands, his fingers resting gently behind my ears. He brought his lips to mine, the tickle of his moustache and beard prickling my skin, and kissed me. I closed my eyes and kissed him back."}, {"type": "sentence", "content": "Our mouths parted and he pressed his lips on my forehead. \"I have to go,\" he whispered."}, {"type": "sentence", "content": "\"I know.\" I smiled up at him. It reached my eyes."}, {"type": "sentence", "content": "\"Same time, same place,\" he asked, his face breaking out in a grin."}, {"type": "sentence", "content": "\"Same time, same place,\" I grinned back. \"Different pyjamas.\""}, {"type": "sentence", "content": "He laughed his belly laugh and I shh'd him jokingly, jabbing a finger at the ceiling. He zipped his lips with two fingers and placed the imaginary key in my palm, folding my fingers shut on top of it. He put his boots on and turned the corner of the dining room. With a final turn of his head, he smiled and winked at me, then disappeared into the night."}, {"type": "sentence", "content": "I stood a moment in his absence and sighed. I smiled to myself and held my fingertips up to my lips, preserving the kiss."}, {"type": "sentence", "content": "A stair creaked from across the room. \"Gramma?\""}, {"type": "sentence", "content": "I turned to see my 4-year old granddaughter sitting on the last step of the staircase, hands balled into tiny fists and rubbing her eyes. I walked over and knelt in front of her."}, {"type": "sentence", "content": "\"What are you doing up so early, my love?\""}, {"type": "sentence", "content": "\"I couldn't sleep.\" She yawned a lion's yawn and her eyes squeezed shut."}, {"type": "sentence", "content": "I laughed. \"You look pretty tired to me, missy.\" I stood and offered my hand. \"C'mon, let's go to bed.\""}, {"type": "sentence", "content": "She stood and placed her hand in mine, still rubbing her eye with the other. \"Gramma?\""}, {"type": "sentence", "content": "\"Yes, dear?\""}, {"type": "sentence", "content": "\"Were you kissing Santa?\""}, {"type": "sentence", "content": "I looked down at her in surprise."}, {"type": "sentence", "content": "\"Oh, my - well - I - \" I scrambled to find words. She looked up at me, blinking away the remnants of sleep, her gaze beginning to focus. I paused before smiling at her and said, \"that would be quite magical, wouldn't it?\""}, {"type": "sentence", "content": "She nodded her head. \"Yeah. It would be.\""}, {"type": "sentence", "content": "I waited to see if she would say anything else. She looked up at me, shrugged her shoulders and said, \"Does that mean we get more presents?\""}, {"type": "sentence", "content": "I threw my head back in hearty laughter and bent to kiss her on top of her head. I scooped her up and hoisted her on my hip. \"Let's get you back to bed, shall we? Only a couple more hours till we get to see what Santa left you under the tree.\""}, {"type": "sentence", "content": "She nodded as she yawned again and tucked her head in the hollow of my neck. She would be asleep before I reached the top of the staircase."}], "topic": "fiction", "uuid": "13067e06e8ba476cbc5504197989de0cb5410a1a6d37b9c6c808acce", "link": "https://psiloveyou.xyz/a-forest-in-these-walls-296ef17aba99"}