{"title": "How I'm Using Hypnosis to Attract My Life Partner", "data": [{"type": "image", "content": "https://miro.medium.com/max/2060/1*KID3Pfx76MamaWe_vOlRNQ.png"}, {"type": "sentence", "content": "Let me introduce you to my friend, Shonda."}, {"type": "sentence", "content": "She was in her late 30s, single in New York, and planning to die alone. (Her words, I hasten to add!) This is why in 2016, she decided to make a change."}, {"type": "sentence", "content": "She worked with a coach, shifted her mindset, and attracted Brian into her life. This happened in six months. They've since brought a wonderful boy called Charlie into the world."}, {"type": "sentence", "content": "Now, she's a hypnotherapist and coach who helps others master their subconscious. She's also been voted a top 20 coach in LA by Los Angeles entrepreneurs."}, {"type": "sentence", "content": "When I spoke with Shonda, I was expecting my worries to be swept away. The reality was different. She asked me questions, led me by the hand, and even set homework. Most exciting of all? I think it might be working."}, {"type": "sentence", "content": "The fundamental aim of hypnosis is to shift your beliefs. According to the American Society of Clinical Hypnosis, the hypnotic \"state of consciousness involving focused attention and reduced peripheral awareness\" may help us use our minds more powerfully."}, {"type": "sentence", "content": "One belief I've latched onto is feeling I'm not enough - that I'm not worthy of love. It's held me back in relationships and I fear I may never settle down with someone special."}, {"type": "sentence", "content": "If you're in a similar boat, hypnosis may just help. Here's the practice Shonda taught me."}, {"type": "sentence", "content": "After three months, I've noticed a difference. I feel like I'm slowly surrendering control of my fears, and I don't seem to be worrying about the future as much."}, {"type": "sentence", "content": "It felt strange at first. You know, practicing in the dark and talking to myself. Truthfully, though, it's not too dissimilar to meditation. I've practiced this for years, and the main difference seems to be speaking aloud."}, {"type": "sentence", "content": "Somehow, this single act of talking has made me feel more present, leading me to truly believe the words I'm speaking."}, {"type": "sentence", "content": "And I say it might be working for one simple reason. Last month, a writer on Medium and I progressed from commenting on each other's work to swanning into emails. I've enjoyed her writing for months and thought she looked pretty, but I had zero expectations of being anything more than pen pals."}, {"type": "sentence", "content": "However, I read the signs and asked her out on a date:"}, {"type": "sentence", "content": "She agreed, throwing the emojis right back at me, and we've now taken things to WhatsApp. We had our first virtual date last weekend and are doing a take-two on Saturday."}, {"type": "sentence", "content": "Will it go further? I hope so. We've been open about the difficulties of doing long distance (she lives in New York, I live in England), and we're keeping our expectations low. It's exciting, though, particularly given how I wasn't looking for anything."}, {"type": "sentence", "content": "Funny how removing resistance does this!"}, {"type": "sentence", "content": "This is a far cry from needy behaviour I've exhibited in the past. I probably wouldn't have asked her out in the fear of being rejected, and I doubt I'd have said she's pretty."}, {"type": "sentence", "content": "However, now that I'm starting to believe there is someone out there for me, I find myself going with the flow. If the girl I've been dating isn't the one, that's okay. We've had fun and I'll be one step closer to the person who is."}, {"type": "sentence", "content": "Will hypnosis attract my life partner? I'm three months into the practice, feel worthy of love, and have met an amazing woman I would like to know better, in spite of Covid."}, {"type": "sentence", "content": "If this is possible in such a short space of time, I'm excited about the possibilities of six months."}, {"type": "sentence", "content": "Give it a go. There's nothing to lose and potentially a whole lot to gain."}], "topic": "mindfulness", "uuid": "13482c01b3cc9a71a4b3e9b5918bf9bd27f55d288970890ee8fe95b5", "link": "https://psiloveyou.xyz/how-im-using-hypnosis-to-attract-my-life-partner-8c45fd5defb9"}