{"title": "Table 2 fallacy and stepwise regression", "data": [{"type": "image", "content": "https://miro.medium.com/max/7400/1*ELzoK6FKui57K1QictK_XA.jpeg"}, {"type": "sentence", "content": "I worry about my neighbor, Harry. He always waves to me on my way to work from the corner where he hangs out to smoke. I often see him smoking while chatting with passers-by. Harry is in his 80's."}, {"type": "sentence", "content": "So when my Harry described his last doctor's appointment to me, I did a double-take. His provider's office had taken their \"quit smoking contracts\" for patients and repurposed them as \"keep smoking contracts\". A nurse told him to keep doing what he was doing, even though he reported exactly how much he smokes every day."}, {"type": "sentence", "content": "I decided to do some digging. I already knew of a few withdrawn pre-prints and discredited papers that misconstrued COVID-19 data to suggest that smokers (especially \"current smokers\") are less likely to have severe illness (sometimes using \"former smokers\" as the comparison group). But I couldn't believe how much junk science popped up on Google Scholar when I dug a little deeper."}, {"type": "image", "content": "https://miro.medium.com/max/1000/1*rTy2FKgFXRt4bMMl-dlf6A.jpeg"}, {"type": "sentence", "content": "As an epidemiologist, I know better than to read electronic health record data on smoking this way. For one thing, these studies don't control for the dose-response relationship between smoking and lung damage. They don't control for smoking intensity, duration, or cumulative pack-years of cigarettes smoked over the lifetime of each patient. Studies that successfully measure cumulative exposure over a lifetime are a much more reliable source of information about smoking risk."}, {"type": "sentence", "content": "They also fail to distinguish between people who stopped smoking 15 years ago and people who quit smoking when the pandemic first started. In the UK alone, the pandemic has motivated millions of former smokers to give up their habit. This matters because damage to lung function from smoking can partially heal over time after smoking cessation, but the benefits don't appear overnight."}, {"type": "sentence", "content": "These studies also overlook the problem of selection bias in behavioral data. You can't compare current smokers to former smokers without controlling for duration of smoking habit or cumulative pack-years smoked. This is because smokers who have already been diagnosed with lung damage are more likely to have already decided to quit. Most adults aged 55-80 who have ever sought lung cancer screening are former smokers, not current smokers, according to survey data on 10 U.S. states."}, {"type": "image", "content": "https://miro.medium.com/max/982/1*mguLwphNZvk9mCHDJ1i-9g.jpeg"}, {"type": "sentence", "content": "This would make former smokers a poor choice of comparison group when evaluating the risk from continued smoking. This point is counter-intuitive. You might want to be able to tell current smokers that quitting will save their lives. When we're talking about cancer and heart disease, which still kill more people every year than COVID-19 ever will, that's certainly true. Perhaps you want to test that hypothesis against COVID-19 data by using former smokers as a reference category for current smoking risks. But more recent data on lung function in former smokers suggests that quitting smoking isn't enough to prevent deteriorating lung health over the following years. Only never-smokers are free of the long-term effects of smoking on the lung."}, {"type": "sentence", "content": "Sadly, experts on smoking and health have seen all these mistakes play out in public health debates before. But today, few people remember the long, drawn-out battle to persuade public health authorities that smoking is bad for your health."}, {"type": "sentence", "content": "The verdict on smoking first came through in the 1970's, delayed by decades of junk science put out by the tobacco industry arguing that smoking is harmless, and might even be good for you. The famous Bradford Hill criteria for testing cause-and-effect relationships in health research actually emerged during this debate as a proposal to break the deadlock at the CDC on the smoking question."}, {"type": "sentence", "content": "So why are so many COVID-19 scientists hitting the same stumbling blocks that slowed down the public health community's response to data on smoking and cancer 50 years ago?"}, {"type": "sentence", "content": "One problem may be the way we teach statistics to data scientists and public health professionals. Multivariable regression is often mistaken for a silver bullet that magically controls away confounding for all variables at once, as long as no confounder is left out. This is what statisticians call the \"Table 2 fallacy,\" because the adjusted effect sizes in a multivariable model are so often reported in Table 2. Many medical professionals learn to read research articles critically for understanding without ever having been introduced to the Table 2 fallacy."}, {"type": "sentence", "content": "Confounding is often taught as a purely mathematical concept, but that misses the point. Throwing a large set of variously interrelated variables into a big stepwise regression model might be expected to work, if all you know about confounding is that you should \"never leave a confounder out\" of your analysis."}, {"type": "sentence", "content": "Unfortunately, it doesn't work that way at all. Controlling for the wrong confounder can actually increase the bias in your effect sizes, for example, when the confounder has a collider effect. (For more on colliders and COVID-19, check out this recent review.)"}, {"type": "sentence", "content": "And when controlling for potential confounders, you also need to carefully decide in what order each variable will enter your multivariable model, so that the confounding effects are removed from the effect of interest in the final model, rather than the other way around. This requires domain expertise on the causal relationships among correlated predictors. It also demands a focused research question and null hypothesis to test - quite the opposite of p-hacking or data dredging."}, {"type": "sentence", "content": "Which leads me to my other point - the problem with using stepwise regression to identify predictors of COVID-19 outcomes. Stepwise regression can \"let the computer decide\" in which order the variables should enter a multivariable model. But that means optimizing for statistical significance rather than clinical expertise in hierarchical regression. Great for p-hacking, which at best can be excused in exploratory research as a hypothesis-generating exercise. Bad for inference, and unacceptable for hypothesis-testing."}, {"type": "sentence", "content": "Hot tip: This excellent academic explainer of hierarchical regression will help you conceptualize what can go wrong when statistical significance is the only criterion for deciding in what order variables enter a multivariable model."}, {"type": "sentence", "content": "Perhaps, because cancer experts proved smoking is bad for your health more than a generation ago, we're facing a generation gap in institutional learning on tobacco-induced diseases and the types of data needed to test for them. Many of the health scientists churning out papers on smoking and COVID-19 have never written about or studied smoking and health before at all."}, {"type": "sentence", "content": "And when evaluating literature on smoking and COVID-19, it's important to remember that tobacco industry influence in the scientific community hasn't just gone away. The tobacco industry invented the conflict of interest, and they aren't giving up just because journals are starting to ban tobacco industry-funded research. At some journals, they still have their own people on the editorial board. So don't assume that just because an author hasn't declared a conflict of interest, that the tobacco industry hasn't had a hand in promoting their research in some way."}, {"type": "sentence", "content": "I'm hoping Harry's doctor reads this. And I'm hoping that most doctors already know better than to do what he's doing. Many public health professionals are treating this crisis as an opportunity to prompt smokers to quit. The stress this pandemic is causing smokers can make quitting harder. But if ever there was a time to support your patients, friends and family in forming a motivation to quit, this has got to be it."}, {"type": "sentence", "content": "For data scientists and researchers trying to decide how to report on the results of COVID-19 risk factor analyses, I have a few take-aways:"}, {"type": "sentence", "content": "For medical research consumers, especially health news reporters, I also have a few tips for reading the peer-reviewed literature on COVID-19 risk factors:"}], "topic": "data-science", "uuid": "17c1c89ac53e7ecf2af6f32662cf730c8a705cb548551d612fb31a2c", "link": "https://towardsdatascience.com/table-2-fallacy-and-stepwise-regression-smoking-research-on-covid-19-hits-some-familiar-stumbling-615cf2e28c82"}