{"title": "How a Great Plan B Rescued These 5 Startups From Failure", "data": [{"type": "subtitle", "content": "Many entrepreneurs find that their best-laid plans aren\u2019t nearly as good as Plan B"}, {"type": "sentence", "content": "By Bill Shapiro"}, {"type": "sentence", "content": "Somewhere between a hockey-stick growth curve and a hit-the-wall failure lives \u201cthe pivot.\u201d A deceptively sunny term, the pivot typically involves equal parts bug-eyed fear, rapid rereading\u2026"}], "topic": "startups"}