{"title": "Loving turtles to death", "data": [{"type": "sentence", "content": "Imagine one moment you\u2019re basking on a log on a warm day in early summer, soaking in the sun after foraging in a cool, spring-fed wetland. The next, you\u2019ve been thrust inside a bag, wondering if you\u2019ll ever see the marsh you call home again."}, {"type": "image", "content": "https://miro.medium.com/max/8000/1*zAs4_9MpQvYlG8HERf04zQ.jpeg"}, {"type": "sentence", "content": "Most turtles collected illegally from the wild don\u2019t."}, {"type": "sentence", "content": "Law enforcement officials have reported an increase in the trafficking of native turtles in the United States, from common species like the Eastern box turtle to federally listed species like the threatened bog turtle. Most are exported to Asia, but many are sold right here in the U.S., sometimes falsely advertised as \u201ccaptive-bred\u201d pets."}, {"type": "sentence", "content": "Poaching usually ends a turtle\u2019s natural life, even if it is seized from traffickers alive."}, {"type": "sentence", "content": "\u201cAs of now, most turtles confiscated cannot be released back to the wild,\u201d said Noelle Rayman-Metcalf, an endangered species biologist based at the U.S. Fish and Wildlife Service\u2019s New York Field Office. \u201cThere\u2019s no way to know exactly where they were taken from, and releasing them just anywhere within their range could have unintended genetic consequences for populations that have adapted to survive in certain areas over generations.\u201d"}, {"type": "image", "content": "https://miro.medium.com/max/4896/1*nH5MPVn2-4jLhI3Gnl7Q1w.jpeg"}, {"type": "sentence", "content": "Releasing confiscated turtles also risks introducing novel diseases contracted due to unsanitary conditions, or exposure to other animals. That means most seized turtles will end up living out their long lives in captivity, in conditions that don\u2019t come close to their native habitat. Imagine going from a five-acre wetland to a five-gallon tank."}, {"type": "sentence", "content": "Motivated by the urgency of the turtle-trafficking crisis, scientists are working to address long-standing barriers to repatriation by developing genetic databases to narrow down where turtles were taken from, and disease-screening protocols to mitigate the risks of releasing them."}, {"type": "sentence", "content": "While returning healthy turtles to the wild, if possible, is a top priority, developing a process for how best to do so safely will take time. For now, the reality remains: those in captivity may never go home, and the loss of those individuals has serious consequences for the populations they leave behind."}, {"type": "sentence", "content": "\u201cWhen you take out any adults, especially females, you may have just created a functionally extinct population,\u201d Rayman-Metcalf said. \u201cIt can be devastating.\u201d"}, {"type": "image", "content": "https://miro.medium.com/max/1592/1*C37iIiPMJt7Izpq7CDlc9g.jpeg"}, {"type": "sentence", "content": "Biologically, turtles are more vulnerable to illegal collection than other taxa: adult turtles must reproduce for their entire lives to ensure just one hatchling survives. And it takes years, often decades, for turtles just to reach reproductive age, if they make it at all. Most fall victim to predators before they mature. Others fall victim to habitat loss and car strikes when crossing roads."}, {"type": "sentence", "content": "When people take individual turtles, they wipe out future generations."}, {"type": "sentence", "content": "Some people take hundreds."}, {"type": "sentence", "content": "Illegal collection subtracts an unknown number of turtles from wild populations that are already stressed. It undermines biologists\u2019 ability to study and recover vulnerable species, and to keep common species common. \u201cIt\u2019s a threat we cannot easily see,\u201d Rayman-Metcalf said."}, {"type": "sentence", "content": "Not a new problem, within or beyond our borders"}, {"type": "sentence", "content": "The recent spike in the illegal collection of native turtles in the United States poses a serious threat to species that are already at risk, such as the spotted turtle, wood turtle, bog turtle and alligator snapping turtle."}, {"type": "image", "content": "https://miro.medium.com/max/2048/1*JLXnHNMJqRGFT0aHFpe-kA.jpeg"}, {"type": "sentence", "content": "But the demand for North American turtles is not new. In the late 19th and early 20th century, diamond-backed terrapins were considered a culinary delicacy. Alligator snappers were heavily traded in the 1960s, 70s, and 80s. Both eastern and western box turtles have been common in the pet trade since the 1990s, and wood and painted turtles have become increasingly popular as well."}, {"type": "sentence", "content": "The trends in the United States reflect, and feed into, a global wildlife-trafficking problem. Turtles are taken to meet domestic and international demand, often in spite of regulatory barriers. Wood turtles, for instance, appear to be a prime target of poaching, despite being protected in every U.S. state and listed under the Convention on International Trade in Endangered Species of Wild Fauna and Flora (CITES) Appendix II \u2014 which regulates trade to prevent exploitation."}, {"type": "sentence", "content": "Alarmed by the growing threat to turtle species that are already in trouble, scientists and law enforcement professionals are working together to establish multi-agency partnerships, identify information gaps and scientific needs, and align resources to meet them."}, {"type": "sentence", "content": "Here are some of the initiatives underway to help combat the trafficking threat, and offset damage to wild populations:"}, {"type": "sentence", "content": "Turtle power"}, {"type": "sentence", "content": "Native turtles are national treasures. The U.S. encompasses a globally significant biodiversity of wild turtles. According to some assessments, our country is home to the greatest total number of turtle species and subspecies of any single nation, and the greatest number of endemic species \u2014 those that only live here. Of the 57 known native species of turtles and tortoises in the U.S., more than 40 percent are at risk of extinction. Globally, more than 60 percent of turtle and tortoise species are at risk."}, {"type": "image", "content": "https://miro.medium.com/max/2400/1*sIX-mz66inF2z3ApKzZvAA.jpeg"}, {"type": "sentence", "content": "Southeast Asia was once home to a globally significant diversity of turtles too. As of 2010, it had the highest total threat levels for turtle taxa. That\u2019s why turtles in the U.S. are increasingly targeted. Wildlife trafficking is a multi-billion dollar global industry that exploits the natural diversity intrinsic to global ecological niches. Just as the demand for exotic wildlife products in the U.S. has led to exploitation of species abroad, the demand for turtles here and in other parts of the world has put our turtles at risk."}, {"type": "sentence", "content": "Here are some things you can do to help protect native turtles:"}, {"type": "sentence", "content": "For more information: https://www.fws.gov/international/how-you-can-help.html"}, {"type": "sentence", "content": "This blog was written in collaboration with Jenell Walsh-Thomas, an American Association for the Advancement of Science (AAAS) Science & Technology Policy Fellow with the Combating Wildlife Trafficking Strategy and Partnerships Branch of the U.S. Fish and Wildlife Service\u2019s International Affairs Program."}], "topic": "science"}