{"title": "AI + Forensic Facial Reconstruction", "data": [{"type": "image", "content": "https://miro.medium.com/max/3000/1*nZA2fifQ--UyDDdTBl7Pig.jpeg"}, {"type": "subtitle", "content": "Using Artbreeder on sculptures made from unidentified remains of men found in BC, Canada. (15 faces project)"}, {"type": "sentence", "content": "Can AI-enhanced forensic facial reconstruction help with cold cases? I\u2019m not sure, so please tread lightly."}, {"type": "sentence", "content": "Families of missing persons could be traumatized if used improperly. In this instance the stakes are low because the identities of these men found in British Columbia, Canada are not known and unexpected details might jog the right person\u2019s memory \u2014 as it did when the RCMP announced the 15 faces project."}, {"type": "sentence", "content": "RCMP has not responded to a request for comment."}, {"type": "subtitle", "content": "The Idea"}, {"type": "sentence", "content": "The idea for this came from the Colorized Statues subreddit which, in recent month, has gotten well-received artistic interpretations of Roman statues like Caracalla and Caesar."}, {"type": "image", "content": "https://miro.medium.com/max/6000/1*6GPmxAsmW6De3ndAMeLQWw.jpeg"}, {"type": "sentence", "content": "For this experiment, I\u2019ve only done basic brightness/contrast processing on the 15 faces before putting them into Artbreeder\u2019s Generative Adversarial Network (GAN) \u2014 the technology behind this and similar AI/machine learning projects."}, {"type": "sentence", "content": "The forensic reconstructions were done in January 2020 by students at the New York Academy of Art. Each student spent five days applying clay to 3D printed skulls of unidentified remains as part of a workshop. The goal was to encourage tips from the public in hopes of bringing closure to families and loved ones. It indirectly brought closure to one family (details at end of article)."}, {"type": "sentence", "content": "I want to be clear that I have no expertise in forensic facial reconstruction. My expertise is in image and video analysis. I do 3D reconstructions of crime scenes. I make no claims of accuracy. My gut instinct is that the results are simply easier to look at, that each step towards realism is a step away from ground-truth skull measurements."}, {"type": "sentence", "content": "Regardless, I think even failed experiments are worth learning from and maybe the results will jog someone\u2019s memory."}, {"type": "subtitle", "content": "The Results"}, {"type": "sentence", "content": "Male, aged 40\u201360, discovered in Burnaby, British Columbia, 2019"}, {"type": "image", "content": "https://miro.medium.com/max/2048/1*S-cWmpX3UL3Fd3oQs6wtzg.jpeg"}, {"type": "sentence", "content": "Male, aged 25\u201340, discovered in Lytton, British Columbia, 2016"}, {"type": "image", "content": "https://miro.medium.com/max/2048/1*_lZy8HaQ935yAYc_PrpkRw.jpeg"}, {"type": "sentence", "content": "Male, aged 45\u201355, discovered in Richmond, British Columbia, 2008"}, {"type": "image", "content": "https://miro.medium.com/max/2048/1*aiIDAqEAOkZQXArb5s-dEw.jpeg"}, {"type": "sentence", "content": "Male, aged 30\u201350, discovered in Richmond, British Columbia, 2004"}, {"type": "image", "content": "https://miro.medium.com/max/2048/1*oWv_mNSMuHqJF5O4aBPUhg.jpeg"}, {"type": "sentence", "content": "Male, aged 30\u201349, discovered in Delta, British Columbia, 1998"}, {"type": "image", "content": "https://miro.medium.com/max/2048/1*8pFYft6CRdA4NX9PeMRIrw.jpeg"}, {"type": "sentence", "content": "Male, aged 30\u201349, discovered in Coquitlam, British Columbia, 1998"}, {"type": "image", "content": "https://miro.medium.com/max/4096/1*wATXbo60c2m7VFwrfAyhQw.jpeg"}, {"type": "sentence", "content": "Male, aged 50\u201365, discovered in West Vancouver, British Columbia, 1996"}, {"type": "image", "content": "https://miro.medium.com/max/2048/1*6s3lA8yheQAO7bEELNqa7A.jpeg"}, {"type": "sentence", "content": "Male, aged 40\u201360, discovered in Port Moody, British Columbia, 1995"}, {"type": "image", "content": "https://miro.medium.com/max/2048/1*UfYU3xxtoOykr8P3RxCGiw.jpeg"}, {"type": "sentence", "content": "Male, aged 25\u201340, discovered in North Vancouver, British Columbia, 1994"}, {"type": "image", "content": "https://miro.medium.com/max/2048/1*qezRXV56itGmD8vWk9w1BA.jpeg"}, {"type": "sentence", "content": "Male, aged 40\u201355, discovered in Parksville, British Columbia, 1992"}, {"type": "image", "content": "https://miro.medium.com/max/2048/1*DefSr3FKWXMCNfHuGcI7Pw.jpeg"}, {"type": "sentence", "content": "Male, aged 45\u201370, discovered in Vancouver, British Columbia, 1990"}, {"type": "image", "content": "https://miro.medium.com/max/2048/1*zmX0BNSUbGiHVhs9dA3f8g.jpeg"}, {"type": "sentence", "content": "Male, aged 30\u201349, discovered on Whistler Mountain, British Columbia, 1987"}, {"type": "image", "content": "https://miro.medium.com/max/2048/1*aKWSTB49Mk2gTe8p2ZRGyA.jpeg"}, {"type": "sentence", "content": "Male, aged 20\u201340, discovered on Hollyburn Mountain, British Columbia, 1984"}, {"type": "image", "content": "https://miro.medium.com/max/2048/1*9B9wCSir0PD10Zclw4nS6Q.jpeg"}, {"type": "sentence", "content": "Male, aged 18\u201335, discovered in Chilliwack, British Columbia, 1972"}, {"type": "image", "content": "https://miro.medium.com/max/2048/1*9y-Ngj0qhiN1YL2xNTrGrg.jpeg"}, {"type": "subtitle", "content": "The Process"}, {"type": "sentence", "content": "(Case reference: 2019045788)"}, {"type": "sentence", "content": "The images provided by the New York art class lacked contrast and didn\u2019t fare quite as well when put into the neural network. Several images would have errors processing, sometimes it would help to do a basic colorization. In this case, I increased the contrast and used the \u2018shadow and highlights\u2019 filter (similar to \u2018pop\u2019 filter on Instagram). In this case, I added Club Monaco glasses based on a RCMP photo."}, {"type": "image", "content": "https://miro.medium.com/max/1024/0*V5pXQWBg-Lo7he5s"}, {"type": "sentence", "content": "The uploaded angles are automatically cropped and mixed into the AI blender. Already, features like hair, wrinkles and eyes begin to look less uncanny."}, {"type": "image", "content": "https://miro.medium.com/max/1652/1*VbvRVCXJlwMdNnZnvvbWsQ.jpeg"}, {"type": "sentence", "content": "This is where the artistry comes in. The \u2018chaos\u2019 control seems to revert the face back to some kind of typical/attractive face. The remaining controls are self-explanatory."}, {"type": "image", "content": "https://miro.medium.com/max/1894/1*ukow-j40a5pgS5FKKPwICA.gif"}, {"type": "sentence", "content": "I found it was useful to use the results of this and repeat the \u2018crossbreed\u2019 step with the originals."}, {"type": "sentence", "content": "This was the most time-consuming process. It would be really helpful if RCMP were to photograph the clothing and glasses on a mannequin. Instead there were photographed on the ground so i had to find other source photos."}, {"type": "image", "content": "https://miro.medium.com/max/1682/1*LFKVBcms_75xm3DmwWQU3Q.gif"}, {"type": "subtitle", "content": "A Flawed Science"}, {"type": "sentence", "content": "Wikipedia describes forensic facial reconstruction as \u201ceasily the most subjective \u2014 as well as one of the most controversial \u2014 techniques in the field of forensic anthropology.\u201d"}, {"type": "sentence", "content": "Put simply, when two experts are given the same skull the results vary significantly. Current methods are not admissible as expert testimony."}, {"type": "sentence", "content": "Still, public interest surrounding the project let to one person being identified. It was the boot description; not the face that led to a match. In this instance it might have helped that the sculpture lacked defining features."}, {"type": "sentence", "content": "In a story by The Globe and Mail, the author wrote \u201cThe reconstruction played an indirect role, at best.\u201d"}, {"type": "sentence", "content": "The mother said,\u201cI was disheartened when I first saw it because it didn\u2019t look anything like [my son],\u201d she said. \u201cMy girls looked at it and disagreed. They said if you look at the ears and the eyes it\u2019s him.\u201d"}, {"type": "image", "content": "https://miro.medium.com/max/2400/0*FnPpIvuSlYO-OCi0"}, {"type": "subtitle", "content": "Conclusion"}, {"type": "sentence", "content": "The process remains both mysterious and unpredictable \u2014 qualities unlikely to attract law enforcement use."}, {"type": "sentence", "content": "In the future, I imagine someone could pair face-scans with CT scans and use machine learning to automate forensic facial reconstruction. However, it is such a niche and low-profit market that I doubt law enforcement will put any research into it. CT scans are expensive and unpleasant, so it would be hard to convince a thousand-plus participants needed to build a useful dataset."}, {"type": "sentence", "content": "I have only used Artbreeder for a week and I have much to learn."}, {"type": "sentence", "content": "ABOUT THE AUTHOR"}, {"type": "sentence", "content": "Daniel Voshart is works in architecture and production design. He is currently on pause of his regular duties in Toronto, Canada due to the global health crisis. He writes and does forensic consultation in his spare time."}, {"type": "sentence", "content": "ABOUT ARTBREEDER"}, {"type": "sentence", "content": "Created by Joel Simon while at Stochastic Labs. Generative Adversarial Networks are the main technology enabling this project. Artbreeder uses these BigGAN models and there is an open source version available."}], "topic": "artificial-intelligence"}