{"title": "How the Virtual World \u201cSecond Life\u201d is a Showcase of the Metaverse", "data": [{"type": "subtitle", "content": "A 17-year history of digital culture shows what to expect from the digital future"}, {"type": "sentence", "content": "If you could design your every physical feature from the ground up, what would you look like? In the immersive virtual world Second Life, you can be anyone and anything you want. From a sculptured muscular physique to tattoos, exotic hair colors, and animal parts, if you want it to be a part of you, all you need to do is click, drag and drop to create it."}, {"type": "sentence", "content": "That\u2019s a major part of the appeal of the virtual community built within Linden Lab\u2019s Second Life. Think of it like an infinitely large, more elaborate, community-oriented, and adult version of the video game, The Sims. It\u2019s an online, massive, and explorable world. Averaging some 40,000 concurrent users at a time, it has developed its own unique culture."}, {"type": "sentence", "content": "Second Life is a 17-year-old digital world and an early version of an immersive Metaverse. Because its been around for so long and developed its own history and norms, it\u2019s an interesting case study in how Metaverse communities evolve over time."}, {"type": "subtitle", "content": "What is the Metaverse?"}, {"type": "sentence", "content": "The Metaverse I\u2019m referring to here is a digital reality created through the social networking of devices."}, {"type": "sentence", "content": "Here are the elements of Second Life and how they create a Metaverse."}, {"type": "subtitle", "content": "1. A Metaverse can be an expansive virtual world"}, {"type": "sentence", "content": "Second Life is massive. It\u2019s an infinite space where users can continuously develop their own land, homes, and experiences."}, {"type": "subtitle", "content": "2. A Metaverse is an immersive experience"}, {"type": "sentence", "content": "Users create customizable avatars as a virtual representation of themselves. These avatars can take on almost any shape, size, or form. They are highly customizable and allow for unprecedented levels of self-expression."}, {"type": "sentence", "content": "In Second Life, visitors embrace their avatars as a transition from the physical world to virtual reality. Exploring the massive expanse using their avatars to walk, ride, fly, and teleport to various locations."}, {"type": "subtitle", "content": "3. A Metaverse doesn\u2019t necessarily have objectives"}, {"type": "sentence", "content": "Like the prototypical Metaverse in Snow Crash, Second Life has no objectives or game focus. Instead, it\u2019s intended to foster a social and collaborative life. Residents can interact with one another and conduct various forms of exploration, create and exhibit artwork, attend concerts, events, and public gatherings. In mature regions of the virtual space, users even conduct sexual activities."}, {"type": "subtitle", "content": "4. Metaverses are constructed from user generated content"}, {"type": "sentence", "content": "Second Life empowers users with no-code and low-code software to give individuals with no coding skills the ability to create their own digital products. At the core of the no-code movement is User-Generated Content (UGC). This is a model where the customers also develop and share content right alongside the developer organization (Linden Lab)."}, {"type": "sentence", "content": "No-code platforms create flexible and easy to understand design tools for different purposes. Like Minecraft or Fortnite, in Second Life users can design avatars, items, and digital locations."}, {"type": "sentence", "content": "Users are given the tools and encouraged to sell prefabricated features and digital assets to other users. These prefabricated items and features allow for the customization of the experience with minimal friction."}, {"type": "sentence", "content": "UGC is a critical element of any Metaverse."}, {"type": "subtitle", "content": "5. Spaces for unique subcultures"}, {"type": "sentence", "content": "Second Life manifests as a fringe, frontier, and experimental community. It pushes the boundaries of what\u2019s possible and acceptable. Like any frontier movement, users are searching for a particular way of life and build unique kinships with the people they meet on their respective frontiers."}, {"type": "sentence", "content": "Second Life and internet culture in general lends itself well to anonymity. A valued attribute for social groups on the periphery of society."}, {"type": "sentence", "content": "As a result, Second Life communities enjoy a reduction in the preference falsification characteristic of non-digital life. Users are able to express themselves without fear of social repercussions. Activities that may seem odd or frowned upon by mainstream culture are often embraced in the infinite expanse of the internet and its Metaverse."}, {"type": "sentence", "content": "Events, art, interactions, and unique forms of self-expression are common elements of the Metaverse and are unique within Second Life."}, {"type": "sentence", "content": "This plays into the themes of the modern internet. It also creates a mode for commerce to exist between users and captured by the platform organization."}, {"type": "subtitle", "content": "6. Commerce and digital economies"}, {"type": "sentence", "content": "Second Life\u2019s Linden Dollar is the in-world currency that is exchangeable for real-world money. Like the physical world, users can perform various tasks and activities to earn Linden Dollars. The most common services are the prefabrication of avatar skins and virtual experiences."}, {"type": "sentence", "content": "Commerce within Second Life has given rise to a new digital gig-style economy. Like other MMO style environments, Second Life showcases the pros and cons a Metaverse can experience with digital asset commerce."}, {"type": "sentence", "content": "Ultimately, users create their own content and sell it to other users facilitating a robust digital economy. Some are even able to become quite wealthy doing it."}, {"type": "image", "content": "https://miro.medium.com/max/546/0*X1QBxg3RCOHp4fUV.gif"}, {"type": "sentence", "content": "An example of in-game commerce includes when members provide the community clothing designed for unique avatar customizations."}, {"type": "subtitle", "content": "7. Digital assets: the Metaverse is like a digital mall"}, {"type": "sentence", "content": "Digital assets are created, bought, and sold within the digital universe. Avatar skins, vehicles, buildings, and artwork are just a few of the types of transactions that take place within Second Life."}, {"type": "sentence", "content": "We are starting to see that the next iterations of the Metaverse will present users with access to infinitely large commerce hubs that function like malls. Like in Second Life, users meet up to socialize and transact digital assets within these spaces."}, {"type": "subtitle", "content": "Takeaways"}, {"type": "sentence", "content": "In researching Second Life, I was struck by how passionate the users are about their digital lives. The common theme appears to be a passion for an infinite universe that empowers users to be whoever they want to be. It\u2019s the truest form of escapism."}, {"type": "sentence", "content": "Second Life isn\u2019t a game. It\u2019s a fringe community experimenting with a new way of life. For the people that participate, it\u2019s a chance to escape their regular lives and build a world they want to live in. The appeal is to experiment with self-expression. It\u2019s a place where a robust Furry community can propagate."}, {"type": "sentence", "content": "The Second Life community probably won't ever achieve mainstream adoption. It\u2019s too fringe and the technology doesn\u2019t support easy access to a casual user. But it does represent an incubator for what the Metaverse can become."}, {"type": "sentence", "content": "As new technology supports the fringe cultures that develop within Second Life it lays the foundation for what we can expect to be adopted by the mainstream. Ie: Freedom of expression and the intimacy of communities found on an infinitely scalable internet."}, {"type": "sentence", "content": "That\u2019s an element worth cultivating in any form of Metaverse."}], "topic": "social-media"}