{"title": "I Never Thought I\u2019d Write a Love Song", "data": [{"type": "subtitle", "content": "Life can change forever in a moment. (Fiction Friday)"}, {"type": "sentence", "content": "Clara sat on the porch, making a daisy chain. The lake was in front of her, glittering with the morning summer sun."}, {"type": "sentence", "content": "\u201cAll finished,\u201d she murmured, picking up her cutesy notepad\u2013\u2013the sacred place where she drew up ideas in some form or another. \u201cSpring came early again this year.\u201d"}, {"type": "sentence", "content": "With that thought, she clammed."}, {"type": "sentence", "content": "Remembering the past spring made Clara\u2019s stomach turn somersaults. She had gone to a party filled with classmates she didn\u2019t know, appeasing her sentimentality."}, {"type": "sentence", "content": "It had been the end of her last college year, with time mostly spent being a shut-in. Of course, there were fantastical things about being alone\u2013\u2013excellent grades and time to sew as many vintage-style dresses as she wanted\u2013\u2013but for every hour of enjoyment, there were two hours of staring at the ceiling, filled to the brim with a rare sense of unbearable loneliness that stalked and lingered like a villain."}, {"type": "sentence", "content": "After endless minutes of pacing, biting her nails, and trying not to burn her fingers while curling vanilla tresses with shaking hands, Clara left her room and headed towards the blaring music on campus."}, {"type": "sentence", "content": "Once she opened the door, lights flashed in shades of flowered purples and wine-colored reds."}, {"type": "sentence", "content": "The walls began to close in on Clara, causing her to sweat and breathe with a quickened shudder. She stopped at the base of a staircase, her skin plagued with goosebumps and her brain fizzed."}, {"type": "sentence", "content": "I haven\u2019t spoken to anyone here since the fall, she thought, trying to hide her face within the banisters, I shouldn\u2019t have come. Seriously, no one\u2019s gonna even know who I am, and it\u2019s all my fault."}, {"type": "sentence", "content": "She caught sight of someone\u2013\u2013a mystery girl Clara wished she was like\u2013\u2013personable, well-liked\u2026a social butterfly in every sense of the word. Everyone clamored for the green-eyed girl\u2019s attention."}, {"type": "sentence", "content": "Looking away, Clara buried her head between her knees. In five minutes, I\u2019m outta here. I\u2019m so tired of\u2013\u2013"}, {"type": "sentence", "content": "\u201cWhoa! I\u2019ve always wanted a dress like that\u2026\u201d"}, {"type": "sentence", "content": "\u201cHuh?!\u201d Clara yelped, thoroughly petrified."}, {"type": "sentence", "content": "\u201cSorry\u2026I, uh, didn\u2019t mean to scare you. I\u2019m Senna,\u201d She said with cool confidence, waving with a small wink that could charm a deadly snake, \u201care you from the sister school?\u201d"}, {"type": "sentence", "content": "D-Did she notice me staring?! \u201cC-Clara,\u201d she stuttered with a gulp, staring down at her flowered dress. \u201cAnd no\u2026I go here.\u201d"}, {"type": "sentence", "content": "Nodding her head slowly, Senna smiled, \u201cWell, anyway, cool dress! Where\u2019d you get it?\u201d"}, {"type": "sentence", "content": "\u201cI\u2013I actually made it myself.\u201d"}, {"type": "sentence", "content": "Green eyes widening, Senna spoke a little softer, \u201cSeems like no one makes their clothes anymore. Weird\u2026\u201d"}, {"type": "sentence", "content": "Clara felt tears swell up."}, {"type": "sentence", "content": "\u201cWeird in a good way! Can you teach me how to make something like this?\u201d Senna whipped out her phone, showing Clara a beautifully-embroidered jacket."}, {"type": "sentence", "content": "Blinking and gently peering at the picture, Clara scratched the back of her head, \u201cY-You actually wanna make it? Why not just buy it?\u201d"}, {"type": "sentence", "content": "\u201cI don\u2019t know\u2026maybe \u2019cause it would be special if I made it myself. Isn\u2019t that why you make clothes?\u201d"}, {"type": "sentence", "content": "Her heart swelled, \u201cYeah\u2026I-I have a sewing machine in my room! I-If you want to borrow it.\u201d"}, {"type": "sentence", "content": "\u201cSure! I have an exam tomorrow morning, so can I come over in the afternoon?\u201d"}, {"type": "sentence", "content": "Clara nodded."}, {"type": "sentence", "content": "They exchanged numbers, and Clara left the party earlier, racing back to her dorm, scribbling down lyrics and piano chords that flowed through her brain and sparked a sense of joy not felt in years:"}, {"type": "sentence", "content": "I never thought I\u2019d write a love songBut my heart grows when I see your faceMy mind becomes too strong to breakA daisy in the springThe wind taking me awaybut I\u2019m no longer yearning\u2026for something I thought I\u2019d have to fake\u2026"}, {"type": "sentence", "content": "Tears fell, staining the pages and causing the ink to bleed, and soon thereafter, Clara slept soundly for perhaps the first time that year."}, {"type": "sentence", "content": "In a flash, the lake was in front of Clara again, and she stared down at what she had just written."}, {"type": "sentence", "content": "If I had never gone\u2026we would have never met, Clara had scribbled on her little bear-themed notepad, gazing at Senna, who sat next to her in the spring breeze in her new jacket of blues and reds."}, {"type": "sentence", "content": "The feeling scared her and warmed her heart all at the same time. She almost let her fear control her and take away something dear."}, {"type": "sentence", "content": "The pair smiled, and the daisy chains adorning their heads like crowns never wilted."}], "topic": "fiction"}