{"title": "Suburban Gospel", "data": [{"type": "subtitle", "content": "100 Word Story"}, {"type": "image", "content": "https://miro.medium.com/max/6912/0*-I4wihpra6kIizrP"}, {"type": "sentence", "content": "\u201cI\u2019m filing for divorce, Janelle.\u201d"}, {"type": "sentence", "content": "Janelle closed the refrigerator door."}, {"type": "sentence", "content": "\u201cYou\u2019re going to end our marriage because you can\u2019t come to terms with my new relationship with Jesus Christ?\u201d"}, {"type": "sentence", "content": "\u201cNo,\u201d Daniel said, \u201cI\u2019m ending it because you gave twenty percent of our income to a guy who interprets a book for you out of a defunct movie theater.\u201d"}, {"type": "sentence", "content": "\u201cThat\u2019s unfair.\u201d"}, {"type": "sentence", "content": "\u201cIt\u2019s certainly not untrue.\u201d"}, {"type": "sentence", "content": "\u201cPeople change, Daniel.\u201d"}, {"type": "sentence", "content": "Daniel lowered his voice."}, {"type": "sentence", "content": "\u201cYes, Janelle, people change. Some people go from liking Pearl Jam to liking Michael Bubl\u00e9. This is bigger than that, though I would probably divorce you over Bubl\u00e9 too.\u201d"}], "topic": "fiction"}