{"title": "Professor Leo", "data": [{"type": "subtitle", "content": "Fiction Friday"}, {"type": "image", "content": "https://miro.medium.com/max/10336/0*_56Rzl4CTQN9s_Rw"}, {"type": "sentence", "content": "I\u2019m in love with my best friend, Leo. But Leo is absolutely disinterested in me. I mean, I\u2019m a nerd who never dates while Leo has a new girl on his arm each week. You could call our friendship a fluke. We were both nerdy in middle school, but now Leo\u2019s a super popular senior\u2026While nobody cares I exist."}, {"type": "sentence", "content": "Leo: Ready for Prom?"}, {"type": "sentence", "content": "Leo sits at our lunch table. He has soft red bangs and piercing green eyes."}, {"type": "sentence", "content": "Leo: I hear it\u2019s ocean themed. Look who\u2019s prepared."}, {"type": "sentence", "content": "With a devious smile, Leo pulls a lobster bowtie from his backpack."}, {"type": "sentence", "content": "Matilda: Perfect!"}, {"type": "sentence", "content": "He won\u2019t like what follows."}, {"type": "sentence", "content": "Matilda: But I\u2019m not going."}, {"type": "sentence", "content": "Leo looks stunned."}, {"type": "sentence", "content": "We used to fantasize about Prom. But that\u2019s when I still had a shot with him."}, {"type": "sentence", "content": "Leo: You have to go, Matilda. It\u2019s Senior Prom!"}, {"type": "sentence", "content": "Even though we\u2019re best friends, Leo forgets how much more popular he is."}, {"type": "sentence", "content": "Leo: Wait. Why aren\u2019t you going? Has nobody asked?"}, {"type": "sentence", "content": "Matilda: Bingo."}, {"type": "sentence", "content": "That\u2019s not exactly true. Simon asked me last month."}, {"type": "sentence", "content": "But he isn\u2019t Leo, so I declined. He wouldn\u2019t stop my heartache."}, {"type": "sentence", "content": "Matilda: I won\u2019t go to Prom alone."}, {"type": "sentence", "content": "Leo: It\u2019s not hard to find a date, Matilda."}, {"type": "sentence", "content": "Matilda: Maybe not for you. You\u2019re Mr. Popular now. But nobody asked me."}, {"type": "sentence", "content": "As Leo scrunches his brow and gazes at me, he looks a bit like a Professor."}, {"type": "sentence", "content": "Leo: So nobody\u2019s asked you\u2026You can still ask a guy!"}, {"type": "sentence", "content": "He says it so excitedly, but I don\u2019t want anyone but him."}, {"type": "sentence", "content": "Matilda: I don\u2019t know, Leo. I get shy about that stuff."}, {"type": "sentence", "content": "Leo\u2019s face turns gentle."}, {"type": "sentence", "content": "Leo: What if you were more comfortable?"}, {"type": "sentence", "content": "Matilda: But how? I\u2019m not like you. Dating doesn\u2019t come easily to me."}, {"type": "sentence", "content": "Leo: I\u2019ll help you."}, {"type": "sentence", "content": "I let out a laugh."}, {"type": "sentence", "content": "Matilda: You mean help me date?"}, {"type": "sentence", "content": "Leo: I\u2019ll give you advice! Your own personal dating professor!"}, {"type": "sentence", "content": "I feel my cheeks reddening."}, {"type": "sentence", "content": "Matilda: Don\u2019t worry about it. I\u2019m just not going to Prom."}, {"type": "sentence", "content": "Leo: But I DO worry about you, Matilda."}, {"type": "sentence", "content": "I feel a lump in my throat."}, {"type": "sentence", "content": "Leo cares about me, clearly. Just not enough to ask me out."}, {"type": "sentence", "content": "Matilda: How would you tutor me?"}, {"type": "sentence", "content": "Leo: Imagine I\u2019m a guy you like."}, {"type": "sentence", "content": "Oof. That\u2019s not hard."}, {"type": "sentence", "content": "Matilda: Okay."}, {"type": "sentence", "content": "Leo: What would you say?"}, {"type": "sentence", "content": "I look in Leo\u2019s eyes. Deeply."}, {"type": "sentence", "content": "Matilda: Leo, do you have a date for Prom?"}, {"type": "sentence", "content": "Leo: Not yet. Why?"}, {"type": "sentence", "content": "Matilda: Would you like to go with me?"}, {"type": "sentence", "content": "It\u2019s silent enough to hear a pin drop."}, {"type": "sentence", "content": "And then Leo claps."}, {"type": "sentence", "content": "Leo: You nailed it!"}, {"type": "sentence", "content": "I let out my breath."}, {"type": "sentence", "content": "For a second\u2026I thought he\u2019d say yes. I\u2019m so ridiculous."}, {"type": "sentence", "content": "Leo: Now you know what to do! So what\u2019s the hang up?"}, {"type": "sentence", "content": "Matilda: It\u2019s not just the asking. It\u2019s the whole Prom thing. I mean\u2026"}, {"type": "sentence", "content": "I lower my eyes."}, {"type": "sentence", "content": "Matilda: I can\u2019t dance."}, {"type": "sentence", "content": "Not to mention kiss."}, {"type": "sentence", "content": "Leo puts on his Professor\u2019s face again."}, {"type": "sentence", "content": "Leo: Let me show you that too."}, {"type": "sentence", "content": "Matilda: Really?"}, {"type": "sentence", "content": "Leo: Can I take you on a fake date?"}, {"type": "sentence", "content": "Matilda: I fake accept."}, {"type": "sentence", "content": "Leo knocks on my door to pick me up."}, {"type": "sentence", "content": "We\u2019re both dressed for a dance. But really, we\u2019re going to Leo\u2019s basement."}, {"type": "sentence", "content": "He puts on a loud pop song and lets loose. I watch him, feeling awkward."}, {"type": "sentence", "content": "Leo: Just do as I do!"}, {"type": "sentence", "content": "I copy him. And as I move to the beat, I actually feel really free."}, {"type": "sentence", "content": "Of course, seeing Leo\u2019s glorious body move helps."}, {"type": "sentence", "content": "But now the playlist moves to a slow song."}, {"type": "sentence", "content": "Matilda: I-I don\u2019t know about this."}, {"type": "sentence", "content": "Leo puts his arms around my waist."}, {"type": "sentence", "content": "Leo: I\u2019ve got you. Put your arms around me."}, {"type": "sentence", "content": "I put my arms around his waist."}, {"type": "sentence", "content": "Matilda: Like that?"}, {"type": "sentence", "content": "Leo: Try my neck."}, {"type": "sentence", "content": "He winks and I blush crimson."}, {"type": "sentence", "content": "But I still hold him, grazing his neck. His skin is soft and smooth."}, {"type": "sentence", "content": "Leo: Now we dance."}, {"type": "sentence", "content": "As we sway to the music, I realize this is it."}, {"type": "sentence", "content": "The closest we\u2019ll ever get."}, {"type": "sentence", "content": "Leo: What\u2019s wrong? Did I step on you?"}, {"type": "sentence", "content": "Matilda: No, it\u2019s perfect."}, {"type": "sentence", "content": "Too perfect."}, {"type": "sentence", "content": "No other man will ever compare."}, {"type": "sentence", "content": "Leo: Mission accomplished, eh? Now you can ask a guy!"}, {"type": "sentence", "content": "I can\u2019t hold it in anymore."}, {"type": "sentence", "content": "A tear drops from my eye as Leo stares right at me."}, {"type": "sentence", "content": "Leo: What\u2019s wrong, Matilda?"}, {"type": "sentence", "content": "Matilda: I\u2019ve been hiding something from you\u2026Simon asked me to Prom last month and I said I wasn\u2019t going."}, {"type": "sentence", "content": "Leo: But why?"}, {"type": "sentence", "content": "I brace myself."}, {"type": "sentence", "content": "Matilda: Because I love you, Leo."}, {"type": "sentence", "content": "We stop swaying."}, {"type": "sentence", "content": "Matilda: Did I just ruin things?"}, {"type": "sentence", "content": "I take my hands off his neck."}, {"type": "sentence", "content": "Matilda: I\u2019m sorry."}, {"type": "sentence", "content": "Leo: Don\u2019t be."}, {"type": "sentence", "content": "Leo brushes his lips against mine."}, {"type": "sentence", "content": "Leo: I love you too."}, {"type": "sentence", "content": "Matilda: But you go on so many dates\u2026"}, {"type": "sentence", "content": "Leo: You\u2019re my best friend, Matilda. I was scared. If you didn\u2019t feel the same way, it could\u2019ve ruined our friendship."}, {"type": "sentence", "content": "He actually blushes now."}, {"type": "sentence", "content": "Leo: And with those other dates, I just wanted to seem desirable to you."}, {"type": "sentence", "content": "I couldn\u2019t hide my grin if I tried."}, {"type": "sentence", "content": "Matilda: You\u2019ve always been desirable to me."}, {"type": "sentence", "content": "We gaze in each other\u2019s eyes."}, {"type": "sentence", "content": "Matilda: What now?"}, {"type": "sentence", "content": "Leo: What did Professor Leo teach?"}, {"type": "sentence", "content": "I burst into laughter."}, {"type": "sentence", "content": "Matilda: Leo, will you go to Prom with me?"}, {"type": "sentence", "content": "Leo: You nailed it."}, {"type": "sentence", "content": "Leo and I go to Prom together."}, {"type": "sentence", "content": "He\u2019s adorable in his lobster bowtie and I\u2019m in a green dress as seaweed."}, {"type": "sentence", "content": "Our friends are thrilled to see us arm in arm. They ask how it happened\u2026"}, {"type": "sentence", "content": "And I say, I had the best teacher."}], "topic": "fiction"}