{"title": "Yes, You Can Stuff Two People into One MRI Machine", "data": [{"type": "image", "content": "https://miro.medium.com/max/2800/1*DneQ708T3I3vRddMigXZLA.jpeg"}, {"type": "subtitle", "content": "Couples\u2019 brains are imaged simultaneously as they interact, proving a point"}, {"type": "sentence", "content": "Some people can\u2019t handle the claustrophobic feeling of being inside a magnetic resonance imaging (MRI) machine, used to visualize the inner workings of the body and brain. So imagine being stuck inside one with someone else. Ten separate couples did exactly that, each for 45 minutes. And yes, they had their heads examined."}, {"type": "sentence", "content": "The couples, each already intimately involved\u2014strangers may not have enjoyed this so much\u2014were stuffed in the MRI tube to prove a point: that their brains could be imaged simultaneously during social interaction."}, {"type": "image", "content": "https://miro.medium.com/max/2800/1*YklHnbctE1_4UBF8b6vS-Q.jpeg"}, {"type": "sentence", "content": "Each person got their own head coil, and other than lie there facing each other, all they had to do was take turns tapping each others\u2019 lips. The resulting scans showed that, as expected, their brains became somewhat synchronized. Parts of the brain involved in movement and sensing showed similar patterns of oxygen consumption in the person tapping and the person being tapped."}, {"type": "sentence", "content": "\u201cDuring social interaction, people\u2019s brains are literally synchronized,\u201d says study team member Lauri Nummenmaa, PhD, a professor of psychology and neuroimaging at the University of Turku in Finland. \u201cThe associated mental imitation of other people\u2019s movements is probably one of the basic mechanisms of social interaction.\u201d"}, {"type": "sentence", "content": "As people talk, they are constantly working to predict what the other might say, and to understand and influence each other, the researchers explain in the journal Frontiers in Psychiatry. It\u2019s impossible to fully grasp how such an interaction affects both people without being able to image two intertwined brains in the act."}, {"type": "image", "content": "https://miro.medium.com/max/2800/1*MUKMhfZLPXlKX__zHSeOnA.jpeg"}, {"type": "sentence", "content": "The new images do not reveal any notable scientific findings. The exciting thing is that social interaction was seen in real time in both individuals, in a somewhat natural setting. (To be fair, modern MRI machines are not as narrow as in the past, nor are they as dark and scary, according to the people who operate them. New machines are open at both ends, further reducing the risk of claustrophobia.)"}, {"type": "sentence", "content": "\u201cThis is an excellent start for the study of natural interaction,\u201d says study team member and neuroscientist Riitta Hari, MD, professor emeritus at Aalto University in Finland."}], "topic": "neuroscience"}