{"title": "A Quick Google Trick to Find Out What Your Customers Want", "data": [{"type": "subtitle", "content": "Where to get the right questions"}, {"type": "image", "content": "https://miro.medium.com/max/1400/1*D7JrPC5sMIPp7LdGeTgNsQ.jpeg"}, {"type": "sentence", "content": "In this article, I want to show you a ridiculously easy way to figure out what your customers need (apart from asking them directly)."}, {"type": "subtitle", "content": "One Easy Way to Connect to Your Customer Needs"}, {"type": "sentence", "content": "Give your customers solutions to their pressing needs."}, {"type": "sentence", "content": "Writing constant sales posts about your business products and services can turn off your customer or prospects."}, {"type": "sentence", "content": "Instead, do a quick search on Google to find out what questions people usually have \u2014 and answer those questions."}, {"type": "sentence", "content": "Here\u2019s one ridiculously easy way:"}, {"type": "subtitle", "content": "If you sell printers"}, {"type": "sentence", "content": "Look up \u201chow to make printer ink last\u201d or \u201cwhat printer to buy for small business.\u201d"}, {"type": "sentence", "content": "Google informs us that people ask questions such as:"}, {"type": "subtitle", "content": "If you teach people how to draw"}, {"type": "sentence", "content": "Look up \u201cdrawing ideas\u201d or \u201chow to draw.\u201d"}, {"type": "sentence", "content": "People ask questions such as:"}, {"type": "image", "content": "https://miro.medium.com/max/1000/1*EGAqrQmEB4Z48_rQRes2HA.jpeg"}, {"type": "subtitle", "content": "If you are a graphic designer"}, {"type": "sentence", "content": "Look up \u201cgraphic design logo\u201d or \u201cdesign business cards.\u201d"}, {"type": "sentence", "content": "People ask questions such as:"}, {"type": "subtitle", "content": "If you make sweatproof, iron-free men\u2019s shirts"}, {"type": "sentence", "content": "Look up \u201csweatproof shirts\u201d and \u201cnon-iron shirts.\u201d"}, {"type": "sentence", "content": "People ask questions such as:"}, {"type": "image", "content": "https://miro.medium.com/max/1000/1*EU794DawEP_7xExkJe_nZg.jpeg"}, {"type": "subtitle", "content": "If you handmake ceramic kitchen items"}, {"type": "sentence", "content": "Look up \u201cbenefit of ceramic mugs\u201d or \u201care ceramic teapots.\u201d"}, {"type": "sentence", "content": "People ask questions such as:"}, {"type": "image", "content": "https://miro.medium.com/max/1000/0*ga_jEK9OiqnwDaWR.jpg"}, {"type": "sentence", "content": "See how easy it is to do this, whatever type of business you run?"}, {"type": "subtitle", "content": "A Few Extra Tips About Keywords and Phrases"}, {"type": "sentence", "content": "If using a phrase, you could add: \u201cHow to,\u201d \u201cWhat,\u201d \u201cWhere,\u201d \u201cCan,\u201d \u201cWhich,\u201d or \u201cWhy\u201d at the start to see the dropdown of suggested phrases. This is how people usually begin asking questions."}, {"type": "sentence", "content": "To figure out what keywords or phrases to type in, think about frequently asked questions from your prospects and customers, or about problems you\u2019ve had to solve for them."}, {"type": "subtitle", "content": "Ways to reach out"}, {"type": "sentence", "content": "You can share the answers to these needs into:"}, {"type": "sentence", "content": "Reach out consistently, at least once a week. Remind them you\u2019re here. Build trust. Then ask for the sale."}, {"type": "subtitle", "content": "Summary"}, {"type": "sentence", "content": "Writing constant sales posts about your business products and services can turn off your customer or prospects."}, {"type": "sentence", "content": "Instead, do a quick search on Google to find out what questions people usually have \u2014 and answer those questions."}, {"type": "sentence", "content": "Give your customers solutions to their pressing needs. Consistently be helpful. Sell more by selling less. Make it easy for them to buy when they\u2019re ready to buy."}, {"type": "sentence", "content": "Use this opportunity that COVID offers. Find out what customers want. Help your business thrive post-COVID."}], "topic": "freelancing"}