{"title": "Maybe You\u2019re Not Getting There Because Your Goals Are Unhealthy", "data": [{"type": "subtitle", "content": "Humans 101"}, {"type": "subtitle", "content": "It\u2019s not aspirational to chase a life that\u2019s unsustainable"}, {"type": "image", "content": "https://miro.medium.com/max/12000/1*qUYzsl7JYgiQm5x59bhp6w.jpeg"}, {"type": "sentence", "content": "Maybe the problem isn\u2019t your motivation."}, {"type": "sentence", "content": "Maybe the problem isn\u2019t your business plan."}, {"type": "sentence", "content": "Maybe the problem isn\u2019t that you don\u2019t have enough willpower."}, {"type": "sentence", "content": "Maybe the problem isn\u2019t that you need a new diet."}, {"type": "sentence", "content": "Maybe the problem is that your goals are fundamentally unhealthy, and maybe sabotaging your attempts to get there is, in fact, a survival mechanism you should be grateful for."}, {"type": "sentence", "content": "When we\u2019re told to think big, we sometimes forget to think laterally."}, {"type": "sentence", "content": "It\u2019s not about what we are or aren\u2019t capable of, what we do or don\u2019t deserve. It\u2019s about how much of our time, life, resources, and energy we are willing to sacrifice for a given goal."}, {"type": "sentence", "content": "Though living out the absolute limits of our potential would be exhilarating, it\u2019s probably not realistic."}, {"type": "sentence", "content": "Not because it\u2019s impossible, but because it\u2019s unhealthy."}, {"type": "sentence", "content": "The world has encouraged us all to rise up, do better, and believe in ourselves more, and this on its own is a wonderful thing. It becomes a hindrance when we confuse the extent of our imagination with the limits of our ability to match it."}, {"type": "sentence", "content": "I\u2019m not trying to discourage anyone."}, {"type": "sentence", "content": "I\u2019m not trying to say you cannot become the person you want to be."}, {"type": "sentence", "content": "I am only trying to say that, sometimes, your perceived failures are a matter of having unrealistic expectations. You would have to break yourself so significantly to meet them that, when you finally arrived at your goal, you\u2019d barely call it success at all."}, {"type": "sentence", "content": "We are infinitely capable of feats beyond what we might imagine for ourselves \u2014 but we must also acknowledge that those who reach the most extreme peaks are often assisted by invisible forces."}, {"type": "sentence", "content": "These forces can be genetics."}, {"type": "sentence", "content": "They can be their upbringing or environment."}, {"type": "sentence", "content": "They can be funding or investments."}, {"type": "sentence", "content": "They can be a natural hunch or inclination toward a type of work."}, {"type": "sentence", "content": "They can also be intense and brutal self-dissatisfaction. This is what motivates many people to stretch their limits and achieve increasingly more for themselves."}, {"type": "sentence", "content": "Should we ignore the hard work of those who\u2019ve accomplished so much?"}, {"type": "sentence", "content": "Of course not. They should be celebrated for their efforts."}, {"type": "sentence", "content": "But if you\u2019re looking at how hard you\u2019re working, and how far you\u2019ve come, and wondering why your progress doesn\u2019t quite match up with someone else\u2019s \u2014 their level of fitness, their pristine home, their incredible body of work, their upper-level position \u2014 it\u2019s not always because you\u2019re incapable. It\u2019s because there\u2019s more to the picture than you can see from where you stand."}, {"type": "sentence", "content": "At the end of the day, we all have to decide what to do with our energy."}, {"type": "sentence", "content": "Getting into incredible shape might look very different depending on where someone started, and their physiology. It may sap much more energy from one person than another."}, {"type": "sentence", "content": "This isn\u2019t about making excuses."}, {"type": "sentence", "content": "It\u2019s not about admitting defeat."}, {"type": "sentence", "content": "It\u2019s not about overlooking the hard work some people absolutely do."}, {"type": "sentence", "content": "It\u2019s about understanding that your best and their best might not look quite alike for reasons that are out of your control. What matters is not that you try to compete with a life that\u2019s not supposed to be yours, but that you do your best to make the most of what\u2019s in front of you."}, {"type": "sentence", "content": "The internet has turned the unrealistic into the aspirational. Buy into this too much, and you\u2019ll find yourself deeply dissatisfied despite having everything you need and then some."}, {"type": "sentence", "content": "Eventually, you must decide what matters to you, and what\u2019s enough for you \u2014 and let go of the rest. Comparison is a game you will always lose."}, {"type": "sentence", "content": "Walk your own journey, find your own joy. Don\u2019t worry if the peak of your mountain isn\u2019t quite as high as someone else\u2019s. All that matters is whether you savor the view when you get there."}], "topic": "productivity"}