{"title": "A Neuroscience Startup Uses Helmets to Measure Brain Activity", "data": [{"type": "subtitle", "content": "Backed by $54 million, Kernel aims to turn an esoteric science into big business"}, {"type": "sentence", "content": "By Ashlee Vance"}, {"type": "sentence", "content": "If you want your mind read, there are two options. You can visit a psychic or head to a lab and get strapped into a room-size, expensive machine that\u2019ll examine the electrical impulses\u2026"}], "topic": "neuroscience"}