{"title": "The Next Big Influencer Is a Toad", "data": [{"type": "subtitle", "content": "Watch out world, Toby Toad\u2019s here"}, {"type": "image", "content": "https://miro.medium.com/max/2154/1*rBYjncF8yqkDjTtzJmjYiA.jpeg"}, {"type": "sentence", "content": "From the intricately created miniature scenes to this toad\u2019s playful smize, the Instagram account of Toby Toad is sure to bring delight into your day. In addition to his successful Instagram page, this multi-talented toad has a TikTok featuring videos of him having a barbecue, working from home, and doing a puzzle."}, {"type": "sentence", "content": "Toby\u2019s human assistant Savannah Mikell shared some of Toby\u2019s favorite photos with Tenderly so that you can get to know this sweet and special toad."}, {"type": "subtitle", "content": "From salad to iced tea, Toby has quite a refined palette."}, {"type": "image", "content": "https://miro.medium.com/max/5212/1*hmrSBbOhx3-sLqdmbbbhaQ.jpeg"}, {"type": "image", "content": "https://miro.medium.com/max/2000/1*_ECThm9q-05mxR36eTR0ng.jpeg"}, {"type": "subtitle", "content": "He even shares some more intimate moments with his fans\u2026"}, {"type": "image", "content": "https://miro.medium.com/max/6048/1*IaXqUqKwEkW_NCvviPMT0g.jpeg"}, {"type": "image", "content": "https://miro.medium.com/max/4618/1*CjchHyxw9TOvwLB58bKleg.jpeg"}, {"type": "subtitle", "content": "Toby also has quite a green thumb, making his own \u201cjams n\u2019 such\u201d and tending to his flower boxes."}, {"type": "image", "content": "https://miro.medium.com/max/3472/1*fFH5Pfa4EJDFogtDGAXq-Q.jpeg"}, {"type": "image", "content": "https://miro.medium.com/max/2154/1*M2SF5gMe47I8QLPn1rFNHw.jpeg"}, {"type": "subtitle", "content": "Check out what Toby is up to today over at @yaboi_toby_toad!"}], "topic": "social-media"}