{"title": "How To Ask Marketing Research Questions That Reveal Your Client\u2019s Hidden Hot Buttons", "data": [{"type": "image", "content": "https://miro.medium.com/max/8064/0*RodJwTyp1bqwmU-6"}, {"type": "sentence", "content": "Small business owners usually find it impractical to hire a market research specialist. You have to identify the right prospects and ask them the right questions."}, {"type": "sentence", "content": "The way you ask the question will influence your answer \u2014 and the quality of information you obtain in your research."}, {"type": "sentence", "content": "Whether you write questions or ask them in interviews, your word choice will influence the way people respond. In one classic study, subjects observed a video of a car accident. Next, they were asked to estimate how fast the cars were going."}, {"type": "sentence", "content": "When the question was worded, \u201cAbout how fast were the cars going when they smashed into each other?\u201d respondents estimated higher speeds, compared to those who were asked, \u201cAbout how fast were the cars going when they hit each other?\u201d"}, {"type": "subtitle", "content": "How To Design Questions For Practical Market Research"}, {"type": "sentence", "content": "It\u2019s very tempting to start by asking, \u201cWhy?\u201d In fact, some expert consultants advise their clients to ask lots of \u201cwhy\u201d questions, such as:"}, {"type": "sentence", "content": "\u201cWhy did you hire me and not someone else?\u201d\u201cWhy did you decide to call a consultant now?\u201cWhy do you think you\u2019ve got this problem?\u201d\u201cWhy did you seek the results you wanted?\u201d"}, {"type": "image", "content": "https://miro.medium.com/max/1280/1*DvjpIjyKLZHUTRR9f72lfw.jpeg"}, {"type": "subtitle", "content": "What\u2019s wrong with \u201cwhy\u201d questions?"}, {"type": "sentence", "content": "Asking a \u201cwhy\u201d question seems logical because, as a researcher, you usually want to establish cause and effect. You don\u2019t just want to know what people do. You want to know what psychological processes influenced their action so you can design your marketing campaign."}, {"type": "sentence", "content": "But asking a \u201cwhy\u201d question might actually give you misleading answers. When I was an academic researcher, one of the golden rules of qualitative research was, \u201cDon\u2019t ask why questions.\u201d And here\u2019s \u2026 um, why:"}, {"type": "subtitle", "content": "(1) \u201cWhy\u201d questions require your interviewee to perform mental work."}, {"type": "sentence", "content": "The vast majority of people (including me, and probably you) do not want to do any more mental work than they absolutely have to\u2026except when they deliberately seek challenges like Freecell, crossword puzzles, or online MOOC courses."}, {"type": "image", "content": "https://miro.medium.com/max/1280/1*BIymxKlr8rchYRlxDAyiKA.jpeg"}, {"type": "sentence", "content": "So your interviewee will reach for the first answer that comes to mind."}, {"type": "sentence", "content": "You ask, \u201cWhy did you choose my company instead of the competition?\u201d"}, {"type": "sentence", "content": "True answer: \u201cI don\u2019t know\u2026I saw your name somewhere.\u201d"}, {"type": "sentence", "content": "What they tell you: \u201cI was impressed by your bio. Your background and education stood out.\u201d"}, {"type": "subtitle", "content": "(2)\u201cWhy\u201d questions\u201d assume your interviewee really understands his or her own motives."}, {"type": "sentence", "content": "\u201cSo when you got stuck in your business, why did you sign up for that mastermind?\u201d"}, {"type": "sentence", "content": "True reason: \u201cI happened to get their email when I was in a weakened state. And it was cheap.\u201d"}, {"type": "sentence", "content": "What they tell you: \u201cMarcel\u2019s program seemed to combine the two things I was looking for \u2014 access to experts and accountability.\u201d"}, {"type": "subtitle", "content": "(3) \u201cWhy\u201d questions assume your interviewees don\u2019t mind sharing their real reasons."}, {"type": "sentence", "content": "Psychologists talk about the social desirability effect, which means people will feel they\u2019re being judged when they answer questions \u2014 even anonymously. They\u2019ll edit their answers so they won\u2019t come across like idiots or crazy people."}, {"type": "sentence", "content": "\u201cWhy do you want to get more clients?\u201d"}, {"type": "sentence", "content": "True reason: \u201cI\u2019m desperate. I have to pay the light bill.\u201d"}, {"type": "sentence", "content": "Stated reason: \u201cI\u2019ve got a lot to offer and I want to help more people.\u201d"}, {"type": "image", "content": "https://miro.medium.com/max/1400/1*AuQj6vrby4lbfRrSiNHf9Q.png"}, {"type": "subtitle", "content": "Your market research interview turns into an interrogation."}, {"type": "sentence", "content": "How do you really feel when someone hammers you with \u201cWhy\u201d questions? Doesn\u2019t it remind you of television shows featuring police interrogations (\u201cAnd just why did you happen to have a gun with you when you went to Sunday school that day?\u201d)."}, {"type": "sentence", "content": "These questions might even trigger memories of all the nasty people you\u2019ve run across in your life, collectively asking via your inner critic, \u201cWhy were you so stupid?\u201d"}, {"type": "subtitle", "content": "Ask questions that give you actionable information."}, {"type": "sentence", "content": "Get more accurate, informative answers by asking questions that elicit facts and stories."}, {"type": "subtitle", "content": "Marketing consultant targeting startup business owners:"}, {"type": "sentence", "content": "\u201cCan you describe your process for choosing a marketing coach when you hired Melvin?\u201d"}, {"type": "sentence", "content": "\u201cWhat was one thing that happened in your business that made you realize you needed a Virtual Assistant?\u201d"}, {"type": "sentence", "content": "\u201cWhen you recall reading about Marcel\u2019s mastermind program, what promises stood out for you?\u201d"}, {"type": "image", "content": "https://miro.medium.com/max/1370/1*qkgJ6Pb0aLRBApUyqN_w1w.jpeg"}, {"type": "subtitle", "content": "Home stager targeting homeowners who want top dollar when they sell their homes:"}, {"type": "sentence", "content": "\u201cWhen you think of home staging, what image comes to mind?\u201d"}, {"type": "sentence", "content": "\u201cHave you met people who had their homes staged to sell? And if you have, how did they describe their experiences?\u201d"}, {"type": "sentence", "content": "\u201cWhen you think of selling your current home, what do you expect prospective buyers to say as they walk through your home?\u201d"}, {"type": "subtitle", "content": "Career coach targeting managers and mid-career professionals who are ready for a career change:"}, {"type": "sentence", "content": "\u201cWhat\u2019s the most frustrating aspect of your career right now? Give me an example of how you experience this in your ordinary workday.\u201d"}, {"type": "sentence", "content": "\u201cWhat steps do you anticipate you\u2019ll need to take if you want to change careers?\u201d"}, {"type": "sentence", "content": "\u201cShare a scenario of what your life would be like if you found your ideal career.\u201d"}, {"type": "subtitle", "content": "When you ask the right questions, you can move directly into marketing campaigns."}, {"type": "sentence", "content": "Market research will be useful only if it leads to strategies that generate leads and clients."}, {"type": "sentence", "content": "You can begin by identifying exactly what you\u2019d like to learn from each person you interview. Then frame questions to get them telling stories, adding as much color as possible."}, {"type": "sentence", "content": "When you ask these kinds of story questions, you encourage respondents to reflect on their own experiences. They\u2019re staying in character \u2014 playing the same role they\u2019d assume when they\u2019re working with you or your competitor."}, {"type": "sentence", "content": "Notice that it\u2019s important not to replace \u201cwhy\u201d with something that has the same impact, such as, \u201cWhat prompted you to seek out a financial planner?\u201d Ask for concrete facts and representations."}, {"type": "subtitle", "content": "When you ask people to think, they move into theory mode."}, {"type": "sentence", "content": "You learn their beliefs, colored by how they want to be perceived. And if you interview other professionals (such as coaches, financial planners or consultants), they\u2019ll shift back to their comfort zone, which involves giving advice."}, {"type": "sentence", "content": "You ask: \u201cWhy has it been hard for you to change careers?\u201d"}, {"type": "sentence", "content": "They answer: \u201cI think you ought to talk to people who aren\u2019t so close to retirement. They\u2019ve got more time to save and they\u2019ll be more likely to hire a coach.\u201d"}, {"type": "sentence", "content": "That\u2019s about as useless as you can get."}, {"type": "sentence", "content": "But when you ask directly, \u201cWhat steps have you taken in the last year to move to a career change?\u201d you head off these theoretical detours."}, {"type": "sentence", "content": "Your respondent might need time to reflect."}, {"type": "sentence", "content": "But ultimately she\u2019ll say something like, \u201cFrankly, I haven\u2019t done a darn thing. I checked out a couple of books from the library. They weren\u2019t helpful.\u201d"}, {"type": "sentence", "content": "You follow up, \u201cCan you be specific \u2014 what was disappointing about those books?\u201d"}, {"type": "sentence", "content": "She says, \u201cThey seemed to be written for people who are independently wealthy. They didn\u2019t tell me how to begin a career change while I was still working.\u201d"}, {"type": "sentence", "content": "Now your marketing materials can address this point directly. You could write bullet points about the limitations of career books, the frustration of starting a career change without quitting your current job, and more."}, {"type": "subtitle", "content": "Set the stage to ask your questions."}, {"type": "image", "content": "https://miro.medium.com/max/9216/0*rkYxX9lwUaC1apNM"}, {"type": "sentence", "content": "(1) Make sure you\u2019re getting information from your ideal clients."}, {"type": "sentence", "content": "Sometimes the most accessible people on your list aren\u2019t the most relevant to your marketing."}, {"type": "sentence", "content": "(2) Be honest."}, {"type": "sentence", "content": "When you sneak in a sales pitch under the guise of \u201cresearch,\u201d your client will say \u201cno\u201d next time she\u2019s invited on a research interview. You make life harder for everyone who\u2019s genuinely seeking information."}, {"type": "sentence", "content": "(3) Get them telling stories."}, {"type": "sentence", "content": "Your goal is to learn about their personal experiences, discover what language they use to state their challenges (so you can adapt it for the copy), what have they tried so far, and what\u2019s their reaction to your next program or product. And the best way to accomplish these goals is to get them telling stories \u2014 targeted stories on topics that will be relevant to you."}, {"type": "sentence", "content": "Originally published at https://cathygoodwin.com on May 19, 2020."}], "topic": "marketing"}