{"title": "3 Ways To Use TikTok For Business", "data": [{"type": "image", "content": "https://miro.medium.com/max/2176/1*1esvLRRaowkqXFzD3aKGfw.png"}, {"type": "sentence", "content": "The increasing number of TikTok app downloads and daily active users have certainly caught your attention as a business owner or a marketing expert."}, {"type": "sentence", "content": "Any company that wants to integrate TikTok in their marketing channels should first consider whether its target audience hangs out on TikTok."}, {"type": "sentence", "content": "It is a well-known fact that this social media platform has become a lifeline for Gen Z and Millennials. According to statistics, 41% of tiktokers are aged between 16 and 24. If this is your audience, then you should give TikTok a chance."}, {"type": "sentence", "content": "There are 3 ways you can use TikTok to create buzz around your business:"}, {"type": "subtitle", "content": "Set up your own TikTok business account"}, {"type": "sentence", "content": "If your target audience is on TikTok, having a dedicated business profile is a necessity. Most popular brands such as Nike, Adidas, Amazon, NFL, Guess have been using TikTok for their campaigns for a long time."}, {"type": "subtitle", "content": "How to create a business account"}, {"type": "sentence", "content": "To create a business account, you should download the app and sign up as a regular user. You can create an account with either an email address, phone number or existing social media account."}, {"type": "sentence", "content": "When you are done with the sign up process, complete your profile by adding the required information:"}, {"type": "sentence", "content": "It is highly recommended to switch to a Pro account. To do so, go to Settings>Manage my Account. On the very bottom, click on Switch to Pro Account."}, {"type": "image", "content": "https://miro.medium.com/max/3000/1*xRdom6enQJN2CLo0t3KHdQ.png"}, {"type": "sentence", "content": "The Pro Account gives you extra analytics features that help you analyze the performance of your video content and your profile. Later on, when you start creating your video content, you can head to the Analytics section and get insights on weekly and monthly views, number and demographics of followers, and other helpful data."}, {"type": "subtitle", "content": "Advertising on TikTok"}, {"type": "sentence", "content": "In early 2019, TikTok launched a beta version of its ads platform. It offers unique engagement solutions and immersive formats for brands to reach and grow their audience."}, {"type": "sentence", "content": "In the TikTok ad platform, we can distinguish 4 types of ad options:"}, {"type": "image", "content": "https://miro.medium.com/max/3000/1*kLWEJxwi2-T-KIt0enOW1A.png"}, {"type": "sentence", "content": "In-feed ads are native ads similar to Instagram story ads. They appear in the feed as a part of the video queue when users are exploring content. The ad duration can be from 9 to 15 seconds."}, {"type": "sentence", "content": "Brand takeover ad option allows a brand to take over the app for a day to create images, GIFs, and videos. Whereas, only one brand per day can take over this ad format."}, {"type": "sentence", "content": "Brands can host sponsored hashtag challenges to promote their business. The challenge encourages users to share content on TikTok on the brand\u2019s behalf to receive prizes. Challenges generally last 6 days."}, {"type": "sentence", "content": "Branded lenses are similar to Snapchat or Instagram filters. A branded lens is always displayed in TikTok\u2019s trending section, and users can apply them to their videos."}, {"type": "sentence", "content": "Are you already excited to launch your first campaign on TikTok? Create a TikTok ad account to get started. You might need to check out if your country is eligible as it is still not available in a few countries."}, {"type": "subtitle", "content": "Collaborating with TikTok Influencers"}, {"type": "sentence", "content": "TikTok is an online space for people who demonstrate their life, their creativity and ideas through video content. Some creators produce unique content which enables them to stand out from the millions of users in the app."}, {"type": "sentence", "content": "Those popular accounts are the TikTok influencers. With their help, hundreds of brands have launched numerous successful campaigns on TikTok. These success stories show how strong and rapidly growing influencer marketing is on TikTok and why it\u2019s time for you to be a part of the journey."}, {"type": "sentence", "content": "But why influencer marketing? The research shows that a recommendation from a peer is more likely to influence the purchase decisions of Gen Z and Millennials than any form of digital ads."}, {"type": "image", "content": "https://miro.medium.com/max/3000/1*dT-TgmkJa0dTykN9EMlZWA.png"}, {"type": "sentence", "content": "This is to say, you may allocate $100k for your advertisement budget and get the same results you would have made by paying 10 times less to a group of young people making video content in their way."}, {"type": "sentence", "content": "To get started with influencer marketing on TikTok, you first have to do research and find influencers who can best transmit your brand story. Influencer Marketing Hub has put down together a really helpful list of platforms where you can find influencers."}, {"type": "sentence", "content": "At the same time, you should keep in mind that the relevance of an influencer is a higher priority compared to the number of their followers."}, {"type": "sentence", "content": "Influencers work hard to find their niche and it is even harder to nurture and grow their audience. And when they promote a message that does not align with their previous content, their audience will spot the fakeness in no time. In essence, sharing the same values should be your #1 criteria."}, {"type": "sentence", "content": "When you have selected the influencers, you will need to legalize your partnership. I highly recommend having a look at this article on key contract considerations for brands who are dealing with social influencers."}, {"type": "sentence", "content": "Lastly, there is no doubt that your brand has dozens of creative video ideas. But when it comes to influencer marketing, you should grant creative freedom to influencers who know how to persuade their audience the best."}, {"type": "sentence", "content": "Here are 8 influencer marketing campaigns that can inspire your next campaign on TikTok. Review the article(piece) to have a clearer idea of how the campaigns and overall TikTok work."}], "topic": "marketing"}