{"title": "My Mother\u2019s Knives", "data": [{"type": "subtitle", "content": "A neighbor takes her obsession with the guy downstairs to the extreme."}, {"type": "image", "content": "https://miro.medium.com/max/12000/1*mn0-eGUKM2CoMPPGuK3V3g.jpeg"}, {"type": "sentence", "content": "Trigger warning: This story contains violence and references to child sexual abuse."}, {"type": "sentence", "content": "I was glad when the downstairs neighbor moved out. I didn\u2019t like Gladys at all. She\u2019d make a face at me when I saw her and tell me I needed to see a skin doctor or go on a diet or take a shower. Or she complained that I jangled my keys too loud and thumped up the stairs when I came home from work at two in the morning. It wasn\u2019t my fault she was a light sleeper."}, {"type": "sentence", "content": "But I fixed her. I told Mrs. Priscoletti that Gladys\u2019 teenage son had moved in. If there\u2019s one thing that Mrs. Priscoletti hates, it\u2019s \u201cunauthorized residents.\u201d I also told her that he was smoking pot, playing loud heavy metal music and bringing over friends with pierced noses. It worked. Mrs. Priscoletti didn\u2019t renew Gladys\u2019 lease. Gladys tried to get back at me when she moved out. She took my \u201cWelcome\u201d doormat with the picture of the rose cottage and cat. I went to Wal-Mart and got another one exactly the same."}, {"type": "sentence", "content": "Mrs. Priscoletti always moved fast to line up new tenants, not like when she had to make a repair. So, I sat at my typewriter by the attic window, making up stories about the people I saw on the street below, and waited for my new neighbor. I\u2019ve had this portable typewriter since I was a kid. That\u2019s how long I\u2019ve been writing stories. I\u2019m lucky my mother never threw it out. She tried to, but I hugged it so hard to my chest she couldn\u2019t get my arms off. So, she ripped up my stories instead. I hid them after that."}, {"type": "sentence", "content": "The new tenant arrived the Saturday after Gladys moved out. He pulled up in a car filled with junk. I leaned out the window to get a good look. I caught sight of the bald patch on his head as he unlocked the front door and stepped in. A woman with mousy, shoulder-length hair followed him. I rushed downstairs but stayed on the steps. They didn\u2019t close their front door so I could hear almost everything."}, {"type": "sentence", "content": "\u201cPaul, this is real nice!\u201d"}, {"type": "sentence", "content": "\u201cLook at the little back yard.\u201d Their voices faded out. I ran to my bedroom in the back and yanked up the window. Paul had black hair and a mustache, big glasses and a belly hanging over his belt. She had a flat stomach. He pointed at the flower bed. \u201cI can plant string beans over here, eggplant there, put my tomatoes in this sunny spot.\u201d"}, {"type": "sentence", "content": "\u201cAnd I\u2019ll sit right here and work on my tan!\u201d She laughed. He put his arm around her and kissed her head."}, {"type": "sentence", "content": "Paul didn\u2019t have any furniture, just boxes. I waited til they almost finished unloading the car \u2014 I didn\u2019t want to get stuck carrying stuff \u2014 and went downstairs. I poked my head in the door. Giggles and play growl noises came from the bedroom."}, {"type": "sentence", "content": "\u201cYoo-hoo!\u201d The sounds stopped and they came out, hair mussed, shirts rucked up. I put on my nice-as-apple-pie smile."}, {"type": "sentence", "content": "\u201cHi, I\u2019m Mary Grace Nagy, I live upstairs.\u201d"}, {"type": "sentence", "content": "\u201cPaul Ventimiglia, this is my girlfriend Denise.\u201d"}, {"type": "sentence", "content": "\u201cAre you both settling in okay?\u201d"}, {"type": "sentence", "content": "\u201cIt\u2019s just me moving in, but I don\u2019t have much to settle. My ex-wife got all the furniture.\u201d He chuckled and gave Denise one of those \u201cin the know\u201d looks. She rolled her eyes. He had a nice way about him, warm eyes, a real smile. I stared at his mouth. He had a gap between his front teeth. My father had a gap just like that."}, {"type": "sentence", "content": "\u201cIf you\u2019re getting furniture delivered, I can let them in for you,\u201d I said. \u201cI\u2019m home days.\u201d"}, {"type": "sentence", "content": "\u201cYou work at home?\u201d Denise raised her eyebrows."}, {"type": "sentence", "content": "\u201cI work nights, cleaning state offices downtown.\u201d"}, {"type": "sentence", "content": "\u201cMaybe you clean my office, the Department of Transportation,\u201d Paul said."}, {"type": "sentence", "content": "\u201cI do Health and Human Services.\u201d"}, {"type": "sentence", "content": "\u201cThat would\u2019ve been too funny if you worked at the DOT. But that\u2019s very nice of you to offer about deliveries, Mary Grace. Maybe I\u2019ll take you up on that.\u201d"}, {"type": "sentence", "content": "\u201cYou lived here long?\u201d Denise was sure nosy for someone who wasn\u2019t even my neighbor."}, {"type": "sentence", "content": "\u201cI\u2019ve lived in Chambersburg my whole life. We were the only Hungarian family around. It was all Italian back then. Now the Italians are old, like Mrs. Priscoletti. The young ones all move out of Trenton. I\u2019ve lived in this\u2026\u201d"}, {"type": "sentence", "content": "Denise nudged him. \u201cWe better get the rest of those boxes, babe. We gotta be at Charlie\u2019s at six.\u201d"}, {"type": "sentence", "content": "\u201cYeah, that\u2019s right. Sorry, we\u2019ll have to talk more later, Mary Grace. Nice meeting you.\u201d"}, {"type": "sentence", "content": "\u201cNice meeting you.\u201d Denise turned up the edges of her mouth."}, {"type": "sentence", "content": "I smiled at Paul and half-lifted my hand at her."}, {"type": "sentence", "content": "The following Saturday morning, a truck pulled up and delivered a couch, a bed, table and chairs and other stuff. Paul wasn\u2019t taking me up on my offer about deliveries. A girl came over. She looked like him, probably his daughter. Nothing special, another of those teenage girls you see slobbering all over their boyfriends at the video arcade."}, {"type": "sentence", "content": "In the afternoon, they went out. I waited by the window til I saw his car pull up. He was by himself. He must\u2019ve dropped off the kid. I raced downstairs and pretended like I was checking the mail in the hallway when he came in. He smiled at me."}, {"type": "sentence", "content": "\u201cHope we didn\u2019t wake you this morning,\u201d Paul said. \u201cThose delivery guys weren\u2019t too quiet.\u201d"}, {"type": "sentence", "content": "\u201cOh, no, I didn\u2019t hear a thing.\u201d"}, {"type": "sentence", "content": "\u201cIt was such a hassle. The couch wouldn\u2019t fit through the door and we had to take the door off the hinges to get it in. We kind of nicked the door jamb.\u201d"}, {"type": "sentence", "content": "\u201cMrs. Priscoletti isn\u2019t going to like that,\u201d I said."}, {"type": "sentence", "content": "\u201cShe doesn\u2019t have to know, does she?\u201d He winked at me."}, {"type": "sentence", "content": "\u201cOf course not. You know, when my mother and I moved in here, she\u2019s dead now, but back\u2026\u201d"}, {"type": "sentence", "content": "\u201cMary Grace, sorry, I gotta get ready to go out with Denise.\u201d Paul was unlocking his front door. \u201cShe\u2019ll kill me if I\u2019m late. Catch you later.\u201d The door closed."}, {"type": "sentence", "content": "She really had him on a leash."}, {"type": "sentence", "content": "Paul settled into his routine. He\u2019d leave the house shortly after eight, sit in his car for a minute to warm up the engine and drive off. He\u2019d return just after five. Tuesdays and Thursdays he came home for lunch and Denise would come over. She had her own key."}, {"type": "sentence", "content": "If I sat in my bedroom with the window open, I could hear the kitchen noises from downstairs: the clatter of the dishes and utensils, the water running, the scrape of the chairs. On the weekends, I smelled garlic and onion, hear the sizzle of oil in the frying pan. A couple times I heard grunts and groans. I slammed down the window and went up to the attic, pounding my feet on the stairs as hard as I could."}, {"type": "sentence", "content": "Since I was home when the mailman came, I\u2019d always pick up the mail. Mrs. Priscoletti was too cheap to put up mailboxes outside, so the letters came through the old slot in the front door and landed on the floor. I put Paul\u2019s stuff in a neat pile by his door. He had a lot of credit cards \u2014 Visa, American Express, MasterCard. I never had a credit card."}, {"type": "sentence", "content": "On my nights off, I\u2019d listen outside his door to hear what show he was watching, then I\u2019d run upstairs and tune in my TV to the same one. After a couple weeks, I didn\u2019t even have to listen at the door. I knew what he\u2019d be watching. He liked cop shows the best."}, {"type": "sentence", "content": "I knocked on his door after he got home one night. He answered in his undershirt. A gold cross glinted around his neck. My father wore a cross. I used to swizzle it back and forth on its chain when I sat on his knee."}, {"type": "sentence", "content": "\u201cAnything wrong?\u201d Paul stared at me."}, {"type": "sentence", "content": "\u201cJust remembered something that slipped my mind.\u201d I waved my hand. \u201cAnyway, sorry to bother you, but the gas man came yesterday and said he needed to get into the basement to read the meter. Something about too many months of averaging,\u201d I said. \u201cI told Mrs. Priscoletti years ago to have the meters moved outside but she says it costs too much.\u201d"}, {"type": "sentence", "content": "Paul scratched his chin. \u201cWhat a pain. I guess I\u2019ll call the gas company or something.\u201d"}, {"type": "sentence", "content": "\u201cIf you leave me the key on the sixth of the month, I could let the gas man in. I\u2019d be happy to do that.\u201d"}, {"type": "sentence", "content": "Paul\u2019s face perked. \u201cThat\u2019s real nice of you, Mary Grace. Thanks.\u201d He smiled. \u201cMrs. Priscoletti is cheap, isn\u2019t she? My tub needs to be replaced, but she\u2019s sending her son to grout the crack.\u201d"}, {"type": "sentence", "content": "\u201cShe\u2019s always been like that. She did the cheapest job possible to convert this rowhouse into apartments. My mother always said that Mrs. Priscoletti would end up paying double than if she\u2019d done a proper job in the first place.\u201d"}, {"type": "sentence", "content": "\u201cI\u2019m sure. Well, I\u2019ll get a copy made of the key for you.\u201d"}, {"type": "sentence", "content": "\u201cI took care of my mother til she died. That was five years ago.\u201d"}, {"type": "sentence", "content": "\u201cI\u2019m so sorry. Listen, I got a pot of sauce on the stove. I\u2019ll catch you later.\u201d"}, {"type": "sentence", "content": "A few days later, I found an envelope pushed under my door. It was Paul\u2019s key with a note saying to keep it in case of emergency. I hummed all night long as I vacuumed my floors."}, {"type": "sentence", "content": "The next morning after Paul left for work, I let myself into his apartment. I grabbed a handful of candies from a glass bowl on the coffee table and sat in the recliner in front of the TV. I went into the kitchen and stuck my finger in the pot of tomato sauce left on the stove. Spicy. I opened the cabinets. He really liked pasta."}, {"type": "sentence", "content": "His phone receiver smelled of cologne. I spotted the bottle in the bathroom and sprinkled a bit on my neck. The medicine cabinet had regular things like aspirin and Tums. The best stuff was in the bedroom. It usually is. I found two copies of Penthouse under his bed. His underwear was on the floor, size 40. It had a big heart you know where. I stuffed it in my pocket. He\u2019d think he lost it at the laundromat or something."}, {"type": "sentence", "content": "Almost every day I hung out in Paul\u2019s apartment. I watched TV and listened to his goopy music. I took off all my clothes and got into his bed so I could rub the smell from his dark brown sheets all over me. I flipped through his photo albums, his wedding, his baby\u2019s christening. I sipped the dregs from the Bud cans in the recycling bin."}, {"type": "sentence", "content": "I was always real careful to leave everything exactly how I found it and to leave before he got home. But one day I slipped up. I fell asleep in the recliner and it was a Thursday, one of the days he and Denise came home for lunch."}, {"type": "sentence", "content": "I bolted out of the chair when I heard the hallway door bang shut and voices. I raced to the bedroom and dove into the closet. They went to the kitchen. The fridge opened, the cutlery drawer rattled, dishes scraped. Then I heard Denise giggling. \u201cStop, Paul. Oh, you!\u201d"}, {"type": "sentence", "content": "They thumped across the living room and crashed into the bedroom door, laughing. I opened the closet door a crack. Denise was sprawled on the bed with Paul on top of her. He was kissing her, pinning her arms above her head. I pushed the door open a little wider. He pulled the blouse out from her skirt and unbuttoned it. He pushed up her bra and squeezed her. Then he spread her legs and moved on top of her. As he rocked back and forth, I watched the gold cross bounce off his chest. They didn\u2019t stay long."}, {"type": "sentence", "content": "That night I dreamed of my mother sharpening her knives."}, {"type": "sentence", "content": "Not long after that, I heard knocking at the front door early one Sunday morning. I looked out. Denise was on the porch. \u201cPaul, it\u2019s me! Answer the friggin\u2019 door, would you?\u201d He didn\u2019t answer. I looked across the street. His car was there. She pounded the door with her fist."}, {"type": "sentence", "content": "I went downstairs. I was going to tell her to piss off. Paul obviously didn\u2019t want anything to do with her. He came out of his apartment at the same time, his hair messy and eyes puffy. He opened the door and she tumbled in."}, {"type": "sentence", "content": "\u201cWhat took you? I\u2019ve been out here for ten minutes already.\u201d"}, {"type": "sentence", "content": "\u201cI took a sleeping pill,\u201d Paul said. \u201cWhere\u2019s your key?\u201d"}, {"type": "sentence", "content": "\u201cI can\u2019t find it. It might be in my other purse.\u201d"}, {"type": "sentence", "content": "She saw me and practically shoved Paul into the apartment."}, {"type": "sentence", "content": "\u201cShe gives me the creeps,\u201d I heard her say. \u201cSomething \u2026\u201d"}, {"type": "sentence", "content": "\u201cSh,\u201d Paul said. The door shut and I could only hear the rumble of voices. I felt stabbed in the stomach, but at least Paul tried to protect me."}, {"type": "sentence", "content": "I wasn\u2019t careless like Denise. I got a copy made of Paul\u2019s key in case I lost it. I kept the keys in the music box my father gave me for my ninth birthday. When you open it, a little ballerina twirls to \u201cSomewhere My Love,\u201d the song from \u201cDr. Zhivago,\u201d my favorite movie."}, {"type": "sentence", "content": "I made some chocolate peanut butter cookies a few days and took a plate down to Paul. I meant it as a thank you for sticking up for me against Denise."}, {"type": "sentence", "content": "\u201cWant some vegetables from my garden?\u201d he said. \u201cI\u2019ve had a bumper crop this year. I can\u2019t eat them all.\u201d"}, {"type": "sentence", "content": "He loaded up a paper bag of eggplants, tomatoes and string beans and handed it to me."}, {"type": "sentence", "content": "\u201cThanks,\u201d I said. \u201cThis is so generous of you. It\u2019s really so nice.\u201d Tears scalded my eyes. I blinked them back. The last present I got from anyone was the music box. My father disappeared the day after he gave it to me."}, {"type": "sentence", "content": "Paul scratched his chin and looked down. \u201cWell, uh, thanks for the cookies. They look real good.\u201d"}, {"type": "sentence", "content": "\u201cI used to make cookies for my mother all the time,\u201d I said."}, {"type": "sentence", "content": "\u201cThanks again.\u201d I could tell he was embarrassed at my generosity. I told him I\u2019d see him later."}, {"type": "sentence", "content": "I couldn\u2019t eat those vegetables. I put them in a bowl and carried them around with me, upstairs to the attic, to my bedside table, to the living room. But after a couple weeks, they shriveled up and rotted."}, {"type": "sentence", "content": "Paul left the empty cookie plate by my door. I figured he wanted more cookies but was too shy to ask. So, I took him down another plateful \u2014 oatmeal chocolate chip this time."}, {"type": "sentence", "content": "\u201cOh, thanks,\u201d Paul said. \u201cBut you shouldn\u2019t go to the trouble.\u201d"}, {"type": "sentence", "content": "\u201cIt\u2019s no trouble, really. I love baking,\u201d I said."}, {"type": "sentence", "content": "\u201cIt\u2019s just that I\u2019m on a diet.\u201d"}, {"type": "sentence", "content": "\u201cYou don\u2019t need to go on a diet. You look perfect. The eggplant and tomatoes were the best I ever had, by the way. And the string beans, too.\u201d"}, {"type": "sentence", "content": "\u201cYou want some more? I have plenty.\u201d"}, {"type": "sentence", "content": "\u201cThat would be great.\u201d"}, {"type": "sentence", "content": "\u201cHold on a sec.\u201d He came back and gave me the bag. \u201cI have to run. I was just about to go out.\u201d"}, {"type": "sentence", "content": "\u201cNo problem. Thanks. We\u2019ll talk later.\u201d"}, {"type": "sentence", "content": "\u201cSure thing.\u201d I liked the way he said that."}, {"type": "sentence", "content": "I went upstairs. This time I was prepared. I\u2019d bought a couple dozen bottles of clear nail polish and I painted each eggplant, tomato and string bean so they would keep forever."}, {"type": "sentence", "content": "Then I moved my typewriter down from the attic into the living room by the front window so I could see Paul closer up when he went in and out. He was inspiring me to write lots of stories."}, {"type": "sentence", "content": "One Saturday night, I heard yelling from downstairs. I tiptoed down and pressed my ear against the door."}, {"type": "sentence", "content": "\u201cHow do you think that makes me feel when you talk to her, when you have anything to do with her?\u201d"}, {"type": "sentence", "content": "\u201cShe\u2019s a part of my life, like it or not.\u201d"}, {"type": "sentence", "content": "\u201cI know that, but you don\u2019t have to rub it in my face all the time.\u201d"}, {"type": "sentence", "content": "\u201cJesus, Denise, I\u2019m not rubbing it in your face, I swear. I\u2019m sorry, okay.\u201d"}, {"type": "sentence", "content": "They calmed down and I went back upstairs. My chest was bursting. They were fighting about me! Denise really was getting to be a pain."}, {"type": "sentence", "content": "I waited til the lights went out downstairs and in the neighbors\u2019 windows, then I grabbed my mother\u2019s carving knife, went outside and slashed the tires on Denise\u2019s car. I fell asleep in the living room, so I\u2019d hear everything the next morning."}, {"type": "sentence", "content": "I woke up at the sound of Denise yelling. \u201cOh my God, Paul!\u201d"}, {"type": "sentence", "content": "\u201cWhat? Jesus!\u201d"}, {"type": "sentence", "content": "I keeled over onto the floor laughing. I just couldn\u2019t help it."}, {"type": "sentence", "content": "A couple days later, the car had four new tires. I went out again, this time with my mother\u2019s paring knife, and scratched \u201cbitch\u201d on the fenders. A police officer knocked at my door later and asked if I had seen anyone suspicious."}, {"type": "sentence", "content": "I shook my head. \u201cNothing out of the ordinary.\u201d"}, {"type": "sentence", "content": "\u201cYou sure? Mr. Ventimiglia says you watch everything that goes on in the street.\u201d"}, {"type": "sentence", "content": "\u201cNo, I really haven\u2019t seen anything.\u201d"}, {"type": "sentence", "content": "He cocked his head at me for a second then scribbled on his pad. He ripped off the sheet and handed it to me. \u201cIf you remember anything, call me.\u201d"}, {"type": "sentence", "content": "\u201cSure thing, Officer.\u201d"}, {"type": "sentence", "content": "Paul knocked at my door a little later. I smiled my biggest smile, but he didn\u2019t smile back."}, {"type": "sentence", "content": "\u201cMary Grace, I\u2019m going to need my key.\u201d"}, {"type": "sentence", "content": "The smile dropped clean off my face. \u201cWhy? Is there a problem?\u201d"}, {"type": "sentence", "content": "\u201cI think it\u2019s safer with this trouble we\u2019ve been having.\u201d"}, {"type": "sentence", "content": "\u201cWhat about the gas meter? I was taking care of that for you.\u201d"}, {"type": "sentence", "content": "\u201cDon\u2019t worry about it. I really need the key.\u201d"}, {"type": "sentence", "content": "\u201cSure thing.\u201d A rage rose in my throat like vomit. I got the key from the music box and handed it to him."}, {"type": "sentence", "content": "\u201cIt\u2019s these kids round here, you know,\u201d I said. \u201cThe neighborhood\u2019s not what it used to be.\u201d"}, {"type": "sentence", "content": "\u201cI\u2019m thinking I might have to move out. This is crazy.\u201d"}, {"type": "sentence", "content": "\u201cYou can\u2019t leave!\u201d I said before I could stop myself. His eyes widened then fastened on something over my shoulder then he turned and left."}, {"type": "sentence", "content": "I closed the door and swiveled to see what he\u2019d been looking at. It was the bowl of varnished vegetables on the kitchen table."}, {"type": "sentence", "content": "Denise had totally turned him against me. He needed me to protect him. My mother\u2019s voice echoed in my head. \u201cPeople will corrupt you, Mary Grace, that\u2019s why you have to stay close to me. I\u2019ll protect you from evil people.\u201d I closed my eyes, and she was pushing up my nightgown with the blade of her knife. I opened my eyes. My lungs felt real tight like I\u2019d been running for my life."}, {"type": "sentence", "content": "I waited until late that night then I threw a dozen eggs at Paul\u2019s car from the living room window. His car looked like it was crying yolks."}, {"type": "sentence", "content": "The next morning, I woke up to banging at the door. It was Paul. His face was all twisted."}, {"type": "sentence", "content": "\u201cWhat the hell kind of game are you playing?\u201d he yelled. \u201cWhat the fuck is your problem?\u201d"}, {"type": "sentence", "content": "\u201cThat was Denise. I saw her do it.\u201d I wrapped my arms around his waist. \u201cI\u2019ll protect you. We\u2019ll protect each other.\u201d"}, {"type": "sentence", "content": "He struggled to pull me off. I hung on, just like I hung on to my typewriter, and just like my mother, he couldn\u2019t loosen my grip."}, {"type": "sentence", "content": "\u201cLet go of me! You\u2019re fucking crazy! You did all this shit. I know you did, you weirdo!\u201d"}, {"type": "sentence", "content": "Weirdo! That\u2019s what they called me in school. I let him go and he staggered back. \u201cDon\u2019t you ever come near me or Denise again or I\u2019ll call the cops!\u201d"}, {"type": "sentence", "content": "She must be really poisoning him to make him yell names and threaten me like that. I was losing him."}, {"type": "sentence", "content": "The next day I let myself into Paul\u2019s apartment with the copy of the spare key and crawled into the closet. I sat there breathing in the leather of his shoes and clothes. I heard a noise at the door. My body tingled."}, {"type": "sentence", "content": "They entered the apartment talking, but I couldn\u2019t hear what they were saying. I didn\u2019t have to wait long. The bedroom door banged against the wall. Paul walked in carrying Denise and laid her on the bed. They started kissing and rolling around. His hand pushed up her skirt to her hip. I squeezed my eyes shut tight. I felt the prick of the knife tip as my mother spread my legs. I felt the cold whiskey bottle enter me, the rough wooden plunger, the knife handle. The pain bolting through my body. Where was Daddy? Where did he go?"}, {"type": "sentence", "content": "Paul groaned and Denise cried out. I felt the knifepoint press my thigh. My mother would do that to shut me up if I made a sound. Why didn\u2019t Daddy protect me? Did he leave so she could do this to me?"}, {"type": "sentence", "content": "\u201cCould you get me some water, babe?\u201d"}, {"type": "sentence", "content": "I opened my eyes. She was lying back with her eyes closed."}, {"type": "sentence", "content": "\u201cSure thing.\u201d He swung his legs over the side of the bed."}, {"type": "sentence", "content": "When I heard the fridge door open, I lunged out of the closet and flung myself on top of her, plunging in my mother\u2019s knife wherever I could. She screamed and tried to push me off. I stuck my fingers in her face and kept swinging the knife. I felt the power of making my mother scream and it doubled my strength."}, {"type": "sentence", "content": "Blood was making her body slippery. She was squirming and her arms were fighting me, but she couldn\u2019t do much. Paul grabbed me from behind. I surged with anger. He should have been protecting me, helping me. Daddy should have been there."}, {"type": "sentence", "content": "I wrapped my arm around her neck with my fingers in her hair, so when he yanked me, I pulled her with me. I stabbed her in the back, but the blade hit bone. Paul tried to pin down my arm, but I moved too fast. I finally hit the spot. The knife slid between her ribs. She went limp. He seized my wrist. Paul didn\u2019t appreciate anything I\u2019d done for him. He was selfish, greedy, thoughtless. That\u2019s what my mother yelled at me with each thrust of whatever it was she was putting in me."}, {"type": "sentence", "content": "With my free hand, I reached down to his privates and squeezed as hard as I could. He yelled and loosened his grip on my wrist. I yanked it free and sank the knife in his stomach. He fell back. I left it there and dragged myself upstairs. I was so tired. I didn\u2019t even wash the blood off. I flopped onto the bed and went right to sleep."}, {"type": "sentence", "content": "I still sit at my typewriter at the window, but it\u2019s a new view now. There\u2019s a grassy slope and big trees with benches underneath. People stroll around. There\u2019s the handsome Dr. Kramer. He has a tanned face that crinkles at the eyes when he smiles and asks, \u201cAnd how are you today, Mary Grace?\u201d I asked the kitchen manager if she\u2019d let me bake cookies one day. I think Dr. Kramer would like chocolate coconut."}], "topic": "fiction"}