{"title": "\u2018How-to\u2019 of User Insights", "data": [{"type": "sentence", "content": "One of the most challenging engineering tasks is to develop products based on user needs. How can we, as engineers, understand user points?"}, {"type": "sentence", "content": "Here is a list of product design workshops & exercises list that can be used to discover user insights, solve for user problems, and improve app quality."}, {"type": "subtitle", "content": "1. User Journey Maps"}, {"type": "image", "content": "https://miro.medium.com/max/1920/0*knEBJWYByvr2b20h"}, {"type": "sentence", "content": "What?"}, {"type": "sentence", "content": "Helps visualize the user\u2019s journey."}, {"type": "sentence", "content": "How?"}, {"type": "sentence", "content": "Map out a user\u2019s journey of a particular design, feature, or experience. Place each experience of the journey as either \u201cpositive\u201d or \u201cnegative.\u201d"}, {"type": "sentence", "content": "Helps?"}, {"type": "sentence", "content": "Understand user pain points and areas of the journey that need improvement."}, {"type": "subtitle", "content": "2. User Mad Libs"}, {"type": "image", "content": "https://miro.medium.com/max/1920/0*S2Kz4I2g2AVpXFzj"}, {"type": "sentence", "content": "What?"}, {"type": "sentence", "content": "Discover the user\u2019s point of view and insights."}, {"type": "sentence", "content": "How?"}, {"type": "sentence", "content": "Create statements with fill-in-the blanks regarding users, user\u2019s needs, and user\u2019s motives. Ex: [User] needs to [user\u2019s need] because [insight]. [Feature] helps [user] who want to [action]."}, {"type": "sentence", "content": "Helps?"}, {"type": "sentence", "content": "Understand and gather user insights."}, {"type": "subtitle", "content": "3. Key Insights"}, {"type": "image", "content": "https://miro.medium.com/max/1920/0*Yu2-jGDSzRdqSDYn"}, {"type": "sentence", "content": "What?"}, {"type": "sentence", "content": "A way to gather a user\u2019s key insights."}, {"type": "sentence", "content": "How?"}, {"type": "sentence", "content": "This exercise will come before a \u201cHow Might We\u201d exercise. Have individuals jot down and fill \u201cuser/wants/because/but\u201d on a notecard. Ex: \u201cParents want more control over their children\u2019s settings because it makes them feel at ease but they have trouble discovering the control panel."}, {"type": "sentence", "content": "Helps?"}, {"type": "sentence", "content": "Identify a user\u2019s motives and blockers."}, {"type": "subtitle", "content": "4. Taxonomy"}, {"type": "image", "content": "https://miro.medium.com/max/1920/0*PSFdcxjcOnx2lzTD"}, {"type": "sentence", "content": "What?"}, {"type": "sentence", "content": "A way to classify and organize design features that need improvement."}, {"type": "sentence", "content": "How?"}, {"type": "sentence", "content": "Create an excel or google sheet with categorizing columns (ex: columns could be \u2018surface\u2019, \u2018type\u2019, \u2018purpose\u2019, \u2018how user receives feature\u2019). Then go through app and list in the sheet every time the particular feature appears."}, {"type": "sentence", "content": "After creating a taxonomy, flag commonalities or irregularities in features. It also helps to refer to a taxonomy after creating guidelines and principles to see if all features in app adhere to them."}, {"type": "sentence", "content": "Helps?"}, {"type": "sentence", "content": "This workshop is helpful for features such as badges, notifications, dialogue boxes, or anything in an app that is inconsistent and unorganized."}, {"type": "subtitle", "content": "5. How Might We\u2019s (HMWs)"}, {"type": "image", "content": "https://miro.medium.com/max/1920/0*KBdtfIgaR6a-Unzz"}, {"type": "sentence", "content": "What?"}, {"type": "sentence", "content": "Encourages a team to brainstorm possibilities based off user insights."}, {"type": "sentence", "content": "How?"}, {"type": "sentence", "content": "Pull together insight statements. Try rephrasing them as questions by adding \u201cHow might we\u201d at the beginning."}, {"type": "sentence", "content": "Ex: Insight: \u201cMK parent users wish to have more control over push notifications. \u201d"}, {"type": "sentence", "content": "HMW: \u201cHow might we give MK parent users more control over push notifications?"}, {"type": "sentence", "content": "*Tip* Try to avoid using insights/HMWs that are too vague such as \u201cHow might we make the app more fun.\u201d"}, {"type": "sentence", "content": "Helps?"}, {"type": "sentence", "content": "Turn user problems into design opportunities."}, {"type": "subtitle", "content": "6. Lightning Talks & Notes"}, {"type": "image", "content": "https://miro.medium.com/max/1920/0*1bM5ZWHPZplJDjqK"}, {"type": "sentence", "content": "What?"}, {"type": "sentence", "content": "Several short presentations given by experts in a certain field/area."}, {"type": "sentence", "content": "How?"}, {"type": "sentence", "content": "Invite relevant experts/cross-functional partners to give micro presentations on topics relevant to the problems the team is trying to solve for. Have the team take notes."}, {"type": "sentence", "content": "Helps?"}, {"type": "sentence", "content": "Inform team on other areas surrounding a particular topic."}, {"type": "subtitle", "content": "7. Stress-Tests"}, {"type": "image", "content": "https://miro.medium.com/max/1920/0*k3VnmvB09uGin4hM"}, {"type": "sentence", "content": "What?"}, {"type": "sentence", "content": "Poke holes and identify what works/doesn\u2019t work during the wireframe stage."}, {"type": "sentence", "content": "How?"}, {"type": "sentence", "content": "Have team go to every part of the user flow and ask \u201cWhere am I?\u201d, \u201cWhat is this page about?\u201d, \u201cWhere can I go?\u201d, \u201cDoes this scale across devices and locations?\u201d"}, {"type": "sentence", "content": "Helps?"}, {"type": "sentence", "content": "Scaled usability and understandability of a design."}, {"type": "subtitle", "content": "8. Pre-Mortem"}, {"type": "image", "content": "https://miro.medium.com/max/1920/0*Nh_AN6vG1PPfe3ku"}, {"type": "sentence", "content": "What?"}, {"type": "sentence", "content": "Before a project is even built, assume that things went wrong with the project and has failed."}, {"type": "sentence", "content": "How?"}, {"type": "sentence", "content": "Have the original project goals and plan displayed. Then have the team create a list of \u201cwhat\u201d has failed dramatically."}, {"type": "sentence", "content": "Helps?"}, {"type": "sentence", "content": "Identify threats, flag risks, and brainstorm preventative measures."}, {"type": "sentence", "content": "In case you have more ideas, please let us know!"}, {"type": "sentence", "content": "\u2014"}, {"type": "sentence", "content": "\u201cAnd do not forget to do good to one another.\u201d (Qur\u2019an; 2:238)"}], "topic": "design"}