{"title": "Why Our Economy May Be Headed for a Decade of Depression", "data": [{"type": "subtitle", "content": "Nouriel Roubini, who predicted the 2008 crash, has another dire forecast"}, {"type": "sentence", "content": "By Eric Levitz"}, {"type": "sentence", "content": "In September 2006, Nouriel Roubini told the International Monetary Fund what it didn\u2019t want to hear. Standing before an audience of economists at the organization\u2019s headquarters, the New York University\u2026"}], "topic": "economy"}