{"title": "Launching Into Uncertainty \u2014 6 Smart Steps to Future-Proof Your ML Models", "data": [{"type": "subtitle", "content": "A COVID-19 edition:"}, {"type": "subtitle", "content": "Your machine learning model is going to fail in the pandemic. Here\u2019s how to mitigate the damage."}, {"type": "sentence", "content": "There have been many articles focusing on how machine learning can and is helping during the pandemic. South Korean and Taiwanese governments successfully demonstrated how they used AI to slow the spread of COVID-19. French tech company identifying hot spots where masks are not being worn, advising where governments can focus on education. Data and medical professionals collaborating to index medical journal papers on COVID-19."}, {"type": "sentence", "content": "Participation from the data science community is inspiring and the results are outstanding."}, {"type": "sentence", "content": "But this post is about the opposite. I am not here to tout the successes of machine learning. I am here to cast a little doubt on all its glory and wonders. I\u2019m here to ask the question:"}, {"type": "sentence", "content": "And why not?"}, {"type": "image", "content": "https://miro.medium.com/max/2000/0*LIDhPPLaizfNPxsB"}, {"type": "sentence", "content": "Real-life data often diverges from training data. From the day you release the accurate, stable model into production, its performance has been degrading every day as your customers evolve. With COVID-19, it is as if the model is released from the safe, incubated Petri dish to the wild wild west."}, {"type": "sentence", "content": "With the policy changes, the interest rate drops, and the payment holidays, the sudden data shift can have a profound impact on your model. It\u2019s okay to have a decrease in model accuracy, but it is not okay to be ignorant of the changes."}, {"type": "sentence", "content": "For the past couple of weeks, I have been involved in impact assessment for these machine learning models. It was overwhelming initially, so I gathered some practical steps in the hopes that other teams can approach the process with a bit more confidence and a bit less panic:"}, {"type": "sentence", "content": "To avoid writing an entire book on this topic, This article uses quite a bit of jargon. If you\u2019re not sure what a term means, click into the hyperlink."}, {"type": "subtitle", "content": "Step 1: Identify affected use cases and stakeholders"}, {"type": "image", "content": "https://miro.medium.com/max/452/1*2Mwo7N_ZaQ_LLWb4v5WjHQ.png"}, {"type": "sentence", "content": "Not all use cases will be affected by the pandemic, like not all models will suffer from data or concept drift."}, {"type": "sentence", "content": "The first step in any software assessment is the same as the first step in any software development: ask questions."}, {"type": "sentence", "content": "If you have many on-going use cases and not sure which to tackle first, begin by asking these:"}, {"type": "sentence", "content": "\u2753 Am I modeling human behavior? (i.e. items purchased during Easter, home loans down payment)"}, {"type": "sentence", "content": "\u2753Did I have any inherent assumptions about the government or corporation policies that have changed during the crisis (i.e. travel bans, payment holiday from the bank)"}, {"type": "sentence", "content": "Once you have identified the use cases, then pinpoint the stakeholders affected by these use cases. The stakeholders are often subject matter experts in the domain, so they may be able to assist you in step 2 below."}, {"type": "sentence", "content": "Draw a decision tree for yourself."}, {"type": "sentence", "content": "If your system touched a human or a policy, carry on with Step 2."}, {"type": "sentence", "content": "Otherwise, move on."}, {"type": "subtitle", "content": "Step 2: Assess the risks and exposures for when things go wrong"}, {"type": "image", "content": "https://miro.medium.com/max/444/1*KWvS1Ee0MJg-9P_i9K3isw.png"}, {"type": "sentence", "content": "This pandemic is a classic case of a black swan event. It\u2019s a rare and unexpected virus outbreak with severe consequences."}, {"type": "sentence", "content": "So the chances are, things are going to go wrong, but how wrong?"}, {"type": "sentence", "content": "Scenario analysis can help us navigate these extreme conditions."}, {"type": "sentence", "content": "Speaking to the SME (subject matter experts) from the business is incredibly valuable in this step. They often have many questions they want answers to, and data scientists would analyze the data to generate insight packs to these questions. This is the time when these questions can help you interrogate your models."}, {"type": "sentence", "content": "As an example,"}, {"type": "sentence", "content": "Well, this is the time to test it out. If you are modeling the revenue generated from home loans, then examine the data when home loan sales are low (winter months in a summer vacation town). From there, tweak it with the suggestions from the SME and generate a fake input dataset and run it through your model. This can help you assess the areas when the model is at risk."}, {"type": "sentence", "content": "Giving a quantitative number can help businesses make tough decisions. Even though we feel like we don\u2019t have enough information to provide a prediction, decisions still have to be made. Loans still need to be granted and toilet papers still need to be shipped. Instead of pushing the responsibilities further along the chain, we should focus on doing the best we can."}, {"type": "sentence", "content": "Give a prediction with all the asterisks attached to it."}, {"type": "sentence", "content": "If the impact is large, proceed to step 3 for a thorough examination."}, {"type": "sentence", "content": "Otherwise, move on."}, {"type": "subtitle", "content": "Step 3: Check your entire solution for vulnerabilities"}, {"type": "image", "content": "https://miro.medium.com/max/444/1*1viI-zFFORKjFTdItkPNBA.png"}, {"type": "sentence", "content": "Machine learning solutions are more than the model itself. There is the data engineering pipeline, inference, and model retraining. It is important to scan the entire solution end-to-end to find vulnerabilities."}, {"type": "sentence", "content": "Here are some areas you can look at:"}, {"type": "sentence", "content": "\u23e9 Will a bulk quantity break your pipeline? Some supplier\u2019s predictive algorithms were broken by a sudden change in order quantity. On the other hand, some fraud detection systems were overwhelmed by false positives."}, {"type": "sentence", "content": "\u23e9 Has the baseload on your infrastructure changed? Some models are less relevant and some are even more important, shifting your computing resources can even out the cost."}, {"type": "sentence", "content": "\u23e9 Investigate the global and local feature-importance of your model. Are your top features sensitive to the pandemic? Should they be? There are many articles about explainable AI, and in the time of the unknown, inference explainability could give the transparency people need."}, {"type": "sentence", "content": "Define checks throughout your entire pipeline."}, {"type": "sentence", "content": "By the time you reached Step 3, you already determined that your solution is affected by the crisis. So carry on to Step 4."}, {"type": "sentence", "content": "There is will be no moving on from this point on, only moving forward."}, {"type": "subtitle", "content": "Step 4: Set up automated alerting and healing"}, {"type": "image", "content": "https://miro.medium.com/max/434/1*0IM4bjlI6pj151zBJZUHZQ.png"}, {"type": "sentence", "content": "If you are reading this article, you probably don\u2019t have monitoring systems in place. Otherwise, you would be setting up 500 Jira tickets and be on top of your next steps."}, {"type": "sentence", "content": "And imagine you are a pilot:"}, {"type": "sentence", "content": "\u2611\ufe0f : Having no logging is like flying without a Blackbox. Any terrorist can hijack the plane without any consequences."}, {"type": "sentence", "content": "\ud83d\udda5\ufe0f : Having no monitoring is like flying blind in new airspace. The pilot has no idea where he\u2019s going, and neither do you."}, {"type": "sentence", "content": "\ud83c\udf2a\ufe0f\ufe0f: Having no resilient infrastructure is like flying with an unmaintained engine. The ticket is cheap but the plane could go down at any time."}, {"type": "image", "content": "https://miro.medium.com/max/2400/1*ovNX2dyPHESAW6suQTN99w.png"}, {"type": "sentence", "content": "You won\u2019t board a plane with a blind pilot and a broken engine, why would you deploy a model without logging, monitoring, and resilient infrastructure?"}, {"type": "subtitle", "content": "Let\u2019s set aside monitoring, what about healing?"}, {"type": "sentence", "content": "Many matured machine learning solutions have automated retraining built into the system. But in these extreme events, it may be worth taking a look at the refreshed models. Are they using the latest data for the prediction? Should they be?"}, {"type": "sentence", "content": "Automatically redeploying the refreshed models could be risky when facing the unknown. A human-in-the-loop approach could be both an interim and a strategic solution."}, {"type": "sentence", "content": "1\ufe0f\u20e3 Setup automated retraining and reporting (with business KPI as well as the spot checks defined in Step 3)."}, {"type": "sentence", "content": "2\ufe0f\u20e3 Alert a human for approval, with more stringent alerting criteria during the pandemic period."}, {"type": "sentence", "content": "3\ufe0f\u20e3 If Steps 1\u20133 were conducted rigorously, and the risks and exposures acknowledged, then we may be ready to redeploy the models."}, {"type": "sentence", "content": "Monitor data and model drift and redeploy if necessary."}, {"type": "sentence", "content": "If you are still not sure, set-up canary deployment and redirect a small portion of your traffic to the new model. Then slowly phase out the old one when the new model is stable."}, {"type": "subtitle", "content": "Step 5: Unpack and communicate future challenges"}, {"type": "image", "content": "https://miro.medium.com/max/424/1*ecikADovPWTjQc0FwvRM3A.png"}, {"type": "sentence", "content": "The COVID-19 impact ranges from short-supply of toilet paper to a meltdown of the global economy. Most if not all industries are affected, either positively or negatively."}, {"type": "sentence", "content": "Long term effects such as remote working, a surge in bankruptcy, structural unemployment as well as travel restrictions are unclear. When the historical data is not applicable in this unprecedented situation, the \u201cabnormality\u201d may become the new norm. This forces us to go back and unpack the fundamental business question and rethink many assumptions."}, {"type": "sentence", "content": "\u23e9 Do we include the pandemic data into future model training?"}, {"type": "sentence", "content": "\u23e9 Do we include new features that better reflects the current reality?"}, {"type": "sentence", "content": "\u23e9 Should we tune the model sensitivity when major disruptions occur?"}, {"type": "sentence", "content": "\u23e9 Do we need to re-evaluate the model metrics chosen before the pandemic?"}, {"type": "sentence", "content": "\u23e9 Do we revert all the above when things \u201creturn to normal\u201d?"}, {"type": "sentence", "content": "There are more questions than answers at this stage. It would be premature to blindly recommend \u201cbest practices\u201d."}, {"type": "sentence", "content": "The only way is to stay curious, keep communications open, acknowledge risks, and take it one step at a time."}, {"type": "subtitle", "content": "Step 6: Build fallback systems to mitigate the impact"}, {"type": "image", "content": "https://miro.medium.com/max/450/1*yl7xjKaFX3PWdKDbvsI72g.png"}, {"type": "sentence", "content": "Have you wondered why dung beetles don\u2019t get lost?"}, {"type": "sentence", "content": "These tiny insects use a combination of guiding systems to help them achieve the highest precision possible. When one system is not reliable, they switch to use another."}, {"type": "sentence", "content": "The famous physicist and Nobel Laurette Richard Feynman, on investigating the NASA Challenger program disaster said: \u201cWhen you don\u2019t have any data, you have to use reason.\u201d (extracted from Range by David Epstein, Chapter 9)."}, {"type": "sentence", "content": "This particularly rings true when machine learning depends on historical patterns. When historical patterns are not reliable, alternative strategies need to be called upon:"}, {"type": "sentence", "content": "\u23e9 Unsupervised or semi-supervised approaches can help redefine the problem space. Create new segmentations for existing users based on their new behaviors. A past outdoor junkie could be the now mindful yogi."}, {"type": "sentence", "content": "\u23e9 Stress-testing: the scenario analysis framework set up in Step 2 can be used to load various extremes of input data."}, {"type": "sentence", "content": "\u23e9 Ensemble or Choose: Ensembling is popular owing to its ability to create a strong learner by combining multiple weak learners. Sometimes, that may not be necessary. It is possible to have multiple models for one use case. The engineering pipeline can detect changes or attributes, and use the most appropriate model for inference."}, {"type": "sentence", "content": "Or all the above, with the human-in-the-loop."}, {"type": "sentence", "content": "And that is why ladies and gentlemen \u2014 AutoML is not going to replace data scientists. Be the voice of reason. Chat to the SMEs. Keep calm and carry on."}, {"type": "image", "content": "https://miro.medium.com/max/2000/0*iNEhOUq4Jwx0Fghu"}, {"type": "sentence", "content": "Navigating changes in this uncertain time is challenging. Nobody is certain of anything, and it can be daunting to make a prediction. Following these steps can guide you through unforeseen problems:"}, {"type": "sentence", "content": "If you like this post, I have posted similar topics on this before:"}, {"type": "sentence", "content": "Thanks for reading \u2b50 Follow me on Medium, LinkedIn, or visit my Website. Also, if you want an evaluation of your machine learning deployment framework, email us at Melio Consulting."}], "topic": "business"}