{"title": "AI Explained Easily", "data": [{"type": "subtitle", "content": "Explained Easily"}, {"type": "subtitle", "content": "Understand AI in 5 minutes"}, {"type": "sentence", "content": "How would you explain to a medieval time traveler what cars are? Simply, there is too much knowledge missing: he has no idea of what electricity, fuel, and batteries are. What you can say to him is that a car is a tool that can bring you from point A to point B. Seriously, does he need to know anything else?"}, {"type": "sentence", "content": "Like a car, you do not need to be knowledgeable of the mechanical design and physics of how a combustible engine works to understand its use."}, {"type": "image", "content": "https://miro.medium.com/max/4002/1*sYnJBTDwTkjhPg-YVsI2eA.png"}, {"type": "subtitle", "content": "Problem"}, {"type": "sentence", "content": "The only reason you might want to know what AI is is to know what problems you can solve with it."}, {"type": "sentence", "content": "What do I mean by the term problem? If you wish you use AI, you need data. What you want to extract from the data is essentially a mathematical problem that you have to solve. Some examples of problems are:"}, {"type": "sentence", "content": "For example, if you have a dataset (a dataset is essentially an Excel table with data) on Covid-19, you might want to forecast how many new cases there will be tomorrow in the World."}, {"type": "sentence", "content": "If you have a dataset of millions of emails you want to divide the spam from the non-spam, and if you have a dataset of road signs, you want the computer to be able to recognize them by classifying them into different categories."}, {"type": "sentence", "content": "Here is a list of common problems that AI can solve for you. If you happen to have any dataset with information and know what problem you want to solve, with the proper tools you can create an AI with a personal computer (even on Google Drive) for FREE. This gives you an idea of how available this technology is in 2020."}, {"type": "image", "content": "https://miro.medium.com/max/2110/1*M9SEZdyKgdFl3ILcWKAFsA.png"}, {"type": "sentence", "content": "These are the most common categories of statistical models in Machine Learning. You can choose which one to use to solve your problem. (the two missing statistical models are called Association and Dimensionality reduction, but they are not so practical, therefore will not be covered in this article)."}, {"type": "subtitle", "content": "Why so many examples?"}, {"type": "sentence", "content": "Of course, the problems you can solve with AI are not limited to the ones listed here, but this is a collection of the most practical and common problems."}, {"type": "sentence", "content": "If I was going to list one example only, it is unlikely you would have understood its practical purposes. With so many examples you can see the practical applications in different fields. If you are managing a company and you wish to make good use of its data, you have many options: forecasting future earnings, understanding your target in more detail\u2026"}, {"type": "subtitle", "content": "AI = Machine Learning"}, {"type": "sentence", "content": "To minimize its complexity, you can think of AI as a collection of statistical models that can be applied to data. This vast collection is called Machine Learning."}, {"type": "image", "content": "https://miro.medium.com/max/2890/1*3ljQRbsPiPlUwRj1jjMKZA.png"}, {"type": "sentence", "content": "Machine learning is also divided into two subcategories: Supervised and Unsupervised. Each category contains plenty of statistical models. Given our problem, we just have to choose the statistical approach."}, {"type": "sentence", "content": "Ex."}, {"type": "image", "content": "https://miro.medium.com/max/2434/1*_kmfpClFc58x4nhxjraI5g.png"}, {"type": "sentence", "content": "We stated our problem: we wish to predict how many positive new Covid-19 cases there will in our country tomorrow. Among the plethora of statistical approaches, we choose to use the first graph, which is a regression approach. (It takes a data analyst to select the best model with the best parameters, that is the reason why in this article you won\u2019t find any information on how we choose one model from another)."}, {"type": "subtitle", "content": "The Role of data"}, {"type": "sentence", "content": "Because there are two categories of problems that can be solved with AI, we will look into Supervised Learning first. The following example shows a tabular data, a simple Excel file: a dataset."}, {"type": "sentence", "content": "To use AI, you need data. The more data, the better."}, {"type": "image", "content": "https://miro.medium.com/max/1668/1*hKPh_g7KQH_V7Rp1Zjgqtg.png"}, {"type": "sentence", "content": "Above we have the data of all 627 Titanic passengers. Problem: Can we build an AI that can predict who can survive the \u2018Next Titanic\u2019?"}, {"type": "sentence", "content": "We know the problem. Now we have to choose the statistical model:"}, {"type": "sentence", "content": "Machine Learning > Supervised Learning > Classification"}, {"type": "image", "content": "https://miro.medium.com/max/1240/1*kzN3MO9lILq4olWJpCQO-w.png"}, {"type": "subtitle", "content": "Features and Labels"}, {"type": "sentence", "content": "The meta-process that is common across all Artificial Intelligences is the following; that is all you need to understand. We isolate the data into two parts:"}, {"type": "sentence", "content": "The columns that allow us to predict the data. In this case: sex, age, siblings, parch, fare, class, deck, embark_town, alone"}, {"type": "sentence", "content": "The columns that we want to predict. In this case, the column \u2018survived\u2019."}, {"type": "image", "content": "https://miro.medium.com/max/2498/1*eMHOeqpGS7wCBMtkScg_rQ.png"}, {"type": "sentence", "content": "Problem: given the features of a new passenger, n. 628 (female, 24 years old, 1 sibling, parch 0, 75.05 USD fare, First class, deck D, embarked from Cherbourg, not alone): will she survive?"}, {"type": "sentence", "content": "Now that we have features and labels, the AI will come up with some rules."}, {"type": "subtitle", "content": "Training the AI: discovering the rules"}, {"type": "image", "content": "https://miro.medium.com/max/1142/1*4THdmcW5rOpN67Wqad_Nmg.png"}, {"type": "sentence", "content": "With the use of the algorithms we have chosen (our statistical model), rules have been discovered. We can use the same rules to solve our problem and find out who will be able to survive the Titanic based on his data (sex, age, siblings\u2026)."}, {"type": "subtitle", "content": "Making predictions: A Second Titanic"}, {"type": "sentence", "content": "Now, let us assume there is a second Titanic. We still do not know who has survived yet (labels \u2018survived\u2019 are missing); We have features, and because our AI has already been trained, we also have rules."}, {"type": "image", "content": "https://miro.medium.com/max/2230/1*0OJaNVllvvEuBA-EUT-2SQ.png"}, {"type": "image", "content": "https://miro.medium.com/max/2184/1*ld3Uf-KhuketnhBW0SL11w.png"}, {"type": "sentence", "content": "Given features and rules, we can predict the labels: who will survive the Titanic 2."}, {"type": "subtitle", "content": "Summary"}, {"type": "sentence", "content": "This is an outline of the entire process:"}, {"type": "image", "content": "https://miro.medium.com/max/2742/1*Rk2pLf1DQOORAAf_FFZNMA.png"}, {"type": "subtitle", "content": "Is that it?"}, {"type": "sentence", "content": "What I have been showing you is one of the three paradigms of AI: Supervised Learning."}, {"type": "image", "content": "https://miro.medium.com/max/2254/1*7j1BEkY6_rAMXfj5w9BP6Q.png"}, {"type": "sentence", "content": "When you are lucky enough to have both features and labels you can you a Supervised learning approach to solve it. If you only find yourself with features (a collection of images of cats and dogs, for example), that is called Unsupervised learning: you will use different statistical models."}, {"type": "sentence", "content": "***The third paradigm is called Reinforcement Learning, but that is not a practical thing to know at the moment."}, {"type": "subtitle", "content": "Why so many algorithms?"}, {"type": "sentence", "content": "When you increase in complexity, you can see that each AI approach has a myriad of different algorithms. To solve your specific problem, you need a specific algorithm."}, {"type": "image", "content": "https://miro.medium.com/max/1736/1*XR-RlnwkAhJz3wakipnbVg.png"}, {"type": "subtitle", "content": "What is the difference between AI and Statistics?"}, {"type": "sentence", "content": "You may be curious about what is the actual difference between AI and statistics at this point. With statistics, you can make predictions, the same with Artificial Intelligence. Is there any difference?"}, {"type": "sentence", "content": "Simply put: Artificial Intelligence is a collection of statistical tools that are used to make predictions."}, {"type": "subtitle", "content": "What I left out in this Article"}, {"type": "sentence", "content": "The purpose of this article was to give you an idea of how you could use an AI if you have data to analyze. Deep Learning, one very powerful kind of AI, was not mentioned because of simplification purposes. At the same time, I left out other detailed procedures of AI training, including feature selection and testing."}, {"type": "sentence", "content": "Therefore, consider the content of this article a general map of the principles required to understand an AI."}], "topic": "artificial-intelligence"}