{"title": "Bear Tracks", "data": [{"type": "subtitle", "content": "Fiction Friday"}, {"type": "sentence", "content": "Jacob locked the door behind him and waved to his friend Brandon in the driver\u2019s seat of the black SUV in his driveway. He tossed his bag into the trunk and closed it before getting into the seat behind Brandon\u2019s girlfriend of four years, Jessica."}, {"type": "sentence", "content": "\u201cHey, Jacob,\u201d said Jessica. \u201cThis is my friend, Abby.\u201d"}, {"type": "sentence", "content": "\u201cIt\u2019s a pleasure to meet you,\u201d said Jacob. He nodded and shook Abby\u2019s hand."}, {"type": "sentence", "content": "\u201cYou excited, man?\u201d asked Brandon."}, {"type": "sentence", "content": "\u201cI\u2019m not excited about waking up before seven on a Saturday,\u201d replied Jacob. \u201cAround what time should we get there?\u201d"}, {"type": "sentence", "content": "\u201cWe\u2019ll be at the cabin before noon,\u201d replied Jessica. \u201cWon\u2019t take long to situate ourselves once we\u2019re there and then you boys can get started on lunch.\u201d"}, {"type": "sentence", "content": "\u201cI brought a ton of burgers,\u201d said Brandon."}, {"type": "sentence", "content": "\u201cSounds delicious,\u201d said Jacob. He brushed his hand through his curly black hair and let out a heavy sigh."}, {"type": "sentence", "content": "Jacob watched as the world he knew drifted further away in a green blur out the window. He wasn\u2019t sure why he agreed to come along, but Brandon always seemed to have a way of convincing him \u2014 having once even convinced him to go skydiving despite his fear of heights."}, {"type": "sentence", "content": "The stations on the radio would drift in and out, and Jacob couldn\u2019t help but smile whenever a country song would suddenly cut out, not because he didn\u2019t like it, but because Brandon seemed to like it a little too much and knew the words to practically every song."}, {"type": "sentence", "content": "It was around ten, just after they\u2019d stopped for a quick bathroom break and to refill their coffees, that the song on the radio sent Jacob into a memory he\u2019d been trying to push away. The song was classic rock, and had been one of his favorites ever since he could remember. It was the song that brought him and his most recent ex-girlfriend closer together when they\u2019d first met \u2014 finding things in common was his go-to when it came to first dates. Eventually the song became their song and he\u2019d find a reason to play it every time they got into the car together, even plotting ways to incorporate it into an engagement if things ever got that far. Four months later and he still couldn\u2019t shake the memories of them swaying in the car to the song while going to friends parties, family gatherings, or just out for a drive."}, {"type": "sentence", "content": "\u201cBrandon,\u201d said Jacob, \u201ccould you, uh, the song.\u201d"}, {"type": "sentence", "content": "\u201cOh, right,\u201d said Brandon. \u201cMy bad.\u201d"}, {"type": "sentence", "content": "\u201cWhat\u2019s wrong with the song?\u201d asked Jessica."}, {"type": "sentence", "content": "\u201cIt\u2019s nothing,\u201d said Brandon. \u201cHe just doesn\u2019t like it.\u201d"}, {"type": "sentence", "content": "\u201cI\u2019ve never much cared for that song,\u201d said Abby. \u201cI\u2019ve always preferred grunge to hair metal.\u201d"}, {"type": "sentence", "content": "\u201cMe too,\u201d said Jacob."}, {"type": "sentence", "content": "When they arrived at the cabin Jacob helped Brandon bring the bags from the trunk inside. The cabin was cozier than Jacob had imagined when his friend first told him about the trip."}, {"type": "sentence", "content": "\u201cJust like I told you,\u201d said Brandon. \u201cTwo bedrooms.\u201d"}, {"type": "sentence", "content": "\u201cAnd one bathroom,\u201d said Jessica. She was unpacking one of the bags on the couch, pulling out can after can of various vegetables."}, {"type": "sentence", "content": "\u201cWe\u2019ll be fine,\u201d said Brandon. \u201cJacob and I can just go outside, right?\u201d"}, {"type": "sentence", "content": "\u201cDon\u2019t wink at me for that,\u201d replied Jacob. \u201cOne will be fine. Should I sleep on the couch, or\u2026\u201d"}, {"type": "sentence", "content": "\u201cNonsense,\u201d said Jessica. \u201cYou\u2019re sharing a room with Abby.\u201d"}, {"type": "sentence", "content": "\u201cAre you okay with that?\u201d asked Jacob, looking over to Abby as she stood by the window."}, {"type": "sentence", "content": "\u201cOf course,\u201d she replied. \u201cI won\u2019t bite.\u201d"}, {"type": "sentence", "content": "\u201cJacob\u2019s been known to nibble,\u201d said Brandon."}, {"type": "sentence", "content": "\u201cStop saying things like that and then winking,\u201d replied Jacob. He cracked a smile and was relieved when everyone began to laugh. He walked out onto the porch and then around to the back patio that overlooked a rather large fishing pond. On the other side of the pond sat an older man, most likely retired thought Jacob, alongside a woman of around the same age. He waved to them and they returned the favor."}, {"type": "sentence", "content": "\u201cMind if I join you?\u201d"}, {"type": "sentence", "content": "Jacob turned around and saw Abby walking towards him."}, {"type": "sentence", "content": "\u201cSure,\u201d he replied. \u201cI\u2019m actually going to sit for a bit, could use the company. I\u2019m sure Brandon will come find me soon enough to help with lunch.\u201d"}, {"type": "sentence", "content": "\u201cHe likes messing with you, doesn\u2019t he?\u201d"}, {"type": "sentence", "content": "\u201cI return the favor every now and then, we\u2019ve known each other for so long that it\u2019s just the way things are with us.\u201d"}, {"type": "sentence", "content": "\u201cHow long have you known him?\u201d"}, {"type": "sentence", "content": "\u201cSince middle school,\u201d replied Jacob, his gaze was lost somewhere in the pond. \u201cMore than ten years. It doesn\u2019t feel like it\u2019s been that long. How about you, have you known Jessica long? I\u2019m surprised we haven\u2019t met before.\u201d"}, {"type": "sentence", "content": "\u201cOnly a few months,\u201d replied Abby. \u201cI was at a bar with some friends and she was with Brandon and some of their friends and then we all started mingling. I\u2019ve hung out with her almost every weekend since. We like to meet up for coffee on Sundays, sometimes to discuss the week, other times to try and piece together what happened the night before.\u201d"}, {"type": "sentence", "content": "\u201cSounds like you two hit it off. Brandon and I will usually hangout a few times a month, usually over a cocktail or two in my backyard.\u201d"}, {"type": "sentence", "content": "\u201cLovebirds!\u201d Jacob turned around and rolled his eyes as Brandon walked towards him. \u201cMind if I borrow him for a bit, Abby?\u201d"}, {"type": "sentence", "content": "\u201cI suppose,\u201d she replied. \u201cBut not for too long.\u201d"}, {"type": "sentence", "content": "\u201cYou have my word,\u201d replied Brandon. \u201cCome on, pal. We need to get cooking. I\u2019ll get the burgers started. You like shucking corn, right?\u201d"}, {"type": "sentence", "content": "\u201cDoesn\u2019t everyone?\u201d replied Jacob, smirking at Abby as he got up from his chair."}, {"type": "sentence", "content": "Jacob brought over four ears of corn on a plate and placed them on the table beside the grill."}, {"type": "sentence", "content": "\u201cI prefer my burger a bit more on the medium side,\u201d said Jacob."}, {"type": "sentence", "content": "\u201cWell-well done is about all I\u2019ve got,\u201d replied Brandon. \u201cI went to grab us some beers and well, yeah. Here,\u201d he handed Jacob a can of light beer. \u201cLet\u2019s get the burgers off this grill and let the corn takes its place. Did you butter those up yet?\u201d"}, {"type": "sentence", "content": "\u201cAnd salted them,\u201d said Jacob."}, {"type": "sentence", "content": "He watched as Brandon took an ear from the plate and placed it beside a burger, then continued to swap them back and forth until all the corn was on the grill and all the burgers were on the plate."}, {"type": "sentence", "content": "\u201cCould always use some more salt,\u201d said Brandon."}, {"type": "sentence", "content": "\u201cI don\u2019t think that\u2019s a good \u2014 \u201d"}, {"type": "sentence", "content": "\u201cWhat?\u201d"}, {"type": "sentence", "content": "\u201cNever mind.\u201d"}, {"type": "sentence", "content": "\u201cSo, how are things going with Abby? Jessica thinks you two would make a great couple.\u201d"}, {"type": "sentence", "content": "\u201cYou know I\u2019m still not over what happened with Bridgette yet.\u201d"}, {"type": "sentence", "content": "\u201cThat was months ago, man. You know she\u2019s already dating someone new, right?\u201d"}, {"type": "sentence", "content": "\u201cShe is? I mean, that\u2019s okay.\u201d"}, {"type": "sentence", "content": "\u201cBridgette wasn\u2019t the nicest to you either, man. I know it\u2019s tough to hear, but think of all the trust issues you have because of her.\u201d"}, {"type": "sentence", "content": "\u201cWe were working things out, until,\u201d he looked to the ground and kicked a small stone. \u201cWe were looking for different things. That\u2019s all.\u201d"}, {"type": "sentence", "content": "\u201cAll I\u2019m saying is you should give Abby a chance,\u201d said Brandon. He used the tongs and rotated each ear of corn. \u201cYou deserve to be happy.\u201d"}, {"type": "sentence", "content": "Jacob placed a pitcher of water in the middle of the table before taking his seat next to Abby."}, {"type": "sentence", "content": "\u201cLooks great,\u201d said Jessica."}, {"type": "sentence", "content": "\u201cYou seem surprised,\u201d replied Brandon. \u201cI\u2019m a great cook.\u201d"}, {"type": "sentence", "content": "\u201cNobody cooks a hockey puck like you do,\u201d said Jacob as he doused his burger with ketchup."}, {"type": "sentence", "content": "\u201cThink I\u2019ll be needing some of that too,\u201d said Abby."}, {"type": "sentence", "content": "\u201cIs this corn or a salt lick?\u201d asked Jessica."}, {"type": "sentence", "content": "\u201cHey, hey,\u201d Brandon raised his hands in the air. \u201cJacob was in charge of the corn.\u201d"}, {"type": "sentence", "content": "\u201cDon\u2019t you even dare,\u201d said Jacob."}, {"type": "sentence", "content": "After dinner Jacob set out to gather some fire wood, with Abby joining him as Brandon and Jessica cleaned up the dishes."}, {"type": "sentence", "content": "\u201cDinner was good,\u201d said Abby, sticks crunching under each footstep as she walked alongside Jacob."}, {"type": "sentence", "content": "\u201cWould\u2019ve been better with less salt.\u201d Jacob looked over to see Abby crack a smile. \u201cI\u2019m full, though, and I guess that\u2019s what counts.\u201d"}, {"type": "sentence", "content": "\u201cWhat\u2019s that?\u201d"}, {"type": "sentence", "content": "\u201cWhat\u2019s \u2014 \u201d Jacob\u2019s tongue trembled as he looked to where Abby was pointing. They were a few yards away from a stream and in the soft soil a trail of large footprints seemed to be headed towards the water. \u201cWe should head back. Abby?\u201d He followed her gaze, which had shifted from the ground to across the stream. His eyes grew wide when he noticed what she\u2019d been staring at. \u201cWhat, what do we do?\u201d"}, {"type": "sentence", "content": "Across the stream was a large grizzly bear, the kind Jacob had only ever seen in nature documentaries. The bear wasn\u2019t paying them any mind and instead seemed more interested in the fish trying to escape its grasp in the stream. Jacob\u2019s heart was pounding, he was gasping for breath, then he felt something touch his shoulder. He looked over to see Abby waving her hand in front of his face."}, {"type": "sentence", "content": "\u201cYou okay?\u201d she asked. She grabbed his hand and held it tight, looking him in the eyes as she spoke. \u201cLet\u2019s back away, it\u2019s going to be all right.\u201d He looked away from the bear and followed her lead. \u201cThat\u2019s right, step by step.\u201d"}, {"type": "sentence", "content": "\u201cDo you think it saw us?\u201d asked Jacob."}, {"type": "sentence", "content": "\u201cIt doesn\u2019t matter,\u201d she replied, her words a little more than a whisper. \u201cWe\u2019re just going to head back to the cabin.\u201d"}, {"type": "sentence", "content": "Jacob listened and kept pace with Abby as they made their way back. When they arrived they ushered Brandon and Jessica inside."}, {"type": "sentence", "content": "\u201cWhere\u2019s the firewood?\u201d asked Brandon."}, {"type": "sentence", "content": "\u201cGet inside first,\u201d replied Abby."}, {"type": "sentence", "content": "Jacob couldn\u2019t help but pace back and forth once they were inside, until Abby again grabbed his hand and walked him over to the couch."}, {"type": "sentence", "content": "\u201cYou look like you\u2019ve seen a ghost?\u201d said Brandon. \u201cYou haven\u2019t looked this bad since that time we went skydiving.\u201d"}, {"type": "sentence", "content": "\u201cWe saw a bear,\u201d said Abby. \u201cWe got out of there just fine, but how about we stay in for the night instead of doing a fire?\u201d"}, {"type": "sentence", "content": "\u201cAbby, I \u2026\u201d the words lingered in the back of Jacob\u2019s throat. \u201cYou were \u2026 I \u2014 \u201d"}, {"type": "sentence", "content": "\u201cI know,\u201d replied Abby, cutting him off before he could form a sentence. \u201cI\u2019m just happy you trusted me.\u201d"}], "topic": "fiction"}