{"title": "15 Innovative Business Ideas You Can Launch From Home Today", "data": [{"type": "subtitle", "content": "There\u2019s never been a better time to start your own business."}, {"type": "sentence", "content": "More people are working from home than ever, which means you have got the flexibility to get your day job done quickly and work on starting and building your own business as a side hustle."}, {"type": "sentence", "content": "We\u2019re going to explore 15 useful and practical ideas that you can actually start today. This isn\u2019t a generic list of \u201cStart a blog\u201d or \u201cDo consulting\u201d. These are specific business ideas with steps and tips to help you get started."}, {"type": "sentence", "content": "I\u2019m sharing them with you because I don\u2019t have the time to make them all happen. And I want to see them happen. If you do start one \u2014 I\u2019ll help you!"}, {"type": "sentence", "content": "Starting your own business is one of the most exciting journeys you can embark on. The learning curve is steep, but there\u2019s no better decision you can make if you want to learn about the business world, and yourself."}, {"type": "sentence", "content": "It might be hard work, but the truth is, starting your own business has never been easier. Because of the tools that are available, the barrier to entry is so low."}, {"type": "sentence", "content": "For some people though, the trick is finding the right business idea. Is it innovative enough? How do I know if it will work? These are all valid questions."}, {"type": "image", "content": "https://miro.medium.com/max/3200/0*tqMA3ySVutTTWXaE.jpg"}, {"type": "sentence", "content": "In this guide, we\u2019re going to go through 15 innovative business ideas that you can launch from the comfort of your home today. Each idea will have the following attached to it:"}, {"type": "sentence", "content": "You\u2019ll know you\u2019ve come across the right idea when you stop and think \u201cOh, I know a bit about that industry\u201d or \u201cThat sounds exciting!\u201d."}, {"type": "sentence", "content": "Here\u2019s a summary of what we\u2019re going to be getting into in this post:"}, {"type": "sentence", "content": "Ready to explore some business ideas? Let\u2019s dive in!"}, {"type": "image", "content": "https://miro.medium.com/proxy/0*1djDpca3KChdgrQz.jpg"}, {"type": "subtitle", "content": "Business Idea #1: Write a \u201cHow to Make Bread\u201d eBook"}, {"type": "sentence", "content": "Difficulty Level: 2/5\u200d"}, {"type": "sentence", "content": "Main Skills Required: Basic writing, basic photography."}, {"type": "sentence", "content": "Key to Success: Solid outreach."}, {"type": "sentence", "content": "Revenue Model: Sales of eBook and Affiliate marketing"}, {"type": "sentence", "content": "As more people start working from home, they are discovering their kitchens. During the period of coronavirus, there has been a huge spike in interest for homemade bread."}, {"type": "sentence", "content": "Check out the search trends for the keywords: \u201chomemade bread\u201d below. Crazy!"}, {"type": "image", "content": "https://miro.medium.com/max/1898/0*vCRER84shUX3A3HT.jpeg"}, {"type": "sentence", "content": "Some other keywords which have seen a huge rise include:"}, {"type": "sentence", "content": "So, the interest is there. How do you capitalize on it?"}, {"type": "sentence", "content": "Provide useful information to newbies. I can hear you saying, \u201cBut I know nothing about bread\u201d. It really doesn\u2019t matter."}, {"type": "sentence", "content": "Take an afternoon to watch some YouTube videos on how to bake bread. Spend a week watching content on it in your free time and then on the weekend bake some yourself (take lots of photos of the process). Share your journey on social media \u2014 especially the fails."}, {"type": "sentence", "content": "Soon, you\u2019ll know more than the average Joe. Put that information down into an eBook and sell it on Gumroad."}, {"type": "sentence", "content": "The key to success here is doing something slightly out of the ordinary that catches the reader\u2019s attention. Find a niche within bread baking and hone in on it. Maybe it\u2019s bread baking with a basic kitchen. Maybe it\u2019s bread baking for absolute beginners."}, {"type": "sentence", "content": "Another key to success here is to use your personal network to get this out into the world."}, {"type": "sentence", "content": "I wrote an extended guide to building a $10 000 USD per month business by selling an eBook on my last Signal."}, {"type": "subtitle", "content": "Business Idea #2: Start A Comedy Podcast"}, {"type": "sentence", "content": "Difficulty Level: 3/5\u200d"}, {"type": "sentence", "content": "Main Main Skills Required: Humor/Natural charisma"}, {"type": "sentence", "content": "Key to Success: Authenticity"}, {"type": "sentence", "content": "Revenue Model: Advertising"}, {"type": "sentence", "content": "People are consuming more media than ever. Podcasts are the in thing. They\u2019re convenient, easy to consume during breaks, and if they\u2019re good \u2014 you can\u2019t get enough of them."}, {"type": "sentence", "content": "During a difficult period of stress and hardship, people turn to comedy for relief."}, {"type": "sentence", "content": "If you\u2019re a naturally funny person, you may be able to pull of a podcast that people want to listen to."}, {"type": "image", "content": "https://miro.medium.com/max/3200/0*t135A2bfJY2TGC5Q.jpeg"}, {"type": "sentence", "content": "It\u2019s expected that podcast ad revenue will exceed $1 billion by 2021. That doesn\u2019t even account for the large number of podcasts or podcast services which charge a subscription fee or work on a freemium model. The podcast industry is a great place to make some income through a side hustle."}, {"type": "image", "content": "https://miro.medium.com/max/940/0*D3F77VcjcRuv63k1.png"}, {"type": "sentence", "content": "I\u2019ve been following the topic for a few months and have collected tips from all over the web. Here are some of them:"}, {"type": "sentence", "content": "Tip #1: Be authentic. Don\u2019t try be something you\u2019re not. People want to feel like they\u2019re experiencing a real version of you. The more authentic you are the better. Let your quirks come out, you\u2019d be surprised how it sets you apart."}, {"type": "sentence", "content": "Tip #2: Keep \u2019em short. People don\u2019t want more than an hour. Edit well so each episode is good from start to finish."}, {"type": "sentence", "content": "Tip #3: Find some podcasts that you like. Listen to them critically. Write down what they do well and what you enjoy about them. Read comments and reviews on Reddit. Use to make yours great."}, {"type": "sentence", "content": "Tip #4: Use an external mic. People care about sound quality. Don\u2019t spend too much cash initially. A pair of earphones or headphones works great, just don\u2019t use your computer speaker. Once you\u2019ve got a bit of a following you can splurge on a proper mic."}, {"type": "sentence", "content": "Tip #5: Plan your guests. Plan out your publishing schedule and have a plan of accepted guests for at least 5 episodes in advance at all times. Focus on great guests in the beginning."}, {"type": "sentence", "content": "Tip #6: Find someone to co-host if possible. When you have two personalities behind the mic, there is double the chance that someone will like the podcast. Pick someone you know well so there is a natural synergy. You should both be interested in the topics being discussed and your thinking and performance should compliment each other. The right partner can make or break the show!"}, {"type": "sentence", "content": "If you don\u2019t want to go with comedy \u2014 true crime is another very popular genre."}, {"type": "sentence", "content": "I\u2019m busy with a complete resource for starting a podcast. You can find that here. \u200d"}, {"type": "subtitle", "content": "Business Idea #3: Create a Fitness Blog"}, {"type": "sentence", "content": "Difficulty Level: 3/5\u200d"}, {"type": "sentence", "content": "Main Skills Required: Some knowledge of a fitness niche, writing skills, basic web design skills"}, {"type": "sentence", "content": "Key to Success: Results"}, {"type": "sentence", "content": "Revenue Model: Course/Community Sales, eBook sales, Consulting sales."}, {"type": "sentence", "content": "When there\u2019s not much else to do, people are turning to exercise. It\u2019s a way for everyone to also stay sane and get some endorphins going."}, {"type": "sentence", "content": "As people have been forced to exercise more from home, they\u2019ve realized the benefits of a quick and easy home workout."}, {"type": "image", "content": "https://miro.medium.com/max/2728/0*mgpEpScc2pTaTHqb.jpeg"}, {"type": "sentence", "content": "I\u2019m a runner. This is how I\u2019d approach it:"}, {"type": "sentence", "content": "The key to success here is being able to demonstrate that whatever you\u2019re teaching can give results. The main reason people are working out is to lose weight and stay fit and healthy. If you can demonstrate that whatever you\u2019re teaching works \u2014 you\u2019re going to build a loyal following."}, {"type": "sentence", "content": "Host your content on a quick and easy Wordpress blog. Don\u2019t spend too much time worrying about the details of that. Start with the content first, then you can spend a bit of time making it look pretty."}, {"type": "subtitle", "content": "Business Idea #4: Write a Work From Home eBook"}, {"type": "sentence", "content": "Difficulty Level: 2/5\u200d"}, {"type": "sentence", "content": "Main Skills Required: Writing, little bit of tech knowledge."}, {"type": "sentence", "content": "Key to Success: Manual sales outreach."}, {"type": "sentence", "content": "Revenue Model: eBook sales."}, {"type": "sentence", "content": "Chances are, if you are reading this \u2014 you\u2019ve got the tech knowledge to make this happen."}, {"type": "sentence", "content": "Remote work is going to be a part of our lives from now on. Google has come out and said it expects the majority of its employees to work from home until 2021."}, {"type": "sentence", "content": "What this means is that there are a lot of workers who are going to be working from home who are not tech-enabled."}, {"type": "sentence", "content": "As a person who has grown up with technology around me, I take for granted the ability to quickly learn and adopt new hardware and software programmes. For some, it\u2019s not that easy."}, {"type": "sentence", "content": "Watching my dad\u2019s workforce transition to a work from home environment has been an eye opening experience. The truth is, the majority of people who are older than 40 (and some below that age too) are going to have difficulty moving to working from their home."}, {"type": "sentence", "content": "Write an eBook which gives practical tools and tips for remote workers. Here are some things I\u2019d include:"}, {"type": "sentence", "content": "Gumroad is a great place to sell the eBook. You can create an easy landing page and drive traffic there with ads or organically."}, {"type": "sentence", "content": "When you\u2019re done, email 10 companies and attach the book to the email (for free). Ask them to distribute to their employees in exchange for their feedback and a punt. Use their feedback to make it better and include testimonials on your landing page."}, {"type": "subtitle", "content": "Business Idea #5: Do Online Consulting for Businesses Converting to Remote Work"}, {"type": "sentence", "content": "Difficulty Level: 1/5\u200d"}, {"type": "sentence", "content": "Main Skills Required: Communication. Minimal tech knowledge."}, {"type": "sentence", "content": "Key to Success: Speaking to business owners fears, agitate the need."}, {"type": "sentence", "content": "Revenue Model: Either per hour billing or once off transition fee."}, {"type": "sentence", "content": "Business owners are facing an unprecedented transition in the way they do business. Most have been forced to set their employee\u2019s up for remote work."}, {"type": "image", "content": "https://miro.medium.com/max/2728/0*Toleqn1SXTIRuM-m.jpeg"}, {"type": "sentence", "content": "That comes with a whole host of challenges. Here are some things every business owner that has had his or her team go remote has to consider:"}, {"type": "sentence", "content": "All of these can be tackled with a good work from home policy."}, {"type": "sentence", "content": "This is how I\u2019d do it:"}, {"type": "sentence", "content": "The key to success here is that initial video call, and communicating effectively. Be efficient and make sure your solution speaks to every single one of the fears that the business owner brings up."}, {"type": "sentence", "content": "Starting an online consulting service is a great way to quickly start your own business. It\u2019s an innovative business idea which a lot of business owners have a need for in today\u2019s world."}, {"type": "subtitle", "content": "Business Idea #6: Drop Servicing"}, {"type": "sentence", "content": "Difficulty Level: 2/5\u200d"}, {"type": "sentence", "content": "Main Skills Required: Optional web design"}, {"type": "sentence", "content": "Key to Success: Finding the right niche"}, {"type": "sentence", "content": "Revenue Model: Services arbitrage"}, {"type": "sentence", "content": "Drop servicing is the new drop shipping."}, {"type": "sentence", "content": "It\u2019s an up and coming trend where people looking to start their own business facilitate work. Here\u2019s how it works:"}, {"type": "sentence", "content": "Pretty simple, hey?"}, {"type": "sentence", "content": "Drop servicing is simply the act of facilitating an online transaction for a business owner by using a freelancing marketplace like Fiverr."}, {"type": "sentence", "content": "The key to success here is finding the right niche to operate in."}, {"type": "sentence", "content": "First and foremost, it\u2019s best to choose a niche you have some experience in. That way, you can add some value to the project and you\u2019re doing more than just facilitating the deal."}, {"type": "sentence", "content": "From our example above, if you had some wordpress design skills, you could do the work of compiling the blogs into SEO-friendly environment and getting the Business Owner set up for SEO success. You charge an hourly rate for that too."}, {"type": "sentence", "content": "The more value you can add \u2014 the better. You\u2019ll set yourself apart from other traditional drop-servicers who just outsource everything."}, {"type": "sentence", "content": "Make sure you get a clear budget from the business owner first, or give them a clear quote so that you both know what you\u2019re in for. The last thing you want is to have to pay a bunch of freelancers for their work and the business owner turns around and says, \u201cThat\u2019s too expensive\u201d."}, {"type": "sentence", "content": "Drop servicing is a great business idea because it requires little time investment and if you\u2019re operating in a high-price niche, there is significant income to be made."}, {"type": "subtitle", "content": "Business Idea #7: Online Subscription Services for Home Goods"}, {"type": "sentence", "content": "Difficulty Level: 3/5\u200d"}, {"type": "sentence", "content": "Main Skills Required: Online store setup, Search engine marketing."}, {"type": "sentence", "content": "Key to Success: Finding the products."}, {"type": "sentence", "content": "Revenue Model: Selling products at a mark up."}, {"type": "sentence", "content": "Marc Lore started Diapers.com in 2005. It was initially called 1800Diapers. All they did was deliver baby diapers to moms around America. No one was doing it yet."}, {"type": "sentence", "content": "Marc was told that diapers are a \u201closs leader\u201d in supermarkets, so he should steer clear. Diapers.com is now worth over $750 Million USD."}, {"type": "sentence", "content": "People are transitioning to online shopping more and more. The rise of the eCommerce giant Amazon has meant a transition to online shopping has become more and more prevalent as delivery times and costs have plummeted."}, {"type": "sentence", "content": "Online shopping now accounts for 16% of all retail transactions as of 2019."}, {"type": "sentence", "content": "One of the great things about home goods, is that they have a very low return rate. People know what dish-washing soap they like, and they don\u2019t need to try it on."}, {"type": "sentence", "content": "Home goods also lend themselves to a subscription-based model where you can increase the lifetime value of a customer."}, {"type": "sentence", "content": "Here\u2019s what I\u2019d do:"}, {"type": "subtitle", "content": "Business Idea #8: Athleisure Clothing Company"}, {"type": "sentence", "content": "Difficulty Level: 4/5\u200d"}, {"type": "sentence", "content": "Main Skills Required: Online store setup. Digital marketing."}, {"type": "sentence", "content": "Key to Success: Quality product + market fit (haha!)"}, {"type": "sentence", "content": "Revenue Model: Selling online products"}, {"type": "sentence", "content": "The athleisure industry has taken off."}, {"type": "image", "content": "https://miro.medium.com/max/2728/0*qp9fyurhkIsBA25T.jpeg"}, {"type": "sentence", "content": "More people are working out and staying fit. As they\u2019re doing that, they\u2019re realising that athletic clothing is actually quite comfortable too. And so \u2018athleisure\u2019 has been born. It\u2019s the baby-child of athletic wear and leisure wear. It looks good \u2014 but feels even better."}, {"type": "sentence", "content": "Some popular brands in the space right now include:"}, {"type": "sentence", "content": "The key to success here is finding a loyal customer base. Don\u2019t try and be everything to everyone. Nail down on a niche and start there."}, {"type": "sentence", "content": "Make your value proposition clear. Here\u2019s an example: \u201cPerformance when you need it, comfort when you want it.\u201d"}, {"type": "sentence", "content": "\u200dI\u2019d go for a niche like athleisure for trail runners. Find out what they like, verify the demand, and then find a manufacturer. One thing I\u2019ve learned from starting my own online clothing company: Start with a local manufacturer! You want to have control and be able to iterate your product. It\u2019s very difficult to do that when the manufacturer is overseas."}, {"type": "sentence", "content": "Work with some up and coming influencers for quick exposure."}, {"type": "subtitle", "content": "Business Idea #9: Bespoke Men\u2019s Tee\u2019s"}, {"type": "sentence", "content": "Difficulty Level: 3/5\u200d"}, {"type": "sentence", "content": "Main Skills Required: Setting up an online store. Digital marketing."}, {"type": "sentence", "content": "Key to Success: Quality product."}, {"type": "sentence", "content": "Revenue Model: Selling online products."}, {"type": "sentence", "content": "The men\u2019s tee. Many have tried, and many have failed."}, {"type": "sentence", "content": "<blockquote class=\u201dtwitter-tweet\u201d><p lang=\u201den\u201d dir=\u201dltr\u201d>What\u2019s the best tshirt brand?<br><br>I want plain colors and durability. No bacon collar. <br><br>Good fit to show off my potentially huge muscles (one day, maybe) a plus. <br><br>So\u2026which brand should I buy? <a href=\u201dhttps://t.co/Pd9P4BZgPZ\">pic.twitter.com/Pd9P4BZgPZ</a></p>&mdash; Sam Parr \u26aa\ufe0f (@theSamParr) <a href=\u201dhttps://twitter.com/theSamParr/status/1258813383563829248?ref_src=twsrc%5Etfw\">May 8, 2020</a></blockquote> <script async src=\u201dhttps://platform.twitter.com/widgets.js\" charset=\u201dutf-8\"></script>"}, {"type": "sentence", "content": "The men\u2019s tee has something of a cult following. There are men all over the world looking for a reliable t-shirt that has the following features:"}, {"type": "sentence", "content": "No fancy features. No fancy designs. If you can get the above right, you\u2019ll have men all over the world ready to reach for their wallets. T-shirts are an essential. They\u2019re something every single man in the world needs."}, {"type": "sentence", "content": "The key to success here is definitely a quality product. Tick the boxes above, and you\u2019ve found yourself a winner."}, {"type": "sentence", "content": "What I\u2019d do is take a note from Sam Parr\u2019s tweet and search on Twitter for posts about men\u2019s tee\u2019s and people looking. If they\u2019ve got anything above a 5000 follower count, send htem a free tee with a note:"}, {"type": "sentence", "content": "\u201cI noticed you were interested in a plain men\u2019s tee. I think I\u2019ve got a winner. It\u2019s soft, durable and won\u2019t stink. I\u2019d love some honest feedback if you wouldn\u2019t mind me sending you one for free?\u201d. If they like it, chances are they\u2019ll promote it."}, {"type": "sentence", "content": "Focus on reviews. Build a cult following."}, {"type": "subtitle", "content": "Business Idea #10: Employee Care Packages"}, {"type": "sentence", "content": "Difficulty Level: 2/5\u200d"}, {"type": "sentence", "content": "Main Skills Required: People skills. Setting up an online store."}, {"type": "sentence", "content": "Key to Success: Being willing to do the initial legwork."}, {"type": "sentence", "content": "Revenue Model: Selling products online."}, {"type": "sentence", "content": "I feel like I\u2019m harping on about employees going remote. Maybe I am."}, {"type": "sentence", "content": "Here\u2019s another business idea you can action that has to do with the movement of people out of offices."}, {"type": "sentence", "content": "In my newsletter, The Signal, I surveyed business owners on the following question:"}, {"type": "sentence", "content": "\u201cWould you like to send your employee\u2019s a care package which shows them that you care?\u201d The overwhelming majority (79%) of the 650+ responses said that they would."}, {"type": "sentence", "content": "For those that said No, I asked another question:"}, {"type": "sentence", "content": "\u201cIf the care packages were made up of products that supported other local businesses in your area (think bee keepers, bakeries, barber shops etc.), would you reconsider?\u201d. Of the 21% of people who responded with No, 66% changed their mind based on the above consideration."}, {"type": "sentence", "content": "Keepyourcitysmiling.com is doing this in a few cities around the USA. Since mid-march, they have topped $280 000 USD in revenue."}, {"type": "sentence", "content": "To make this happen, you\u2019re going to have to do a little bit of initial leg work which involves reaching out to all the businesses in the cities you\u2019re trying to target and set up the logistics of how you get their products into your boxes, and at what prices."}, {"type": "sentence", "content": "You\u2019ll then need to do some outreach to business owners. Send them a link to a quick online store, mention the local businesses you\u2019ve partnered with and ask if they want a pre-filled box or custom boxes for their employees."}, {"type": "sentence", "content": "Make the process as efficient as possible for them. You want them to be able to do everything in a few clicks. Business owners are busy people."}, {"type": "sentence", "content": "Here\u2019s a growth hacking tip: Allow personal notes from employers. Then on the back of the notes, write something about each of the businesses you\u2019re supporting. Encourage the employee\u2019s to take a photo of their box and tag the relevant businesses (and you) on a social media post. Free marketing."}, {"type": "subtitle", "content": "Business Idea #11: Meal Planning Blog"}, {"type": "sentence", "content": "Difficulty Level: 1/5\u200d"}, {"type": "sentence", "content": "Main Skills Required: Writing. Little bit of cooking knowledge. Digital design."}, {"type": "sentence", "content": "Key to Success: Great content."}, {"type": "sentence", "content": "Revenue Model: Affiliate, if possible. Otherwise eBook and Recipe sales."}, {"type": "sentence", "content": "What\u2019s the worst part about having dinner? Finding something to have for dinner."}, {"type": "sentence", "content": "I\u2019ve been staying with my parents for this lockdown period and the saying is that \u201cWhen it\u2019s your night for dinner, you\u2019re not allowed to ask for help on deciding what to make for dinner \u2014 that\u2019s the hard part.\u201d"}, {"type": "sentence", "content": "Meal planning also saves busy people time. There\u2019s mental fatigue involved in deciding what to cook."}, {"type": "sentence", "content": "Here are some different niches you could create meal plans for:"}, {"type": "sentence", "content": "The revenue model here is a tricky one."}, {"type": "sentence", "content": "The key to success is going to be creating value for your readers. Give them three weeks of meal planners so they can experience the convenience of your product. Then charge for a more in-depth product that includes grocery lists and recipes etc."}, {"type": "sentence", "content": "I\u2019d do an eBook, with recipes and templates bundled as part of the product. Focus on high volume and a subscription model."}, {"type": "sentence", "content": "If you make this \u2014 I\u2019d probably pay for it. I hate deciding what to eat."}, {"type": "subtitle", "content": "Business Idea #12: Help Local Business Set Up (And run?) Online Stores"}, {"type": "sentence", "content": "Difficulty Level: 2/5\u200d"}, {"type": "sentence", "content": "Main Skills Required: Setting up an online store. Digital design."}, {"type": "sentence", "content": "Key to Success: Finding and targeting businesses which lend themselves to online commerce."}, {"type": "sentence", "content": "Revenue Model: Profit share on extra revenue generated through online sales."}, {"type": "sentence", "content": "We\u2019ve already discussed how more and more retail is moving online."}, {"type": "sentence", "content": "Helping local businesses set up their online stores for success would be a great and easy business you can start today."}, {"type": "sentence", "content": "It would require some knowledge of ecommerce. If you don\u2019t have that \u2014 it\u2019s extremely easy to learn. Most sites like Shopify have tutorials set up which show you exactly how to set up a store and run it."}, {"type": "sentence", "content": "You could include a suite of services you could either provide yourself, or outsource (See Business Idea #6: Drop Servicing). Some of those might include:"}, {"type": "sentence", "content": "The trick here is to find an efficient way to convert the businesses current offering into one that is compatible with an online store. You may have to get creative with your fulfillment."}, {"type": "sentence", "content": "Each situation and business is unique. The more thought you can put into it, the better."}, {"type": "sentence", "content": "Here\u2019s something to consider: Operate on a profit share model. You get a share of any additional revenue you create for the business. That way, you\u2019re not actually costing them any money, and you\u2019re incentivized to make it work. Win-win."}, {"type": "subtitle", "content": "\u200dBusiness Idea #13: Second Hand Niche Clothing"}, {"type": "sentence", "content": "Difficulty Level: 4/5\u200d"}, {"type": "sentence", "content": "Main Skills Required: Setting up an online store."}, {"type": "sentence", "content": "Key to Success: Finding the right niche and creating a brand that resonates."}, {"type": "sentence", "content": "Revenue Model: Take a commission on the transaction value."}, {"type": "sentence", "content": "High fashion has become the fashion. Super niche brands like Supreme are taking the fashion industry by storm. British GQ called Supreme the \u201ccoolest streetwear brand in the world right now\u201d."}, {"type": "sentence", "content": "The only problem? It\u2019s supremely expensive. (ha-ha)"}, {"type": "sentence", "content": "Most of these high-fashion brands are bought by the uber-wealthy who will likely only wear the garment once or twice and then it becomes \u2018uncool\u2019. They don\u2019t want to be seen wearing the same clothes again."}, {"type": "sentence", "content": "The opportunity here is to create a marketplace for high-fashion clothing. Rotaro.co.uk is a company in the UK which rents out high-fashion women\u2019s dresses."}, {"type": "sentence", "content": "This model isn\u2019t new. Companies like Solesupremacy.com have been in the second-hand fashion game for ages. Their niche: Sneakers."}, {"type": "sentence", "content": "As with any marketplace, the trick is about finding a balance between enough supply and enough demand. Here are some tips for starting an online marketplace."}, {"type": "subtitle", "content": "Business Idea #14: Create An Online Course"}, {"type": "sentence", "content": "Difficulty Level: 2/5\u200d"}, {"type": "sentence", "content": "Main Skills Required: Basic video shooting and editing. Basic graphic design."}, {"type": "sentence", "content": "Key to Success: Finding a question that needs answering and just starting."}, {"type": "sentence", "content": "Revenue Model: Selling an online course."}, {"type": "sentence", "content": "Online courses is a hot topic at the moment."}, {"type": "sentence", "content": "Because most cellphones are capable of taking HD video, creating an online course has never been easier. You might not even need that. I\u2019ve come across plenty of courses which are literally all filmed on a screen."}, {"type": "sentence", "content": "I don\u2019t know enough about anything to make an online course, though. That just isn\u2019t true. The imposter syndrome is the biggest inhibitor of people starting an online course. I know it\u2019s true for me. Who am I to be teaching someone about starting a business, I\u2019m no expert? Sure, I\u2019m not \u2014 but I\u2019ve got a unique set of experiences and skills which makes what I have to say valuable."}, {"type": "sentence", "content": "That\u2019s what you need to realize. There is no other person in the world who has your unique combination of skills and experiences. That cocktail is what will set you apart from the rest. You might bring a fresh insight to an old topic, directly because of those experiences."}, {"type": "sentence", "content": "Here\u2019s a brain-storming exercise for you to go through which will guide you towards what you can teach people:"}, {"type": "sentence", "content": "When you\u2019ve nailed that down, you should have a pretty good answer to the question of what to make an online course about. Keep in mind that the goal here is to sell the course. You need to create it in a place where people are likely to spend money on it."}, {"type": "sentence", "content": "You can use a platform like Teachable to help you create and sell your course. They\u2019ve made the process super easy and efficient."}, {"type": "sentence", "content": "Here are three tips for starting an online course:"}, {"type": "sentence", "content": "Don\u2019t get stopped by the imposter syndrome. Starting an online course is one of the best ways to generate passive income. Once it\u2019s done \u2014 it requires very little maintenance work and the money keeps rolling in."}, {"type": "subtitle", "content": "Business Idea #15: Bespoke Pet Accessories"}, {"type": "sentence", "content": "Difficulty Level: 3/5\u200d"}, {"type": "sentence", "content": "Main Skills Required: Setting up an online store. Digital marketing."}, {"type": "sentence", "content": "Key to Success: Understand your audience."}, {"type": "sentence", "content": "Revenue Model: Selling products online."}, {"type": "sentence", "content": "When people are emotionally connected to something, they spend money irrationally."}, {"type": "sentence", "content": "There are few things more genuine than the emotional connection between a human being and their pet. The global pet-goods market is expected to exceed $270 billion USD by 2025."}, {"type": "sentence", "content": "A change in the way we treat pets is at the forefront of the change in consumer behavior. Pets are being treated more and more like humans, and consumers are spending more on their pets than ever before."}, {"type": "sentence", "content": "Look at the increase in consumer interest in the term \u201ccalming dog bed\u201d."}, {"type": "image", "content": "https://miro.medium.com/max/3200/0*DR2TElXvYO5wy8DC.jpeg"}, {"type": "sentence", "content": "\u201cDog accessories\u201d gets 28 700 unique monthly searches."}, {"type": "image", "content": "https://miro.medium.com/max/1878/0*ETddVqBadqEv_B5Q.jpeg"}, {"type": "sentence", "content": "The other great thing about the pet industry is that people spend money on pets no matter the economic situation. The pet industry is almost immune to recession."}, {"type": "sentence", "content": "Just look at the $chwy share price over the past 6 months (from 11 May 2020). Chewy.com is an online pet accessory retailer."}, {"type": "image", "content": "https://miro.medium.com/max/2326/0*ZCthmtCcWNhnj92j.jpeg"}, {"type": "sentence", "content": "To take advantage of this, you need to start small. It\u2019s a tough world out there when you try and take on the big dogs head on."}, {"type": "sentence", "content": "Pick a niche you know, like\u2026 Siberian Forest Cats."}, {"type": "image", "content": "https://miro.medium.com/max/1360/0*KS2zy-vNwOAGSZVl.png"}, {"type": "sentence", "content": "Because, um, why wouldn\u2019t you? Look at that face!"}, {"type": "sentence", "content": "Find out everything you need to know and then start a blog/website and create content for those owners. Once you understand your customer base, you can create products that speak to their needs."}, {"type": "sentence", "content": "The trick is making your offer unique. Pet\u2019s are also becoming extensions of the owners\u2019 identity. That means you need to understand the owner to understand the market."}, {"type": "sentence", "content": "2 elements which will help you be successful:"}, {"type": "sentence", "content": "A great brand ID will go a long way here."}, {"type": "subtitle", "content": "Summary"}, {"type": "sentence", "content": "So that\u2019s it.. Here\u2019s a summary of the 15 innovative business ideas you can start from home today\u2026"}, {"type": "sentence", "content": "Business Idea #1: Write a Home Made Bread eBook"}, {"type": "sentence", "content": "Business Idea #2: Start a Comedy Podcast"}, {"type": "sentence", "content": "Business Idea #3: Create a Fitness Blog"}, {"type": "sentence", "content": "Business Idea #4: Write a Work From Home eBook"}, {"type": "sentence", "content": "Business Idea #5: Do Online Consulting for Businesses Converting to Remote Work."}, {"type": "sentence", "content": "Business Idea #6: Drop Servicing"}, {"type": "sentence", "content": "Business Idea #7: Online Home Goods Subscription Service"}, {"type": "sentence", "content": "Business Idea #8: Athleisure Clothing Company"}, {"type": "sentence", "content": "Business Idea #9: Bespoke Men\u2019s Tees"}, {"type": "sentence", "content": "Business Idea #10: Employee Care Packages"}, {"type": "sentence", "content": "Business Idea #11: Meal Planning Blog"}, {"type": "sentence", "content": "Business Idea #12: Help Local Businesses Set Up Online Stores"}, {"type": "sentence", "content": "Business Idea #13: Second Hand Niche Clothing"}, {"type": "sentence", "content": "Business Idea #14: Create an Online Course"}, {"type": "sentence", "content": "Business Idea #15: Bespoke Pet Accessories"}, {"type": "sentence", "content": "Any comments? Drop \u2019em in below."}, {"type": "subtitle", "content": "Final Advice"}, {"type": "sentence", "content": "Remember, ideas are great, but they are nothing unless you do something with them. If you want to start your own business, you have to start somewhere."}, {"type": "sentence", "content": "Analysis paralysis is a common problem among first time entrepreneurs. I used to suffer from it terribly. All of these ideas are ones I would start myself. The truth is, I don\u2019t have the time."}, {"type": "sentence", "content": "My first business was an online clothing store. I started it when I was in high school and later sold it during college. Those years of manually fulfilling orders, learning about marketing, and dealing with customers set me years ahead of anyone my age who hadn\u2019t done it."}, {"type": "sentence", "content": "The learning curve is so steep, and so gratifying."}, {"type": "sentence", "content": "That\u2019s why the number one thing I can advise you to do is just start. I\u2019m here to help with that. If you like the look of one of these ideas, reach out to me on Twitter and we\u2019ll get you going together."}, {"type": "subtitle", "content": "Here\u2019s Some More Reading You\u2019ll Like"}], "topic": "startups"}