{"title": "How My Beauty Routine Has Helped Manage My Anxiety During The Pandemic", "data": [{"type": "sentence", "content": "By Jessica Morgan"}, {"type": "image", "content": "https://miro.medium.com/max/1366/1*N0vMs8hQOTJJJE-B5HjYaw.jpeg"}, {"type": "sentence", "content": "Do you feel like everything has gone to shit? Don't worry, you're not alone. We are currently living in Unprecedented Times. The coronavirus crisis has thrown life as we know it up into the air, affecting our daily routines. We're questioning everything: our health, our job security, our family and friends' safety. And of course, when the hell this is all going to end."}, {"type": "sentence", "content": "As someone who has been living with crippling anxiety for the last decade, stress and fear are the friends who always show up to my parties. But this time it's different; my anxiety feels like Final Destination on steroids. In mid March, I contracted coronavirus and was hospitalised for five days. Luckily I survived but the stress it caused before, during and afterwards has been profound. Experiencing coronavirus directly while also reporting on it has triggered all types of anxiety and post-traumatic stress. I haven't been able to switch off, which has made my anxiety worse because it's not a scenario I can control. What I do have control over, however, is my beauty routine."}, {"type": "sentence", "content": "While the lower half of my body hasn't seen a wax appointment in over 60 days, twice daily I take the time to exfoliate, moisturise and massage deliciously decadent creams, serums and essences into my skin. You may think I'm superficial but I'm not alone. Thirty-four percent of the 2,000 adults polled for a recent study commissioned by Skin Proud are taking care of their skin now more than usual. It's true. A flick through Instagram shows thousands of skincare posts dedicated to alleviating stress during the pandemic."}, {"type": "sentence", "content": "\"There's something therapeutic about spending some alone time, looking in the mirror and taking care of my skin,\" says digital marketer and skincare Instagrammer, Sharmmaine Furamera. \"Skincare has become my go-to whenever I'm feeling anxious or if I've had a bad day, especially during the last nine weeks in quarantine. It's something I'll definitely carry on once life goes back to normal.\""}, {"type": "sentence", "content": "He continues: \"We also end up being more productive when we have a routine as we are better at time management. Routines reduce stress levels and through better time management they afford us the opportunity to relax and therefore reduce and manage anxiety levels.\""}, {"type": "sentence", "content": "This routine makes me feel calmer going into my day and provides me with a sense of comfort. The world around me might be on fire but my little bubble is safe. The hour I dedicate to myself each morning lets me escape from the chaos."}, {"type": "sentence", "content": "Getting myself fully prepped for an evening of calm is important for me and my anxiety. It helps me debunk my anxious thoughts, like Will I get sick again? or Will I lose my job if the economy goes to shit? and I'm not feeling productive today, will I get fired? These thoughts make my levels of cortisol (the stress hormone) skyrocket which, ultimately, shows up on my skin."}, {"type": "sentence", "content": "\"Stress is a recognised trigger for inflammatory skin conditions such as eczema, psoriasis and acne,\" says Dr Susan Mayou, consultant dermatologist at the Cadogan Clinic. \"It's unsurprising that more people are reporting breakouts at this uncertain and very stressful time.\" Dr Mayou suggests using this time to get early nights and to keep an exercise routine going as far as possible. \"Try to incorporate relaxation into your everyday routine such as practising mindfulness or meditation, too,\" she adds."}, {"type": "sentence", "content": "On top of that (yes, there's more) stress can cause disrupted sleep, which can also show up on your face. \"Sleep deprivation can negatively impact on the skin and affect one of the main structural proteins in the skin: collagen,\" notes Dr Emma Wedgeworth, consultant dermatologist and British Skin Foundation spokesperson. \"Lack of sleep can also compromise skin barrier function,\" adds Dr Wedgeworth. \"This leads to dryness of the skin and an increase in the frequency of breakouts.\""}, {"type": "sentence", "content": "But if you think I'm spending hours on my skincare routine each day to look good, think again. Lockdown has taught me that it doesn't really matter what we look like on the outside; more important is how good we feel about ourselves. I don't want to find myself shivering in the corner like Courage the Cowardly Dog each time the government starts its daily briefing, or whenever the daily death toll is announced. Massaging a \u00a370 moisturiser into my skin makes me feel better. So be it."}, {"type": "sentence", "content": "During times like these, we must allow ourselves the space to be vulnerable. There's no shame in admitting that you need to switch off and take a break from the chaos. Whatever routine or ritual you decide upon, I hope it brings you calm and peace."}, {"type": "sentence", "content": "The World Health Organization has declared COVID-19 a global pandemic. It says you can protect yourself by washing your hands, covering your mouth when sneezing or coughing (ideally with a tissue), avoid touching your eyes, nose and mouth and don't get too close to people who are coughing, sneezing or with a fever."}, {"type": "sentence", "content": "Originally published at https://www.refinery29.com."}], "topic": "mental-health", "uuid": "1a16003998467a4b01d1b5e470739b8af12d52da6b642f8012077edd", "link": "https://medium.com/refinery29/how-my-beauty-routine-has-helped-manage-my-anxiety-during-the-pandemic-76e8de1dd28d"}