{"title": "Banking UX: currency conversion for digital millennials", "data": [{"type": "subtitle", "content": "Rethinking Singapore's DBS currency conversion module."}, {"type": "sentence", "content": "Ever since I came to Singapore \ud83c\uddf8\ud83c\uddec, I have been obsessed with the DBS banking app (on Android). To start, I must say - it's very well designed as compared to other banking apps I have used so far. Flat colours, bold typography, and clean layouts. After months of using the app, I recently found out that it also has a currency conversion web-based micro-module \ud83d\ude31. For someone living and working abroad or frequently travelling \u2708\ufe0f to other countries, this is such a handy feature to have. Also, this annihilates the need to download a different app for the same purpose."}, {"type": "sentence", "content": "To improve this module and overall visibility of it, I decided to jump on a guerrilla usability testing sprint cycle."}, {"type": "subtitle", "content": "Research Adjustment: DBS Redesigned its app? \ud83d\ude31"}, {"type": "image", "content": "https://miro.medium.com/max/3440/1*QFfMNEhuL07vx8477Zbvvw.jpeg"}, {"type": "image", "content": "https://miro.medium.com/max/3440/1*RWaFkIfixkmOAeXqgLSBvQ.jpeg"}, {"type": "subtitle", "content": "Thoughts on DBS New Version vs Older Version"}, {"type": "sentence", "content": "To target the new app design better, I changed my research queries a bit and conducted interviews again. Unfortunately, the currency conversion app didn't change much, which means most of the study conducted on that largely remains the same."}, {"type": "sentence", "content": "The new user journey for currency conversion app looks like this:"}, {"type": "image", "content": "https://miro.medium.com/max/824/1*xwnEl1vHNB9CMTE_Gxll-A.gif"}, {"type": "sentence", "content": "They have kept mainly the app module similar. But rather than allowing the user to add a foreign currency exchange rate alert, they have now added the functionality to enter \"transfer overseas\" flow. This flow enhancement allows DBS to make this a complete full closed-loop journey. More insights for the money transfer flow below."}, {"type": "sentence", "content": "DBS supports $0 fees and same-day payment transfer to 43 countries with DBS Remit. There are strong visual cues to help the user know which countries come under this scheme. \ud83d\udc4f Good job! \u2705"}, {"type": "sentence", "content": "One more places where DBS has kept the currency conversion and rate alert feature hidden. Inside the \"More\" tab accessible from bottom navigation after login. The flow looks something like this -"}, {"type": "subtitle", "content": "Research Questions & Results"}, {"type": "sentence", "content": "Here are the set of questions asked during research and how user splits reacted to them."}, {"type": "subtitle", "content": "DBS Currency Converter - DBS/POSB users only"}, {"type": "sentence", "content": "2. Do you know that DBS has a currency converter feature?"}, {"type": "sentence", "content": "3. Do you require currency conversion? If yes, which app(s) do you use for doing it?"}, {"type": "subtitle", "content": "Currency Converter - Expats/Singaporeans dealing with multiple currencies"}, {"type": "subtitle", "content": "Inferences"}, {"type": "subtitle", "content": "Job Story"}, {"type": "sentence", "content": "Users want an easy way to browse and select currencies and compare their price points at different times."}, {"type": "subtitle", "content": "Provisional Personas"}, {"type": "sentence", "content": "I created a provisional persona as a useful jumping-off point to help me make some assumptions and do some preliminary work."}, {"type": "image", "content": "https://miro.medium.com/max/1704/1*WSvlA_veVdFVqgK_QE7BIQ.png"}, {"type": "subtitle", "content": "Andrew Tan, 26"}, {"type": "sentence", "content": "Occupation: Associate Product ManagerBehaviour: Hardworking and positive personality. Prefers commute to work in less than 40-50 minutes.Goal: Save enough money to travel every other month on weekends and public holidays."}, {"type": "subtitle", "content": "Job Story"}, {"type": "subtitle", "content": "User Journey Map"}, {"type": "sentence", "content": "Based on the data collected for this exercise, it is clear that a user doesn't expect different experiences before and after login for the currency conversion feature. Additionally, it should be straightforward to access currency conversion feature from the main app."}, {"type": "subtitle", "content": "Wireframes/Flow"}, {"type": "sentence", "content": "For the sake of limited design scope, the entry point of currency conversion will be kept in the same flow as it is now. But currency conversion and send money can be separated into different apps/features and intertwined in each other since the user will be in a different set of mind while performing either of the two functions."}, {"type": "subtitle", "content": "Visual Design Mockup"}, {"type": "subtitle", "content": "Iconography"}, {"type": "sentence", "content": "Let's start with the icon. DBS's app is currently using tiny icons, and some of the icons in the MORE icon tray are repeated. Like for example - \"Vickers Account\" and \"Check Rates & Set Alerts\" have the same icon has a DBS logo in it which is not needed and makes the icon more complex to interpret and act upon."}, {"type": "image", "content": "https://miro.medium.com/max/2000/1*74NK5EVu9BI1l_vuIj0SRg.png"}, {"type": "sentence", "content": "For residents in Singapore, I believe DBS should highlight Philippine Peso along with Sing-Dollar since a lot of Filipinos send money from Singapore back home. But the best solution here would be to keep the icon structure the same, but change the currencies based upon which country the users are opening the app. This is a similar approach that was followed by the older Facebook globe icon."}, {"type": "subtitle", "content": "User Interface"}, {"type": "sentence", "content": "Features added in this flow:"}, {"type": "subtitle", "content": "Testing & Prototype \ud83d\udcdd"}, {"type": "sentence", "content": "During the design process, I made sure to regularly get feedback from friends who use DBS and frequently travel the globe (before the current circumstances happened)."}, {"type": "sentence", "content": "Simple task list to perform:"}, {"type": "sentence", "content": "The feedback that I received on the final prototype has been positive. But it's not all \ud83e\udd84 and \ud83c\udf08."}, {"type": "subtitle", "content": "Problems that still exists"}, {"type": "sentence", "content": "After testing, there are still problems with the interface that I observed during user testing."}, {"type": "subtitle", "content": "Solutions:"}, {"type": "sentence", "content": "This exercise once again proves that good design can alleviate even the most underused features."}, {"type": "sentence", "content": "Note: This case study was started in March 2020, and due to the changing circumstances, it took much time to bring it to completion."}, {"type": "sentence", "content": "Thank you for reading! If you enjoyed this case study or have any feedback, ping me at dhananjaydgarg1989(at)gmail.com or connect via LinkedIn. And please follow me on Twitter.\ud83d\udc4b"}], "topic": "ux", "uuid": "1b87aca3bf0f048369928db225790834516c421c27b1e8bf58f8380b", "link": "https://uxdesign.cc/banking-ux-currency-conversion-for-digital-millenials-74afa47d0b92"}