{"title": "COVID Health Check: Can You Avoid Gaining the Quarantine 15?", "data": [{"type": "subtitle", "content": "Quarantine weight gain is a real danger, with long-term effects. So what can you do about it?"}, {"type": "sentence", "content": "SO HOW IS YOUR HEALTH HOLDING UP TWO MONTHS INTO THE CORONAVIRUS QUARANTINE? How are you doing physically, mentally, and emotionally? All of those answers are tied up together. Are you already well on your way to gaining the dreaded Quarantine 15 - or as I prefer to call it, the COVID 19? It's a real problem."}, {"type": "sentence", "content": "Life is just harder these days. It's HARD, man."}, {"type": "sentence", "content": "It's hard falling asleep at night. It's hard getting out of bed in the morning. It's hard going to the grocery store. It's hard coming across fresh food. It's hard putting in the time to cook a real, bona fide meal."}, {"type": "sentence", "content": "All this quarantine means so much more sitting around for so many of us. That's not true for those on the front lines, but let's be honest - those ain't the people reading this article either."}, {"type": "sentence", "content": "The rest of us are spending so much more time at home, and that's costing our bodies in ways most of us haven't even processed yet. Snacks are so much closer, so accessible. Steps are much harder to come by... no more 10-minute walk to the train station, no walking around the office all day or up the hill to that campus meeting. It all adds up, and it's taking a toll."}, {"type": "sentence", "content": "It might be easy to shrug off these physical health things as a temporary quarantine issue, but doctors rightly point out that quarantine weight gain can have dangerous and long-lasting impacts. So can significant weight loss, if you're going the other direction with loss of appetite or lack of food."}, {"type": "sentence", "content": "Nothing about health is ever short-term. What we do today affects us tomorrow, next year, and down the road."}, {"type": "sentence", "content": "Thankfully, there are some tools at Omni Calculator to help us check in."}, {"type": "sentence", "content": "The Quarantine Activity Calculator is a great place to start."}, {"type": "sentence", "content": "You'll start by entering the basics: your sex, height, weight, and age. Those things give the calculator a baseline of how many Calories your body should typically burn through each day."}, {"type": "sentence", "content": "In case it's not obvious, BE HONEST. No one will see this but you."}, {"type": "sentence", "content": "Be honest with yourself."}, {"type": "sentence", "content": "Up next is your current physical activity, and they add in some humor to help you make the right choice. What's your work situation? Many are at a home office these days. Some move around all day or work a physical job. Others may need to choose the \"Does watching Netflix all day count?\" option."}, {"type": "sentence", "content": "Again, be honest, and choose what life is like right now, today."}, {"type": "sentence", "content": "Now describe your typical home activity. Are you very active, out mowing the lawn or gardening everyday or working on that home renovation? Maybe a bit less, but you've never done so much cleaning? Most of us will choose the \"Basic stuff\" option for typical cooking and cleaning around the home. Some may need to go with \"still trying to avoid\" even those things."}, {"type": "sentence", "content": "Last is exercise. Options include strenuous (garden marathon), moderate (cardio or intervals), or light (yoga and stretching)... or a fourth option for \"Trips to the fridge\" if you really need to face the facts."}, {"type": "sentence", "content": "Again, be honest, enter all that information, and the calculator will tell you the number of Calories needed to maintain weight from one day to the next. It also ranks your daily activity on a Physical Activity Level (PAL) metric:"}, {"type": "image", "content": "https://miro.medium.com/max/1082/1*wSGYO603yHtvWcLoRff_6Q.png"}, {"type": "sentence", "content": "That Calorie number is key, because most of this is a simple math equation. Food in means Caloric intake, so Calories out need to offset things. If those numbers are about equal, your weight should be fairly steady."}, {"type": "sentence", "content": "You can play around with the inputs to see a range of Calories per day. You've probably always heard 2000 Calories as a typical dietary intake. I find the number typically ends up a bit higher."}, {"type": "sentence", "content": "A young mother in her 20s chasing kids around all day ends up around 2500 kcal per day. A young man an average amount taller and heavier doing the same family duties is closer to 3000 kcal. Make that man 40 instead and the number drops below 2900. Make him 75 and we're back in that 2500 range."}, {"type": "sentence", "content": "Taller and heavier means a higher number; older means lower. More activity during the day obviously means a higher number too."}, {"type": "sentence", "content": "I'm an overweight, middle-aged dude that works at home and doesn't get a ton of activity unless I'm intentional about it. See - honesty. My number typically comes in around 2800 kcal per day."}, {"type": "sentence", "content": "This is where the math equation comes in. Your Caloric food intake is pretty easy to track. An app like MyFitnessPal can help, or you can just check the labels and add the numbers yourself."}, {"type": "sentence", "content": "Typically, 3500 Calories is roughly equal to about one pound. That means if an average person takes in 3500 more Calories than their body uses, they'll gain a pound. The math is not precise here, but we're looking for ballpark metrics, not precision."}, {"type": "sentence", "content": "Now, if you're typically around 2500 or 3000 kcal used per day, you're probably not at risk to consume an additional 3500 Calories that day. Trust me on this - 6000+ Calories is a whole lot of food."}, {"type": "sentence", "content": "But over a week, that's another question entirely. Divide 3500 Calories over seven days and it's a difference of just 500 per day. That's much easier to flub into your 2500 goal, a simple rounding error in some cases."}, {"type": "sentence", "content": "It's also a stark warning - even 500 Calories too many each day means gaining a pound by the end of the week. And it doesn't take many weeks like that for your body to really notice."}, {"type": "sentence", "content": "Five hundred Calories isn't much. Eat an apple and grab a can of soda, and you're already halfway there. That's why this stuff matters."}, {"type": "sentence", "content": "Here's where the bottom half of the calculator helps. Take a look:"}, {"type": "image", "content": "https://miro.medium.com/max/984/1*Y8FR5Y0M6V72Zy-391mMvg.png"}, {"type": "sentence", "content": "First, what activities are you no longer doing because you're at home in quarantine?"}, {"type": "sentence", "content": "Your first instinct may be nothing, but think again. Think about the little things you're no longer doing now that you're sitting at home all day."}, {"type": "sentence", "content": "Maybe it's something obvious. Did you typically spend 30 minutes a day doing cardio at a gym that's now inaccessible? You just gave up 200+ kcal per day, depending on your body profile."}, {"type": "sentence", "content": "Maybe you were a frequent yoga fan. Yoga might feel like it's more about mental and emotional health, but it's physically healthy too. For me, 45 minutes of yoga per day is worth over 250 kcal."}, {"type": "sentence", "content": "But don't forget about the less obvious. Maybe you live in the city and typically you'd walk 10 minutes to the train station each day, then five more minutes from the depot to work. Of course, you'd do those same steps in reverse after work. That's 30 minutes of walking - and over 200 kcal! It may not seem like much, but that added up almost as much as the yoga or cardio."}, {"type": "sentence", "content": "Is your office on the seventh floor and you spend 20 minutes climbing stairs on a typical day? Boom, 150 kcal."}, {"type": "sentence", "content": "Or what about this - do you simply stand far less now? No more standing desk, instead sitting at your makeshift home office or on the couch? Believe it or not, 90 minutes of standing ranks highest of the activities above in kcal per day."}, {"type": "sentence", "content": "Now let the app add it all up."}, {"type": "sentence", "content": "Would you typically walk 15 minutes each way to work, spend 20 minutes on the office stairs, and stand at your desk 90 minutes of the day? If those things are all gone now during quarantine, you just removed something like 600 Calories from your daily equation."}, {"type": "sentence", "content": "That's a lot of Calories! Multiply 600 Calories times five work days and we're over 3000. That means just the absence of those simple, small daily activities from work life, the ones you didn't even think about, is worth close to a pound of weight gain per week if you don't adjust your eating habits accordingly."}, {"type": "sentence", "content": "So that's the bad news."}, {"type": "sentence", "content": "The good news comes in the last part of the calculator - what activities can you add to your routine?"}, {"type": "sentence", "content": "The key to all of this is paying attention to how quickly the numbers add up. The good numbers add up just as quickly and easily as the bad ones, after all."}, {"type": "sentence", "content": "Now that you're home in quarantine, what can you add to your daily routine to make it more healthy?"}, {"type": "sentence", "content": "Again, these don't have to be huge."}, {"type": "sentence", "content": "Obviously if you add 30 minutes on that new cardio machine you bought, your body will thank you. For me, that's over 450 kcal per day. If you're like my roommate, maybe you are dancing these days. Thirty minutes of dancing adds 250 kcal to the good side of your equation. Maybe you and the kids have been doing more hiking these days. An hour of hiking is worth almost 700 kcal at my body profile. Yeah, that'll do."}, {"type": "sentence", "content": "But temper expectations a little bit."}, {"type": "sentence", "content": "Life is hard, and busy. I'm not going on an hour-long hike today, and I'm certainly not doing it every day. I can't afford that new cardio machine... and we both know it would gather dust in the corner even if I did."}, {"type": "sentence", "content": "What little things can we add to our routine?"}, {"type": "sentence", "content": "How about a walk? I've been going for a daily walk near the end of my work day, pretty much every day if work permits. Just a chance to get out of the house and get some sunshine, maybe even see a few real, life humanoids. Add in some walking around to limber up at the start of my day (it's called getting old) and suddenly we're at 60 minutes of walking. That's 430 kcal I just added to my equation!"}, {"type": "sentence", "content": "How about some light stretching to start the day? Maybe five minutes at the top, then five more around lunch and near the end of the work day, just enough to stretch things out after all that sitting? That's 65 more kcal."}, {"type": "sentence", "content": "How about a little standing? You can stand, right? Stand for part of that zoom meeting. Stand behind your chair for one segment of the 17th TV show you've watched that day. Just stand for awhile instead of sitting."}, {"type": "sentence", "content": "Without even straining, I've found it pretty easy to add 60 minutes of walking, 15 minutes of light stretching, and 30 minutes of standing into my daily home quarantine routine. Truly, that's barely anything."}, {"type": "sentence", "content": "And that barely anything adds up to almost 600 kcal per day! Even if I get lazy and skip one day each week, that's still over 3500 Calories per week difference. Just that little bit of walking and stretching each day might help me lose a full pound every week!"}, {"type": "sentence", "content": "The key to everything here is math and repetition."}, {"type": "sentence", "content": "The walking-standing-stretching thing doesn't help much if I only remember to do it two or three times a week."}, {"type": "sentence", "content": "And if the new walk-stand-stretch routine got added to a lifestyle that also lost a daily walk to the train, stairs, and standing at work, then I haven't actually done anything to get healthier or lose weight - all I've done is offset what's been lost from my typical daily routine."}, {"type": "sentence", "content": "The good news is how much the tiniest things can matter if you find a healthy daily routine and let them add up."}, {"type": "sentence", "content": "Maybe this all still sounds like too much - who has time to walk around for an hour a day?"}, {"type": "sentence", "content": "Start with 15 minutes. For me, 15 minutes of walking is worth 108 kcal. That's less than the apple I just ate. But walk 15 minutes every day, without exception, and I just burned almost 40,000 Calories in a year."}, {"type": "sentence", "content": "Just adding 15 minutes of walking to my life every day for one year could help me lose 10 pounds!"}, {"type": "sentence", "content": "Now you know why Aunt Karen is so gung-ho about that step counter."}, {"type": "sentence", "content": "And you don't even have to get dressed or leave the house for that walk. Turn on that show you enjoy, crank up the sound, and make yourself a little path around the living room. Walk and watch for 15 minutes. Done."}, {"type": "sentence", "content": "Omni has a bunch of other calculators that can help too."}, {"type": "sentence", "content": "You might think you don't have 60 minutes to walk each day, but didn't you use to drive 30 minutes each way to work and back? What are you doing with those 60 minutes now?"}, {"type": "sentence", "content": "Quarantine has made a lot of things harder, but not everything. Many of us do have more time on our hands now - we just have to know where to look."}, {"type": "sentence", "content": "One helpful place to start is this Social Media calculator."}, {"type": "sentence", "content": "How many times a day do you check your social media?"}, {"type": "sentence", "content": "Again - be honest. And count everything. Facebook, Twitter, Instagram, TikTok, whatever kids these days are using."}, {"type": "sentence", "content": "Maybe you typically check for something like three minutes once each hour during the work day and then twice an hour in the evening."}, {"type": "sentence", "content": "Well, and this is going to surprise you, do the math. You just checked social media 15 times that day for three minutes a day, and voila! We just found 45 minutes of your day you can free up. Heck, you can even make your social media round 15 times a day, but if you cut it from three minutes to two, you just found your 15 walking minutes."}, {"type": "sentence", "content": "Think about it. One less minute of social media check each time, turned into one simple 15 minute walk each day, and suddenly you're 10 pounds lighter at the end of the year."}, {"type": "sentence", "content": "Magic? Nah. It's just easy math, really."}, {"type": "sentence", "content": "And if you really need some magic?"}, {"type": "sentence", "content": "Omni has a calculator to help you see how much toilet paper you'll need to get you through the quarantine too. \u25a0"}, {"type": "sentence", "content": "Disclaimer: I do not work for Omni Calculator, and I'm not a health expert. I'm just a dude working at home trying (and often failing) to maintain health."}, {"type": "sentence", "content": "Follow Brandon on Medium or @wheatonbrando for more sports, television, humor, and culture. Visit the rest of Brandon's writing archives here."}], "topic": "social-media", "uuid": "2b4bd32571ad5b91d16ce2645b98ee3fced810ef8f19d58f5c6ebbd4", "link": "https://medium.com/swlh/covid-19-health-check-quarantine-15-physical-health-gaining-weight-self-mindfulness-calculator-calories-1dd339d15326"}