{"title": "Good UX designers must be fighters, because compromised designs are not good designs", "data": [{"type": "sentence", "content": "Disclaimer: I'm a designer at Google. This article represents my own opinions and in no way is it affiliated with Google or the greater Alphabet Inc."}, {"type": "sentence", "content": "I dream stuff up and turn those dreams into things you use every day. To do my job well, I have to fight with people. A lot. If I don't fight for what is right, my beautiful dreams turn into your worst nightmares. Because that's just how it goes."}, {"type": "subtitle", "content": "What's this all about?"}, {"type": "sentence", "content": "I don't consider myself to be a particularly talented designer. But I am successful. And people often ask me how I became successful in doing what I do (maybe they are confused because my designs are largely unimpressive). I'll tell you what I tell them, and then I'll tell you how I do it."}, {"type": "sentence", "content": "I'm a successful designer because I've built a career and a reputation, fighting like a dog with a bone to do what is right by customers. I don't drop the bone to make life easier for myself or my team. I don't lie to myself or to others, and I never tell decision-makers what they want to hear just to get a promotion or so that I might be liked. I'll resign first, and I have done."}, {"type": "subtitle", "content": "Why is fighting even necessary?"}, {"type": "sentence", "content": "It's strange... You'd think that digital products should be designed with the best interests of customers clearly set down as a foundation stone upon which all other product decisions are made. But this is rarely the case, at least in my experience, and I've been doing this for a while."}, {"type": "sentence", "content": "UX designers and Product designers exist because (and I acknowledge I'm generalising here) engineers and developers largely tend to struggle with processing information from an alternate human perspective. In my experience, it's rare to find an engineer who can force themselves to forget what they know about their products or interfaces, to the extent that they can put themselves in the shoes of 'the other.'"}, {"type": "subtitle", "content": "But you...you are special"}, {"type": "sentence", "content": "You are a designer. And you can do this magic thing. This magic thing called empathy."}, {"type": "sentence", "content": "You serve a faceless and nameless mistress. She is one that never has the opportunity to thank you for your hard work. She will never know your name, for she is everyone, and she is no one. She demands only one thing from you; That you fight for her... relentlessly. That you give her what she wants, at all costs."}, {"type": "subtitle", "content": "Product design is expensive and the risks are high"}, {"type": "sentence", "content": "Organisations are inclined by default to mitigate the risks associated with product development by diversifying the number of people who are responsible for making decisions related to the product. This means multiple people are empowered to be involved in how your product looks, feels and behaves. Welcome to the team. But are these people loyal to your mistress? Do they know what she wants? Do they always put her first? Do they think about her, night and day?No. Not usually... It's not their job, it's your job."}, {"type": "subtitle", "content": "Hell is other people"}, {"type": "sentence", "content": "Teams are made up of people, and people are different. It's not always possible to be unified behind a single vision. In fact, it's almost always impossible because what each of us might want is ultimately dictated by factors related to our past, our personalities, and our uniqueness."}, {"type": "subtitle", "content": "So can you make design decisions as a group?"}, {"type": "sentence", "content": "Sure, you can try. But it almost never works. We have a name for it in design circles, it's affectionately called design by committee, and it is our kryptonite. Take a similarly feared phrase in engineering circles, Tech debt, and multiply it by infinity, take it to the depths of forever, and you barely have a glimpse of how feared design by committee is for designers."}, {"type": "sentence", "content": "Booking.com is the global poster child for agile design and development and their website is a perfect example of design by committee. Each UX designer is able to dream up an experiment, and is given complete autonomy to change the entire interface at their own discretion. They are paired with an engineer who helps implement the design, and then they run an experiment for a couple of minutes. Globally. They literally A/B test planet Earth. Millions of users see the experiment. And millions don't. After a few minutes, if conversion goes up by a fraction, Booking.com keeps the change. If conversion goes down, they pull it and rollback. The engineering behind this machine is amazingly efficient, incredible even. And while it's impressive, it causes a problem that I believe will ultimately be their undoing: their product is ugly, difficult to use, and inconsistent."}, {"type": "sentence", "content": "To convert to sale on booking.com users must re-learn the interface on a second by second basis while they attempt to traverse sections of the site that have been architected and designed by different people at different times. Interactions like these result in a high cognitive load on customers and cause significant ego depletion. (Ego depletion is a tangible and measurable cost on the brain caused by micro-decisions, subconscious and conscious. It actually affects blood sugar. Pretty scary.)"}, {"type": "sentence", "content": "In other words, when using the product, your mistress gets confused, and she does not like that. Not... one... bit..."}, {"type": "subtitle", "content": "If inconsistent and fractured design is such a big problem, why then is Booking.com successful?"}, {"type": "sentence", "content": "Because they don't owe their success to good design. Booking.com is successful, in my opinion, because of their sales and marketing distribution network. They are the cheapest, globally. They guarantee this by doing deals with hotels all over the planet. We all know they are the cheapest. And Booking.com spends a fortune on ads to make sure that we know they're the cheapest. So as a customer, I have a choice: Pay more and have a lovely designed and beautifully consistent experience, or pay less, and deal with the complex design by committee website that is Booking.com. I don't know about you, but I will pay less and deal with the mess. For now..."}, {"type": "sentence", "content": "But how long will it take for another company to come along with a beautiful and consistently designed product that offers me the same price or better? Not long at all..."}, {"type": "subtitle", "content": "When you can't differentiate on price, the only thing left is experience"}, {"type": "sentence", "content": "Airbnb has a beautiful and consistently designed conversion funnel. Also known as a website. I feel good when I interact with their product, and increasingly this results in a sale. Without even thinking, I'm able to book a place to stay, and I'm overwhelmed by large and beautiful photos, aspirational colour and typography. It's a pleasure to use Airbnb. Booking.com is a chore that feels like I'm doing my tax return."}, {"type": "subtitle", "content": "Can't we all just get along and compromise?"}, {"type": "sentence", "content": "No. Great experiences cannot be designed by a group because great designs are almost always born from a singular and consistent vision. Sure the vision is iterated, augmented and improved progressively over time with the help of your team. But as the designer, you must be the gatekeeper of any decisions related to the interface. You must decide which pieces of information inform your design to the extent that you would consider making a change to it. And you must decide which pieces of information must be discarded because they do not fit the vision. You are the only person that can do this. And you will be the only person responsible if you fail. You're the babysitter. It's your fault if the kids trash the place and smother the walls in shit."}, {"type": "subtitle", "content": "So, how to win the fight?"}, {"type": "sentence", "content": "I have a process that works for me and I'll list it here if you're interested. I hope it works for you."}, {"type": "sentence", "content": "When someone suggests that you should change the design, or implement their idea, first:"}, {"type": "subtitle", "content": "Listen, and then buy yourself time"}, {"type": "sentence", "content": "Make sure the other person feels heard, and make sure it's clear that you fully understand their suggestion or idea. So often the fight happens because they feel like you didn't listen. So take all the time you need to listen, and repeat back to them what you heard. Then ask for a day to process it, go through it thoroughly. Make sure you've considered the option fully."}, {"type": "sentence", "content": "*If you can't take a day, take as much time as you can. You don't need to spend the whole day on it, do your other work, but you would be amazed how much this time apart will help to deflate the emotion that so often acts as a catalyst in situations like this. It also gives you time to consider something very important..."}, {"type": "subtitle", "content": "Consider that you might be wrong"}, {"type": "sentence", "content": "There is every possibility that you're wrong, and Jimmy might be right, and maybe his idea would make the product better. If he's right, no problem. Change the design and make sure to give him the credit for the idea. But when you're sure it won't work and you've waited a day. It's time to deliver the news."}, {"type": "subtitle", "content": "Thank them, then politely disagree"}, {"type": "subtitle", "content": "Use data as a weapon"}, {"type": "sentence", "content": "If you don't have data from your own tests, find some elsewhere. Hit them with some statistics. Prove that you did your homework. Name a report or study that might back you up."}, {"type": "sentence", "content": "No dice? They still want a fight?"}, {"type": "subtitle", "content": "Mock it up, and A/B test"}, {"type": "sentence", "content": "If you have the time, mock up the design and run a quick A/B corridor test. You don't even need real users. Try it on colleagues. It's important that you test with people outside of the team. The receptionist, a colleague from another department etc. Get at least 10 people to weigh in with their unbiased opinions. Take down the actual numbers and what each test participant said and put it all in a report titled:Validating Jimmy's design suggestion."}, {"type": "sentence", "content": "Share the report with the whole team, and thank everyone for coming to you with suggestions and encourage them to keep coming up with ideas. This is a bit of reverse psychology, but essentially people may be less inclined to challenge you in the future, if the outcome to a challenge is delivered as a report that everyone gets to read. Hopefully they won't be too afraid to come to you with suggestions or ideas though, because you showed consideration and took the time to validate their idea. The other advantage of the report is that you can keep it on file for later, to bring to the surface anytime that your design thinking behind this decision is challenged."}, {"type": "subtitle", "content": "This approach has helped me with about 98% of design-related challenges"}, {"type": "sentence", "content": "Following this process can also improve the team dynamic and build trust with developers. Especially if you are receptive and open to feedback that would actually improve your work. You all benefit if the product is awesome."}, {"type": "sentence", "content": "But sometimes, it doesn't work, and you still have to fight."}, {"type": "subtitle", "content": "What if the challenger is a decision-maker, your boss, or worse, your boss's boss?"}, {"type": "image", "content": "https://miro.medium.com/max/940/1*2Ua3l0AAcFWQx0_ZrDR7iA.png"}, {"type": "sentence", "content": "If you're being challenged by a decision maker, do your best to keep it quiet. Go into a meeting room with the person. It's crucial to keep the respect you've earned with the rest of the team intact. State your case. Don't be afraid to refer to gut instinct, and explain that you believe the most responsible course of action is to test and validate the design options. Explain that you are happy to take full responsibility and pivot if the tests prove that your design isn't working, but explain that you can't take responsibility for the failure of the product if your design thinking was compromised at this point in time because you were not able to do your job properly."}, {"type": "subtitle", "content": "If you still can't test, and you have been over-ruled"}, {"type": "sentence", "content": "Consider again that you might actually be wrong. There is a chance you are, all things are possible, and admitting that you made a mistake to yourself, and to others, is not weakness or failure. As a designer, it's actually a crucial skill."}, {"type": "subtitle", "content": "But..."}, {"type": "sentence", "content": "If you know you are right, and data proves that you are right, and you're still being forced to degrade the design at the expense of your mistress (your customers), it's time to consider how much value you can actually add to the project and the team if you are not being trusted to do your job properly. Also, bad designs stick to you like glue. How will you get another job a few years down the track, if you have to point to a heavily degraded design that you cannot be proud of?"}, {"type": "sentence", "content": "You can't pretend that everything is covered by NDA forever. In other words, it may be time to seriously consider looking for another project or team or job."}, {"type": "subtitle", "content": "One thing to consider, a light at the end of the tunnel"}, {"type": "sentence", "content": "If you are in a tight spot, and you're losing these fights, don't worry, it won't be this way forever. Design thinking is changing on a global scale. I've seen organisations laugh at my suggestions only to see them implemented years later, and years too late. As stated above, when you can't differentiate on price, all you have left is experience. Companies are starting to get it."}, {"type": "sentence", "content": "As designers, this is our time to really make a difference. Don't give up!"}, {"type": "subtitle", "content": "Thank you..."}, {"type": "sentence", "content": "I hope these tips help you in your UX practice!"}, {"type": "sentence", "content": "www.simby.comwww.linkedin.com/in/ajdoherty"}], "topic": "ux", "uuid": "6e807f6d22bcf228c853a5546bce144f627171da0ec9966118da9ef3", "link": "https://uxdesign.cc/good-ux-designers-must-be-prepared-to-fight-cbf758b10854"}