{"title": "Penn Engineers Develop First Tunable, Chip-based 'Vortex Microlaser' and Detector, Encode Information in Twisting Beams of Light", "data": [{"type": "image", "content": "https://miro.medium.com/max/1492/1*LqEB2p_HJiEX2V-18fU58Q.png"}, {"type": "sentence", "content": "As computers get more powerful and connected, the amount of data that we send and receive is in a constant race with the technologies that we use to transmit it. Electrons are now proving insufficiently fast and are being replaced by photons as the demand for fiber optic internet cabling and data centers grow."}, {"type": "sentence", "content": "Though light is much faster than electricity, in modern optical systems, more information is transmitted by layering data into multiple aspects of a light wave, such as its amplitude, wavelength and polarization. Increasingly sophisticated \"multiplexing\" techniques like these are the only way to stay ahead of the increasing demand for data, but those too are approaching a bottleneck. We are simply running out of room to store more data in the conventional properties of light."}, {"type": "sentence", "content": "To break through this barrier, engineers are exploring some of light's harder-to-control properties. Now, two studies from the University of Pennsylvania's School of Engineering and Applied Science have shown a system that can manipulate and detect one such property known as the orbital angular momentum, or OAM, of light. Critically, they are the first to do so on small semiconductor chips and with enough precision that it can be used as a medium for transmitting information."}, {"type": "sentence", "content": "The matched pair of studies, published in the journal Science, was done in collaboration with researchers at Duke University, Northeastern University, the Polytechnic University of Milan, Hunan University and the U.S. National Institute of Standards and Technology."}, {"type": "image", "content": "https://miro.medium.com/max/3600/0*mdvPnU3_WiL9hAjX.jpg"}, {"type": "sentence", "content": "One study, led by Liang Feng, assistant professor in the departments of Materials Science and Engineering and Electrical and Systems Engineering, demonstrates a microlaser which can be dynamically tuned to multiple distinct OAM modes. The other, led by Ritesh Agarwal, professor in the Department of Materials Science and Engineering, shows how a laser's OAM mode can be measured by a chip-based detector. Both studies involve collaborations between the Agarwal and Feng groups at Penn."}, {"type": "sentence", "content": "Such \"vortex\" lasers, named for the way their light spirals around their axis of travel, were first demonstrated by Feng with quantum symmetry-driven designs in 2016. However, Feng and other researchers in the field have thus far been limited to transmitting a single, pre-set OAM mode, making them impractical for encoding more information. On the receiving end, existing detectors have relied on complex filtering techniques using bulky components that have prevented them from being integrated directly onto a chip, and are thus incompatible with most practical optical communications approaches."}, {"type": "sentence", "content": "Together, this new tunable vortex micro-transceiver and receiver represents the two most critical components of a system that can enable a way of multiplying the information density of optical communication, potentially shattering that looming bandwidth bottleneck."}, {"type": "sentence", "content": "The ability to dynamically tune OAM values would also enable a photonic update to a classic encryption technique: frequency hopping. By rapidly switching between OAM modes in a pre-defined sequence known only to the sender and receiver, optical communications could be made impossible to intercept."}, {"type": "sentence", "content": "\"Our findings mark a large step towards launching large-capacity optical communication networks and confronting the upcoming information crunch,\" says Feng."}, {"type": "sentence", "content": "In the most basic form of optical communication, transmitting a binary message is as simple as representing 1s and 0s by whether the light is on or off. This is effectively a measure of the light's amplitude - how high the peak of the wave is - which we experience as brightness. As lasers and detectors become more precise, they can consistently emit and distinguish between different levels of amplitude, allowing for more bits of information to be contained in the same signal."}, {"type": "sentence", "content": "Even more sophisticated lasers and detectors can alter other properties of light, such as its wavelength, which corresponds to color, and its polarization, which is the orientation of the wave's oscillations relative to its direction of travel. Many of these properties can be set independently of each other, allowing for increasingly dense multiplexing."}, {"type": "sentence", "content": "Orbital angular momentum is yet another property of light, though it is considerably harder to manipulate, given the complexity of the nanoscale features necessary to generate it from computer-chip-sized lasers. Circularly polarized light carries an electric field that rotates around its axis of travel, meaning its photons have a quality known as spin angular momentum, or SAM. Under highly controlled spin-orbit interactions, SAM can be locked or converted into another property, orbital angular momentum, or OAM."}, {"type": "sentence", "content": "The research on a dynamically tunable OAM laser based on this concept was led by Feng and graduate student Zhifeng Zhang."}, {"type": "image", "content": "https://miro.medium.com/max/562/1*UUACI0yxJYruSn-5z4uLpg.png"}, {"type": "sentence", "content": "In this new study, Feng, Zhang and their colleagues began with a \"microring\" laser, which consists of a ring of semiconductor, only a few microns wide, through which light can circulate indefinitely as long as power is supplied. When additional light is \"pumped\" into the ring from control arms on either side of the ring, the delicately designed ring emits circularly polarized laser light. Critically, asymmetry between the two control arms allows for the SAM of the resulting laser to be coupled with OAM in a particular direction."}, {"type": "sentence", "content": "This means that rather than merely rotating around the axis of the beam, as circularly polarized light does, the wavefront of such a laser orbits that axis and thus travels in a helical pattern. A laser's OAM \"mode\" corresponds to its chirality, the direction those helices twist, and how close together its twists are."}, {"type": "sentence", "content": "\"We demonstrated a microring laser that is capable of emitting five distinct OAM modes,\" Feng says. \"That may increase the data channel of such lasers by up to five times.\""}, {"type": "sentence", "content": "Being able to multiplex the OAM, SAM and wavelength of laser light is itself unprecedented, but not particularly useful without a detector that can differentiate between those states and read them out."}, {"type": "sentence", "content": "In concert with Feng's work on the tunable vortex microlaser, the research on the OAM detector was led by Agarwal and Zhurun Ji, a graduate student in his lab."}, {"type": "sentence", "content": "\"OAM modes are currently detected through bulk approaches such as mode sorters, or by filtering techniques such as modal decomposition,\" Agarwal says, \"but none of these methods are likely to work on a chip, or interface seamlessly with electronic signals.\""}, {"type": "sentence", "content": "Agarwal and Ji built upon their previous work with Weyl semimetals, a class of quantum materials that have bulk quantum states whose electrical properties can be controlled using light. Their experiments showed that they could control the direction of electrons in those materials by shining light with different SAM onto it."}, {"type": "sentence", "content": "Along with their collaborators, Agarwal and Ji drew on this phenomenon by designing a photodetector that is similarly responsive to different OAM modes. In their new detector, the photocurrent generated by light with different OAM modes produced unique current patterns, which allowed the researchers determine the OAM of light impinging on their device."}, {"type": "sentence", "content": "\"These results not only demonstrate a novel quantum phenomenon in the light-matter interaction,\" Agarwal says, \"but for the first time enable the direct read-out of the phase information of light using an on-chip photodetector. These studies hold great promise for designing highly compact systems for future optical communication systems.\""}, {"type": "sentence", "content": "Next, Agarwal and Feng plan to collaborate on such systems. By combining their unique expertise to fabricate on-chip vortex microlasers and detectors that can uniquely detect light's OAM, they will design integrated systems to demonstrate new concepts in optical communications with enhanced data transmission capabilities for classical light and upon increasing the sensitivity to single photons, for quantum applications. This demonstration of a new dimension for storing information based on OAM modes can help create richer superposition quantum states to increase information capacity by a few orders of magnitude."}, {"type": "sentence", "content": "These two strongly-tied studies were partially supported by the National Science Foundation, the U.S. Army Research Office and the Office of Naval Research. Research on the vortex microlaser was done in collaboration with Josep M. Jornet, associate professor at Northeastern University and Stefano Longhi, professor at the Polytechnic University of Milan in Italy and Natalia M. Litchinitser, professor at Duke University. Penn's Xingdu Qiao, Bikashkali Midya, Kevin Liu, Tianwei Wu, Wenjing Liu and Duke's Jingbo Sun also contributed to the work. Research on the photodetector was done in collaboration with Albert Davydov from the National Institute of Standards and Technology (NIST) and Anlian Pan from Hunan University. Penn's Wenjing Liu, Xiaopeng Fan, Zhifeng Zhang and NIST's Sergiy Krylyuk also contributed to the work."}], "topic": "science", "uuid": "9178be3df9c5bdabcae97ca55ba0b33fa7e5f9eb643a464254a51d24", "link": "https://medium.com/penn-engineering/penn-engineers-develop-first-tunable-chip-based-vortex-microlaser-and-detector-encode-e490e7983997"}