{"title": "Crashing Into Chris", "data": [{"type": "subtitle", "content": "Fiction Friday"}, {"type": "image", "content": "https://miro.medium.com/max/6000/0*fmAceXOuacPiGviw"}, {"type": "sentence", "content": "Crap, I just rear-ended a car!"}, {"type": "sentence", "content": "Now their door is opening...And Chris Chan steps out."}, {"type": "sentence", "content": "Chris and I partner up in science class a lot, but secretly I've wanted to, well, \"partner up.\" I hoped to leave an impression, but this isn't what I had in mind!"}, {"type": "sentence", "content": "Chris: HEY, WATCH THE ROAD."}, {"type": "sentence", "content": "Chris examines his car for dents and I stumble out."}, {"type": "sentence", "content": "Aishini: Chris, I'm sorry!"}, {"type": "sentence", "content": "Chris: Aishini? Don't worry, it's not too beat up."}, {"type": "sentence", "content": "I sigh in relief."}, {"type": "sentence", "content": "Chris: How about you?"}, {"type": "sentence", "content": "I examine the front of my car."}, {"type": "sentence", "content": "Aishini: It's fine."}, {"type": "sentence", "content": "Chris: I guess we lucked out."}, {"type": "sentence", "content": "Aishini: I'm sorry I'm such a klutz."}, {"type": "sentence", "content": "Chris smirks."}, {"type": "sentence", "content": "Chris: Believe me, I know."}, {"type": "sentence", "content": "I blush. During a science experiment, I spilled water on Chris's shirt."}, {"type": "sentence", "content": "Twice."}, {"type": "sentence", "content": "Chris: Hey, no harm no foul. Right?"}, {"type": "sentence", "content": "He gives me a smile that always makes me giddy."}, {"type": "sentence", "content": "And then he notices the bags in my car."}, {"type": "sentence", "content": "Chris: Where are you headed?"}, {"type": "sentence", "content": "Aishini: My friends go camping every summer."}, {"type": "sentence", "content": "Chris: At Spring View Park?"}, {"type": "sentence", "content": "Aishini: That's right!"}, {"type": "sentence", "content": "Chris: I'm going there now. Stephanie invited me."}, {"type": "sentence", "content": "I feel a pit in my stomach. Stephanie asked him out? She KNOWS I like Chris!"}, {"type": "sentence", "content": "I try to leave, but my car won't start. Chris walks over."}, {"type": "sentence", "content": "Chris: I'd offer my condolences, but, then again, YOU crashed into ME."}, {"type": "sentence", "content": "I laugh a painful laugh. Chris eyes my hood."}, {"type": "sentence", "content": "Chris: Want me to check it? My dad's a mechanic, so I know a few things."}, {"type": "sentence", "content": "Aishini: That would be great."}, {"type": "sentence", "content": "Chris rolls up his sleeves and opens my hood. I can't help but stare."}, {"type": "sentence", "content": "Chris: This should do it."}, {"type": "sentence", "content": "He rises again with motor oil on his shirt."}, {"type": "sentence", "content": "Chris: You always ruin my shirts, Aishini."}, {"type": "sentence", "content": "He yanks it over his head. I stare at Chris Chan's sculpted six-pack."}, {"type": "sentence", "content": "Aishini: You don't need them."}, {"type": "sentence", "content": "Did I really just say that? Chris grabs a new shirt from his trunk."}, {"type": "sentence", "content": "Chris: Try the car again."}, {"type": "sentence", "content": "Yes, sir."}, {"type": "sentence", "content": "I turn the key in the ignition and it starts."}, {"type": "sentence", "content": "Chris: It was nothing."}, {"type": "sentence", "content": "Only the hottest thing ever."}, {"type": "sentence", "content": "Chris gives my car another look."}, {"type": "sentence", "content": "Chris: I still wouldn't drive it."}, {"type": "sentence", "content": "Aishini: Why not?"}, {"type": "sentence", "content": "Chris: I think it's fixed, but I'd hate for it to break out there."}, {"type": "sentence", "content": "Aishini: Yeah, I'd be stranded at the park."}, {"type": "sentence", "content": "A part of me doesn't want to go at all."}, {"type": "sentence", "content": "Chris: Park by the curb. I'll have my dad look at it."}, {"type": "sentence", "content": "Chris moves my luggage into his trunk. A full car ride with him should be a dream. But now, with Stephanie's shadow over us, it feels like torture."}, {"type": "sentence", "content": "Chris: What's this?"}, {"type": "sentence", "content": "He pulls my old, stuffed bear from the trunk. My face burns up."}, {"type": "sentence", "content": "Aishini: His name's Fuzzy and he's from my grandma."}, {"type": "sentence", "content": "Chris nods."}, {"type": "sentence", "content": "Chris: Fuzzy can ride shotgun."}, {"type": "sentence", "content": "I laugh."}, {"type": "sentence", "content": "Aishini: He'd like that."}, {"type": "sentence", "content": "We climb into Chris's car. It's intimate and smells like Chris. The doors close and I can hear our breaths."}, {"type": "sentence", "content": "Chris: You'll be our navigator."}, {"type": "sentence", "content": "I give Chris a little salute."}, {"type": "sentence", "content": "Aishini: Yes, Captain."}, {"type": "sentence", "content": "He smiles and I grow giddy again. Why didn't I ask him out sooner?"}, {"type": "sentence", "content": "I'll be pining over him this whole trip. The words just pour out of me:"}, {"type": "sentence", "content": "Aishini: Can I say something?"}, {"type": "sentence", "content": "Chris: Go for it."}, {"type": "sentence", "content": "My mouth dries up."}, {"type": "sentence", "content": "Aishini: I really love working together and you always make me feel so warm. I don't know how you feel about Stephanie...But I just wanted to tell you."}, {"type": "sentence", "content": "Chris thinks."}, {"type": "sentence", "content": "Chris: That explains it."}, {"type": "sentence", "content": "Aishini: Explains what?"}, {"type": "sentence", "content": "Chris: I should be pissed at being rear-ended, but I wasn't. When you left your car, I felt...excited. I like you a lot, Aishini."}, {"type": "sentence", "content": "Aishini: But you like Stephanie too?"}, {"type": "sentence", "content": "Chris surprises me with a laugh."}, {"type": "sentence", "content": "Chris: Not exactly. Stephanie invited me to meet her friend. Apparently, she's had a big crush on me and we're a perfect match."}, {"type": "sentence", "content": "His hand clasps over mine."}, {"type": "sentence", "content": "Chris: I think she may be right."}, {"type": "sentence", "content": "There's little campfires twinkling in our eyes."}, {"type": "sentence", "content": "Chris caresses my cheek, and I take his face in my hands. It's stubbly and soft and amazing. We finally kiss, tender but hungry. Our lips graze like our cars."}, {"type": "sentence", "content": "When we finally part, we're both giddy."}, {"type": "sentence", "content": "Chris: Ready for camping?"}, {"type": "sentence", "content": "Aishini: Right now, I'm ready for anything."}, {"type": "sentence", "content": "The End."}], "topic": "fiction", "uuid": "b6509f09bf2089e75aa5b96beda02c70a6a8c48b88b7e6fa363d2a0c", "link": "https://psiloveyou.xyz/crashing-into-chris-81daf8d9fcce"}