{"title": "Why Our Economy May Be Headed for a Decade of Depression", "data": [{"type": "subtitle", "content": "Nouriel Roubini, who predicted the 2008 crash, has another dire forecast"}, {"type": "sentence", "content": "By Eric Levitz"}, {"type": "sentence", "content": "In September 2006, Nouriel Roubini told the International Monetary Fund what it didn't want to hear. Standing before an audience of economists at the organization's headquarters, the New York University..."}], "topic": "economy", "uuid": "c3ac6e2aa1da3c879144c6605c968efa4ab8dd933add2eabf162f71e", "link": "https://medium.com/new-york-magazine/why-our-economy-may-be-headed-for-a-decade-of-depression-7384544655ba"}