{"title": "60% of America's CFOs Don't Expect a Return to Normal Until at Least 2021", "data": [{"type": "subtitle", "content": "Most companies will continue to allow employees to work from home after the crisis is over, findings show"}, {"type": "sentence", "content": "By Sergei Klebnikov"}, {"type": "sentence", "content": "As the coronavirus pandemic continues to throw businesses into disarray, the vast majority of U.S. chief financial..."}], "topic": "economy", "uuid": "cb437f48e9f842f6ed14f3966a4b6ab3b9d1a5a609fb978795c9529f", "link": "https://medium.com/forbes/60-of-americas-cfos-don-t-expect-a-return-to-normal-until-at-least-2021-62bb54eaf322"}