{"title": "How to Adopt a Powerful Mindful Gratitude Practice", "data": [{"type": "subtitle", "content": "Notice the little things and shift your mindset"}, {"type": "image", "content": "https://miro.medium.com/max/1920/0*guEKxcW7xIdpzv4U.jpg"}, {"type": "subtitle", "content": "There's immense power in expressing our gratitude."}, {"type": "sentence", "content": "Appreciation contributes to our happiness and overall well-being. It leads to a perspective shift, which feels like we stepped into a new dimension of existence. Isn't it wonderful how we can change how we see things and everything changes?"}, {"type": "sentence", "content": "Being grateful for little things can be a big deal. We open our eyes to the bigger picture. We see everything as a gift. I appreciate the convenience of a refrigerator light or nail clippers, for example."}, {"type": "sentence", "content": "My first AA sponsor introduced me to gratitude lists in 2003, when I was newly sober. She suggested I write down five things I'm grateful for, then share them. I was grateful for my favorite grey fuzzy sweater and my dad. I'm sure sobriety was probably on my list."}, {"type": "sentence", "content": "Years later, I made colorful, extensive lists with my gel pens. I used to write these columns daily in a spiral notebook. I write them the same way these days. I include big concepts and simple pleasures, like patience and dark chocolate."}, {"type": "sentence", "content": "Here are a few ways to adopt and nourish your mindful gratitude practice:"}, {"type": "subtitle", "content": "Pay attention to the seemingly insignificant"}, {"type": "sentence", "content": "When you place your focus on the little things, you shine a light on the rest of your life. Think of how easily we fall into a negativity trap. You can fall into the appreciation zone just as easily."}, {"type": "sentence", "content": "The other day, I noticed the feeling of my bamboo toothbrush against my teeth and the flavor of my homemade tooth powder. I made it with baking soda and essential oils, and a little bit of coconut oil. I reveled in my delight as I dropped into the present moment of brushing my teeth. I usually forget how it feels to brush my teeth. I don't notice the taste or sensations because my mind is elsewhere."}, {"type": "sentence", "content": "My next thoughts were crucial. I emphasized the gift of having a comfortable, affordable, eco-friendly toothbrush, and having knowledge and supplies for the tooth powder. I was astounded by the power of this practice. It came to me organically. I've practiced gratitude for years, but this time was a new layer of feel-good life enhancement."}, {"type": "sentence", "content": "Think of the implications. If we can focus our energy on everything working for us, we create an entirely new reality for ourselves. And we can access this tool anywhere, anytime."}, {"type": "sentence", "content": "Most of us go through the motions of rising from our bed, cooking, eating, and more. When we become conscious of our daily activities, we have the ability to transmute the mundane into a miracle."}, {"type": "sentence", "content": "Look around. You likely have a comfortable, clean bed, enough clothes, and all the supplies for health and hygiene. You probably have things to entertain and educate you, like books and movies. You have food in your fridge and dishes for your meals. Simple things add up. Take a moment to appreciate them, and your world brightens."}, {"type": "subtitle", "content": "Breathe in, breathe out"}, {"type": "sentence", "content": "Mindfulness meditation involves a focus on the breath. Anytime your attention wanders, you redirect your focus to the breath. Observe your thoughts without attaching to them, then go back to noticing your breath. It's helpful to place your hand on your belly to feel your natural breathing rhythm."}, {"type": "sentence", "content": "You can use mindfulness techniques when you're active. It doesn't have to be a silent sit-down affair. You can bring mindfulness with you anywhere. Use mindful breaths throughout the day, to remind you of your \"now\" moment. It's hard to stay present if your attention is on the past or the future."}, {"type": "sentence", "content": "Mindful breathing simply means you're paying attention to your inhale and exhale, without trying to control it. You'll notice when you're feeling tense and when you're relaxed. I've felt low-grade anxiety throughout the day, and I can feel it as I share this with you. It came out of nowhere, so it's likely an unconscious energy exchange. Focusing on my breath alleviates the associated discomfort."}, {"type": "sentence", "content": "The intention behind mindful breathing is noticing your breath with no attachment. It's also the best way to bring your attention back to the moment. Life's happenings can distract us from staying present. Mindful breathing will help you ground and center into the now."}, {"type": "sentence", "content": "When you're living in every now moment, you'll see things you hadn't noticed before. While writing, I've been pausing to look up at our glorious blue New Mexico sky and watching a large nearby tree sway in the breeze."}, {"type": "sentence", "content": "Earlier, I complained about our swamp cooler \"not working,\" worried about staying cool later (future tripping)."}, {"type": "sentence", "content": "Now I'm focusing on cool air coming through our front door. I breathe in. I breathe out. I'm here, in present moment awareness."}, {"type": "sentence", "content": "Feel your breath. Appreciate your body's ability to handle breathing without your effort. Isn't it amazing?"}, {"type": "subtitle", "content": "Sit in silence"}, {"type": "sentence", "content": "Meditation is so simple, people tend to wonder if they're missing something. If you focus on the present for three seconds, you're meditating. If you sit for three minutes, you're meditating."}, {"type": "sentence", "content": "Sitting in silence ensures you'll slow down and heighten your awareness of your surroundings and circumstances. When you do nothing, your mind has a chance to recalibrate. You'll notice ideas and solutions come more easily. You relax and calm your nervous system."}, {"type": "sentence", "content": "Stare out the window. Sit on your bed with closed eyes. Your mind might be running a mile a minute. Observe your initial inner chatter without attachment. Eventually, your thoughts will settle."}, {"type": "sentence", "content": "Silence allows for a new perspective to emerge. Instead of lack and frustration, you'll feel abundance and peace."}, {"type": "subtitle", "content": "Write a list and share it with others"}, {"type": "sentence", "content": "Make a list of at least three things to appreciate right now. For example, I'm grateful for birds chirping, a clean house, and fresh air. Then share it with one person. Share it on social media, in a text to a friend, or in person."}, {"type": "sentence", "content": "When I feel negative, or my kids are grumbling, I've developed a habit of saying three good things. I say out loud, \"Quick, name three good things,\" This can snap us out of our complaint fest and into the beauty of now."}, {"type": "sentence", "content": "Writing is especially powerful for me. I look back on my gratitude lists when I need an attitude shift. I share with others when I'm overflowing with an appreciation or experienced a profound alteration of my being. I also share when I'm not feeling so great. I talk about the blessings in disguise, silver linings, and hidden gifts."}, {"type": "sentence", "content": "Sharing our appreciation with others spreads goodness everywhere. It can lift spirits and give people hope."}, {"type": "sentence", "content": "Reading how my friend is approaching her cancer treatment brings me hope. She's grateful for radiation. She envisions her tumors burning and shrinking. It's hard to go through treatment, but she's illustrating resiliency and faith in her process. She's showing me if she can face this challenge, I can certainly tolerate a finicky cooling system. It's all about perspective, isn't it?"}, {"type": "subtitle", "content": "Final thoughts"}, {"type": "sentence", "content": "Consciously choosing to appreciate the tiny but mighty things in our life will bring about positive change. Even when we're going through difficult times, we can find at least one thing working out."}, {"type": "sentence", "content": "Focus on one breath at a time. Stand in awe of the inner workings of your miraculous autonomic nervous system. This process keeps you alive. What appears to be a simple act is the very nature of our existence."}, {"type": "sentence", "content": "Find a quiet moment in stillness. Cultivate awareness of the present moment and appreciate being here. Share the beautiful discoveries you've made along the way. Do it every day, throughout the day. Then watch your world open like a fresh spring bloom."}, {"type": "sentence", "content": "Related reads:"}, {"type": "sentence", "content": "Let's stay in touch. You can find me on Facebook, Twitter, Instagram, and LinkedIn. Thanks for reading."}], "topic": "mindfulness", "uuid": "fc1053395755e2a557af0da46e15e9e404ed01324183bcbfd5debc15", "link": "https://medium.com/the-partnered-pen/how-to-adopt-a-powerful-mindful-gratitude-practice-6d3e03ba949f"}