{"title": "The Sad Truth About Narcissism and Mirroring", "data": [{"type": "subtitle", "content": "Mirroring is essential for early development, but sometimes it just doesn't happen."}, {"type": "sentence", "content": "The original Narcissus was a handsome youth who fell in love with his own reflection and died of starvation. Echo, the nymph who loved him, could only parrot his words and also pined away without ever being acknowledged by the man she loved."}, {"type": "sentence", "content": "This famous Greek myth serves as a reminder of the dangers of trying to relate to a narcissist. They are too busy looking into the mirror to notice us."}, {"type": "sentence", "content": "Mirrors are important in thinking about narcissism because they symbolise the basic deficit of the narcissist. Narcissists just don't have a healthy relationship to themselves to provide them with grounding and stability. They rely on feedback from the environment for their self-image. So the reflection tells them that they exist and helps define them. Without it, they don't know who they are."}, {"type": "sentence", "content": "Narcissists generally won't have received adequate mirroring in childhood, and so have trouble providing it to others. The cycle perpetuates itself with intergenerational trauma."}, {"type": "sentence", "content": "MIRRORING"}, {"type": "sentence", "content": "Mirroring is an important early experience that allows us to feel seen and understood. As infants, we don't understand ourselves or the world, we just \"are\"."}, {"type": "sentence", "content": "Our attachment relationships teach us about our unfolding experiences of life, providing containment, soothing, attunement, and later on, language. If our caregivers aren't available to mirror us, it has serious implications for our emotional health. In early development we find ourselves through others, learning about our experiences and our self through bonding relationships. We rely on our parents to help us learn and grow."}, {"type": "sentence", "content": "Parents who are \"good-enough\" will attune to us, providing acceptance and understanding so that we can organise our experiences, and learn to self-soothe. If we are left too often to manage our own states by neglectful parents, toxic stress levels will change our brain chemistry and we might grow up seeing the world as fundamentally hostile."}, {"type": "sentence", "content": "EYE CONTACT & MIRRORING"}, {"type": "sentence", "content": "NARCISSISTIC MOTHERS & MIRRORING"}, {"type": "sentence", "content": "Jenny was a warm, generous, intelligent and empathic woman who grew up with a narcissistic mother. Although successful in her chosen profession and happily married, when it came to her family, she was constantly caught off balance. Whenever she had a conversation with her mother, she was left triggered, distressed and deeply confused."}, {"type": "sentence", "content": "Jenny's mother Belinda was extremely narcissistic and required those around her to prop her up by agreeing, pandering, supporting, flattering and admiring. In others words, the role of everyone in this dysfunctional family was to provide Belinda with a continuous pipeline of narcissistic supplies. And when she didn't get it, she became difficult. Angry, withholding, sullen, argumentative, adversarial and sometimes aggressive."}, {"type": "sentence", "content": "Of course, we all like to get what we want. But for Jenny's family, being around Belinda was like walking on eggshells trying to appease a tyrant. Some survived by becoming enablers, allowing Belinda to dominate them so they could \"have a quiet life\". Others had been so damaged by the developmental trauma of being raised by a narcissist, they had forgotten who they were."}, {"type": "sentence", "content": "Jenny was a truth teller who wasn't prepared to give up reality just to please her mother. Something inside her was strong enough to affirm that black is not white and that not everyone thinks alike. But surviving the narcissistic crucible had come at a huge psychological cost. Her sense of self was so fragile that she regularly unravelled, becoming anxious and self-effacing, swinging like a pendulum between conflicting views."}, {"type": "sentence", "content": "Jenny had never been mirrored. She had never experienced the soothing, life affirming embrace of someone who has our best interests at heart and can allow us to discover who we are. Jenny's mother was too preoccupied with seeking support for her own unmirrored self to provide her daughter with mirroring."}, {"type": "sentence", "content": "Narcissistic parents are on the whole, emotionally unavailable to their children. Their own trauma histories prevent them from accessing the empathy and attunement needed to parent well."}, {"type": "sentence", "content": "Jenny's experiences with her narcissistic mother had left her with an inadequate sense of self. She had been taught to ignore her own senses and to meet her mother's needs, because these were the (unconscious) terms under which Belinda offered relationship. Hard-wired to attach, babies with narcissistic mothers have no choice but to adapt to the parenting they receive. And that generally means losing touch with their authentic selves, and their own needs."}, {"type": "sentence", "content": "The unconscious message from a narcissistic mother is that you (as an autonomous being) are unimportant and that you must meet the needs of others to have any worth. This message underwrites the worldview of survivors, haunting their lives and relationships well into adulthood."}, {"type": "sentence", "content": "In his book on traumatic narcissism, psychotherapist Daniel Shaw describes the trauma of lack of recognition in childhood that lies at the heart of pathological narcissism. As Shaw points out, we need to have experienced understanding, appreciation and attunement in early childhood to understand and appreciate others as subjects in their own right."}, {"type": "sentence", "content": "A mother who is narcissistic will not have received this mirroring and so will be unable to offer it to her children. Narcissistic mothers create narcissistic wounds in their children and without therapy, the trauma will be passed onto the next generation."}, {"type": "sentence", "content": "Without mirroring and attunement in childhood, we can never develop a strong and healthy sense of self. And without a strong sense of self, life can be difficult and painful. For Sally and other survivors of narcissistic parenting, it's a long road to rebuilding a strong relationship to self. Therapy can help repair some of the wounds and help us learn the self-awareness needed for post-traumatic growth."}, {"type": "sentence", "content": "Download my free ebook here:"}, {"type": "image", "content": "https://miro.medium.com/max/364/1*ZxG5b8o99ynD9XNkLiU4tw.png"}], "topic": "mental-health", "uuid": "fc1e9ce669f9cad8af06035fb9191b2e6c6f080fa2a903b2f6dd6543", "link": "https://medium.com/invisible-illness/the-sad-truth-about-narcissism-and-mirroring-d1088b66bdab"}