{"title": "Is the customer 5G-ready?", "data": [{"type": "subtitle", "content": "We are at the crux of \"disruptive technology\" and \"the new normal.\" How do we make sure that people are ready?"}, {"type": "sentence", "content": "This story isn't really about 5G nor is it about a real company. It is about math."}, {"type": "sentence", "content": "It is also about something human."}, {"type": "sentence", "content": "I was sitting in a meeting with Corp. We were discussing 5G. Corp is not actually named Corp, and we were not actually talking about 5G. It was all online, so naturally I had on a nice shirt and hoping that people would then extrapolate that to mean I had on nice pants too. I was in sweatpants and barefoot. Corp is headquartered in Silicon Valley so the nice shirt was probably not necessary. Business attire usually tends to mean hoodie in San Fransisco."}, {"type": "sentence", "content": "\"Are our users 5G-ready?\" Franklin is a director at Corp. On the screen he seems tall and dark haired. His home office has a really nice looking paneled ceiling far above his head. A little paper weight Corp Logo can be seen on his desk. Franklin is not his real name. He reports up to Chris, who is also on the call."}, {"type": "sentence", "content": "\"Do the users even know what 5G-ready means?\" Chris is a VP and an equally tall, Asian woman. Chris is not her real name. She is in a stark white room, with eye popping, saturated, furniture. Chris runs a team of people who all have PhD's. This detail is true."}, {"type": "sentence", "content": "They have been busy developing 5G. Lately they have been collecting every statistic imaginable about their 5G-ready users. Soon they might consider collecting statistics on some people who are not 5G-ready."}, {"type": "image", "content": "https://miro.medium.com/max/1000/1*CrLMIUSu3WwJMTpBWFTR1A.gif"}, {"type": "sentence", "content": "5G is a very smart thing. It is a technology that, according to Corp, is going to change how people live. As of May 2020, we are expecting a lot of these technologies: AI, virtual reality, wearable screens, super flat laptops, robots, etc. Also COVID-19 is happening. The entire world is figuring out \"The New Normal.\" This is also a very smart thing, just like 5G."}, {"type": "sentence", "content": "The point is that there are many 5G's and if you work anywhere near technology, then you most likely have a 5G too."}, {"type": "sentence", "content": "\"Are the users 5G-ready?\""}, {"type": "sentence", "content": "\"Do the users even know what 5G-ready means?\""}, {"type": "sentence", "content": "The real answer is \"probably not.\" My guess is that Chris and Franklin would be hardpressed to find a human being who is exactly 5G-ready, the way they are defining it. In fact the team of PhD's admitted to having problems finding these users."}, {"type": "sentence", "content": "For the rest of the meeting Chris and Franklin discussed how to make a \"white glove service.\" It'll help users \"setup\" and \"onboard\" and \"go online.\" If you are to put 5G into a nice box and correctly guide people how to use it, then you could ensure that the users will be 5G-ready. Everything will be fine."}, {"type": "image", "content": "https://miro.medium.com/max/2788/1*VmNLQKuJtdZhN0X-_jsQ_Q.jpeg"}, {"type": "sentence", "content": "This is a trap. Everything will not be fine."}, {"type": "sentence", "content": "Let's pretend that somewhere exists a small kid. They had just started to read Fox in Socks by Dr. Seuss."}, {"type": "image", "content": "https://miro.medium.com/max/3670/1*_yRQwFqxvK7qT5E0r8iS2A.jpeg"}, {"type": "sentence", "content": "Then you said. \"Listen kid, I see you like to read. You have to check out Lord of The Rings. Game changer. It's like Fox in Socks 2.0.\""}, {"type": "image", "content": "https://miro.medium.com/max/3564/1*6WGZ3p9NYFlKXUrP1S2rNw.jpeg"}, {"type": "sentence", "content": "This is a pretty big gap."}, {"type": "image", "content": "https://miro.medium.com/max/3600/1*fk4TA0ALz7Jv9TCE5D680w.jpeg"}, {"type": "sentence", "content": "The kid is going to have to learn a lot before they are going to enjoy Lord of The Rings. They need to go to school and it will take some time."}, {"type": "image", "content": "https://miro.medium.com/max/3642/1*430zZNxvWdKtJ2BebPDbJw.jpeg"}, {"type": "sentence", "content": "Schools do something really clever. They don't just teach the kid how to read. They also use a special ruler, which they made with the help of Georg Rasch. In the 60's, Georg, a Danish mathematician, made this model where you could analyze how a person acts based on the persons abilities, attitudes, personality traits, as well as the difficulty of the action."}, {"type": "sentence", "content": "What this meant for schools is that they could make tests that keep increasing in difficulty which measure if a kid is ahead of the class or being left behind and by how much. It's like a special ruler they periodically use to measure if the kid is developing as expected towards Lord of the Rings."}, {"type": "image", "content": "https://miro.medium.com/max/3550/1*H2JDhiWIRH5sLZ21aQL7Yg.jpeg"}, {"type": "sentence", "content": "Here is the best part. If the kid is left behind, like if they are in Grade 4 but are only getting the hang of reading, then the teachers can change the rest of the ruler for that one kid. That's the entire point of the Rasch Model. You measure, see why they are where they are, then adjust."}, {"type": "image", "content": "https://miro.medium.com/max/3656/1*GU4fXB0IkLC2S-MuPc5yJA.jpeg"}, {"type": "sentence", "content": "The power of this is that teachers can ensure the kid is LoTR-ready. It won't happen overnight. Teachers could put the kid on the right track and help the kid adjust when they face any barriers. Thank you Georg Rasch."}, {"type": "sentence", "content": "LoTR-ready is a metaphor for being 5G-ready which is a metaphor for being prepared for any disruptive technology. If Corp finds that users are not 5G-ready and do not know what it means, then this is something Corp could do."}, {"type": "sentence", "content": "When it comes to implementing Rasch Models for Corp, things aren't so clear cut. The first requirement is that everyone must be absolutely crystal clear on what the end goal is. The special ruler helps get people to a certain ideal goal, but that goal better be really well defined."}, {"type": "sentence", "content": "The second requirement is to deeply understand what factors affect a persons progress towards being ready, and also what is important to the person. Access to internet is a factor for Corp's 5G-readiness, but is that feasible or important to the person? Understanding these particulars will help you to adjust the ruler and pull the person along towards being 5G-ready."}, {"type": "sentence", "content": "Only then will a Rasch Model work. Simply put, the special ruler turns qualitative data that you collect into quantitative numbers which you can use. It is a plan that helps people get from where they are to where you want them to go. Even if they mess up along the way."}, {"type": "sentence", "content": "\"Are the users 5G-ready?\""}, {"type": "sentence", "content": "\"Do the users even know what 5G-ready means?\""}, {"type": "sentence", "content": "Probably not. But if you understand what 5G-ready is, and you understand the users, and you make a special ruler for them, and a plan, then it doesn't matter if they are or not. They will be. Thanks to you and Georg."}, {"type": "sentence", "content": "Everything will be fine."}, {"type": "image", "content": "https://miro.medium.com/max/1000/1*yRoHngZWoPJ99EcJbylohA.jpeg"}, {"type": "sentence", "content": "There is a separate discussion about bias and whether being 5G-ready is ethically good in some cases, but we not going to get into that. Yet."}, {"type": "sentence", "content": "In 2020, COVID-19 is an issue. The buzzword of the day is \"The New Normal.\" It is still a little ambiguous as to what that means for everyone. Some schools are going to be conducting video calls until next year. Other schools are going to try a day at school, day at home approach. Every country, industry, and community have their own \"New Normal's\" that people must be ready for. Going back to the old way of life is not really possible. COVID-19 has put a permanent asterisk in the way people live."}, {"type": "sentence", "content": "There are also many people who are protesting in the streets about quarantine and mandatory mask laws that have been put into place. They are not New Normal-ready and by all accounts it seems like they do not want to be. Putting \"New Normal\" into a pretty box and telling them to be \"New Normal\"-ready would most likely backfire."}, {"type": "sentence", "content": "A person who is already restructuring their lives for the future has a special ruler. A protestor's special ruler for getting to the New Normal is different. We can create those rulers and make sure that everyone becomes 5G-ready together."}, {"type": "sentence", "content": "The entire point is to help people get to an ideal future. Not mindlessly but with a plan."}], "topic": "leadership", "uuid": "fd5fda6520610e1e5053bae9bad4fa71d05c9c65b72f0e1c9abbd4a1", "link": "https://medium.com/getsalt/is-the-customer-5g-ready-afe6cac25815"}