{"title": "Reduce, Reuse, Regenerate: Meaningful Climate Action", "data": [{"type": "sentence", "content": "Delivered on Fridays, B The Change Weekly delivers the most important and most relevant stories about people using business as a force for good. The newsletter features a weekly note from the B The Change team alongside insight and context on the stories we share here on Medium. Below is our latest roundup. To receive these insights directly in your inbox, sign up for B The Change Weekly today. Now on to the good stuff:"}, {"type": "sentence", "content": "Doing business better means going beyond what's expected, stepping outside the norms, and seeking improvements. For Certified B Corporations taking climate action and addressing climate justice, this can include regenerative practices and circular systems that follow nature's lead to enhance our environment and eliminate waste - strategies that require collaboration and connection."}, {"type": "sentence", "content": "These strategies also reveal the interdependent power found in the B Corp community. By expecting their suppliers and partners to also operate transparently and in ways that benefit their own stakeholders, B Corps forge strong supply chain connections and expand the circle of companies operating with positive impact. As this week's featured articles show, it's a mindset that more customers are seeking and more companies are pursuing."}, {"type": "subtitle", "content": "B Corps Tackling the Climate Crisis with Regenerative Agriculture"}, {"type": "sentence", "content": "Businesses aiming to help reverse climate change realize they must go beyond sustainability to create long-term solutions. One option with strong potential is regenerative agriculture, which presents opportunities to create benefits for multiple stakeholders, from the environment to communities to workers. Check out these examples of B Corps that are tackling the climate crisis by working with suppliers to encourage and support regenerative practices (and find more examples on this list of 10 regenerative products and services from B Corps)."}, {"type": "subtitle", "content": "Young People Want Brands to Empower Action on Climate Change"}, {"type": "sentence", "content": "In a recent study, B Corp BBMG and GlobeScan found that people 30 and younger are more aware of the impact of our lifestyles and expect companies to transition to an additive, regenerative way of doing business. They suggest that businesses looking to encourage collective action on the climate crisis should shun guilt trips and instead work with customers - especially those in this younger age group - to shape solutions."}, {"type": "subtitle", "content": "Enabling Economic Growth While Minimizing Resource Use"}, {"type": "sentence", "content": "As climate change, waste, and resource scarcity become increasingly urgent challenges, the circular economy concept is gaining attention for its promise of minimizing environmental impact while also creating financial gains. This article from B Corp Network for Business Sustainability provides the basics on a circular economy and what it will take for companies to make the transition to recovering and reusing resources while reducing waste."}, {"type": "subtitle", "content": "Stay in the Know"}, {"type": "sentence", "content": "Here's your chance to catch up on recent articles:"}, {"type": "sentence", "content": "B The Change gathers and shares the voices from within the movement of people using business as a force for good and the community of Certified B Corporations. The opinions expressed do not necessarily reflect those of the nonprofit B Lab."}], "topic": "business", "uuid": "030751c078dfff054385f7b22bfb06a74f2e7723897d649b06b0043d", "link": "https://bthechange.com/reduce-reuse-regenerate-meaningful-climate-action-e80de97c2449"}