{"title": "What Is 'Cheugy'? You Know It When You See It.", "data": [{"type": "image", "content": "https://miro.medium.com/max/1500/1*ML9RiGoy2pzdi-zcca4MSQ.jpeg"}, {"type": "sentence", "content": "By Taylor Lorenz"}, {"type": "sentence", "content": "\"OK TikTok, I have a new word for you that my friends and I use that you clearly are all in need of,\" Hallie Cain, 24, a copywriter in Los Angeles says in a TikTok posted March 30."}], "topic": "social-media", "uuid": "05085c877fafdee186d10163cd1b0e0ba8b4a789235985dc1aa256a0", "link": "https://medium.com/the-new-york-times/what-is-cheugy-you-know-it-when-you-see-it-d6713d2727c5"}