{"title": "Apple Trial Threatens to Reveal App Store's Commission Bounty", "data": [{"type": "sentence", "content": "By Malathi Nayak and Mark Gurman"}, {"type": "sentence", "content": "Apple Inc.'s App Store has long been touted as a growth engine. Now, the world's most valuable company is fighting in U.S. court to not reveal in public just how..."}], "topic": "business", "uuid": "07a5ff6f10d7045ab961689acfd6d057e8d920809e394156456b77ab", "link": "https://medium.com/bloomberg/apple-trial-threatens-to-reveal-app-stores-commission-bounty-ac3dab4c873"}