{"title": "I Me Mein", "data": [{"type": "image", "content": "https://miro.medium.com/max/2000/1*TOJ_GkQ-j-8Sjzlcv9IKTA.jpeg"}, {"type": "sentence", "content": "After speaking with five designers, three friends who had recently gone through the ordeal, reading no fewer than fifteen Yelp reviews per each seven parlors, pestering two people who had stepped out for a smoke break from each of the respective seven parlors, and contemplating six iterations..."}], "topic": "fiction", "uuid": "08aa1ea80f74830dba09196018a89457d520241426ba57a28b1f4908", "link": "https://tylekurner38.medium.com/i-me-mein-c00b3d2b4034"}