{"title": "What I Had Wrong About Burnout", "data": [{"type": "image", "content": "https://miro.medium.com/max/2046/1*6FBkq6_a1tphTbr6uZrSFg.jpeg"}, {"type": "sentence", "content": "I've felt burnt out plenty of times. Having a creative career and a demanding schedule means I inevitably crash every couple of months. I find myself totally out of energy and at a complete loss for story ideas or inspiration. \"I need a break,\" I'll tell my friends. \"I'm burnt out.\""}, {"type": "sentence", "content": "Recently, while reporting a story on the science-based metric used to actually measure burnout for BBC's Worklife, I realized I've been using the term all wrong, and what I've been experiencing isn't really burnout. As you'll read in that piece, real burnout has three major criteria, and I only meet one - exhaustion. So while the part about me needing a break is true, it turns out I'm not actually burnt out at all."}, {"type": "sentence", "content": "This was a watershed moment for me, and it made a huge and immediate difference. Hearing that I wasn't burnt out - not clinically, anyway - was restorative. Realizing I didn't meet the other criteria (I'm not cynical about my job or ineffectual at it) made me consider all the things I enjoy about my work, and made me feel reenergized. In short, being told I wasn't burnt out was enough to make me stop feeling burnt out."}, {"type": "sentence", "content": "Ultimately, it's a lesson in the power of positive thinking. That may sound cheesy, but it really does have power. A number of studies have found that a positive outlook has significant health benefits, including lower rates of depression, better cardiovascular health, better coping skills, and even higher resistance to the common cold."}, {"type": "sentence", "content": "In fact, thinking positively can physically change the makeup of your cells. In 2009, Dr. Elizabeth Blackburn of the University of California-San Francisco won a Nobel prize for her study of how our mental state impacts the length of our telomeres; bits of DNA at the end of our chromosomes."}, {"type": "sentence", "content": "The longer the telomere, the more healthy the cell: they shorten each time a cell divides, and when they get too short, the cells die. Short telomeres cause accelerated aging and all kinds of issues in systems throughout the body. As it turns out, stress, pessimism and cynicism - not unlike the feelings that accompany burnout - shorten our telomeres."}, {"type": "sentence", "content": "But reduced stress and increased feelings of well being can help telomeres lengthen, and that can help keep us healthier both mentally and physically. A surefire way to reduce stress is to think positively, and that can start by realizing you're not actually burnt out."}, {"type": "sentence", "content": "It's a small distinction - the difference between feeling burnt out and actually being burnt out, according to the metrics used to measure such things - but it can be a push to shift your thinking toward the positive. Suddenly, rather than feeling like you've hit the wall, you may find yourself feeling able to scramble up and over it."}], "topic": "mental-health", "uuid": "0a008a3fb7bd763ef5abaeb584ec48b3a38b9e562390286b6d7f6497", "link": "https://bykatemorgan.medium.com/what-i-had-wrong-about-burnout-e4e4b9f8d2aa"}