{"title": "Two Letters And A Goblin", "data": [{"type": "sentence", "content": "It was about ten minutes into the lunch break. The classroom was empty; everyone was on the playground. Tables had been pushed away and some backpacks had fallen to the floor in the frenzy of rushing out. I had dawdled and was just about to go and join my friends at throw-ball when Mads walked in looking angry."}, {"type": "sentence", "content": "\"What happened?\" I said."}, {"type": "sentence", "content": "\"Don't ask! You know what that Robbie did?\" Mads said."}, {"type": "sentence", "content": "\"Who?\" I asked, my mind momentarily blank. I had been thinking of other things."}, {"type": "sentence", "content": "\"That guy Robbie! Sits in the first row. Thick glasses. You know him! He's the guy they all call 'hammer'.\""}, {"type": "sentence", "content": "\"Oh yes! Robbie. Right. What did he do?\""}, {"type": "sentence", "content": "\"He wrote a letter to Penny.\""}, {"type": "sentence", "content": "\"What!\" I said. Penny was Mads's cousin, younger than us by a year. \"What kind of letter?\""}, {"type": "sentence", "content": "\"What do you mean what kind of letter? You know what kind of letter. But that's not the end of it. He wrote one to Paula too.\""}, {"type": "sentence", "content": "\"What?? You mean, today? Both today?\" I was on the verge of a giggling fit. They seemed to overtake me at the most awkward moments, when the Science teacher was talking about the next lab experiment, or the English teacher had asked a boy from the front row to read something from the textbook, and he was reading so fast it sounded like a landslide. Sue, my other best friend, had the same problem. We had been ticked off many times, but we couldn't seem to manage to control it."}, {"type": "sentence", "content": "\"Yes! Both today. Can you imagine his nerve? Paula is crying on the playground, and Penny says she's going to complain to Mrs. T.\" Mrs. T was the English teacher."}, {"type": "sentence", "content": "\"Poor thing. Getting a letter from Robbie! That silly guy! Why can't he pick someone his own size?\" Robbie was one of the smallest in our class. Even we, the girls, were taller than him at that time. Mads was about Robbie's height, but she insisted she was two fingers taller than him. The rest of us didn't think so, but we never told her that."}, {"type": "sentence", "content": "\"So, what did he say in the letters?\" I asked."}, {"type": "sentence", "content": "\"Well, Penny showed me hers. He wrote some rubbish about love at first sight and drew some red hearts across the page.\"\"He actually handed it to her on the playground?\""}, {"type": "sentence", "content": "\"Yes, I think he gave it to Penny first, and when she said no, he gave the other one to Paula.\""}, {"type": "sentence", "content": "\"Why Paula?\" I asked. \"Doesn't he know about Aston?\" Aston was our immediate senior, in the tenth grade and Paula, who was only in the seventh, supposedly had a huge thing for him. The whole school knew about it. Of course, Aston was the best-looking guy in the school. Unfortunately, he was aware of it."}, {"type": "sentence", "content": "\"I don't know.\" Mads was not very fond of the tenth grade."}, {"type": "sentence", "content": "\"Let's talk to him, ask him what this is about. No,\" I said reconsidering, \"actually let's send someone else to talk to him.\"\"I did that already. I talked to him myself.\""}, {"type": "sentence", "content": "I was a little relieved. I wanted to get out on the playground and join my friends. Still, there was the curiosity factor. \"So, what did he say?\"\"He is stubborn about it. Says he loves them both. The nerve of that guy!\""}, {"type": "sentence", "content": "\"That sounds so ridiculous! Anyway, I guess we've done what we could. If Penny complains, maybe Mrs. T will do something about it.\""}, {"type": "sentence", "content": "\"What do you mean, we've done everything? We should go and talk to Mrs. T. We should ask her to make him take it back, everything he said, and apologize to them both.\""}, {"type": "sentence", "content": "There goes the whole day, I thought. Down the drain. Mads was always doing this. Picking up causes to champion. At least that's what she thought she was doing. The rest of us just saw it as interference. But she was my best friend, and as long as she wasn't interfering with my life - which she often did - I would go along with it."}, {"type": "sentence", "content": "However, I still tried to resist. After all, the whole day was at stake. I had things to think about and didn't want to throw the day away on this mindless game of right and wrong."}, {"type": "sentence", "content": "\"But what will we tell her? And what if she decides to talk to Robbie's grandfather?\" Robbie lived with his grandfather. We didn't know where his parents were; we assumed they were dead."}, {"type": "sentence", "content": "\"I think he should know about it, don't you? If he's so much in love with them, he should be accountable for what he did.\""}, {"type": "sentence", "content": "\"Yeah, I guess you're right.\" Mads was our moral representative. I wasn't sure what I felt at that point. I still had a strong urge to giggle, but I knew somehow that it would be wrong."}, {"type": "sentence", "content": "When we reached Mrs. T's office, the door was shut. We knocked. At the 'Come In', I said I would wait outside and Mads went in. She came out in about four minutes looking pleased. \"She said she would talk to him\"."}, {"type": "sentence", "content": "\"Great!\" I said. \"Let's go to the playground then.\""}, {"type": "sentence", "content": "\"Yeah,\" Mads said. \"We have to tell Robbie that Mrs. T wants to speak to him.\" She was almost gloating."}, {"type": "sentence", "content": "We reached the playground, and I went over to the throw-ball court to practice my serve. For the rest of the break, I forgot about the Robbie incident. I was concentrating on the trajectory of the melon-sized ball, covered in the reddish dust typical of the hills around my school. The day was hot, and the sun glinted on top of the big yellow-brown rocks on the far side of the field; the rocks were used as seats by students when a match was being played on court."}, {"type": "sentence", "content": "On the other end of the field, near the fence, the boys played football and younger students periodically shrieked as they attempted to long jump into the sandpit. A striped green bus rolled by leisurely on the dark black, freshly tarred road. I thought I saw someone get off the bus and walk toward the school gate, and it distracted me for an instant. My serve went into the net twice in succession, and I got glares from my team, besides losing my serve to the other side."}, {"type": "sentence", "content": "The bell rang and we trooped back, talking about the probable finalists for the big match with the neighboring school. When we reached the steps leading up to the classrooms, I caught sight of Mrs. T and Robbie talking near the row of steel faucets outside the kindergarten room. I beckoned to Mads, and we both hung back at the top of the steps where we could hear them but could not be seen because of the whitewashed wall framing the staircase."}, {"type": "sentence", "content": "\"Mm-hmm. So, what did they say?\" Mrs. T was asking Robbie."}, {"type": "sentence", "content": "\"They both said no, ma'am,\" Robbie said."}, {"type": "sentence", "content": "\"Ok, so they don't think of you like that. Just forget it and move on. It's just a phase. You'll outgrow it in no time. Ok? Now, tell me. How is your grandfather?\""}, {"type": "sentence", "content": "\"He is fine now, ma'am.\""}, {"type": "sentence", "content": "\"Give him my regards. Now go to class.\""}, {"type": "sentence", "content": "Robbie ran up the steps toward us and scampered up to class, not meeting our eyes. I looked at Mads. She seemed to be gritting her teeth; her normally thick lips had ironed themselves out into a thin line. She looked almost like a small goblin in her blue uniform with her narrow ferret-like face and thin straw-like black pigtails."}, {"type": "sentence", "content": "\"That's it?\" she said. Her regard for Mrs. T seemed to have dropped a notch. \"That's it? She didn't take him to the principal, didn't complain to his grandfather; she didn't even scold him! This is not proper! I should have known! What can you expect of someone who always sides with those horrible tenth-grade boys! That woman! She . . .\""}, {"type": "sentence", "content": "I began tuning her out. She would be going on for a while like this. I wished I were somewhere far away. I envied Sue, who had not come to school today. I wished she were here, and I could talk to her. There had always been a special kinship between Sue and me, which I had never shared with Mads."}, {"type": "sentence", "content": "I was feeling something bordering on distaste for Mads. Why did she think she had to be everyone's guardian? Why couldn't she just mind her own business? Why did everyone always have to listen to her?"}, {"type": "sentence", "content": "Suddenly I felt claustrophobic. I had to get away from Mads, from her steady spewing of outraged righteousness. I almost felt bad for Mrs. T and Robbie, caught in the crosshairs of Mads' just cause."}, {"type": "sentence", "content": "There was a hot fountain of irritation rising from my stomach, throwing me into dark dumbness. I couldn't say anything to Mads. Best-friendship was a commitment not to be taken lightly, and uncomplimentary thoughts were to be buried forever."}, {"type": "sentence", "content": "\"I am going to class,\" I said and ran upstairs. She entered the class a minute after me. The geography teacher was talking about ores in India. I looked out of the window at the road below. Another bus was making its way up the slope of the road toward the school. Soon, geography, Mads, Robbie, Mrs. T, Penny and Paula all melted away into the hot jet-black, freshly tarred surface of the road winding away into the hills."}, {"type": "sentence", "content": ""}, {"type": "sentence", "content": ""}], "topic": "fiction", "uuid": "0a481e0fe751e340ff17175e8d0a457b9f3c970f4b4064ed8e85e518", "link": "https://medium.com/the-lark/two-letters-and-a-goblin-4d740d8b4b63"}