{"title": "How to Emotionally Reconnect With People", "data": [{"type": "image", "content": "https://miro.medium.com/max/10944/0*E-2ihjh2l4o00-YW"}, {"type": "sentence", "content": "Quality connections are hard to come by... especially during the pandemic and with social distancing. But even in the Before Times, genuine, lasting connections seemed elusive."}, {"type": "sentence", "content": "But why?"}, {"type": "sentence", "content": "Part of the problem may include the addictive nature of smartphones and social media. During the pandemic, these devices are a lifeline to our friends and loved ones. But in non-pandemic times, being glued to our screens and devices is more of a boon for marketers and advertisers than it is for the quality of our relationships."}, {"type": "sentence", "content": "Then there's the chronic stresses and anxieties we face. It often feels impossible to manage all of the things coming at us. We seem to have a never-ending to do list. And the pandemic has increased this stress and anxiety to an existential level. So many of us move through our days chronically stressed and preoccupied with our own thoughts and worries, making us unable to really listen to each other for long."}, {"type": "sentence", "content": "So what can we do?"}, {"type": "sentence", "content": "We each can work on the almost lost art of tuning in to each other, especially to the people in our vicinity, but even to people we communicate with these days only by phone, FaceTime, or Zoom. The key to this is \"attunement\": The ability to be aware of our own state of mind and body while also tuning in and connecting to another person. Attunement is the ability to \"make contact\" with someone, not only at a thought level, but at a gut and emotional level, too. It's being able to stay in tune and in sync with both the feelings of others and one's own feelings, not just in a single moment of understanding or empathy, but over time, during the unpredictable twists and turns of an interaction."}, {"type": "sentence", "content": "Highly attuned connections come in many forms. Imagine two friends in a conversation that's flowing really well, with both friends feeling really heard and understood. Or think about two musicians playing a duet, listening to each other attentively, moving together, emotionally in sync. Or picture two basketball teammates on a fast break down the court, always aware of each other and the opposing players in this rapidly changing situation, able to make a well-timed pass and dunk."}, {"type": "sentence", "content": "Attunement is what makes you feel like you've genuinely connected with someone. It's the \"juice,\" the secret sauce that makes an interaction or a relationship feel alive. When you feel chemistry with someone, that probably starts with some sort of mutual attraction (as friends or romantically), but a lot of what grows and sustains that chemistry is attunement."}, {"type": "sentence", "content": "This kind of elevated connection is complex, a bit mysterious, and may seem beyond our ability to fully understand. But neuroscience research is starting to give us some insights, showing us that when two people are highly attuned during a live, face-to-face interaction, the rhythms of their electrical brain waves synchronize. They are literally in sync with each other at the level of their brain physiology. A study published this year by Suzanne Dikker and colleagues used a \"crowdsourcing neuroscience\" approach to reveal how in sync we really can become. Over a period of five years, the research team invited thousands of people visiting museums or festivals to participate in the study. Pairs of participants with varying levels of familiarity with each other had a 10-minute, face-to-face conversation while the brain waves of each of them were measured, using a technique called an electroencephalogram (EEG). The researchers found that the degree of engagement and mutual attention to each other - what we would call the degree of attunement - predicted the extent of synchronization in their brain electrical activity. The more attuned and in sync the interaction felt, the more synchronous the pair's brain activity. But on the flip side, the more distracted that people were from each other, the less synchronous their brain activity. In addition to distraction, there's evidence from other studies that stress can disrupt brain synchrony too."}, {"type": "sentence", "content": "Attunement is the most needed, and most neglected, human capacity these days. It's a capacity that most of us have experienced in our lives, but it's gotten quite rusty over recent years, especially during the pandemic. Without it, we can't make those genuine, lasting connections that we really need. Ramping up the attunement, at least a bit, could really help us feel more meaningfully connected to the people in our lives."}, {"type": "sentence", "content": "Here's a few steps you can try in your next interaction with someone to increase your attunement:"}, {"type": "sentence", "content": "These tips may sound simple, but there's a lot to them, and practice will help. In our book, Missing Each Other: How to Cultivate Meaningful Connections, we go into more detail on exercises to help you develop attunement. Follow us on Medium as we continue exploring the science and practice of attunement."}], "topic": "neuroscience", "uuid": "0d0975b1fffabca25afe54dffb350570164df725e31679c5a5421846", "link": "https://forge.medium.com/how-to-emotionally-reconnect-with-people-5f504ad4b10c"}