{"title": "Designing a business, business of design, and design and business.", "data": [{"type": "sentence", "content": "Mouthful of a title, isn't it? I'll admit, I've never used the word \"business\" in thought or writing as many times as I will in this article. This new love for the business world can be attributed to d.MBA, a 6 week bootcamp I recently wrapped up."}, {"type": "sentence", "content": "This was a question I was asked a few months ago by a colleague. I stood there, really, REALLY turning the cogs, trying to churn up a sensible answer. When I did finally get around to it, I went the route of explaining what design is - a rookie mistake."}, {"type": "sentence", "content": "Propagating the value of a field I've studied and worked in for over a decade is a knee-jerk reaction. This fact should've made itself obvious early on- the impact is more important than the details. Scientists all around the planet have been espousing this philosophy for decades - they've focused on communicating or showing the impact instead of why physics or biology are important."}, {"type": "sentence", "content": "Recognizing this error was a step in the right direction. However, I found myself in rather murky waters when I began exploring how to communicate the business value of design. Enter d.MBA - a program that teaches business design, while leveraging design thinking tools I was already adept at. It didn't take a lot of pondering to come to the obvious conclusion- apply to the program."}, {"type": "sentence", "content": "So I did. In my application, I'd listed a skill gap- \"Learning to monitor metrics along with measuring the impact of design decisions are a weakness of mine, and a barrier to my workplace fully appreciating the benefits of user experience design.\""}, {"type": "sentence", "content": "\"The impact of design decisions\" - this is where the action is at. Working in an organization that hadn't heard of human centered design brought a lot of challenges, some of which are still persisting 3 years later. However, most of these challenges have been secondary to the primary challenge- establishing ROI in design. I became adept at telling stories with usage, click, active visitors, funnels, paths, all the typical UX data sets. Tying this to business goals remained an elusive connection to establish."}, {"type": "sentence", "content": "As I progressed through the course, I started seeing opportunities to apply the tools and methods to make the design teams' impact more visible. This manifested in a couple of different ways:"}, {"type": "subtitle", "content": "The Powers of (a 3 person) Design Team"}, {"type": "sentence", "content": "The newness of the design function means that I have to establish the value prop of design thinking at almost every step of the product development process. Needless to say, some critical misses have come about as a consequence of keeping design on the fringe."}, {"type": "sentence", "content": "Week 4 introduced tools that are going to help establish the ROI of design. Prototyping with numbers allows me to quantify design skills and tie them back to business revenue, profit, and loss. I'm yet to lay out a full spreadsheet of projections. However, I did leverage a simple sentence during a chat with the president of the company - \"We're paying $XXXXXX for super specialized employees, only to use XX% of their skills.\""}, {"type": "sentence", "content": "The immediate impact of this statement was very visible, not only on the presidents' face, but also how the product team was operating. We're now in the process of evaluating how we work, not only as a team, but also as a company."}, {"type": "subtitle", "content": "Deciding What's Next"}, {"type": "sentence", "content": "I was very familiar with competitive analysis and the benefit of keeping up with competitors. In week 01, the d.MBA expanded the concept by introducing \"Competitive Arena\"."}, {"type": "sentence", "content": "The biggest and most valuable difference between the two approaches is that the competitive arena builds on customer goals. They both analyze direct and indirect competition, but a simple competitive analysis rarely uses customer goals as a basis for identifying various business aspects and product offerings."}, {"type": "sentence", "content": "Competitive analyses are a quarterly activity for the design team. Developing business empathy alongside user empathy is the next step for my design team. For the upcoming quarter, I plan on expanding how we approach this analysis by including the arena. Not only will this help us adopt a future-forward mentality, it'll help us assume and maintain the end users' stance and consider our findings in that lens."}, {"type": "subtitle", "content": "Deciding Why It's Next"}, {"type": "sentence", "content": "Our company is a unique one- we don't employ product managers. We source ideas for improvements and new features from internal teams, as well as our user base. These ideas take the form of a \"pitch\", which are \"bet\" on by senior leaders as they have the best knowledge of the state of the business and market."}, {"type": "sentence", "content": "The downside of this approach has been that the pitches are written from a user and software development point of view. These typically contain very little monetary impact, or tie backs to business goals."}, {"type": "sentence", "content": "Weeks 1 and 2 introduced the concepts of business empathy and strategy. Since the company defines annual goals year after year, I plan to leverage these in pitches. Betting happens every 7 weeks, the next of which is coming up in a couple of weeks. Just as an A/B test, I'll be keeping an eye on how and why pitches were selected, and how many of these contained tie backs to business goals."}, {"type": "sentence", "content": "If you're curious about the inspiration behind our product development methodology, check out Shape Up by Ryan Singer."}, {"type": "sentence", "content": "I've now spent 6 weeks in the company of some stellar minds from all over the world. The course in itself brought forth many new concepts and tools I'm excited to apply to my work. The company made the journey even more fruitful than I anticipated."}, {"type": "sentence", "content": "As promised at the beginning of this course, I'm happy to report that spreadsheets are indeed my new favorite tool."}], "topic": "design", "uuid": "0d5f630d48b0888176569b73f01ca71907185e0a1172de7b6196daea", "link": "https://bootcamp.uxdesign.cc/designing-a-business-business-of-design-and-design-and-business-3554f922439a"}