{"title": "Millennials are getting screwed again by their 2nd housing crisis in 12 years", "data": [{"type": "sentence", "content": "Millennials are finally buying homes, but they're facing a historic housing shortage. It's their latest economic bad luck since the Great Recession."}, {"type": "sentence", "content": "By Hillary Hoffower"}, {"type": "sentence", "content": "America is running out of houses amid a historic housing shortage and record-high selling prices."}], "topic": "economy", "uuid": "0f42516f555d24e7759dc5519d73473090b9e6ca1f774c29c036ddde", "link": "https://medium.com/business-insider/millennials-face-their-2nd-housing-crisis-in-12-years-d726a0b4d378"}