{"title": "Marketing News in Brief - 30th April", "data": [{"type": "subtitle", "content": "NEWS IN BRIEF"}, {"type": "image", "content": "https://miro.medium.com/max/4480/1*zZYTGf9_NT1MPmOHn3Mjdw.png"}, {"type": "sentence", "content": "Snapchat has posted its latest performance update, showing solid increases in both usage and revenue throughout Q1 2021. I know, you may be genuinely wondering how marketers have been using the app in the past 3 months."}, {"type": "sentence", "content": "I genuinely have not been thinking about its potential (or lack thereof), yet Snapchat has been investing heavily in original content. This has been playing a key role in attracting new users more broadly and boosting in-app engagement."}, {"type": "sentence", "content": "Let's take, for example, the 20 million people watching the new series \"Ryan Doesn't Know\" starring Hollywood star Ryan Reynolds. If that is not a reason to re-download Snapchat, I do not know what is."}, {"type": "sentence", "content": "Yet, what's the world's favourite social platform? WhatsApp. Yeah, I know."}, {"type": "subtitle", "content": "\ud83d\udce3 Facebook at the forefront of the creator economy"}, {"type": "sentence", "content": "As shared by Mark Zuckerberg in a live-stream chat with Instagram chief Adam Mosseri, Facebook is planning to add more tools to help Instagram creators earn money from their efforts. This included creator shops, new Branded Content promotional deal frameworks, and an improved influencer marketplace to connect users and brands."}, {"type": "sentence", "content": "The chat also dives deep into the evolving creator economy, and Facebook's efforts to establish a more welcoming process, particularly for the emerging \"creator middle class\"."}, {"type": "subtitle", "content": "\ud83d\udc4b NFL and Clubhouse join forces"}, {"type": "sentence", "content": "The NFL partnered with social audio app Clubhouse to offer exclusive live programming throughout the week of the NFL Draft. Starting this past week, the league began hosting a series of rooms in the invite-only app to give fans a preview of what to expect during the draft, which will be held April 29-May 1."}, {"type": "subtitle", "content": "\ud83d\ude31 Oops, Facebook did it again"}, {"type": "image", "content": "https://miro.medium.com/max/1780/1*xj17rt2YUlgmR0-Da6te5Q.png"}, {"type": "sentence", "content": "Facebook has released an official statement with the announcement of a range of new audio social options. This will be spread across its apps as it seeks to tap into audio marketing. Sounds like Deja Vu? Facebook is riding the Clubhouse-driven trend, starting with a set of new audio creation tools. This is fostering the introduction of a new format called 'Soundbites', which are described as \"short-form, creative audio clips for capturing anecdotes, jokes, moments of inspiration, poems\"."}, {"type": "subtitle", "content": "\ud83d\udcf2 How to tell better (LinkedIn) stories"}, {"type": "sentence", "content": "LinkedIn continues to see 'record engagement', with overall sessions up 29%, according to the latest performance update from parent company Microsoft. LinkedIn's also seeing steady growth in ad sales, in line with usage trends - yet, seems like a few features have still not won the users."}, {"type": "sentence", "content": "Stuck on how to use stories on LinkedIn? The platform is coming to the rescue with a new best practices guide for businesses. As per Linkedin"}, {"type": "subtitle", "content": "\ud83c\udf99 The future of audio marketing"}, {"type": "sentence", "content": "As the creator economy is not showing any slowing down, audio social is now looking to up its game with seriously monetization avenues for creators and brands alike. Spotify's purchase of Locker Room may provide a model for how brands will invest in newer formats. In the meantime, apps like Clubmarket are appearing providing handy alternatives for creators to make deals with brands and sponsors."}, {"type": "subtitle", "content": "\ud83d\udc26 Twitter is upping its game"}, {"type": "image", "content": "https://miro.medium.com/max/1400/1*fAVOuWkOFDlvn1TvEfK5uQ.png"}, {"type": "sentence", "content": "Twitter is quickly expanding its reach for businesses and creators alike. After previewing them at its recent Analyst Day overview, Twitter is now officially launching a live test of its new 'Professional Profiles', which will provide a new way for brands to present themselves on the platform, with dedicated tools and features aligned specifically with work use."}, {"type": "sentence", "content": "On the same day, Twitter showcased its initial plans for new 'Super Follow' and tipping options, which will provide tools for Twitter users to directly monetize their presence by offering locked, exclusive content to paying members."}], "topic": "marketing", "uuid": "0f50ff583739c0298f0ba3376d4597928d032734d5fbdf74f6e0d118", "link": "https://bettermarketing.pub/marketing-news-in-brief-30th-april-98a05aa376b1"}