{"title": "Ada Lovelace - World's First Programmer", "data": [{"type": "sentence", "content": "Computers have not always been so light and programming languages \u200b\u200bhave not always been so easy. Information technology has developed very rapidly in recent centuries - hundreds of enthusiasts have taken part in this, while the names of many are now practically unknown to anyone."}, {"type": "sentence", "content": "A very important hero for computer science is Ada Lovelace - the daughter of the English poet George Byron, who is considered the first programmer in the world."}, {"type": "image", "content": "https://miro.medium.com/max/834/1*C7NnNYsr4NRW30ycauXYYA.jpeg"}, {"type": "sentence", "content": "On December 10, 1815, a girl was born in the family of the famous English poet George Gordon Byron and Anna Isabella, Baroness Wentworth in London. I must say that Lord Byron was looking forward to the \"nice boy\" and was very disappointed when he was informed about the birth of his daughter."}, {"type": "sentence", "content": "At birth, the girl was given the name Augusta, in honor of Byron's sister, however, later, when her parents dispersed, she was called Ada."}, {"type": "sentence", "content": "Ada's parents separated when she was only five weeks old. Ada had to stay with her father - according to the rules of that time, in the event of a divorce, a man received full custody of his children, but in the case of the Byron family, everything turned out differently."}, {"type": "sentence", "content": "Lord Byron was not particularly eager to keep his daughter with him, and when his wife took the girl to her parents in Kirkby Mallory, he made no attempt to defend his parental rights."}, {"type": "sentence", "content": "As a result, Ada's relationship with her father did not work out, or maybe they did not have time to develop - the poet died in 1824 when Ada was only eight years old."}, {"type": "sentence", "content": "She also did not succeed in a close relationship with her mother. Lady Byron often left her daughter in the care of her grandmother, Mrs. Judith Hon. The information in the sources varies greatly, some say that despite everything, Ada's mother still came first, and that Lady Byron took part in raising her daughter; others say their encounters were very rare. But the fact is, Mrs. Byron invited good teachers for her daughter:"}, {"type": "sentence", "content": "The older Ada got, the closer her friendship with Mary Somerville became. It was she who, in 1833, introduced Ada Lovelace to Charles Babbage, the English mathematician who invented the first analytical computing machine."}, {"type": "sentence", "content": "Among other acquaintances of Ada were the writer Charles Dickens, amateur scientist Andrew Cross, Scottish physicist David Brewster, physicist Charles Wheatstone."}, {"type": "sentence", "content": "At the age of seventeen, Ada Lovelace was introduced to the court and received the title of \"popular bell of the season\". In part, this title was given due to the brilliant mind of Ada. By 1843, the girl became a regular at royal events."}, {"type": "subtitle", "content": "Charles Babbage and his analytical computing machine"}, {"type": "sentence", "content": "n June 14, 1822, Charles Babbage presented his model of a Difference Engine to the Royal Society of Great Britain."}, {"type": "sentence", "content": "According to Babbage's idea, his miracle machine was supposed to calculate the roots of polynomials with great accuracy, up to the sixth degree."}, {"type": "sentence", "content": "Unfortunately, the mathematician was unable to bring his idea to life; the Swedish inventor Georg Stutzu did it for him. However, Stutzu relied on Babbage's advice and experience and, as a result, even took on a much more ambitious project."}, {"type": "sentence", "content": "Ada Lovelace - Fame and Recognition"}, {"type": "sentence", "content": "Ada gained fame with the translation of an article by Luigi Menabrea, a recognized engineer who wrote many works on mechanics and mathematics."}, {"type": "sentence", "content": "In 1843, this article by Menabrea was published with notes by Ada Lovelace (in fact, she translated it). In her notes, Lovelace wrote that a machine similar to Babbage's analytical machine will someday be able to process not only numbers but also any other objects: for example, create music, painting, formulas."}, {"type": "sentence", "content": "I must say that Lovelace's notes turned out to be much more voluminous and wider than Menabrea's article itself. In the same 1843, Ada Lovelace wrote a program for counting Bernoulli numbers."}, {"type": "sentence", "content": "Note: Bernoulli numbers are a sequence of rational numbers, first considered by Jacob Bernoulli in connection with the calculation of the sum of consecutive natural numbers raised to the same power."}, {"type": "sentence", "content": "Ada's program is quite confusing. Ada has thought of operations that can be combined into groups. In turn, these groups could be repeated, which formed recurrent nested loops. Thus, Ada's program monitored the state of the changing variables and recorded these changes."}, {"type": "sentence", "content": "It so happened that Ada wrote this program for posterity - after all, there were no computers then. Already in our time, programmers tried to translate Ada's program into Python and C, but without results. As a result, the developers even found an error in Ada's calculations. Here's your first bug! As noted by blogger Jim Randall, who transferred Ada's program to Python: \"in the development diagram Lovelace writes v5 / v4, but v4 / v5 will be correct. This error may have appeared in print and not in Lovelace. \""}, {"type": "sentence", "content": "The Ada programming language"}, {"type": "sentence", "content": "In 1979-1980, within the framework of the US Department of Defense project, the object-oriented programming language \"Ada\" was created, named after Lovelace. This language has compilers for almost any operating system. It includes support for parallel execution, customization of modules, exception handling."}, {"type": "sentence", "content": "Afterword"}, {"type": "sentence", "content": "Ada Lovelace died on November 18, 1852; like her father, she died at the age of 36. The cause of death was blood loss. At that time it was very \"fashionable\" to treat any ailment with bloodletting, which, killed Ada. But on the other hand, if she had not died of blood loss, she would have died of cancer - Ada had uterine cancer. By order of Lovelace, she was buried next to her father at St Mary Magdalene's Church in Hucknell, Nottinghamshire, in the Byron family crypt."}], "topic": "science", "uuid": "1674a4be5b0224568ac86ef8a31ed596f074a70cb9683909fad9b757", "link": "https://medium.com/nerd-for-tech/ada-lovelace-worlds-first-programmer-69e964e1a112"}