{"title": "The Empathy Edge: Why You Need it and How to Get it.", "data": [{"type": "image", "content": "https://miro.medium.com/max/2000/1*4bPTE0bbGVCvSPy67X6P_w.jpeg"}, {"type": "sentence", "content": "Empathy defined"}, {"type": "sentence", "content": "Empathy refers to the ability to recognize, understand, and share the thoughts and feelings of another person. Having empathy involves experiencing another person's point of view, rather than just one's own. Researchers generally define empathy an awareness of another's emotions, coupled with the ability to imagine what someone else might be thinking or feeling."}, {"type": "sentence", "content": "People with high levels of empathy tend to having larger social circles and more satisfying relationships. In essence, being able to understand the perspectives, intentions, and needs of others is a significant requirement for being able to sustain lasting, in-depth relationships."}, {"type": "sentence", "content": "How empathy relates to well-being"}, {"type": "sentence", "content": "In one study conducted with a group of emergency room nurses, for example, researchers found an interesting connection between empathy and well-being (Bourgault et al., 2015). Emergency nurses in their sample appeared to have low levels of empathy. That group of nurses also had high levels of psychological distress and low levels of well-being. Among the nurses who had high empathy scores, researchers also found higher well-being."}, {"type": "sentence", "content": "One of the dangers of many jobs (like ER nursing, for example) is burn-out - that feeling of being overwhelmed and unable to focus on the work at hand. Losing one's passion for work can then open us to experience anger, depression, and frustration. Besides leaving us feeling miserable for all the hours we are at work, it is not good for our health. As in the Bogault et al. (2015) study of ER nurses, other researchers confirm that the higher a person's empathy skills, the lower their job burn-out (Segal, 2018). This means that when we build our empathy skills, we also grow in our ability to handle difficult work situations, we communicate with others in more effective ways, we understand others, and we feel better understood."}, {"type": "sentence", "content": "Positive relationships are the key to well-being"}, {"type": "sentence", "content": "Empathy is the ability to share and understand the emotions of others, helping us cooperate with others and build relationships. Empathy is important because it helps us understand how others are feeling so we can respond appropriately to the situation. Great empathy, according to research, leads to more helping behavior."}, {"type": "sentence", "content": "The ability to convey support for another person is crucial to establishing positive relationships. Empathy enables us to establish rapport with another person and to make them feel that they are being heard. Perspective-taking, or the ability to assume the cognitive state of another person and see a problem through their eyes, can further cement our personal connections."}, {"type": "sentence", "content": "Having empathy makes you better at handling conflicts. When you accurately perceive what the other party may want and need, it shows you understand exactly why they want and need it, and reaching a \"win-win\" solution gets much easier. You no longer have to blindly look for a solution, misreading the other party's signals and searching for a way out in the wrong place."}, {"type": "sentence", "content": "A major component of high levels of emotional wellness is having positive and meaningful personal relationships. These deep human connections allow us to thrive by providing vital support and encouragement, both in good times and in bad. A strong support network helps people deal with the negative effects of stress and has been shown to improve well-being."}, {"type": "sentence", "content": "Three ways to cultivate empathy"}, {"type": "sentence", "content": "Researchers believe people can choose to cultivate and prioritize building empathy. People who spend more time with individuals different from themselves, for example, tend to adopt a more empathic outlook toward others."}, {"type": "sentence", "content": "Much like any other skill, empathy is one which can and should be nurtured and developed. While some people will have an easier time with it than others, it is something that most everyone can learn with some degree of success."}, {"type": "sentence", "content": "Let's look at three ways we can develop greater empathy."}, {"type": "sentence", "content": "Altruism is the opposite of selfishness. Research shows that humans are more likely to want to help others if they see them as individuals, not just abstract concepts. Look for stories of a single, identifiable victim to help you feel a greater sense of personal connection and concern for someone who has experienced hardship."}, {"type": "sentence", "content": "By focusing on developing empathy and improving emotional wellness, your organization can create a culture of caring which boosts engagement, fosters better communication, and improves overall employee satisfaction."}, {"type": "sentence", "content": "Think about it"}, {"type": "sentence", "content": "Ernest Hemingway said, \"When people talk, listen completely. Most people never listen.\" Perhaps this is the true key to empathy. What other strategies have you learned for developing empathy? Share it with our readers in the comments."}, {"type": "sentence", "content": "References"}, {"type": "sentence", "content": "Bourgault, P., Lavoie, S., Paul-Savoie, E., Gr\u00e9goire, M., Michaud, C., Gosselin, E., & Johnston, C. (2015). Relationship between empathy and well-being among emergency nurses. Journal of Emergency Nursing, 41(4), 323-328."}, {"type": "sentence", "content": "Segal, E. A. (2018, December 17). Five ways empathy is good for your health. Psychology Today. Retrieved from https://www.psychologytoday.com/us/blog/social-empathy/201812/five-ways-empathy-is-good-your-health"}], "topic": "mental-health", "uuid": "168e09df17bbb4dd0c11ef2f5cded9b8c38b21df5a0073a517ee3be0", "link": "https://labarberarobin.medium.com/the-empathy-edge-why-you-need-it-and-how-to-get-it-2a784ae304d3"}