{"title": "How I Fell Victim to a Get-Rich-Quick-Scheme, Lost $2000, and All Respect for Myself", "data": [{"type": "image", "content": "https://miro.medium.com/max/4608/0*WvTkNFjjTpt4AlsI"}, {"type": "sentence", "content": "It was summer 2018. After realizing that I am completely broke and living off my parents, I finally decided to do something about it."}, {"type": "sentence", "content": "For the first couple of months, it was mainly research. By research, I mean flipping through Instagram, watching crap TV, mindlessly shoveling crisps into my mouth while passively watching videos on YouTube where people told me how they earned $100 000 in just one month sitting at home doing nothing. That went on for a long while, six months to be exact. I was coming up with different excuses not to start. I wish somebody could have stopped me at that point and told me to just go out into the real world and get a proper job. Stop wasting your time, buddy. But no, we like to do it the easy way, the \"sit at home on your ass hoping for miracles to happen\" way."}, {"type": "sentence", "content": "I don't remember how I came across dropshipping, but oh boy, was I in for a ride."}, {"type": "sentence", "content": "For those unfamiliar with dropshipping, it's an order fulfillment method used mainly by online shops. The shops don't require stocking any of the products they are selling online. Instead, they get stocked by a third party that ships the orders directly to your customer."}, {"type": "subtitle", "content": "I was going to become rich (and quickly)"}, {"type": "sentence", "content": "I read about a guy that earned around $20,000 in his first month by selling cheap Chinese clothes to kids in Europe and America who didn't know any better for three times the price (I was one of those kids, too, by the way). And I thought, \"bingo,\" yeah? Yeaaaaah!"}, {"type": "sentence", "content": "The best part about it was that you didn't even need to handle the clothes, store them in a warehouse, pack them or ship them. The hardworking people in China did it all for you, and you just saw the cash pilling up. Sounds fantastic, right? Riiiiight."}, {"type": "sentence", "content": "What ultimately persuaded me to go for it was one clothing website I got stuck on for a few days. I was looking through T-shirts that cost anywhere from $25 to $45 depending on the style and was shocked at how many people wanted to buy them (I read and watched hundreds of reviews of actual raving customers). After conducting a reverse image search online of two T-shirts I particularly liked my eyes opened up wide. I found the same T-shirts on a well-known Chinese website. One cost $3.50, the other $5."}, {"type": "sentence", "content": "Back then, I thought, here it is, this is how I'm going to become rich. I know, major facepalm."}, {"type": "sentence", "content": "I realize that by now, many had a taste of what dropshipping is - everyone figured out how it works, and it is not so easy to fool people these days. Everyone is on the lookout for better deals, and nobody will wait two to three weeks for an item to reach them. Nevertheless, I still see endless Instagram ads for these clothing shops that have attractive girls modeling different variations of the same oversized hoodies and cute t-shirts. These accounts have hundreds of thousands of followers, and influencers keep getting free stuff from them to advertise on their channels."}, {"type": "sentence", "content": "All these shops claim to be selling original clothing, whereas they all source them from the same website (or various websites that import clothing from the same factories). Some Instagram shops would go even further and buy whole batches of clothing and attach their brand labels to the items, and by doing that, they make it their \"own.\" But that is another story and the path I wanted to go down, but thankfully I didn't."}, {"type": "subtitle", "content": "How it began and how it quickly fell apart"}, {"type": "sentence", "content": "The next day, I bought a domain name and began building a website from scratch. It took me about two months to get my online shop up and running. Registering my business was an unexpectedly time-consuming effort. The hardest part was opening up my business account, setting up the website's payment methods, and connecting everything. Nothing seemed to work, and I was very close to giving up. After a lot of unnecessary struggle, I added all the products I wanted to the shop and opened up."}, {"type": "sentence", "content": "Nothing happened that day."}, {"type": "sentence", "content": "I needed an Instagram account to promote my shop. I started posting pictures of clothes, and other images I thought were in tone with the shop concept and paid for endless Instagram ads."}, {"type": "image", "content": "https://miro.medium.com/max/1490/1*bJ3_beKtCwklpOHRHi57vw.png"}, {"type": "sentence", "content": "Slowly my follower count went up to over 10,000, but still, nobody was buying my clothes."}, {"type": "image", "content": "https://miro.medium.com/max/1486/1*tfIKdHRTk9Zyd47LV3wyZA.png"}, {"type": "sentence", "content": "People were also complaining pretty much about everything:"}, {"type": "sentence", "content": "I would get about a hundred DMs every day from customers wanting to know the exact measurements of clothing, different sizes, and colors available (despite all the information readily available on the website). All this made me realize Instagram makes people lazy, and instead of going on the website, people would just send me ten pictures of different things they found on my Instagram with one word \"Price?\". I would get many offensive messages from strange people, but I don't even want to go there."}, {"type": "sentence", "content": "To promote my shop, apart from paying for ads, I sent influencers my clothes and paid them to promote my business, which they did, and I am still eternally grateful for that. On the downside, some of them were rude and asked for a tremendous amount of clothing and a large payment for a couple of Instagram stories where they would reluctantly talk about my shop."}, {"type": "sentence", "content": "One girl that I paid a large sum of money to didn't deliver my ad in the agreed timeframe, and after sending her a message asking if she forgot about our agreement, she told me to kill myself."}, {"type": "sentence", "content": "Yes, after a while, I saw orders coming in, but they didn't even cover the cost of the advertisement I was paying for, and the packages would take ages to reach their recipients. I was getting restless and could barely sleep because people would message me five times a day asking where their package was, even though their parcels were fully traceable online."}, {"type": "subtitle", "content": "After four months of this nonsense, I gave up"}, {"type": "sentence", "content": "Maybe I should have powered through and waited for the business to pick up. My fundamental problem was that the money I set aside to spend on this shop finished rather quickly, and I realized it would take me another three to six months to just make it all back, with very little profit. I simply couldn't afford to spend any more money on this business. I waited for my last customer to receive their order and closed up my shop and Instagram that day."}, {"type": "sentence", "content": "I felt like a loser and a failure. I lost money and valuable time I won't get back. What I did gain was experience. I realized that getting rich quick schemes with minimal effort don't work the way we hope. I also embarrassed myself in front of my family and friends who I bragged too much about how 'this will work; you just wait and see!'."}, {"type": "subtitle", "content": "Dropshipping isn't the best side hustle idea"}, {"type": "sentence", "content": "Could we consider dropshipping a get-rich-quick scheme, or is it a legitimate business with a right to exist? It's up to you to decide. As I was looking to make easy money with little to no effort, I dived into it headfirst without thinking. I've done my research and decided that I could handle it and make it prosper. I didn't take it well, and it all fell apart. My advice to anyone considering dropshipping would be to ask yourself what you are trying to achieve. If you think you can earn a bit of money with a snap of a finger as a side hustle - think again."}, {"type": "sentence", "content": "You should either go into it with a lot of free time, a business plan, a team, and a reasonable start-up capital or forget about it altogether."}, {"type": "subtitle", "content": "If you still want to start, consider this first"}, {"type": "subtitle", "content": "The exciting bit - My expenses and earnings"}, {"type": "sentence", "content": "I will not lie to you about how I made the money I invested back and even earned some. That's what I told my friends. Yes, I lied to them, and I am not proud of it."}, {"type": "sentence", "content": "I'm ready to come to terms with my failure."}, {"type": "sentence", "content": "My total expenses amounted to $2 200. And drumroll, please. This is beyond embarrassing to admit. I ended up earning $140. I am glad that I didn't take it further and spend even more money that I wouldn't make back. I doubt that if I waited a few more months, my luck would have turned back around. It had nothing to do with luck, anyway."}, {"type": "sentence", "content": "There you have it."}, {"type": "sentence", "content": "I hope this would give somebody much-needed insights into starting your dropshipping business from scratch with no previous retail experience, way too much arrogance, and on a shoestring budget like yours truly."}], "topic": "freelancing", "uuid": "17542ef282c1429adf6652ee2c74e2c68a3494f3ec9d8d8d1be1d855", "link": "https://medium.com/the-post-grad-survival-guide/how-i-fell-victim-to-a-get-rich-quick-scheme-lost-2000-and-all-respect-for-myself-a12832911b37"}