{"title": "This Hugely Viral LinkedIn Post Might Make You Tweak Your Career Aspirations", "data": [{"type": "subtitle", "content": "Career Handbook"}, {"type": "sentence", "content": "Do you live for the hustle and secretly obsess over it? Is hustle burnout giving you doubt over whether you should go after your dreams? A wildly popular LinkedIn post may give you the perspective shift you've been looking for."}, {"type": "sentence", "content": "A year of pandemic living has millions of Americans rethinking their career path:"}, {"type": "sentence", "content": "Hustling in your career or starting a side hustle can improve your quality of life, and it's important to have goals. But does pushing all the time and making your career a significant part of your identity really lead to a richer life?"}, {"type": "subtitle", "content": "We think we're special"}, {"type": "sentence", "content": "Thanks to a cognitive bias called the Dunning-Kruger effect, we often think of ourselves as above average, special, or irreplaceable. For example, in a famous survey of Stanford MBA students, 87% of them felt they were in the top 50% of the class."}, {"type": "sentence", "content": "As I mentioned in a piece for Fast Company last year, even if you were to achieve irreplaceability, being a linchpin has its drawbacks. Most of us know this, but it can be easy to get swept up in the work hustle hype."}, {"type": "sentence", "content": "That's what makes this LinkedIn post by Logan Howard so compelling:"}, {"type": "image", "content": "https://miro.medium.com/max/2568/0*5Dn1cqMJSdoq2uRR"}, {"type": "sentence", "content": "Here it is again for readability:"}, {"type": "sentence", "content": "Oof. Talk about a truth bomb. So how do you make space for family and personal passions while also moving your career forward?"}, {"type": "subtitle", "content": "How to maintain your hustle and still have a life"}, {"type": "sentence", "content": "It's important to have career goals. But it's also important not to let the hype destroy you. So here are a few quick tips on how to temper the grind."}, {"type": "sentence", "content": "Hustle porn is everywhere, and in my opinion it will never go out of style. There is a way to hustle and still have balance, though: Focus on what matters, build up your support system over time, and soon your career will fuel your life inspirations rather than your identity."}, {"type": "sentence", "content": "\ud83c\udf89 P.S. - Wanna know how I write 5+ articles/week for websites like Entrepreneur and Fast Company? One word: Templates. I've compiled my best ones into a free download called the Article Template Toolkit:"}, {"type": "sentence", "content": "\u27a1\ufe0f Grab your free toolkit right here."}], "topic": "startups", "uuid": "19925b74206f7310c08879d85d75a73fb11255c1922883ba8a8bd38d", "link": "https://entrepreneurshandbook.co/this-hugely-viral-linkedin-post-might-make-you-tweak-your-career-aspirations-749027b5ed32"}