{"title": "What is Worse Than Greased Tea?", "data": [{"type": "subtitle", "content": "Travel. Western Europe. Northern England"}, {"type": "image", "content": "https://miro.medium.com/max/2560/1*bRvfs54QRDiT6g54oGQ51A.jpeg"}, {"type": "sentence", "content": "I didn't really know the music of Morrissey and The Smiths. This was in 1990. I was studying English and history in Newcastle-upon-Tyne in the North of England. Before arriving in The United Kingdom, the only British music I knew was the best type of British music: The Beatles, The Rolling Stones, The Who, Led Zeppelin - and even Gerry and the Pacemakers. I was also from New Jersey. I was just getting into Bruce Springsteen."}, {"type": "sentence", "content": "Now, whenever I play The Smith's, especially Morrissey's solo song \"Everyday is Like Sunday,\" I recall walking the wet promenade, alone, of the seaside town of South Shields - 3.7 miles downstream from my adopted home of Newcastle."}, {"type": "sentence", "content": "I would take the Tyne and Wear Metro to the edge of the universe to confront my fears among the grey sea comfort. I would board the train at Monument and then count the fourteen stops - examining everyone - all of us travelers, right? - especially when considering how fast the Earth travels. The emblem for the train was a large black M inside a yellow, almost orange, box that was surrounded in a rectangle of yellow-jacket yellow."}, {"type": "sentence", "content": "The bargain black wool trenchcoat I purchased at a thrift store kept some of November cold and mist at bay."}, {"type": "sentence", "content": "I wasn't aware of the term \"emo\" then. Perhaps it didn't exist. Back then, I would have been its Poster Boy. I was definitely feeling \"emo\" in those days, walking in the mist, walking along the rough shoreline, walking and thinking of women I liked but didn't like me back, and of women who perhaps liked me, but I was too stupid to know or understand. I was only one and twenty."}, {"type": "sentence", "content": "And just what did I want out of life? Travel - yes. Adventure - yes. But was I really \"sucking the marrow\" out of life? Was I taking Thoreau's advice? What was I missing?"}, {"type": "sentence", "content": "\"Lonely man walks\" all over Newcastle and its environs were part of my repertoire. Perhaps my model was Ringo from A Hard Day's Night when he's dressed undercover, wandering the streets like a hobo, feeling sorry for himself. But instead of \"That Boy\" or \"Ringo's Theme Song\" playin' in me 'ead, I now channel Morrissey's song from 1988."}, {"type": "sentence", "content": "Back then, the song was rather current."}, {"type": "sentence", "content": "Like the protagonist in the song, I would \"trudge slowly over wet sand\" and \"trudge back over pebbles and sand.\" But unlike Morrissey, I didn't have a \"disgust over an out of season beach town.\" The Art Gallery and Museum was closed. The Roman Fort was closed. It may very well have been a Sunday."}, {"type": "sentence", "content": "South Shields, to me, symbolizes the place I sought rather than hiding under my bed - or drinking alone in some pub unfrequented. There, I felt connected to the elements and to the universe - like long walks along the River Tyne or rambles along Hadrian's Wall: to confront Grey Mr. Death on a seaside bench or a Roman wall for a friendly conversation about life."}, {"type": "sentence", "content": "Now, my clothes were never \"stolen\" - even though that had been a worry when I was swimming in France and Spain. As a naive American, I just left my clothes on a blanket unprotected - along with my keys for the hostel, I think. Isn't that always the problem when alone on a beach? Shouldn't there be lockers - or - or something?"}, {"type": "sentence", "content": "But walking the solitary walks of South Shields, looking into closed shops as dusk was dawning, feeling the winds sweep along the promenade, feeling the first stings of winter, I did feel that it was \"a coastal town that they forgot to close down.\""}, {"type": "sentence", "content": "And when I feel down, even now, at two-and-fifty, walking underneath grey skies, I think of the refrain: \"Every day is like Sunday. Every day is silent and grey.\""}, {"type": "sentence", "content": "Sometimes, especially back then, when homesickness got to me, which wasn't too often (girl sickness got to me more) - I would sometimes feel that \"everyday-ness.\" Would I get as \"emo\" and cheer on \"Armageddon\" and a \"nuclear bomb?\" Of course not - that's just normal morose Morrissey hyperbole."}, {"type": "sentence", "content": "There were times I would hide \"on the promenade\" and think about \"etching on a postcard\" the lyrics of some poem I wanted to send to the world. Most of the time, of course, especially with mates in the pubs and trips to Bamburgh Castle and Alnwick Castle and Lindisfarne Castle, and lively classes with my British school chums, like Steven from Chester and Michael from Manchester, who turned me onto bands like The Charlatans UK and Ned's Atomic Dustbin, I never thought of writing home: \"How I Dearly Wish I Was Not Here.\""}, {"type": "sentence", "content": "My postcards and letters, instead, were full of youthful exuberance."}, {"type": "sentence", "content": "\"Everyday is Like Sunday\" stays with me when feeling somber and nostalgic - and sometimes lost. Don't we all feel like \"strange dust lands on our hands\" sometimes, right? Like - where did this come from? How do I deal with this? Who can I talk to? And it's not only on our hands, but it's now evident on our face for the world to see."}, {"type": "sentence", "content": "The pain of loneliness can no longer be concealed. The North of England can be quite grey and silent - and there is peace in that, but it's not so grey as to cover that loneliness."}, {"type": "image", "content": "https://miro.medium.com/max/1590/1*ZHz0rMsbYWYpWA4dZiovew.jpeg"}, {"type": "sentence", "content": "And the last thing you want is \"greased tea.\" That's tea made with hard water and weak tea. I'm a tea addict. I still acquire my tea from Ireland and England. My caretaker in Newcastle, the mom-like Lorraine, taught me the glories of the electric kettle, a roiling boil, and strong black tea - but I hate milk and sugar in my tea."}, {"type": "sentence", "content": "A life unfulfilled - or \"unexamined,\" however, is definitely worse than greased tea."}, {"type": "sentence", "content": "In fact, when I came back from my solo-day trip from South Shields, I made myself a cup of Earl Grey. My mates would call up and ask me where I went."}, {"type": "sentence", "content": "\"South Shields,\" I said."}, {"type": "sentence", "content": "They looked perplexed. Why would I go to the beach on such a day? What would I find there?"}, {"type": "sentence", "content": "If they only knew. Over pints of Newcastle Brown - or for take-a-ways and kababs and chips while watching flicks in Geoffrey's flat in Jesmond Dene, I tried telling them. We spoke different languages. I spoke English. They spoke Geordie. But they laughed, I guess. Laughter - that I can translate. I had the reputation for being a \"poetry boy.\" Was that one step closer to The Emo Boy Cliff Dive?"}, {"type": "sentence", "content": "I'm not sure."}, {"type": "sentence", "content": "But Morrissey always brings me back to the North Sea. Alone, I faced those winds and the rough seas - and I really did like my own company - a \"Majority of One\" as Thoreau would call it. It was as if I was staring into Death - feeling the cold and the darkness around me - and then saying, \"Oh, no, not yet, Mr. Death. Your time will come. But I have so much life to live and love to give.\""}, {"type": "sentence", "content": "Now, that \"every day\" can be just some days - and it's okay to feel a little Morrissey now and again. But I'd much rather have the club music of New Order or The Chemical Brothers on the kaleidoscopic dance floor in a Newcastle Club."}, {"type": "sentence", "content": "And now - a wife to love - and daughters to love - and good friends and fine beer and writing and Yorkshire Gold Blend Tea."}, {"type": "sentence", "content": "Now that's living."}, {"type": "sentence", "content": "Thanks for reading! Spotify link to the story."}, {"type": "image", "content": "https://miro.medium.com/max/2700/1*SKwELdEBKcKsuEW5XX6-jw.png"}, {"type": "sentence", "content": "Sign up for our newsletter to stay informed with up-to-date curations from our editors:\ud83d\udc47"}, {"type": "sentence", "content": "We now offer exclusive writing services for our members. Discover how you can take advantage of our editing services and more."}], "topic": "travel", "uuid": "1bb7b70863fd19443950d0075b825c9cfade43def99f2b5eb1cdee63", "link": "https://medium.com/world-travelers-blog/what-is-worse-than-greased-tea-8f930cafb70b"}