{"title": "Restaurants Need to Take Better Care of Their Servers", "data": [{"type": "sentence", "content": "A friend posted something on Facebook that was not only disturbing but also filled me with rage. Her son works as a server at a local Applebee's, and one night was busy due to prom."}, {"type": "sentence", "content": "She proceeded to talk about an issue her son told her that happened at the restaurant. One of the server's had a table with 26 people who were there until closing time, which came out to be a $400 order."}, {"type": "sentence", "content": "She worked hard at delivering the best service she could and was proud of herself. After the group left, there was a five-dollar tip on the table."}, {"type": "subtitle", "content": "Out of 26 people, one couple tipped, that's it."}, {"type": "sentence", "content": "The restaurant pays their servers $2.50 an hour, and that means we as the customers pay their wages through \"tips\", tips they desperately depend on to earn an income."}, {"type": "subtitle", "content": "If You Can't Afford to Tip, Then You Can't Afford to Go Out to Eat."}, {"type": "sentence", "content": "When you go out to eat, you need to prepare to tip your server. It doesn't matter if you think your server sucks and does a crappy job."}, {"type": "sentence", "content": "You should still tip at least 15%."}, {"type": "sentence", "content": "For some people, this is a second job; for others, waiting tables are the primary way they make a living."}, {"type": "sentence", "content": "And no one can survive on being paid only $2.50 an hour."}, {"type": "sentence", "content": "Everyone needs to include the tip cost when they're figuring out how much money they need to go out to dinner."}, {"type": "sentence", "content": "If you can only afford the cost of the meal without tipping your server, then you truly cannot afford to go out to eat. Simple as that."}, {"type": "subtitle", "content": "Restaurants Need to Take Better Care of Their Servers."}, {"type": "sentence", "content": "And that means to pay them more than $2.50 an hour. Servers can't depend on people doing the right thing, such as leaving a tip because there are many assholes out there."}, {"type": "sentence", "content": "Therefore, all restaurants need to take better care of their servers by paying them a higher hourly wage."}, {"type": "sentence", "content": "I want to know how the restaurants get away with only paying their servers $2.00 an hour."}, {"type": "sentence", "content": "Surely it can't be because servers receive tips since tips are not promised. Alas, the foodservice industry can pay their servers a pitiful hourly wage, and that makes me mad as hell."}, {"type": "subtitle", "content": "We as Customers Should Defend the Servers."}, {"type": "sentence", "content": "That means we need to raise awareness on the low hourly wage servers make and get people involved to form a movement."}, {"type": "sentence", "content": "We should encourage our local restaurants to pay servers more than $2.00 an hour and have a 15% gratuity added to a group of eight or more people, whether they split their checks or not."}, {"type": "sentence", "content": "That will ensure that the server gets tipped no matter what."}, {"type": "sentence", "content": "If it comes down to it, we could even write a letter to Congress and explain why an increase in the server's hourly wage is greatly needed."}, {"type": "sentence", "content": "This might not seem like a big deal to some people but reading my friend's Facebook post sparked something inside me."}, {"type": "sentence", "content": "Now I feel it's my duty to help the servers get the pay they deserve, so they don't need to fear how they will support themselves."}, {"type": "sentence", "content": "I hope we all can join and help the community and show our support for one another."}], "topic": "economy", "uuid": "1f3cc40bf201492bf1755ec26e427528ba5a39f62b0b972e07687d45", "link": "https://medium.com/jennybwriter/restaurants-need-to-take-better-care-of-their-servers-9dcb4401d788"}