{"title": "Smartphone Addiction: The Most Underrated Enemy to Health", "data": [{"type": "subtitle", "content": "Beware of smartphone addiction before it's too late."}, {"type": "sentence", "content": "Have you ever wondered why, since smartphones, people have become impatient? Why did it become a necessary part of our lives? Why does it feel so empty when you don't have your phone with you? How did it make us addicted to ourselves without our knowledge?"}, {"type": "sentence", "content": "If you have these symptoms, your smartphone is most likely using you rather than you using it."}, {"type": "sentence", "content": "I could be wrong, but smartphones have merged into our lives in such a way that without them, we feel emptiness, a lack of something, and we are more impatient than ever before."}, {"type": "sentence", "content": "Don't be concerned if you don't believe. Look at these statistics."}, {"type": "image", "content": "https://miro.medium.com/max/1920/1*02lB4Ju9uVy3vd6mjIoSww.jpeg"}, {"type": "sentence", "content": "Ever since the first iPhone arrived in 2007, smartphones have gradually taken over our lives. We use them to listen to music, take photos, follow the news, and sometimes even to make phone calls. They have become a constant presence in both our professional and our personal lives. However, the endless stream of information and stimuli from our phones wreaks havoc on our ability to focus on one task at a time, which is why many people feel the need to limit their phone usage."}, {"type": "sentence", "content": "According to a survey conducted by Deloitte in 2017, 47 percent of U.S. smartphone owners have attempted to limit their phone use in the past. The most popular ways of trying to do so are keeping the phone out of sight in a pocket and turning notifications off. The lure of Twitter, Instagram remains hard to resist, however: only 30 percent of smartphone owners have reduced their phone time."}, {"type": "sentence", "content": "Here's why we become addicted to smartphones."}, {"type": "subtitle", "content": "Instant Gratification"}, {"type": "image", "content": "https://miro.medium.com/max/1500/1*ekBqZc7voUJhlLDaH3qqLA.png"}, {"type": "sentence", "content": "Our brain runs on instant gratification. We open Facebook to see how many new likes we get, we open Instagram to see how many new followers we get, and it feels good when someone likes our meal picture, but here's what happens when our happiness depends on it. Let's say you're new to YouTube and you post a video and no one views or likes it, it leaves us with so much loneliness we can't even imagine, and if that doesn't happen, we compare it to the views of successful YouTubers and it gives them an inferiority complex, and that's all because of smartphone addiction."}, {"type": "subtitle", "content": "Virtual Reality"}, {"type": "sentence", "content": "Everyone has problems in their lives, and the most convenient way to escape from them is to use a smartphone which is the most convenient way to get away from your real-life problems.People see us as they would like to see us in actual life. When people use social media, they mistakenly believe that we are the creators of this virtual world, not realizing that both fame and defamation are in the hands of others, and we can barely respond to their responses. Therefore, people become addicted to using smartphones."}, {"type": "sentence", "content": "Now the question arises, is cell phone addiction really a thing?"}, {"type": "sentence", "content": "How does it affect our brain?"}, {"type": "sentence", "content": "They conducted research on the website Healthline on How to Tell If You Could Be Addicted to Your Phone, which answers these questions beautifully."}, {"type": "subtitle", "content": "Is cell phone addiction really a thing?"}, {"type": "sentence", "content": "Pew Research Center reports that 81 percent of Americans now own smartphones - up from just 35 percent in 2011. And, over the past 5 years, Google Trends shows that searches for \"cell phone addiction\" have likewise been rising."}, {"type": "sentence", "content": "And pathological phone use has given rise to a raft of new terminologies, such as"}, {"type": "sentence", "content": "There's little doubt that excessive cell phone use is a problem for lots of people."}, {"type": "sentence", "content": "There's little doubt that excessive cell phone use is a problem for lots of people."}, {"type": "sentence", "content": "But there's some debate among medical and mental health professionals about whether problematic cell phone use is truly an addiction or the result of an impulse control issue."}, {"type": "sentence", "content": "Many medical experts are reluctant to assign the word \"addiction\" to anything other than habitual substance misuse."}, {"type": "sentence", "content": "However, the Diagnostic and Statistical Manual of Mental Disorders (the handbook used in the medical community to diagnose mental disorders) does recognize one behavioral addiction: compulsive gambling."}, {"type": "sentence", "content": "There are some important similarities between cell phone overuse and behavioral addictions like compulsive gambling. The similarities include:"}, {"type": "subtitle", "content": "The dopamine connection"}, {"type": "sentence", "content": "And there's another similarity between behavioral addiction and cell phone overuse: the triggering of a chemical in the brain that reinforces the compulsive behavior."}, {"type": "sentence", "content": "Your brain contains several pathways that transmit a feel-good chemical called dopamine when you're in rewarding situations. For many people, social interaction stimulates the release of dopamine."}, {"type": "sentence", "content": "Because so many people use their phones as tools of social interaction, they become accustomed to constantly checking them for that hit of dopamine that's released when they connect with others on social media or some other app."}, {"type": "sentence", "content": "App programmers are counting on that drive to keep you checking your phone. Some apps even withhold and release social reinforcements, such as \"likes\" and \"comments,\" so we receive them in an unpredictable pattern. When we can't predict the pattern, we check our phones more often."}, {"type": "sentence", "content": "That cycle can lead to a tipping point: when your phone ceases to be something you enjoy and becomes something you're virtually compelled to use."}, {"type": "sentence", "content": "This is how smartphone manipulates us smartly."}], "topic": "mental-health", "uuid": "21a390884083b4ac4420b84ecd854e03232dc2de0bd979451234cf27", "link": "https://medium.com/know-thyself-heal-thyself/smartphone-addiction-the-most-underrated-enemy-to-health-97001604f622"}