{"title": "The 3D Game That Almost Broke the Sega Genesis", "data": [{"type": "image", "content": "https://miro.medium.com/max/2400/1*ZvM06grpYh0cp_Pj5ekiXQ.png"}, {"type": "sentence", "content": "The 1990s were a boom time for the video game console business and Sega Genesis was a powerhouse console. Sega had made a reputation in the arcades and looked to bring that experience to the living room."}, {"type": "sentence", "content": "Up until 1994, 3D on a home console was extremely hard to program for and the technical limitations were still there. That is until the Sega Virtua Processor (SVP) chip became a reality and took gamers to the next level."}, {"type": "sentence", "content": "Virtua Racing was the only game that was ever released utilizing this advanced technology, and the cartridge cost a pretty penny. But, if you wanted a true arcade racing experience at home this was it."}, {"type": "sentence", "content": "The SNES (Super Nintendo Entertainment System) also utilized a specialty chip in games like Stunt Race FX. However, the Sega chip was leaps and bounds above anything that Nintendo had designed."}, {"type": "image", "content": "https://miro.medium.com/max/2560/1*ieqjAq-JQ6zl8mbx5pP7ig.jpeg"}, {"type": "sentence", "content": "Moving into the 3D realm was still an awkward transition for game companies around this time. The 3DO console had flopped and the Sony PlayStation was rumored to be on the development block."}, {"type": "sentence", "content": "Sega knew that it had to do something to continue with its competitive edge. On top of developing the 32X console, the company decided to release Virtua Racing in 1992 with this special chip. Because of the high cost to produce the SVP chip, the price tag of the game was $100 bucks (equivalent to $180 in 2019). Most parents weren't willing to spend that kind of money on a single game cartridge."}, {"type": "sentence", "content": "Nevertheless, we had one game released that managed to push the limits of Genesis to new heights. Let us take a look at the SVP chip that turned Genesis into a powerhouse."}, {"type": "image", "content": "https://miro.medium.com/max/1600/1*7CBepc38MYk5xXUpF2-YUg.jpeg"}, {"type": "subtitle", "content": "Development"}, {"type": "sentence", "content": "Virtua Racing began development in 1992 by Sega AM2 on the promising \"Model 1\" arcade board. 3D polygonal graphics were still a new thing but Namco and Atari had both pioneered the technique a few years earlier."}, {"type": "sentence", "content": "First with Namco (Winning Run in 1988) and Atari (Hard Drivin' in 1989). Next up was Sega's turn and the team at AM2 were so pleased with the results of the Model 1 chip that Virtua Racing became a stand-alone title."}, {"type": "sentence", "content": "The very first thing that I ever noticed about Virtua Racing was the multiple camera angles that you could choose. I had never played a game quite like this before, much less on a console like the Genesis."}, {"type": "sentence", "content": "3D human non-player characters added to a greater sense of immersion that wasn't seen on a racing game before. We either had sprite-based racing games like Rad Racer and OutRun or top-down style games like Micro Machines."}, {"type": "image", "content": "https://miro.medium.com/max/1440/1*JU9TqwZayjEb4uA9Qru90g.jpeg"}, {"type": "sentence", "content": "The arcade cabinet versions of the games had done so well that Sega decided to bring the game home to the Genesis. The cartridge design incorporating the Sega Virtua Processor (SVP) was a daring concept."}, {"type": "sentence", "content": "Initially, the game received a fair amount of press coverage, but the $100 price tag was a lot more than most gamers were willing to pay. Nevertheless, this is by far one of the most graphically pleasing Genesis games ever."}, {"type": "subtitle", "content": "Gameplay"}, {"type": "sentence", "content": "Virtua Racing was designed to be a racing simulator, hence the rough gameplay mechanics. The game isn't necessarily meant to impress you with fun graphics or in-game bonuses."}, {"type": "sentence", "content": "Instead, Virtua Racing is an authentic Formula 1 simulator and one of the first of its time. The gameplay is fast-paced and you'll go through the tracks at a high rate of speed."}, {"type": "sentence", "content": "What I enjoy the most is the fact that the controls are incredibly tight, giving the game a solid feeling. There were optional accessories such as a steering wheel that you could get to play this game as well."}, {"type": "sentence", "content": "Honestly, though, the gameplay is not deep enough to warrant buying any special accessories. Virtua Racing shines as a multiplayer game where more than one person is playing at the same time."}, {"type": "image", "content": "https://miro.medium.com/max/1440/1*buNvSavgkofnklrD2-gAxA.jpeg"}, {"type": "sentence", "content": "The gameplay is so fast-paced that you'll constantly be trying to one-up your opponents. Likewise, there are interesting features such as the pit-crew option and the ability to drive with a manual transmission."}, {"type": "sentence", "content": "Nothing is boring about this game, and at the time it was one of the most technologically advanced titles around. Nowadays we take beautiful racing games for granted, but back then this was state-of-the-art in a graphical sense."}, {"type": "subtitle", "content": "Virtua Racing Deluxe (Sega 32X)"}, {"type": "sentence", "content": "A few years later Sega released up upgraded version of the game on the 32X. From a visual standpoint, this game was an even bigger improvement over the original title."}, {"type": "sentence", "content": "The power of a 32-Bit console does a lot for a game that was already fully 3D to start with. On top of that, there were some new play modes added and a host of new cars to choose from."}, {"type": "sentence", "content": "The 32X didn't have a large library of games to start with, but the titles that were released on the console were alright. This version of Virtua Racing has a better draw distance and the color is a lot brighter than the previous game."}, {"type": "sentence", "content": "Overall if you own a 32X and you want to experience an authentic port of Virtua Racing then this cartridge should be on your hit list. Otherwise, the Genesis copy is still the most advanced game on the platform."}, {"type": "image", "content": "https://miro.medium.com/max/2560/1*V5qXOvuLF3qwTo8ldKiIng.jpeg"}, {"type": "subtitle", "content": "Birthing a revolution"}, {"type": "sentence", "content": "Before Virtua Racing hit the streets, racing games were very cartoonish. This game brought a sense of reality to the racing genre that gamers were yearning for."}, {"type": "sentence", "content": "I don't think that we would have ever gotten a Gran Turismo or Forza Motorsport if it wasn't for Virtua Racing. Sega showed developers would be done and pushed their rivals to innovate."}, {"type": "image", "content": "https://miro.medium.com/max/2560/1*AXgu7RusjkIyqt-18sxn-w.png"}, {"type": "sentence", "content": "While Virtua Racing might not be the most impressive racing game by today's standards, it has held up pretty well. The game is still addictively fun to play and it offers a host of innovative options. Likewise, the game is perhaps one of the most underrated Sega franchises that exist. Often being overshadowed by Sonic The Hedgehog around this same period."}, {"type": "sentence", "content": "Virtua Racing deserves to have a second look as the game is still one of the most iconic Genesis titles of all time."}], "topic": "gaming", "uuid": "21c4fff5d9994a00673afe4bed466d523e50a951cdff50a0ef8e210b", "link": "https://superjumpmagazine.com/the-3d-game-that-almost-broke-the-sega-genesis-e2859f3715bf"}