{"title": "How to Earn Passive Income", "data": [{"type": "image", "content": "https://miro.medium.com/max/2400/1*XVspLEcOPJcVgSeP7ZuV1g.jpeg"}, {"type": "sentence", "content": "It took me a while to realize that there is no passive income to be earned on Medium. I confess that when I realized that, I lost interest in Medium as a paying platform. Medium's algorithm works like a print magazine - it's only what's recent that gets paying traffic. The rest falls by the wayside - just like news copy."}, {"type": "subtitle", "content": "How Passive Income works"}, {"type": "sentence", "content": "Passive income means you write one article, and it pays you over and over again. I have a fair number of articles like that on the web. They are generally in the top three of Google, and I earn through Adsense and Amazon (affilate marketing). Some of those articles have been paying me for six to ten years. That's a long time."}, {"type": "sentence", "content": "Let's do some multiplication on that. Let's say I had an article running in the top three of Google for five years. The numbers vary, but every month, that articles earns between $30 and $80. Let's take a median amount of $55. Five years is 60 months. That's 60 x $55 = $3300. And, yes, I have articles giving me that kind of performance. That is passive income."}, {"type": "sentence", "content": "Certainly, from time to time (maybe every two years), it will drop from number one to number three. Then I will go back, rewrite a bit of it, fix up any SEO (Google's algorithm's change all the time), and then it's okay for another few years."}, {"type": "sentence", "content": "One of the platforms that I write for is Hubpages. Hubpages is pretty strict, but once you have the formula right, you'll get selected for the niche sites (similar to distribution on Medium), and you will get more traffic. That said, recently, Hubpages did a redesign by moving the remaining stories that were acceptable to them to a new domain. Since then, my income has doubled."}, {"type": "subtitle", "content": "Signing Up for Adsense and Amazon Affiliates"}, {"type": "sentence", "content": "Whether you sign up to write for Hubpages or prefer to use Medium, you will still need to learn to write acording to Google standards. If you decide to sign up for Hubpages, then you will need to register with both Adsense and obtain an Amazon Affiliate account. If you decide to take the Medium route, you will just need the Amazon Affiliate account."}, {"type": "subtitle", "content": "How Adsense and Affiliate Marketing Work - the Real Passive Income"}, {"type": "sentence", "content": "Generally when writing for a content site, writers get a share of the advertising. So, let's say that Google pays $1.80 for anybody who clicks on an ad. The content site will take 40% of that sum and give you 60% (or something similar). So every time someone clicks on your ad, you will get $1.08."}, {"type": "sentence", "content": "I've forgotten the figures, but maybe one in a hundred people will click on your ad. Or maybe two in ten will - it's been a while since I looked at that. On Amazon, I generally convert somewhere between 15% to 50% into sales. I get about 4% commission (that's through my Medium links). On Hubpages, I think the going rate is 8%, but they get a massive amount from Amazon because so much of their traffic goes to Amazon."}, {"type": "sentence", "content": "One thing you have to realize, though, is that you cannot click on Adsense ads in your own writing. The minute you do, Google will ban you. Make absolutely no mistake about that! And they will never, never, never give you back your account. So never cheat Google!"}, {"type": "image", "content": "https://miro.medium.com/max/2358/1*HcDFIphvE60CW2wKUGEJsQ.png"}, {"type": "image", "content": "https://miro.medium.com/max/1938/1*-22vHfLeQmWJTd5q6t9MHw.png"}, {"type": "subtitle", "content": "Affiliate Marketing on Medium"}, {"type": "sentence", "content": "If you take a look at your traffic, you will see that some of your articles bring me a fair amount of Google traffic. That means that those articles are ranking on Google. You will also see that they don't have many reads. That's because the articles are behind your paywall. So while you might be being paid by Medium for those reads, they eventually drop off because your article is old."}, {"type": "sentence", "content": "At that point, it's a good thing to remove the paywall, and make those articles pay for themselves in other ways. If you've done your homework, the topic you have written about will have an appropriate product on Amazon (or another affilate marketing company), and you will get a percentage of the sale if someone buys."}, {"type": "sentence", "content": "This is why it is a good thing to write evergreen articles rather than once-off articles that titillate or discuss the news of the day. They remain current long after viral content has gone the way of the dodo."}, {"type": "subtitle", "content": "Be Careful of Spamming - Remember Panda"}, {"type": "sentence", "content": "While it is tempting to want to go to town and put a dozen links in each article, my advice is not to kill the goose that lays the golden egg. I think it was 2010 or 2011 that Google absolutely slammed content sides with Panda. Panda was an algorithm that put virtually all content sites out of business. Hubpages is the only one that remained, and for that one has to thank Paul Edmondson who worked with his writers on Hubpages.* All of us took an enormous hit."}, {"type": "sentence", "content": "Your best bet is to to be very, very careful about using affiliate links. Only use them when absolutely appropriate, and don't use more than one or two per article. Also make sure that you have a ratio of about 750 words for each affiliate link you use. The product must relate to the article. Also, don't use this method on every article - only those that are reflecting strong traffic from Google."}, {"type": "sentence", "content": "So there you have it. :) That's how you earn real passive income."}, {"type": "sentence", "content": "******"}, {"type": "sentence", "content": "Unlike some, I do not charge for the information I give you. I'm not running a $50 or $500 course to let you into the 'secrets.' That's because I believe it's fundamentally unethical to charge for information that can better the lives and skills of others. There's enough for everybody! We don't need to compete with each other. I would, however, appreciate it if you would buy me a cup of coffee at Ko-fi. It costs a mere $3, and it makes a difference to my income. Thank you."}, {"type": "sentence", "content": "*If you sign up for hubpages using the above links, I will earn a small commission. However, you will not be affected by this at all."}], "topic": "marketing", "uuid": "2270b6eed37068c1489a01455deb5df8f28720b99267e4798c6fc1c4", "link": "https://medium.com/born-to-write/how-to-earn-passive-income-40b86c4e2d58"}