{"title": "Posting from the Potty: How a Facebook Group Provides Public Support During Private Moments", "data": [{"type": "image", "content": "https://miro.medium.com/max/1464/1*TmPu3xG4FekOBdT_6dgmsA.jpeg"}, {"type": "sentence", "content": "As anyone who has gotten sick knows, many of the issues related to health and wellness are often far messier than what's considered acceptable to discuss during polite social gatherings. After all, blood, vomiting, and diarrhea rarely make for good dinner table conversation. But acceptable topics of discussion appear to differ in digital health communities. On social media, people suffering from health conditions with unusually personal side effects appear more comfortable sharing traditionally private information. For members of certain digital health communities, this has led to a valuable and seemingly unique form of mental and emotional support."}, {"type": "sentence", "content": "One example of this unique type of support has developed around inflammatory bowel disease or IBD. IBD is a broad category of disorders - including Chrohn's disease and ulcerative colitis (UC) - that involve chronic inflammation of digestive tracts. It is characterized by \"flares,\" which are challenging relapses of uncomfortable disease symptoms like diarrhea, bloody stool, and severe abdominal pain. IBD patients have difficulty holding their bowel movements and, during flares, make frequent and painful trips to the toilet, occasionally as many as 20 times or more per day."}, {"type": "sentence", "content": "While every living creature has bowel movements, the things people do and experience during their time spent in the bathroom are usually taboo topics in general conversation. As a result, in addition to suffering from a painful disease, people with IBD also struggle to communicate the true discomfort of their condition. In contrast, someone with arthritis can complain about a sore hip over coffee, and even conversations about cancer are acceptable among friends. However, people suffering from frequent, painful, bloody, and smelly trips to the toilet often feel embarrassed to share the reality of their disease even with close family. This is where digital health communities provide unique support."}, {"type": "sentence", "content": "One example of this type of support appears in the Ulcerative Colitis Crohn's Disease....Support Group, one of the dozens of Facebook groups focused on IBD. In addition to containing the same kinds of advice, inspirational stories, and community solidarity found in many other digital health communities, this particular community is a space where members share candid and personal details about their experiences with their disease. Often, the sharing occurs while suffering from the disease in the usually private spaces of their own bathrooms."}, {"type": "sentence", "content": "Specifically, many posts in the Ulcerative Colitis Crohn's Disease....Support Group discuss an individual's good or bad experiences with their current bowel movements and will often include details of their frustrations while on the toilet. Here are two typical examples:"}, {"type": "sentence", "content": "The types of details shared in the above post - details like someone's rectum feeling like it's going to burst, or waking up in the middle of the night and experiencing watery stools - would rarely be divulged during an in-person conversation. However, thanks to the Facebook group, these posters have the ability to seek emotional comfort and support from others in a unique public-yet-private setting. The benefit of being able to do this appears in the responses, where the original poster is able to get the emotional support that wouldn't otherwise be available. For example, one fellow community member responded to the first post:"}, {"type": "sentence", "content": "The unusually personal sharing that takes place in this Facebook group supports more than just the original poster. It also helps community members who are able to read about other people's struggles while they, too, are dealing with the same painful and personal challenge, often while sitting on the toilet themselves."}, {"type": "sentence", "content": "Here's an example of a candid post that gets an equally candid response, demonstrating the value of the community and its ability to help members during private times of personal distress:"}, {"type": "sentence", "content": "The Ulcerative Colitis Crohn's Disease....Support Group on Facebook, and hundreds of others like it, are filled with candid posts about the shame-inducing challenges of suffering from IBD. For patients with IBD, UC, and Crohn's Disease, this and similar groups provide public support during private moments of immensely personal pain."}], "topic": "social-media", "uuid": "22ba00faf7ab640381e31c8b6634fdef031cccb2e62b19a03781fe62", "link": "https://digitalhealthcommunities.org/posting-from-the-potty-how-a-facebook-group-provides-public-support-during-private-moments-58b62b3623ea"}