{"title": "The Importance of Self-Compassion and Mindfulness for Growth", "data": [{"type": "image", "content": "https://miro.medium.com/max/2624/1*pmphxjcrGTrLWh3_VBp2NQ.png"}, {"type": "sentence", "content": "For the majority of my life, I believed that productivity and success were simply a product of willpower and self-discipline. If I didn't achieve my goals or to-do lists, it was because I wasn't trying hard enough-my failures were a direct reflection of my character and the person I was."}, {"type": "sentence", "content": "However, as I've grown older and matured, I've realized how problematic this mindset has been. After experimenting with dozens of to-do lists, morning routines, and other common pieces of self-help advice, I began to gain a better understanding of how productivity, self-discipline, and life in general really works."}, {"type": "image", "content": "https://miro.medium.com/max/3504/1*V1DTVbF9h_cPp0O9V4nRtA.png"}, {"type": "sentence", "content": "I started to notice a pattern in my efforts to develop new habits or be more productive. The first several days or so would go great and I would wake up on time or go for a run or do whatever it was I was trying to. But then, invariably, something would go wrong. Either it was raining outside or I would fall sick or just be lazy, but I wouldn't be able to complete the task at hand. However, simply missing a day wasn't the issue. The problem was that I would grow frustrated with myself, label the entire effort as a failure, and give up."}, {"type": "sentence", "content": "This mindset that I was a failure even if I messed up a little was preventing me from accomplishing anything meaningful. It took me a while, but I eventually figured it out. I realized: If I had just accepted the fact that I messed up as a part of life and continued on I would have gotten a hell of a lot further."}, {"type": "image", "content": "https://miro.medium.com/max/3184/1*FhGmA7CGeBBL1eFU0EImaw.png"}, {"type": "sentence", "content": "Although I had a vague understanding of this idea for a while, the lightbulb went off while I was listening to a Headspace session about living in the present. I know that this is common advice, but it never clicked for me until that moment."}, {"type": "sentence", "content": "I realized that I was constantly either regretting the past or worrying about the future instead of focusing on doing my best in the present moment. I would beat myself up about the day or week or year before and stress about the work I needed to get done in the future. These negative emotions would cause further inaction which brought on more negativity and so on in a vicious cycle of suck, and the only way to escape was by focusing on the present. Rather than yelling at myself about what a horrible person I was, I needed to be saying: \"Okay, I messed up, but that's in the past and I can't change it. What can I do right now to be better?\""}, {"type": "sentence", "content": "And, this is essentially what mindfulness is: Being fully immersed in the present moment so you can think every thought and perform every action with intention and excellence. Learn from your past and plan for the future but live in the present."}, {"type": "image", "content": "https://miro.medium.com/max/2648/1*d-LPE80vnITozknOe8jUjQ.png"}, {"type": "sentence", "content": "During this time, I also began to read a lot about psychology and the role that shame plays in our lives. In his book Indistractable, Nir Eyal explains: \"Even when we think we're seeking pleasure, we're actually driven by the desire to free ourselves from the pain of wanting... Simply put, the drive to relieve discomfort is the root cause of all our behavior, while everything else is a proximate cause.\""}, {"type": "sentence", "content": "A big part of why we are driven to distraction or other short-term pleasures is to avoid discomfort. We use food and sex and TV and alcohol as methods to numb our pain, which in large parts comes from shame. It's the cycle of suck all over again. We screw up, assume it means we are a terrible person, feel shame about how awful we are, turn to distraction to numb the pain, and so on and so forth . . ."}, {"type": "sentence", "content": "This is where we can inject self-compassion."}, {"type": "sentence", "content": "If a friend or loved one messes up, you wouldn't say, \"Wow! You suck at life. You're a horrible person and will never amount to anything. What a loser.\""}, {"type": "sentence", "content": "Or, at least I hope you don't."}, {"type": "sentence", "content": "Instead, we say (or should say) something along the lines of, \"It's okay. You messed up, but everyone messes up. Do better next time. I believe in you.\""}, {"type": "sentence", "content": "We're not blindly telling ourselves that we are perfect and brilliant and can do no wrong; we're treating ourselves with empathy, honesty, and respect. You should still be taking ownership of your actions, but, at the same time, you should recognize that your emotions and failures do not determine your character and what kind of person you are."}, {"type": "sentence", "content": "Self-compassion helps remedy much of the undeserved shame that we feel in our lives, effectively breaking us out of that cycle of suck. When you don't hate yourself you have no reason to numb yourself and many of the unhealthy, pleasure-inducing actions we once participated are no longer necessary."}, {"type": "image", "content": "https://miro.medium.com/max/3208/1*t5QL5-iPM21l5-d4W4kg7g.png"}, {"type": "sentence", "content": "I firmly believe that setting goals and striving to be a better version of yourself is a fundamental tenet of living a fulfilling life. For many people, this manifests itself as to-do lists, time-blocking strategies, and cold showers, but these improvements are only surface-level\u4e00 they don't address the root causes of our problems."}, {"type": "sentence", "content": "When we try to fix ourselves from the outside in, it requires huge amounts of willpower and pain, and most efforts are unsuccessful. On the other hand, when you address the deeper, underlying issues behind your problems it takes a lot of up-front hard work, but its benefits will radiate outwards and fix the corollary symptoms."}, {"type": "sentence", "content": "It's sort of like trying to patch a dam with masking tape. You're constantly running back and forth patching and re-patching holes as the water bursts through. Eventually, you get tired of all the running, collapse on the spot, and drown. The only sustainable solution is to get some concrete (I actually have no idea how you fix a hole in a dam, but I would assume it's with concrete) and fix the damn dam."}], "topic": "mindfulness", "uuid": "246ccb8480bf08311d5daa6f9d9b87a09058256afb3da0b6465ceb6a", "link": "https://studentsxstudents.com/the-importance-of-self-compassion-and-mindfulness-for-growth-7faa55d38ead"}