{"title": "Sex Education: An Overview", "data": [{"type": "image", "content": "https://miro.medium.com/max/3528/0*DDHkz1qb4lnsMQhG.png"}, {"type": "sentence", "content": "Do these words above make you uncomfortable? A little? A lot?"}, {"type": "sentence", "content": "Each of these words and most discussions around them, make most of us feel uncomfortable. But should they? Sex is a natural and basic human need. If sex is so important, is it really something that we should feel ashamed of or uncomfortable with?"}, {"type": "subtitle", "content": "What does human history tell us?"}, {"type": "sentence", "content": "Our need and desire for sex have been documented for thousands of years. Right from the erotic Egyptian scroll paintings, to Roman life in Pompeii, to the Indian Kama Sutra or the art in the Khajuraho temples, the historical evidence is clear. Sex seems to have always played an important role in all cultures and societies."}, {"type": "image", "content": "https://miro.medium.com/max/1050/0*My1ueWouikkSYg19.png"}, {"type": "sentence", "content": "Even if one chooses to ignore ancient history, it's hard to ignore the fact that the global human population 200 years ago, around 1800 AD, was 1 billion. Now, the global population didn't hit eight billion without people having sex, did it?!"}, {"type": "subtitle", "content": "The present-day situation"}, {"type": "sentence", "content": "Jokes apart, the fact is that the lack of awareness around the basic aspects of sex causes a lot of discomfort for people. Taboos around sex make it extremely difficult for people to get the right information in a timely manner. This situation is actually dangerous and threatens our society in many ways."}, {"type": "sentence", "content": "Consider the following:"}, {"type": "sentence", "content": "These are all serious and very real issues present in the country today. Ignorance, lack of understanding, absence of support, shame, guilt - these are all a part of the problem that cause the above situations. But what is the solution?"}, {"type": "sentence", "content": "As individuals and as a society, we have to let go of the taboo that surrounds sex and be open to learning about it without feeling any shame or guilt."}, {"type": "subtitle", "content": "What is sex education?"}, {"type": "sentence", "content": "'Sex education', simply put, is education that revolves around the sexual behaviour of humans. This includes learning about sexual anatomy, sexual intercourse, understanding how hormones work, protection during sex, decision making, and so on."}, {"type": "sentence", "content": "Teachers in schools and colleges gracefully skip this topic to avoid discomfort and awkwardness in the classroom. But it is extremely important to understand matters related to sexual desire and behaviour so that we can make sensible and well-informed decisions that impact our health and overall well-being. This applies even if one is not interested in sex, because we still need to know about our bodies and our rights. Quality sex education ensures that people make respectful social and sexual decisions. It makes us think about how our choices affect the people around us."}, {"type": "subtitle", "content": "What is sex education NOT about?"}, {"type": "image", "content": "https://miro.medium.com/max/1926/0*Ldh2_JIhPSL2qKlz.jpg"}, {"type": "sentence", "content": "Sex education aims to inform and NOT promote sex. Sex-ed does not intend for people to get excited about sexual activities. Rather, it is to help people develop an understanding of how our bodies and brains respond to certain situations and how to deal with them."}, {"type": "sentence", "content": "Sex education is not just about sex. It also covers topics such as:"}, {"type": "sentence", "content": "Sex education does NOT aim to tell you WHO you should have physical relationships with. It tells you what you should know and take into consideration before making decisions related to physical intimacy. The intention is also to prevent you from taking advantage of anyone unknowingly or being taken advantage of by anyone."}, {"type": "sentence", "content": "It is important to understand that pornography is NOT sex education. Porn should never be your primary source for understanding sex. Learning sex from porn is like learning about relationships from a Hollywood or Bollywood movie. Things may seem good or bad, but they just don't work that way in real life."}, {"type": "sentence", "content": "Sex-ed is not only for people from other cultures. Many conservative people believe that sex education is only needed in Western countries because their culture allows pre-marital sex. This, however, is not the case. This education is for everyone because we all have the right and the need to understand our own bodies and seek help for issues related to our well-being, sexual well-being included."}, {"type": "subtitle", "content": "Comprehensive sexuality education"}, {"type": "sentence", "content": "A lot of people turn to pornography (or porn) to learn about sex. However, as shared earlier, sex education (or sex-ed) is completely different from porn."}, {"type": "sentence", "content": "With increasing awareness about the need for sex education, more and more NGOs and organizations are running programs on sex education. So far, sex education in India can be divided into three spaces:"}, {"type": "sentence", "content": "Information on female menstrual hygiene, sexual abuse, 'good-touch-bad-touch', are also some topics that have been given importance by the media and the taboo around them has reduced marginally. These topics are extremely important, but there is a lot more to sex education than this."}, {"type": "image", "content": "https://miro.medium.com/max/600/0*HoWnPO-IfQGofAN9.png"}, {"type": "sentence", "content": "In order to refer to the wide range of themes and topics that are covered under sex education, many people prefer the term 'comprehensive sexuality education'."}, {"type": "sentence", "content": "Here is an overview of some of the aspects that comprehensive sex-ed covers:"}, {"type": "sentence", "content": "It's a long list. Don't worry if a lot of things seem unfamiliar. We at Lokyatha hope to simplify things for you through our content."}, {"type": "subtitle", "content": "How soon should sex-ed start?"}, {"type": "image", "content": "https://miro.medium.com/max/1352/0*mDhpAZps0bkrt3pw.jpg"}, {"type": "sentence", "content": "Medical health professionals, sex educators and child specialists suggest that sex education should start much before puberty. Many suggest it should begin from when children are toddlers; as early as three or four years old. It is now well established by educators, that it is critical to introduce young children to the concepts of 'good-touch-bad-touch' and 'stranger-danger' early on."}, {"type": "sentence", "content": "Learning to listen to children's discomfort when we force them to sit on someone's lap or hug or kiss a relative is also a part of the much-needed education that adults need for instance. The attitude of not believing children when they report sexual abuse is another major area of learning for a lot of adults."}, {"type": "sentence", "content": "More such articles will help you go deeper into the various aspects of sex education. We at Lokyatha are keen on helping you build your toolbox for holistic, safe, and fulfilling relationships."}, {"type": "sentence", "content": "Importance of Sex-Ed for Teens and Young Adults"}, {"type": "subtitle", "content": "Did you enjoy this article?"}, {"type": "sentence", "content": "Do Subscribe and Follow us on our YouTube page for more Life Skills related content."}, {"type": "sentence", "content": "References:"}], "topic": "education", "uuid": "24da8901c68ac2920e646527f9a835418e7c6258d0e4329b4e1c46e4", "link": "https://arnoldm.medium.com/sex-education-an-overview-c0770ba08839"}