{"title": "How to Pitch a Design System", "data": [{"type": "sentence", "content": "As the only designer at a small software startup, I had to convince my company that a design system was necessary. The company's software was plagued with issues ranging from inconsistent UI components to redundant workflows in different areas of the software for similar features. Front-end developers were building off of drawings created by the executives (CTO and VP of Product). As a result, developers often created pages that had inconsistencies, and poor usability as that was an afterthought."}, {"type": "sentence", "content": "Without a framework of usage decisions and behaviors, I wanted to fill this void in the process. Like most designers, I was excited to jump into my design tool and start exploring ideas. Before going down the rabbit hole of ideating, I had first get the CTO and a few others on board. When introducing a fundamental change, there can be push back, fear of change, and even differences in strategy. To mitigate pushback, it's best to engage early on to get buy in. Including others in the process goes a long way as it builds trust. Cumulatively, this will lead to the design system's success as team members will have the opportunity to contribute."}, {"type": "subtitle", "content": "The Pitch Deck"}, {"type": "sentence", "content": "A pitch deck is essential to get buy-in, commitment, and consensus among the team. The goal of the pitch deck is to spark discussion on how the current user experience is not working well, and how we can incorporate a design system to address the software's issues. The strategy was to convey the value of a design system and the benefits for our team and customers."}, {"type": "sentence", "content": "My pitch strategy slides covered these topics:"}, {"type": "image", "content": "https://miro.medium.com/max/2800/1*WAbxMjQplogyjFZPkSlfRw.png"}, {"type": "subtitle", "content": "Takeaways"}, {"type": "sentence", "content": "Depending on your organization's structure and size, selling your pitch to different groups may be necessary. The first pitch was with core decision-makers which included the CTO (one of the co-founders), a front-end development lead, the SVP, and VP of Product. Shortly after, I presented a modified version of my deck to the front-end developers. This deck was less high-level and included a more detailed rollout plan concerning their involvement."}, {"type": "sentence", "content": "During the discussion around the current UX issues, a front-end developer spoke about the past decision-making. Understanding the reasoning behind it was good initially. Then the conversation began to meander with each UI example as the developer was unable to focus on what we want to do moving forward."}, {"type": "sentence", "content": "A lesson learned is to understand other's perspectives but reign the conversation back to the future of the UI.It is necessary to understand the context of the past, but don't let this derail your discussion."}], "topic": "design", "uuid": "26bdf7cfccc351319acfc7801346919a8a682e5323fa0ae4bf6b2649", "link": "https://medium.com/geekculture/how-to-pitch-a-design-system-9a56971062bd"}