{"title": "Playin' Video Games", "data": [{"type": "image", "content": "https://miro.medium.com/max/10928/0*OrUsNeS852AwRDCX"}, {"type": "sentence", "content": "It has been a month, a month playing video games again after I haven't been really playing for decades. Aside for Skyrim. Like, seriously, every year I get a couple of months of playing Skyrim till 5 a.m."}, {"type": "sentence", "content": "But generally, life and expectations around age caught up with me. And who knows, maybe internalised stereotypes around gender and gaming as well."}, {"type": "sentence", "content": "But, this month I had decided to say f**k it, and just feel free to do everything I felt like, and express myself despite of stupid expectations."}, {"type": "sentence", "content": "So,"}, {"type": "sentence", "content": "I downloaded a couple of games on my mobile (RAID: shadow legends, and Animal Crossing), created a character in The Elder Scrolls Online (which my partner already had), and download the cutest game of them all: Hollow Knight."}, {"type": "sentence", "content": "Next, maybe Hades?"}, {"type": "subtitle", "content": "\"Looking like a true survivor, feeling like a little kid\""}, {"type": "sentence", "content": "Not to sound like \"I'm not like the other girls\" (no girls are like other girl, and, we are also all the same...it's complicated... or not), but compared to my female-peers I had a different upbringing. Blessed with a mother that encouraged self-expression, and cousins who where super-nerds, I grew up playing with PlayStation One, and my Gameboy Colour. Later, I would betray my cousins and move onto XBOX."}, {"type": "sentence", "content": "Then life caught up: studies, partners, music, parties, social norms around age and \"playing\". And my Gameboys, my Xbox, and my PC games stayed in a dark corner accumulating sad and cold dust."}, {"type": "sentence", "content": "If you are wondering why the digression, I'll explain. Going back to not caring, and playing at every free moment I have has had a lot of positive effects on me this month already. Positive nostalgia, augmented creativity, and fining lost affinities."}, {"type": "sentence", "content": "P.S. I also learned that I am a terrible human being that would sacrifice a lot of characters that I have \"bonded\" with, just for the greater good of levelling up stronger ones."}, {"type": "image", "content": "https://miro.medium.com/max/13440/0*5jLpk0ZffKvXgLT8"}, {"type": "subtitle", "content": "Nostalgia:"}, {"type": "sentence", "content": "This point is simple, given I have already talked about my gaming childhood. In general terms, I can say that playing again as made me feel \"like a little kid\". And I don't mean full of acne, snot and compulsively masturbating. I mean giving leisure the priority in my days, remembering warmer times, feeling like I need so little to have a sense of purpose."}, {"type": "subtitle", "content": "Creativity:"}, {"type": "sentence", "content": "This point may not be applicable to every game genre. However, generally speaking, I think (and quite honestly, is being supported by research) that playing games is strongly associated with boosts in creativity."}, {"type": "sentence", "content": "For a more detailed post on how games can improve creativity:"}, {"type": "sentence", "content": "How 'gamification' could revolutionise creative thinking in the workplace (theconversation.com)"}, {"type": "sentence", "content": "From my personal experience, instead, I can only simply say that it opened a world. It has helped me think outside of the box. It has made me realise that there are so many worlds and universes possible, even if \"only\" in our minds. It reminded me about how much I love drawing: manga, fantasy characters, surrealist environments. It reminded me that games are ART, and whoever thinks that's not true, is just an art bigot and can go... somewhere not nice."}, {"type": "subtitle", "content": "Affinities, communities."}, {"type": "sentence", "content": "I will forever stand that Mobile Legend Bang Bang is the most toxic environment since the advent of cyber bullying. But, that aside. Playing games can really help someone open up to new communities."}, {"type": "sentence", "content": "-Playing together with people on ESO,"}, {"type": "sentence", "content": "-Finding guilds and clans in many games"}, {"type": "sentence", "content": "-Forums"}, {"type": "sentence", "content": "-Online gaming"}, {"type": "sentence", "content": "-Watching streamers"}, {"type": "sentence", "content": "-Fandoms"}, {"type": "sentence", "content": "-Or, simply, reading stories from people and video games on platforms such as Medium."}, {"type": "sentence", "content": "Because, quite honestly, I was raised in a place and a country where if you didn't want to go clubbing, get drunk all the time, and just be interested in clothing, you were an outcast. And, kinda destined to a life of solitude."}, {"type": "sentence", "content": "Of course, it is not to say that you can't enjoy all those things and also game. But, there are places where social norms are \"stricter\" than others. And, for many out there, playing online might represent an opportunity to feel a sense of belonging, friendship, and having found one's own crowd."}, {"type": "sentence", "content": "Not on MLBB though, they are terrible, and will report you for anything...I mean it, I have been reported multiple times in one day for \"feeding\" and other stuff."}, {"type": "sentence", "content": "It was my first day on the game."}, {"type": "sentence", "content": "Oh! And I have also been insulted, like...what? Can someone not just \"start\"??"}, {"type": "sentence", "content": "Oh, and, might not have much to do with gaming at all, but"}, {"type": "sentence", "content": "the title of this post sorta, really comes from this song:"}], "topic": "gaming", "uuid": "276e9609804359a7068e6e1ef06aeb278b7ff029fb20e1f825179f0f", "link": "https://medium.com/weaving-subjectivities/playin-video-games-ef908132db90"}