{"title": "No, We Don't Want to Buy Your Magic: the Gathering NFTs", "data": [{"type": "image", "content": "https://miro.medium.com/max/2400/1*NQ0C3R1yjSM6r-hFRkOZZg.png"}, {"type": "sentence", "content": "Hasbro has announced their intent to explore selling NFTs related to some of their franchises including Wizards of the Coast's (WOTC) Magic: the Gathering. While a specific timeline was not given, it was inevitable that Hasbro would want to explore this space given the success of Magic: Arena - the latest digital offering of the popular card game."}, {"type": "image", "content": "https://miro.medium.com/max/3840/1*5DBBxPAfFYNN8FhYwpKGuw.jpeg"}, {"type": "sentence", "content": "WOTC has already proven to themselves and their investors that they can drive revenue and growth of Magic: the Gathering through digital offerings. Why wouldn't they want to explore NFTs as a mechanism to do even more of those two things?"}, {"type": "sentence", "content": "Not sure what the hell an NFT is? I've got you covered. Read this."}, {"type": "sentence", "content": "As I've noted in one of my Recent Flesh and Blood TCG articles, I haven't been a fan of a lot of the decisions WOTC/Hasbro has made in the past few years as they appear to be more motivated by greed and less motivated by what is good for the community of players who have supported the game for a quarter-century. I haven't been around MTG quite that long, but I've been playing Magic: the Gathering for over a decade now, so it isn't the first time I'm living through dark days in franchise history."}, {"type": "sentence", "content": "There's a reason I'm a lot more interested in playing Flesh and Blood than Magic: the Gathering right now. A lot of that boils down to the management of the parent company and how their decisions serve to benefit the community of players that supports them."}, {"type": "sentence", "content": "It doesn't matter if your game is good or how long someone has been playing. If you continually treat your community poorly, they will only tolerate so much before cutting their losses and moving on to the next thing. I just fear WOTC will prioritize this perceived opportunity in NFTs before triaging and mending a community that is fatigued and bleeding."}, {"type": "image", "content": "https://miro.medium.com/max/1000/1*Ud6x8ycIWm9fJ-_sC0lgzg.jpeg"}, {"type": "sentence", "content": "Quality control of the physical product and necessary playtesting has gone out the door for WOTC. \"Premium\" foil cards warp into the shape of Pringles, and it has gotten worse. Naturally, foil cards in any game are sensitive to humidity to some degree. But it's very apparent that the quality of MTG cards has gone down. From the cardstock to the premium foils, WOTC is trying to make the cards cheaper, and cheaper to make, while raising their prices on what they expect consumers to pay."}, {"type": "sentence", "content": "Secret Lair is a predatory cash grab that devalues the local game stores that support the community network of the game AND the players who choose to hold onto highly sought-after cards with high value. Full stop."}, {"type": "sentence", "content": "Strixhaven: School of Mages, the latest set from Magic, feels like WOTC realized they needed to sound the alarm and have some pull the emergency reset lever to drop the power level in standard. Each set prior to Strixhaven all the way down through War of the Spark has shipped with something absolutely game-breaking in at least one format that ended up getting banned. We haven't seen such egregious, game-breaking cards released in such close proximity since the days of CawBlade in the Zendikar and Mirrodin Besieged block a DECADE ago."}, {"type": "sentence", "content": "I've written a lot about NFTs for SuperJump too. They're coming to gaming and since my wildly popular primer on NFTs and some potential applications, we've seen a lot of new implementation and announcements around new types of collectible NFTs centered on games. It's a bit of a gold rush and feels akin to the early days of Bitcoin and Cryptocurrency when traditional institutions started taking notice. Now, everyone wants a piece of the NFT pie and there is a lot of fear of missing out."}, {"type": "sentence", "content": "Spoiler alert, NFTs aren't going away anytime soon."}, {"type": "image", "content": "https://miro.medium.com/max/2400/1*i8SygI4JTeuEC1vxUcA6RA.jpeg"}, {"type": "subtitle", "content": "Why people don't want to buy M:TG NFTs"}, {"type": "sentence", "content": "From the NBA to individual content creators, NFTs are taking the world by storm. It was only a matter of time until Wizards of the Coast took notice. I just fear WOTC will prioritize this perceived opportunity in NFTs before triaging and mending a community that is fatigued and bleeding."}, {"type": "sentence", "content": "I am an early adopter of Bitcoin and cryptocurrency. Outside of the noise and insane markets for NFTs right now, I do see value in the technology in its ability to fundamentally transform experiences for businesses and consumers. I mention that as a preface to my next statement so you understand where I am coming from."}, {"type": "sentence", "content": "I am THE ideal customer for Magic: the Gathering NFTs. They may as well take my picture and put it on the whiteboard when the marketing department works to understand what their ideal customer profile looks like."}, {"type": "sentence", "content": "I understand the technology behind NFTs and am an early adopter of it. I am a fan of Magic: The Gathering and like to purchase premium products for the game from time to time. But guess what? I'm not buying MTG NFTs and there is a 0% chance I am the only one in the MTG community that feels that way right now."}, {"type": "image", "content": "https://miro.medium.com/max/3840/1*pjoxD2QnPJsEjvN0j1JLJg.jpeg"}, {"type": "sentence", "content": "As cool as they may be, I will not be supporting WOTC by purchasing any Magic: the Gathering NFTs the company pumps out. That is until I feel like WOTC is listening to their community of players and working to address the numerous concerns and wrongs that have been inflicted on us."}, {"type": "sentence", "content": "Address the issues and mend the community first, then sell some really cool Magic: the Gathering NFTs. If and when that happens, I'll be first in line to buy them."}, {"type": "sentence", "content": "What do you think about Magic: the Gathering NFTs? Let me know in the comments below! Did you enjoy this content? Support my writing directly on Patreon and get some awesome patron-exclusive benefits."}], "topic": "gaming", "uuid": "2b4ded874fd0010433694f3453a39d8157071efbe07596ef0fb7cd58", "link": "https://superjumpmagazine.com/no-we-dont-want-to-buy-your-magic-the-gathering-nfts-feadeb4536e3"}