{"title": "Add a Feature - Pinterest", "data": [{"type": "subtitle", "content": "Project Overview"}, {"type": "subtitle", "content": "The Challenge"}, {"type": "sentence", "content": "My task was to incorporate a new feature into a popular platform. I chose Pinterest, partly because I am an avid Pinterest user, and partly for its unique UI which I thought would be interesting to work with."}, {"type": "subtitle", "content": "The Scope"}, {"type": "sentence", "content": "This project was a 4-day sprint during which I went through all 5 phases of the Design Thinking Process from Discovery to Delivery."}, {"type": "subtitle", "content": "Background"}, {"type": "sentence", "content": "I have yet to find an app that is as good as Pinterest for collating visual inspiration. I love using it to find ideas for my next project, find art references, or any time I simply want some random inspiration."}, {"type": "sentence", "content": "I was super excited to design a feature with Pinterest's existing functionality in mind. As an active Pinterest user, I recognized that one of my biggest struggles would be avoiding ideating until after my research and synthesis."}, {"type": "subtitle", "content": "Discover"}, {"type": "subtitle", "content": "Lean UX Canvas"}, {"type": "sentence", "content": "I began the Discover phase with the Lean UX Canvas. The Lean UX Canvas is a living document, so I added to it as I went through the design process. This tool gave me a big picture overview of my project, and helped me to identify my potential users and what I needed to learn first."}, {"type": "image", "content": "https://miro.medium.com/max/3200/0*hGfTL6HL_s6KE0OD"}, {"type": "sentence", "content": "Filling out the first few sections allowed me to decide who to reach out to for user interviews and begin outlining interview questions. Before interviews, though, I decided to do some secondary research."}, {"type": "subtitle", "content": "Competitive Feature Comparison"}, {"type": "sentence", "content": "I created a chart to compare features across the market. I wanted to determine which features are expected by users and which features are missing from the market. This allowed me to reflect on Pinterest's offerings and see if there are any opportunities for Pinterest to capitalize on."}, {"type": "image", "content": "https://miro.medium.com/max/2408/0*0v5wSWiJb5DJpdyn"}, {"type": "sentence", "content": "I identified some of Pinterest's direct competitors and indirect competitors. Many of the competitors I identified were social media platforms, but Pinterest has many other competitors outside of social media. Chief among them is Google Images. From my research I discovered:"}, {"type": "sentence", "content": "Users expect:"}, {"type": "sentence", "content": "Opportunities:"}, {"type": "sentence", "content": "Pinterest has an edge over competitors at the moment by allowing users to collect ideas and easily organize them. If it wants to maintain that edge, it needs to be continually updating and improving this functionality."}, {"type": "subtitle", "content": "Market Positioning Chart"}, {"type": "sentence", "content": "At a higher level, I analyzed the market to determine Pinterest's current market position and identify potential opportunities."}, {"type": "image", "content": "https://miro.medium.com/max/1828/0*04QpMOmxTTPBrK-W"}, {"type": "sentence", "content": "I analyzed competitors based on whether they were image-based or text-based platforms and whether they were geared towards social engagement or private browsing. Pinterest is primarily image-based with minimal social features."}, {"type": "sentence", "content": "I found a few gaps in the market and labeled one a \"Blue Ocean\". Essentially, a blue ocean represents an opportunity for Pinterest in the market. The blue ocean I identified is social and a mix of image and text-based."}, {"type": "sentence", "content": "Ultimately, I ended up not capitalizing on this blue ocean once I realized from user research that most people had little interest in being social on Pinterest. In hindsight, I should have made multiple market positioning charts and played around with the axis labels to discover more than one gap in the market."}, {"type": "subtitle", "content": "User Interviews"}, {"type": "sentence", "content": "My secondary research was helpful in giving me the background I needed, but I turned to user interviews to gain richer and more insightful data. I interviewed 6 Pinterest users to discover what drives them to use Pinterest, what they like about it, and what frustrates them."}, {"type": "sentence", "content": "User research data in hand, I began synthesizing my findings."}, {"type": "subtitle", "content": "Define"}, {"type": "subtitle", "content": "Affinity Map"}, {"type": "sentence", "content": "I created an affinity map to categorize my data and find trends."}, {"type": "image", "content": "https://miro.medium.com/max/3200/0*Nq-c1geP5mOIGlEK"}, {"type": "sentence", "content": "I learned that all of my interviewed users turn to Pinterest for visual inspiration. More specifically, most of my users browsed Pinterest when they were looking for particular inspiration for an art project, a home renovation, or fashion inspiration."}, {"type": "sentence", "content": "I also learned how my users feel about Pinterest's UI and functionality. Though many of them expressed that Pinterest is great at showing them ideas based on what they have already liked, it struggles to show them accurate search results. Many also shared that it is easy to get lost within Pinterest, especially when browsing the \"More like this\" feed."}, {"type": "sentence", "content": "Already, I had identified some key areas for improvement and was ready to dive further into my process."}, {"type": "subtitle", "content": "Value Proposition Canvas"}, {"type": "sentence", "content": "I used a value proposition canvas to identify user pains and gains as well as assess product-market fit. I started with the customer segment."}, {"type": "image", "content": "https://miro.medium.com/max/2480/1*yX49ufTSe5MbtXae5Mk1xQ.png"}, {"type": "sentence", "content": "Here are a few of my key insights from this tool:"}, {"type": "sentence", "content": "User Pains:"}, {"type": "sentence", "content": "User Gains:"}, {"type": "subtitle", "content": "As-Is Scenario Map"}, {"type": "sentence", "content": "I created an As-Is Scenario map to empathize with my user and stay focused on user-centered design. I began thinking through my users' main use cases and their thoughts and feelings based on the data I had gathered."}, {"type": "sentence", "content": "Users main use cases:"}, {"type": "sentence", "content": "Scenario analyzed: A user signs into Pinterest looking for inspiration on a particular topic"}, {"type": "image", "content": "https://miro.medium.com/max/3200/0*M-nI-UuQv7LDy1uu"}, {"type": "sentence", "content": "The Phases: Navigates to Pinterest \u2192 Signs in \u2192 Searches for topic \u2192 Browses search results \u2192 Browses \"More like this\" \u2192 Saves pin to board"}, {"type": "sentence", "content": "I mapped out what the user would be doing, thinking, and feeling during each phase, being careful to ensure my work was founded in data. This tool translated well into the next step of my process."}, {"type": "sentence", "content": "User Journey Map"}, {"type": "sentence", "content": "My user journey map gave me a more holistic view of my chosen scenario. From this tool, I was able to discover user pain points and opportunities for design."}, {"type": "image", "content": "https://miro.medium.com/max/2984/1*rZo-8aD0NKUHaokHUPkegQ.png"}, {"type": "sentence", "content": "I identified three significant low points in my user's journey:"}, {"type": "sentence", "content": "These places in the journey, in particular, presented multiple opportunities for design."}, {"type": "subtitle", "content": "Problem Statements"}, {"type": "sentence", "content": "I generated three problem statements from my learnings:"}, {"type": "sentence", "content": "Then, I reworded them into How-Might-We's to begin thinking about how I could bring value to my users."}, {"type": "sentence", "content": "Next, came the fun part."}, {"type": "subtitle", "content": "Ideate"}, {"type": "sentence", "content": "I was excited to finally ideate now that I had solid data to work from. It had been tempting to generate ideas based on my own experiences, but I was glad that I waited. Trusting the process allowed me to set aside my preconceived notions and brainstorm features that I wouldn't have thought of before talking to users."}, {"type": "image", "content": "https://miro.medium.com/max/2112/1*rckbmntBrdORWg8z6F3teA.png"}, {"type": "sentence", "content": "I came up with a multitude of promising ideas. Unsure of how to narrow down my potential feature ideas, I turned to feature prioritization tools."}, {"type": "subtitle", "content": "Develop"}, {"type": "subtitle", "content": "Feature Prioritization Chart & MoSCoW Method"}, {"type": "sentence", "content": "I used a feature prioritization chart and the MoSCoW method to hone in on the feature I wanted to develop. The feature prioritization chart prompted me to reflect on which features would provide the most value for the least effort."}, {"type": "sentence", "content": "Following this, I sorted my features based on necessity using the MoSCoW method. I sorted features into the following categories: must-have, should-have, could-have, and won't-have."}, {"type": "image", "content": "https://miro.medium.com/max/3200/0*nr3Umt6oAq96bkPk"}, {"type": "sentence", "content": "I ended up with three features in the must-have category. Due to the scope and nature of this project, I knew I needed to choose one feature from this category to run with."}, {"type": "subtitle", "content": "Value Proposition Canvas Revisited"}, {"type": "sentence", "content": "It was at this point that I revisited my value proposition canvas, focusing on the client-side."}, {"type": "image", "content": "https://miro.medium.com/max/2108/1*074pa5AD57kODE2qgCOIhg.png"}, {"type": "sentence", "content": "I sorted offerings based on what would relieve my users' pain points and what would benefit them."}, {"type": "subtitle", "content": "Jobs-To-Be-Done Framework"}, {"type": "sentence", "content": "I used the Jobs-To-Be-Done (JTBD) framework to further reflect on how I could bring value to my users and ensure my minimum viable product (MVP) would meet user and client needs."}, {"type": "sentence", "content": "It was helpful viewing my MVP through this lens because JTBD forced me to go deeper and think about the tasks my users are truly trying to accomplish by using Pinterest. In other words, what do users \"hire\" Pinterest for and why?"}, {"type": "sentence", "content": "User jobs should be founded in data, but they are more than simply functional jobs (like finding a resource). They can be emotional and even social. Some of my users use Pinterest to complete a specific task or project. Others use it to relieve boredom or because they want to find trends and be fashionable."}, {"type": "sentence", "content": "I summarized my user and client jobs with these statements:"}, {"type": "sentence", "content": "User Job Story: When I am looking for fresh ideas, I want to feel productive and organized so that I can find what I'm searching for and reference it later if needed."}, {"type": "sentence", "content": "Business Job Story: We want our users to hire Pinterest to find inspiration and similar ideas they love without getting lost and abandoning the app."}, {"type": "sentence", "content": "After using the JTBD framework, I felt confident creating my MVP."}, {"type": "subtitle", "content": "Minimum Viable Product"}, {"type": "sentence", "content": "I decided on a minimum viable product to meet the user needs I had identified. For this particular project, my MVP needed to be a feature that could be incorporated into Pinterest's existing UI. I decided to go with a thread that helps users maintain their sense of place while browsing."}, {"type": "sentence", "content": "Previously Viewed Thread: A feature for Pinterest mobile that allows our users to browse similar pins and easily navigate back to ideas they want to revisit."}, {"type": "sentence", "content": "How does this solve users' functional needs?"}, {"type": "sentence", "content": "Users complained about losing track of their place while browsing. In some cases, this caused users, in their frustration, to turn to other apps"}, {"type": "sentence", "content": "How does this solve users' emotional needs?"}, {"type": "sentence", "content": "Users mentioned that they use Pinterest to feel productive. This feature will allow users to stay organized during their browsing."}, {"type": "subtitle", "content": "User Flowchart"}, {"type": "sentence", "content": "I mapped out a user flow for my Previously Viewed Thread feature."}, {"type": "image", "content": "https://miro.medium.com/max/2996/0*pvx1XbDOk4blO4sv"}, {"type": "sentence", "content": "I highlighted the \"happy path\" in green. This is the ideal path I would expect the user to take. Even though the flow has an endpoint, the happy path is a loop, because, ideally, users will travel this path multiple times as they browse before exiting."}, {"type": "sentence", "content": "At this point, I felt ready to begin prototyping."}, {"type": "subtitle", "content": "Deliver"}, {"type": "subtitle", "content": "Lo-Fidelity Prototype"}, {"type": "sentence", "content": "I sketched a low-fidelity prototype with the goal of testing early and discovering issues quickly. I wanted to avoid sinking too much time and effort into a potentially dysfunctional design."}, {"type": "image", "content": "https://miro.medium.com/max/1492/0*0961GTYJd17E_KOs"}, {"type": "image", "content": "https://miro.medium.com/max/1612/0*nGu7Gob48IVbG31g"}, {"type": "sentence", "content": "I used this prototype to conduct 5 moderated user tests. I used Maze to conduct my tests which provided me with excellent quantitative data. Watching my users use the prototype and voice their thoughts, however, provided me with even more valuable data. I learned things that quantitative metrics alone wouldn't have shown me."}, {"type": "sentence", "content": "There were two parts to the user test. In the first part, the user participated in onboarding to learn about the new feature. In the second part, the user tried out the feature for themselves."}, {"type": "sentence", "content": "My goal with the second part was to check that the users understood the feature and that the onboarding successfully prepared them to use it in the future."}, {"type": "subtitle", "content": "Lo-Fi Testing Insights"}, {"type": "sentence", "content": "14% misclick rate during onboarding"}, {"type": "sentence", "content": "26.7% misclick rate when trying the feature themselves"}, {"type": "sentence", "content": "From my moderated sessions, I learned:"}, {"type": "image", "content": "https://miro.medium.com/max/1560/1*1ewofAgUwmp-s8SKDAfHKQ.png"}, {"type": "subtitle", "content": "Mid-Fidelity Prototype"}, {"type": "sentence", "content": "Armed with new knowledge from my user testing, I created a mid-fi prototype. In my mid-fi prototype, I made more educated decisions on layout and wording, deciding to make certain elements more pronounced."}, {"type": "image", "content": "https://miro.medium.com/max/1336/0*Eg1pblObQu0z_RMV"}, {"type": "sentence", "content": "I made the onboarding message more engaging and the \"Previously Viewed\" button more noticeable. I also made it more clear how to exit the onboarding process."}, {"type": "subtitle", "content": "Mid-Fi Testing"}, {"type": "sentence", "content": "Once again, I conducted 5 user tests. This time, users completed tasks faster and with more ease. There was a 12.7% misclick rate during the first portion of the test and a 20% misclick rate for the second portion. This was an improvement from the first round of testing, and other metrics including time spent per screen showed significant improvement as well."}, {"type": "image", "content": "https://miro.medium.com/max/1376/1*bx8fkxkAJMgSDe2oSjD4Kg.png"}, {"type": "subtitle", "content": "Hi-Fidelity Prototype"}, {"type": "sentence", "content": "For my high-fidelity prototypes, I recreated my designs with a few minor changes, this time using Pinterest's design system, Gestalt. I was unable to find a UI kit, but I did find a resource on Gestalt, and did my best to replicate Pinterest's UI."}, {"type": "image", "content": "https://miro.medium.com/max/3592/1*IRfi5OfjD5DQBYxD28QQYg.png"}, {"type": "sentence", "content": "I tried my best to make my feature look seamless with Pinterest's UI."}, {"type": "subtitle", "content": "Success & Failure Metrics"}, {"type": "sentence", "content": "I decided on a few metrics that would indicate whether my MVP is successful."}, {"type": "sentence", "content": "Metrics for success:"}, {"type": "sentence", "content": "Metrics for failure:"}, {"type": "subtitle", "content": "Key Takeaways"}, {"type": "sentence", "content": "This project was a great learning experience for me. Here are a few of my key takeaways:"}], "topic": "ux", "uuid": "2df4c29ddbc370a8b8fb320f24d1516e39c87de09f696b1c246958fd", "link": "https://annafrazer.medium.com/add-a-feature-pinterest-b0241c6c6bbd"}