{"title": "What are you thinking when searching our collections?", "data": [{"type": "sentence", "content": "What people type into a search box can reveal a lot about where in a research process they are and what they're hoping to find. This post dives into the real-life user scenarios that have informed the ongoing development of our collections search."}, {"type": "image", "content": "https://miro.medium.com/max/6724/1*7czuSoKZzMBOQaO7SqLe8A.jpeg"}, {"type": "sentence", "content": "When we set out to build a new digital platform for Wellcome Collection, we knew that our ecosystem of four search tools was a confusing experience for everyone, even experienced researchers. People had to understand which search interface was best for their specific use - and what was the best choice could depend on whether a catalogue had a particular bit of functionality, or the material had been described in a certain structure. Most users wouldn't know this to start, and they often had to rely on library staff to point them in the right direction."}, {"type": "sentence", "content": "We also knew there were swathes of our collections that people weren't easily finding in the catalogues, despite best efforts of searchers and cataloguers alike."}, {"type": "sentence", "content": "That's why we prioritised designing a more intuitive single search for our library and museum collections. [Read more about the data and technology that underpin our unified collections search]"}, {"type": "subtitle", "content": "Finding all the things"}, {"type": "sentence", "content": "It's exciting to think about how a library and museum might optimise a collections search for serendipitous discovery but first it's important to get the basics right. We knew that collections search needs to support the day-to-day operations of the library and provide a purposeful and efficient route into our collections. Finding all the things is paramount."}, {"type": "sentence", "content": "We also knew we needed to design something less Google-ish, something that respects that the catalogue search model is different to a web-wide search engine, a full-text journals database, or an encyclopaedia."}, {"type": "sentence", "content": "A catalogue search model needs to:"}, {"type": "sentence", "content": "While more experienced library users know what to expect from a library catalogue, it's not necessarily a distinction that new library users make. Explaining what a library catalogue is remains a hard UX challenge to resolve."}, {"type": "sentence", "content": "And unlike an e-commerce search, we can't rely on sales data to tell us whether users are finding what they need. Libraries specialise in long-tail access, with much of the collection awaiting future users and a much smaller number of items seeing occasional, not everyday, use. A search system that perpetuates the most popular items can inadvertently hide potential avenues of research and discovery."}, {"type": "subtitle", "content": "Through the collection lens"}, {"type": "sentence", "content": "Understanding what users' intentions are in a non-commercial setting can be a challenge. This is especially true in the case of collections-based research where ruling out, or not using material, can be as productive to a researcher as identifying new-to-them research resources. A legitimate and common scenario is that a researcher has reviewed everything and is satisfied there's nothing else to see here."}, {"type": "sentence", "content": "We can't rely solely on Click-Through Rate to determine relevance and usefulness. Instead, we need to match our measures of success to those of our users, by building a search system that supports user intentions."}, {"type": "sentence", "content": "To really understand what users intend when they search our collections, we've conducted interviews, diary studies and usability research with users at all levels of experience. We've also looked at anonymous search query data to understand search patterns and keywords used."}, {"type": "sentence", "content": "This research confirms that search sessions are complex. Users often mode-switch between broad, topic-based searches to known item searches and back again - often in the same session. They typically access multiple libraries and websites during a research project. And their experience of search can be affected by both personal and external forces:"}, {"type": "sentence", "content": "For experienced researchers and new users alike, it can be hard to define what enough looks like. Is it about finding a few perfect items to support a research project? Is it about getting a comprehensive view of an institution's collections in a topic area? Or is it simply finding the book your tutor recommended to you? For many users, it can be all of those things, either at once or spread over time and projects."}, {"type": "image", "content": "https://miro.medium.com/max/1520/1*oyBLfxaB2NvHl-k7YCm_-Q.jpeg"}, {"type": "subtitle", "content": "Search scenarios and user goals"}, {"type": "sentence", "content": "We collect anonymous search data so we can make informed improvements to collections search. This data gives us insight into how users combine keywords to form a query and how many words they typically use."}, {"type": "sentence", "content": "We found that one-word and two-word queries dominate. Unsurprisingly, starting a search with as few words as possible is the norm. Of the searches comprising three or more words, around a quarter of them combine two distinct concepts. These are most often composed of a name plus a title phrase."}, {"type": "sentence", "content": "Taking on board the data analysis and qualitative research, we were able to describe user intents as a core set of five search scenarios and user goals with related search tasks."}, {"type": "subtitle", "content": "Scenario 1: What do you have about...?"}, {"type": "sentence", "content": "Goal: Find the totality of material in the catalogue that matches the mixed criteria."}, {"type": "sentence", "content": "A user in this exploratory mode is not searching for a known item, but something much broader. They are generally looking for subjects, organisations, movements, objects and contributors (authors, creators, editors). They are likely to be interested in a specific time period, for example, the use of tear gas between 1900 and 1945. They may also approach us with an open request: \"where are your books about medical training\"?"}, {"type": "sentence", "content": "Someone searching in this mode typically wants to know everything that we hold that matches their criteria, although they might only be interested in a subset of our collection, for example archives, manuscripts, images. They may wish to exclude everything else before seeing results."}, {"type": "sentence", "content": "Search tasks"}, {"type": "subtitle", "content": "Scenario 2: Do you have this?"}, {"type": "sentence", "content": "Goal: Check for an item that we hold in the catalogue\u200b and access it."}, {"type": "sentence", "content": "A user in this targeted mode wants to check whether we have a particular document or source. This user will likely have some details: a citation from a bibliography, a reading list, or a recommendation from a trusted source."}, {"type": "sentence", "content": "Search tasks"}, {"type": "subtitle", "content": "Scenario 3: I know you have this."}, {"type": "sentence", "content": "Goal: Locate specific details relating to this item, so I can verify information or share it with others."}, {"type": "sentence", "content": "Another targeted search mode, this user is looking for a specific item, normally following a citation or previous use. This user uses what they know about the item to locate it. This type of search is more likely to include reference numbers (collection, system, references, accession numbers, etc), but most often starts with a mix of title and contributor."}, {"type": "sentence", "content": "Search tasks"}, {"type": "subtitle", "content": "Scenario 4: I'm looking for something that looks like this..."}, {"type": "sentence", "content": "Goal: Find a variety of images or items that have a specific quality or characteristic."}, {"type": "sentence", "content": "The user in this visual mode is looking for representations of real-world concepts. We're likely to see this type of scenario when a user is trying to find images to illustrate an idea, or to narrow down to items that have specific physical characteristics or visual qualities."}, {"type": "sentence", "content": "They might be looking for:"}, {"type": "sentence", "content": "While we haven't seen much evidence of this behaviour in the search logs, people working in media, publishing and visual arts have mentioned this research goal. In the physical building, this might look like a user browsing old medical journals to compare medical illustration over time; this might not directly manifest itself in a search query."}, {"type": "sentence", "content": "Search tasks"}, {"type": "subtitle", "content": "Scenario 5: I'm not sure what I'm looking for but I'll know it when I see it."}, {"type": "sentence", "content": "Goal: Explore categories to get a feel for what's available."}, {"type": "sentence", "content": "Users in this scenario are typically in the early stage of their research, attempting to see the breadth of material available and to see whether the institution's collections generally match their needs. In the absence of any browse functionality, the search box is the only entry point."}, {"type": "sentence", "content": "This search behaviour looks a lot like Scenario 1 where the user is trying to scope the collection. We've concluded that this exploratory searcher would be much better served by browse features that allow people to dip in and out of an area of the collection, exploring based on subjects, types of material, and broad themes or tags."}, {"type": "sentence", "content": "Search tasks"}, {"type": "sentence", "content": "People move fluidly between these search scenarios, modifying their search intentions as they go. You've probably done it yourself countless times, perhaps without noticing."}, {"type": "sentence", "content": "By using both the qualitative user research and anonymous search data, we've been able to articulate these search behaviours in a way that helps us to recognise intent. We are now able to tweak and improve search relevance quickly by boosting specific fields within this structured dataset - for example, bumping up author, title or subject categories. You can read more about how we're using search intentions in evaluating relevance in this post from Harrison Pim."}, {"type": "subtitle", "content": "So what's next?"}, {"type": "sentence", "content": "Our usage analytics so far demonstrate that people are using search effectively to find what they need. In the past 3 months, there have been more than 437,000 search sessions and 10% of our digitised material has been viewed at least once, demonstrating that even during a pandemic lockdown our collections are in demand."}, {"type": "sentence", "content": "But a single search box isn't a panacea for collections discovery. What search can't effectively provide is a friendly entry point for browsers - those users who want to get a feel for the collections, those who are uncertain what search terms should and can be used. A blank search box can't reveal the scope of the collection or what kinds of things you might find. And when you've got a collection like Wellcome Collection's, there is unlimited opportunity to stumble across the unexpected."}, {"type": "sentence", "content": "Our aim is to continue to make it easier for people to understand the scope, history and extent of our collections, so everyone can feel comfortable diving in. If you're someone who uses our collections for work or pleasure, we're eager to involve you in these ongoing developments. Join our user panel to get early access to new features in development."}, {"type": "sentence", "content": "Thanks to Harrison Pim and Tom Scott for early feedback on this post. Double-thanks to Tacey Laurie for providing the analysis of search tasks and for casting an eye over the draft post. A big shout-out to librarians Vicky and Louise who sense-checked the early search scenarios and provided more real-world examples. Always ask a librarian."}], "topic": "ux", "uuid": "2e1457c07620a7d6513942abb10ca25390b6ded7f65bf72f17589a1b", "link": "https://stacks.wellcomecollection.org/what-are-you-thinking-when-searching-our-collections-5481d3341d36"}