{"title": "War of the Words: New iOS Updates Have Zuckerberg and Tim Cook Drawing Swords", "data": [{"type": "sentence", "content": "The world of personalized ads is a suffocating gauntlet with the very few controlling everyone else. At the pinnacle is Facebook, bringing in $85.9 billion from targeted online advertising last year alone."}, {"type": "sentence", "content": "Launched in 2007, Facebook Ads gave businesses and marketers a direct line to connect with users through targeted advertising. Marketers can assign your device an ID and then monitor your web and in-app behavior across different platforms."}, {"type": "sentence", "content": "Zuckerberg told an audience of more than 250 marketing and advertising executives in 2007:"}, {"type": "sentence", "content": "Ideally, this information would help you find new brands and products based on your likes, interests, and friends."}, {"type": "sentence", "content": "More recently, personalized advertising has become a point of contention - especially between two of Silicon Valleys' biggest tech companies."}, {"type": "subtitle", "content": "Fast Forward To 2020"}, {"type": "sentence", "content": "There is only one place where Apple and Facebook directly draw swords: the privacy of people using their products."}, {"type": "sentence", "content": "Apple already attempted to disrupt ad tracking in its Safari browser. The brand has long advocated for more privacy, regularly highlighting how it builds security into products."}, {"type": "sentence", "content": "But the conversation came to a head with Facebook when Apple announced seismic changes to the settings on users' iPhones last year."}, {"type": "sentence", "content": "With the release of Apple's iOS 14.5 on Monday, Apple has brought the war to mobile. Now, all of your apps will have to ask in a pop-up: Do you want to allow this app to track your activity across other companies' apps and websites?"}, {"type": "sentence", "content": "For once, you have an easy option to block any app from doing so."}, {"type": "image", "content": "https://miro.medium.com/max/3200/1*OeEdHLUq0OLiygxytKrvrg.jpeg"}, {"type": "sentence", "content": "Obviously, this is deeply concerning for companies built on ad revenue. The fear is that advertisers will no longer be able to effectively target and measure ads and their effectiveness on the iPhone."}, {"type": "sentence", "content": "If Facebook is unable to track user behavior, its targeting function will be diminished. Brands' ad spends will then become less efficient and effective and likely more expensive."}, {"type": "sentence", "content": "Here's a simple example of what this update looks like from Social Media Examiner:"}, {"type": "sentence", "content": "Facebook specifically has code embedded in millions of apps to collect data to target audiences wherever it wants - this cuts that off."}, {"type": "subtitle", "content": "Facebook's Response"}, {"type": "sentence", "content": "Facebook has been running a series of ads called \"Good Ideas Deserve To Be Found,\" which attempts to defend personalized ads."}, {"type": "sentence", "content": "According to a recent press release, this initiative \"highlights how personalized ads are an important way people discover small businesses on Facebook and Instagram, and how these ads help small businesses grow from an idea into a livelihood.\""}, {"type": "sentence", "content": "But Apple CEO Tim Cook sees things differently, publicly declaring that privacy should be a human right - while Zuckerberg argues Apple's update will hurt small businesses."}, {"type": "sentence", "content": "All of this has led to some interesting dialogue between the respective leaders."}, {"type": "subtitle", "content": "How Tim Cook and Mark Zuckerberg Are Responding"}, {"type": "sentence", "content": "In a February blog post, Facebook said:"}, {"type": "sentence", "content": "Cook dismissed those concerns in an interview with The New York Times earlier this month. He said:"}, {"type": "sentence", "content": "Apple and Facebook continued their war of words on Monday."}, {"type": "sentence", "content": "Facebook shared a copy of the alert it'll tell users Apple requires as part of its new privacy push."}, {"type": "image", "content": "https://miro.medium.com/max/1880/0*Li5bJJFHVkc49RGa.png"}, {"type": "sentence", "content": "Apple, on the other hand, released a video on YouTube saying it's fighting against apps that have trackers embedded in them that take more data than they need."}, {"type": "subtitle", "content": "What This Means For You"}, {"type": "sentence", "content": "As a user, it gives you more transparency and control over apps that want to track your data for advertising. Personally, I think it's great."}, {"type": "sentence", "content": "As a marketer, creative, or tech professional, it's an important situation to monitor. But anyone who is surprised and unprepared hasn't been paying attention. User-awareness is the future. And iOS 14.5 was initially scheduled to roll out last year."}, {"type": "sentence", "content": "Though the tracking changes are significant, we will have to do what we've always done - adapt, evolve, and innovate - or fade into obscurity."}, {"type": "subtitle", "content": "For more cutting-edge tech and marketing news like this, subscribe to Barely Relevant."}], "topic": "marketing", "uuid": "315a79c4468387ff02c9013417430ae854d8166328cd46a75397ab52", "link": "https://medium.datadriveninvestor.com/war-of-the-words-new-ios-updates-have-zuckerberg-and-tim-cook-drawing-swords-6285469523b4"}