{"title": "A (more) visual guide to the proposed EU Artificial Intelligence Act", "data": [{"type": "sentence", "content": "On April 21, 2021, the European Commission published its Proposal for a Regulation on Artificial Intelligence. The European Commission's legislative proposal for an Artificial Intelligence Act is the first initiative, worldwide, that provides a legal framework for AI."}, {"type": "sentence", "content": "This post is aimed to give clarity to the main components of the proposal and aid in the understanding of the forthcoming legal framework."}, {"type": "subtitle", "content": "What is it about?"}, {"type": "sentence", "content": "This Regulation lays down rules for the deployment and use of artificial intelligence systems in the EU, including prohibitions of certain artificial intelligence practices, requirements, and obligations for operators of \"high-risk\" AI systems, as well as the approach to AI market monitoring and surveillance."}, {"type": "sentence", "content": "To have an idea about the content of this regulatory proposal, have a look at the phrase frequency distribution."}, {"type": "sentence", "content": "I removed some words that don't convey information. As you can see from the picture, the most frequently mentioned are the following: \"high-risk\", \"safety component\", \"conformity assessment\", \"intended use\", and not surprisingly - \"authorities\"."}, {"type": "subtitle", "content": "How to scan through the proposal?"}, {"type": "sentence", "content": "The proposed regulation consists of two documents: the proposal itself and the document with 9 Annexes."}, {"type": "sentence", "content": "It's sad to acknowledge but the navigation through the proposal document deserves to be better. Inconsistent numbering, confusing structure and headings mixing up with each other don't ease comprehension."}, {"type": "subtitle", "content": "What is prohibited?"}, {"type": "sentence", "content": "The proposal starts by outlining AI applications that are prohibited (though there are exceptions, see Article 5.3)"}, {"type": "subtitle", "content": "What is meant by \"high-risk\"?"}, {"type": "sentence", "content": "The big part of the proposal focuses on so-called \"high-risk AI systems\". The term \"high-risk\" is not well-defined, but the Commission provides criteria (see Article 6) to help understand whether AI systems fall in this category based on existing EU product safety legislation (listed in Annex II) or systems explicitly listed in Annex III (this list to be updated annually, see Article 73)."}, {"type": "sentence", "content": "AI system could be considered \"high-risk\" irrespectively of whether it is a component of another system or whether it is put into service independently as a standalone product."}, {"type": "subtitle", "content": "I'm developing or operating an AI system, what are my actions?"}, {"type": "sentence", "content": "First, you need to understand whether the regulation applies to where you stand and where you want to use AI. Intended use is one of the cornerstones of this regulation and therefore you need to be perfectly aligned to how the AI product is positioned on the market or for which needs it is used when integrated as a component."}, {"type": "sentence", "content": "Second, check requirements and obligations, including the need for conformity assessments."}, {"type": "sentence", "content": "I have drafted this diagram to visualize the thought-and-act process before deploying a high-risk AI system in the EU market."}, {"type": "sentence", "content": "BTW, together with Montreal AI Ethics Institute and Open Ethics, we organize a practical workshop on \"Self-disclosure for an AI product\". We invite startups and AI companies to become full-armed to understand and to address the regulatory requirements."}, {"type": "subtitle", "content": "Is regulation applied already?"}, {"type": "sentence", "content": "No. The proposal now goes to the European Parliament and the Council of Europe for further discussions and refinement. Once adopted, the regulation will come into force 20 days after its publication in the EUR-Lex Official Journal of the European Union. It will apply 24 months after that date, but some provisions from the regulation will apply sooner. From this date, it can be fully invoked by its addressees and will be fully enforceable."}, {"type": "sentence", "content": "Due to the complexity of the AI domain, a period of time may is needed between the date the regulation enters into force, i.e. it legally exists, and the date it can actually be applied, i.e. the date when it is enforceable and the legal rights and obligations can be effectively exercised."}, {"type": "sentence", "content": "This period of time (vacatio legis) is deliberately introduced for the Member States, competent authorities, operators, organizations, license holders, and any other addressees or beneficiaries of the regulations to prepare their systems, processes, procedures, documentation, etc. for compliance with the new rules. As remarked by Jetty Tielmans, This long \"grace period\" increases the risk that, despite the efforts from the EC to make the regulation future-proof, some of its provisions will be overtaken by technological developments before they even apply."}, {"type": "subtitle", "content": "Sources"}, {"type": "sentence", "content": "Proposal of EU AI Act - https://ec.europa.eu/newsroom/dae/document.cfm?doc_id=75788"}, {"type": "sentence", "content": "Annexes - https://ec.europa.eu/newsroom/dae/document.cfm?doc_id=75789"}, {"type": "sentence", "content": "Text and Illustrations by Nikita Lukianets - https://lukianets.com/"}, {"type": "sentence", "content": "Photo by Marius Oprea on Unsplash"}], "topic": "artificial-intelligence", "uuid": "32632eecf3bcda24ad960bc23d1ce6c370a378d04691f4593f4300ea", "link": "https://lukianets.medium.com/a-more-visual-guide-to-the-proposed-eu-artificial-intelligence-act-64ae0e550ac3"}