{"title": "ElasticNet Regression Fundamentals and Modeling in Python", "data": [{"type": "sentence", "content": "In this blog post, I will first try to explain the basics of ElasticNet Regression. Then, we'll build the model using a dataset with Python. Finally, we'll evaluate the model by calculating the mean square error. Let's get started step by step."}, {"type": "image", "content": "https://miro.medium.com/max/1200/1*2yLvkXKz_IndTF-V2tcM8w.png"}, {"type": "subtitle", "content": "What is the ElasticNet Regression?"}, {"type": "sentence", "content": "The main purpose of ElasticNet Regression is to find the coefficients that minimize the sum of error squares by applying a penalty to these coefficients. ElasticNet combines L1 and L2 (Lasso and Ridge) approaches. As a result, it performs a more efficient smoothing process. In another source, it is defined as follows:"}, {"type": "subtitle", "content": "Features of ElasticNet Regression"}, {"type": "image", "content": "https://miro.medium.com/max/1522/1*q53XbAJdKv_l3sw-sUlCVA.png"}, {"type": "subtitle", "content": "ElasticNet Regression Model"}, {"type": "sentence", "content": "Elastic Net aims at minimizing the following loss function:"}, {"type": "image", "content": "https://miro.medium.com/max/942/1*XjDc54wcUkLcnSXmYjIH4Q.png"}, {"type": "sentence", "content": "The terms used in the mathematical model are the same as in Ridge and Lasso Regression. That's why I won't go back to it here. You can review the explanations about the mathematical model from the articles I shared below."}, {"type": "sentence", "content": "Ridge Regression"}, {"type": "sentence", "content": "Lasso Regression"}, {"type": "subtitle", "content": "Modeling with Python"}, {"type": "sentence", "content": "Now let's build a ElasticNet Regression model on a sample data set. And then let's calculate the square root of the model's Mean Squared Error This will give us the model error."}, {"type": "sentence", "content": "First of all, we import the libraries necessary for modeling as usual."}, {"type": "sentence", "content": "Then we do data reading and some data editing operations."}, {"type": "sentence", "content": "With ElasticNet regression, we set up the model on the train set."}, {"type": "sentence", "content": "I do not go into concept details such as what is fit, what is a train set."}, {"type": "sentence", "content": "According to the variables in the data set we have, we find the variable coefficients in the ElasticNet model as follows."}, {"type": "sentence", "content": "We found the constant of the ElasticNet regression model to be -6,46 with the following function."}, {"type": "subtitle", "content": "Prediction"}, {"type": "sentence", "content": "Now let's make the model prediction under normal conditions without specifying any parameters. We can see the first 10observations of the model prediction for the train set as follows."}, {"type": "sentence", "content": "Likewise, we can see the first 10observations of the model prediction for the test set as follows."}, {"type": "sentence", "content": "Then we saved the values we predicted over the test set in a cluster named y_pred. And we found the RMSE value as 357,16 as a result of the following calculation."}, {"type": "sentence", "content": "As a result, we found the R-Squared score as 0,41. The R-squared score is the percentage of the change in the dependent variable explained by the independent variables."}, {"type": "sentence", "content": "In other words, we can say that independent variables in ElasticNet Regression Model explain 41.07% of the change in dependent variables for this data set."}, {"type": "sentence", "content": "What is R-Squared?"}, {"type": "subtitle", "content": "Model Tuning"}, {"type": "sentence", "content": "In this section, we will do the operations using the ElasticNetCV method to find the optimum lambda value."}, {"type": "sentence", "content": "Accordingly, we find the alpha value as 5230,76."}, {"type": "sentence", "content": "Afterward, we can find the constant of the model established with ElasticNetCV as follows."}, {"type": "sentence", "content": "We can find the coefficients of the variables of the model established with ElasticNetCV as follows."}, {"type": "sentence", "content": "Then we rebuild the Adjusted ElasticNet model with this optimum alpha value. Then we print the predicted values from the test set into y_pred. As a result, we find the RMSE value as 394,15."}, {"type": "subtitle", "content": "Finally"}, {"type": "sentence", "content": "First, we examined what is ElasticNet Regression in this blog post. Then we talked about the features and basics of ElasticNet Regression. Mathematically, we examined the model of this algorithm. Then we set up the model under the current conditions and calculate the error value. In the Model Tuning part, we calculated the corrected error value by calculating the optimum alpha value with ElasticNetCV and rebuilding the corrected model according to this alpha value."}, {"type": "subtitle", "content": "Resources"}], "topic": "data-science", "uuid": "346cde7f5032647b60e27b5fb715b95cf8c9b180fc321e54095a2ab6", "link": "https://keremkargin.medium.com/elasticnet-regression-fundamentals-and-modeling-in-python-8668f3c2e39e"}