{"title": "Why you should make your site accessible", "data": [{"type": "image", "content": "https://miro.medium.com/max/3840/1*bjhg0BqaAj53TNQzkzKDwg.jpeg"}, {"type": "sentence", "content": "When creating websites, it's easy to think of all users as the same. You often forget that not all users can navigate a website with the same ease as oneself. That's where accessibility comes into play."}, {"type": "sentence", "content": "But what is accessibility? As Victor Tsaran, a Technology Program Manager at Google, who also happens to be blind, puts it:"}, {"type": "sentence", "content": "-Victor Tsaran, Technology Program Manager at Google"}, {"type": "sentence", "content": "Your mind might automatically jump to a user who has difficulty using a regular keyboard, mouse, or touch screen. That can be one case, yes. But accessibility also covers all from users with ADHD, who has difficulty focusing, to a person trying to read a screen in direct sunlight."}, {"type": "sentence", "content": "There are many categories when it comes to accessibility concerns, but the four main areas are:"}, {"type": "sentence", "content": "You might already be out of breath thinking, \"Pew, isn't that a lot of work for just a few people?\"."}, {"type": "sentence", "content": "Yes. However, all people should be able to access the web, which is why there are also laws & policies for this in place. You can view your country's law or policy here."}, {"type": "sentence", "content": "Now, this isn't all stick and no carrot. The fruit of your labor also benefits users without any impairment or disability."}, {"type": "image", "content": "https://miro.medium.com/max/1000/0*017_Gc1JN8jKhCtt.gif"}, {"type": "sentence", "content": "What if told that making your site accessible benefits all users. Not only that, but it can also have a direct impact on your conversion rate and your SEO rankings."}, {"type": "sentence", "content": "Sounds too good to be true? Let me explain."}, {"type": "sentence", "content": "Say you're optimizing your content for vision accessibility; what do you do? You make your content easier to digest by:"}, {"type": "sentence", "content": "By optimizing your content, you will increase dwell time and reduce bounce rate and pogo sticking, which all are part of Google's ranking factors."}, {"type": "sentence", "content": "Don't think good typography matters? See if you can find an old website from the early 2000s. Back then, the font and font size of choice was 11px Verdana. Try reading this today, and you will properly be rubbing your eyes afterward."}, {"type": "sentence", "content": "Speaking of old websites, remember when we couldn't get enough animated gifs, marquee-elements, and cheesy background images? Do you know why this trend eventually died? Because they were distracting."}, {"type": "image", "content": "https://miro.medium.com/max/1000/0*nVMnmH4pCosVgpWJ.gif"}, {"type": "sentence", "content": "I also claimed that making your website more accessible could directly impact your conversion rate. How?"}, {"type": "sentence", "content": "Well, the obvious answer is, of course, that the more users who can actually access and use your site, the more likely a conversion is to happen. But this isn't what I had in mind. Let's look at optimizing for cognitive accessibility."}, {"type": "sentence", "content": "Cognitive accessibility covers many topics but generally speaking, it's about minimizing distractions."}, {"type": "sentence", "content": "To minimize distractions, you should find out what your page's primary goal is and then remove unnecessary elements (\"fluff\") that can distract the user from achieving this goal."}, {"type": "sentence", "content": "To illustrate this, I've created my very own eCommerce store, TacoTsunami.com, where I sell an organic all-in-one taco kit."}, {"type": "sentence", "content": "My main goal? To sell my amazing taco kits! \ud83c\udf2e"}, {"type": "image", "content": "https://miro.medium.com/max/1802/0*HZNggDmYNvuPic-l.png"}, {"type": "sentence", "content": "Here's my current store. It's not converting all that well. That's because a lot is going on here:"}, {"type": "sentence", "content": "That's five different \"calls to action\" - on one single page! \ud83d\ude31"}, {"type": "sentence", "content": "It's messy, and it distracts the users from our real goal - to sell our awesome taco kit."}, {"type": "sentence", "content": "Now let's try to remove all the fluff like this:"}, {"type": "image", "content": "https://miro.medium.com/max/1802/0*ihTz3YBwjpf-yFSE.png"}, {"type": "sentence", "content": "There can't be any doubt about what action we want the user to take. Removing distractions not only makes your site more accessible to people with cognitive impairments but also improves your conversion rate."}, {"type": "sentence", "content": "As Victor puts it:"}, {"type": "sentence", "content": "-Victor Tsaran, Technology Program Manager at Google"}, {"type": "sentence", "content": "Agreed, Victor \ud83d\udc4d"}, {"type": "subtitle", "content": "\u267f Use Alertdesk to keep track of your pages' accessibility"}, {"type": "sentence", "content": "Alertdesk automatically checks your pages' accessibility daily - both from a Mobile and a Desktop perspective."}, {"type": "sentence", "content": "Our accessibility reports help you to see what needs fixing on how to do it."}, {"type": "sentence", "content": "Start tracking your accessibility today with Alertdesk. Try us free for 14 days."}], "topic": "ux", "uuid": "35e4ce78a17e5d215dcbe6641fcbbfe15827ff97bb759d1c54788f25", "link": "https://alertdesk.medium.com/why-you-should-make-your-site-accessible-425e39b42626"}