{"title": "3 Ways to Develop a Robust Long-Term Memory", "data": [{"type": "subtitle", "content": "SELF-LEARNING"}, {"type": "sentence", "content": "My friends say I have a surprisingly good memory. I don't gloat about it, but it doesn't hurt to remember unexpectedly helpful instances. The downside is - some memories are so embarrassing to get out of my head that I flash them on repeat for comedy."}, {"type": "sentence", "content": "By \"helpful\", I mean a transient ( but essential ) part of a conversation or becoming proficient in a challening activity by establishing the long-term memory with practice."}, {"type": "sentence", "content": "How do you build a solid long-term memory? It turns out there are some methods which you can apply on your own to do a favour for your memory bank. Here are three ways to do so:"}, {"type": "subtitle", "content": "#1. Leverage the emotions"}, {"type": "sentence", "content": "Emotion is a strong feeling which triggers you to act in a situation. Whether you release or suppress the emotion is your choice. Still, the feeling is so intense that it surges a lot of adrenaline in our bodies and activates the amygdala ( the brain's emotional centre )."}, {"type": "sentence", "content": "The adrenaline rush and the amygdala activation somehow work on the hippocampus - the brain's memory centre - and the memory for that period sharpens."}, {"type": "sentence", "content": "It is how I remember the conversations with people."}, {"type": "sentence", "content": "When I am involved in a dialogue, I am curious about the other person. The talk becomes so rejuvenating that none of us wants to stop."}, {"type": "sentence", "content": "The resulting pleasure ( an extremely positive emotion ) interacts with the hippocampus, as mentioned earlier, which helps in consolidating the conversation as a long term memory."}, {"type": "subtitle", "content": "#2. Repetition is the mother of all habits"}, {"type": "sentence", "content": "The best example of repetition is building a disciplined routine. In the starting, repetition is vital in building consistency."}, {"type": "sentence", "content": "Once the consistency becomes the fuel to maintain the discipline, the repetition becomes a natural drug ( the virtuous kind ). We no longer need to remember what we need to do and when."}, {"type": "sentence", "content": "It is how I've set up my morning hours to maximise productivity. I've fixed the first two hours in doing specific activities like journaling, fitness and writing."}, {"type": "sentence", "content": "It didn't happen in one week. To make my system work on autopilot, I used multiple reminders to keep up with the regular morning tasks."}, {"type": "sentence", "content": "The same goes for evenings and any other activity in which I want to attain the effortless level of proficiency by incorporating the fundamentals in my long-term memory with practice."}, {"type": "subtitle", "content": "#3. Progress tracking for increasing motivation"}, {"type": "sentence", "content": "When I started my fitness streak, I chose a tiny target of 21 days. Every day I marked the calendar after I finished the exercise. It is also called the Seinfeld Strategy."}, {"type": "sentence", "content": "The more ticks I saw in the calendar, the more motivation I got. This heap of confidence ingrained the belief that I've done exercise so many times, I can do it again."}, {"type": "sentence", "content": "I remember I've aced it on so many levels from daily practice that I trust my experience from the long-term memory in assisting me in the upcoming journey. I even continued the exercise streak for 100 days straight."}, {"type": "subtitle", "content": "Final words"}, {"type": "sentence", "content": "Building long-term memory also involves having a long-term goal."}, {"type": "sentence", "content": "Whenever I read my past blogs, I remember the state of mind I was in while writing them. The emotional flow shoots words so fast and original that you convey the message in the truest sense possible."}, {"type": "sentence", "content": "To remember conversations, you can do it by becoming a good listener. When you're curious, you ask interesting questions. The discourse leads in a new direction with an emotional state of surprise. The hippocampus registers it as a long-term memory because of the adrenaline released."}, {"type": "sentence", "content": "Repetition and progress tracking are used in habit development to support a disciplined lifestyle."}, {"type": "sentence", "content": "Sanjeev is a mentor at Udacity who writes about mental health, productivity, writing and lifestyle in his off-work time. When he is not clearing students' doubts or grading projects, he is sweating either in a workout or playing badminton. Connect with him on Instagram."}], "topic": "productivity", "uuid": "36aa061e03e229cb7defa24e90e38aeacf58c6ced167d71738c3f58f", "link": "https://medium.com/illumination-curated/3-ways-to-develop-a-robust-long-term-memory-70835f3b00eb"}