{"title": "7 Lessons From the Best Worse Movie Every Entrepreneur Should Know", "data": [{"type": "image", "content": "https://miro.medium.com/max/5446/0*r7DnVzukRl86FWzQ"}, {"type": "sentence", "content": "Sometimes being authentic and vulnerable beats trying to be perfect. Sometimes the story behind a product is worth more than the product."}, {"type": "sentence", "content": "I recently watched The Disaster Artist, James Franco's take on the mysterious life and work of Tommy Wiseau, the director and main character behind the cult movie The Room."}, {"type": "sentence", "content": "You only need to watch a few highlights to know that The Room was an absolute disaster. The acting, the directing, the scripting - everything screams amateurish work. Literally everything that could go wrong on that set did go wrong (including an actress passing out because Wiseau refused to pay for water bottles)."}, {"type": "sentence", "content": "Wiseau poured an astonishing $6 million into producing and releasing the movie. On its weekend debut, it grossed a mere $1,900. In 2 theaters. It was a monumental flop."}, {"type": "sentence", "content": "Yet, the movie later became a global cult. It remains a reference to this day, over 17 years after its initial release. The Room is being shown at midnight screenings and special events around the world, from London, Paris and L.A to Tokyo. Not many, if any critically-acclaimed films can boast the same."}, {"type": "sentence", "content": "Wiseau's a master content creator in disguise. Behind his quirky appearance and outlandish style, he's mastered the art of connecting with his audience. Something all great entrepreneurs know the importance of."}, {"type": "sentence", "content": "Here are some lessons I took from Wiseau's story, which you can use to increase your impact as an entrepreneur."}, {"type": "subtitle", "content": "#1. Authenticity and vulnerability over perfection"}, {"type": "sentence", "content": "The main character, Tommy, appears naked in front of the camera. He's exposing himself, and his terrible acting skills, without shame (and yes, he does actually get bare-naked in the film)."}, {"type": "sentence", "content": "His acting is, without any doubt, amongst the worse you'll ever see on screen."}, {"type": "sentence", "content": "He knew that \"done is better than perfect\". Being authentic and super vulnerable trumps perfection, hands down, because it requires courage. That authenticity is something the audience can relate to more naturally."}, {"type": "sentence", "content": "Creative work is often seen as a polished end product, a shiny object without defect. But what makes The Room and Wiseau's story so relatable is that we can all identify with his struggles. The struggle for acceptance in a highly competitive world. The struggle to stand out in his field. The struggle to live out his life's passion the best way he could."}, {"type": "sentence", "content": "These are challenges we all face. Wiseau's character has a universal side that makes the whole piece endearing, something the super-polished blockbusters never manage to achieve."}, {"type": "sentence", "content": "Blockbusters lack heart. Wiseau's work had lots of it."}, {"type": "sentence", "content": "He shamelessly shared his own journey made of dreams, disillusions and heartbreaks. A journey audiences around the world could relate to, 20 years ago just as well as today."}, {"type": "sentence", "content": "Though he wasn't good at it, he tried. People will always have more respect for those who try, fail, and get up again than for those who stay away from risk and never take chances. Wiseau was in the former camp and it made his work unique."}, {"type": "sentence", "content": "Lesson for entrepreneurs: don't be afraid to share your struggles and your own journey. If you're just starting out, then tell your audience. If this is the first time you talk about a topic, and you're still building your knowledge, then tell them too. You'll build a more natural relationship with your audience this way. Don't wait for your content to appear \"perfect\". Your audience wants you, it doesn't want perfect."}, {"type": "subtitle", "content": "#2. Embrace ridicule as part of the process"}, {"type": "sentence", "content": "Wiseau's not afraid of ridicule. He couldn't care less. The lesson I took away from that, is that if you have big dreams, you can't expect to look good while chasing them."}, {"type": "sentence", "content": "Pushing yourself out of your comfort zone to reach ambitious goals means you'll have to embrace the suck."}, {"type": "sentence", "content": "If you're aiming high, you've got to start low."}, {"type": "sentence", "content": "The ego hates when you do this because it wants to protect itself at all costs. It wants you to stay within your comfort zone, feeling all snug and warm. If you do, you won't take risks, and you won't grow, but your ego will be left unscathed."}, {"type": "sentence", "content": "Wiseau didn't believe ridicule would diminish him as a person in any way."}, {"type": "sentence", "content": "He didn't let the fear of being mocked, written off, and laughed at stop him from shipping his work out into the world."}, {"type": "sentence", "content": "His passion and drive were infectious. His pursuit was relentless, no matter the obstacles on the way. He shared his passion for the Seventh Art with any soul who would listen. That opened doors and led him to Greg Sestero, his partner in crime from then on."}, {"type": "sentence", "content": "Lesson for entrepreneurs: showing your content to the world means exposing yourself and your ego to criticism and backlash. Every great artist, entrepreneur or leader has had their fair share of ridicule. It's all part of the process. Instead of shying away from it, embrace it, and see where it takes you."}, {"type": "subtitle", "content": "#3. Use joint accountability to keep on track"}, {"type": "sentence", "content": "In The Disaster Artist, Tommy makes a pinky promise with his soon-to-be best friend and acting partner, Greg."}, {"type": "sentence", "content": "They swore to each other they'd never give up on their dreams, no matter what comes in their way. And they did it on the site of James Deans' memorial, for good measure."}, {"type": "sentence", "content": "That bond was strong: from then on, they became inseparable. Birds of the same feather fly together, as they say, and soon enough they got to work on their dream."}, {"type": "sentence", "content": "They moved to L.A, ready to take on the world. Somehow, Greg manages to find a casting agent. But Tommy struggles on. He gets to a low point, where he almost gives up on it all, as no one seems to understand his vision or \"like\" him."}, {"type": "sentence", "content": "At that point, Greg reminds him of the promise they'd made to each other back then. That lifts Wiseau out of his despair and gets him back to work."}, {"type": "sentence", "content": "Having someone to hold you to account and share in your journey is priceless. Especially when that journey - like all the ones that are worth it - is difficult, frustrating and disheartening."}, {"type": "sentence", "content": "Joint accountability with someone you trust can bring you back from the abyss of despair, as it did for Wiseau."}, {"type": "sentence", "content": "Lesson for entrepreneurs: find yourself a tribe of folk you connect with and admire. Joining an uplifting community of like-minded individuals on a similar journey will help you stay accountable for your own success. I'm in a couple of curated masterminds myself, and the energy I get by surrounding myself with the right people is priceless. Being part of a community like this is one of the best parts of the journey."}, {"type": "subtitle", "content": "#4. Patience and perseverance yield results"}, {"type": "sentence", "content": "Ultimately, Wiseau's unshakeable belief in the project is what set The Room apart. He just wouldn't take no for an answer."}, {"type": "sentence", "content": "15 years after its self-funded premiere in Hollywood, the movie was finally released for one day only, across 600 theatres in the U.S."}, {"type": "sentence", "content": "It took 15 years to get to that point. 15 years!"}, {"type": "sentence", "content": "Apparently, since 2003, Wiseau has been continuously dropping $5,000 a week for years just to maintain the one highway billboard that promoted the film. That's a lot of cash."}, {"type": "sentence", "content": "Such unreasonable expenses earned Wiseau the nickname \"the Orson Welles of crap.\" I think that's harsh."}, {"type": "sentence", "content": "It might seem unjustified or out of touch, but it tells you one thing: that man was insanely passionate about his product. He cared about his craft. He wanted as many eyeballs as possible to land on his work."}, {"type": "sentence", "content": "So he did what he had to do to turn his vision into reality."}, {"type": "sentence", "content": "Lesson for entrepreneurs: don't expect overnight results; any worthwhile vision takes time. If it doesn't, then it's simply not big enough. It's small game. It has a limited impact or none at all. The greater the impact of your work, the more patience you'll have to show. Not taking no for an answer means having the faith that things will work out in the end. If you keep at it, they likely will."}, {"type": "subtitle", "content": "#5. When no one pays attention, do your own thing"}, {"type": "sentence", "content": "The Room is a movie that Wiseau decided to make because no one in the industry would hire him. No one would give him the time of the day. Rather than relying on others to convey his vision, he decided to go and build it himself."}, {"type": "sentence", "content": "That's commendable. You have to give the guy some credit for that."}, {"type": "sentence", "content": "Wiseau used to drive around talking to himself, vocalizing his frustrations in the process, like he was talking to his therapist."}, {"type": "sentence", "content": "In what he calls his \"secret tapes\", you can hear him ruminate on how badly his acting teachers were treating him. How they didn't see any talent in him; how they forced him to act in French, after which he named himself \"Pierre\"."}, {"type": "sentence", "content": "You can see his burning desire for more. He's using these taps to vent his angst and reject those who don't believe in him, even claiming they were jealous of his talent."}, {"type": "sentence", "content": "He used these tapes as an audio-book version of the personal journal. He was pumping himself up for what he was about to embark on. When the time was right, he took the plunge and committed to making his dream a reality."}, {"type": "sentence", "content": "Lesson for entrepreneurs: seeking external validation for your work is pointless. You don't need a thousand fans to say your idea is great before you get going. You don't need to wait for a permission slip to be handed to you by some gatekeeper or authority to feel entitled to try. Don't sit there and watch from the sidelines. If you care enough about something, go out there and build it."}, {"type": "subtitle", "content": "#6. Showcasing your work is the only way you'll know what works"}, {"type": "sentence", "content": "It might sound obvious, but I've come across so many budding entrepreneurs who hold back on shipping their work to the audience."}, {"type": "sentence", "content": "Turning the lights on and getting on that stage is the only way you'll know how your audience responds to your content. There's no replacement for direct feedback from those your content serves."}, {"type": "sentence", "content": "That direct feedback can be brutal - at the end of The Disaster Artist, Wiseau cringes at the reaction of the spectators during his grand premiere. But it's also the start of a direct relationship. That gave Wiseau the chance to build how own brand around his own character. His affable nature and unshakeable belief in his talent became the hallmarks of his work and who he is as a person."}, {"type": "sentence", "content": "Who he is as a person became the work itself. That's what fans around the world now identify The Room with."}, {"type": "sentence", "content": "Had he held back from his audience's response; had he shied away from the critique; he would have never achieved to build the global brand that he is to this day."}, {"type": "sentence", "content": "Lesson for entrepreneurs: put on a show and ship your product, service or offer consistently. The more you do, the more feedback you'll get, and the more you'll tweak your content to better serve your audience. Constant feedback and iteration lead to next-level products; it's a virtuous circle. Share with a passion. Share without holding back."}, {"type": "subtitle", "content": "#7. Always give yourself a next project to work on"}, {"type": "sentence", "content": "For the release of The Disaster Artist, Wiseau and Sistero were invited to the red carpet by The Hollywood Reported. During the interview, you can literally feel Wiseau's enthusiasm for the film, and the next ones he's been working on."}, {"type": "sentence", "content": "When the interviewer asks them whether they hope to win an Oscar soon, he responds: \"If it's not now, it'll be later\" and that anyway, they've got a lot going on right now."}, {"type": "sentence", "content": "Having something else to work on gives you something to look forward to. That means you're constantly producing things, sharing them, and moving on to the next project."}, {"type": "sentence", "content": "Even if you don't meet instant success, you're always working towards something better. You don't need to wait for an Oscar or any form of recognition to keep going."}, {"type": "sentence", "content": "Long-term horizons beat short-term thinking."}, {"type": "sentence", "content": "Lesson for entrepreneurs: don't let your pipeline dry up; always look to the next project. I feed myself a constant stream of ideas to work on. If one doesn't make it, I learn from it, and quickly move on. The next thing is what keeps me going. Build a project list, and start hacking away at it."}, {"type": "subtitle", "content": "Key Takeaways for Entrepreneurs"}, {"type": "sentence", "content": "Here are some key lessons I took from Tommy Wiseau's story, and how he built a raving audience of true fans over the years."}, {"type": "sentence", "content": "Arguably, entrepreneurship is about stories and connections. It's what turns average products into unique brands that people identify with."}, {"type": "sentence", "content": "Like Wiseau, show heart and show you care to build deeper connections with your audience."}], "topic": "marketing", "uuid": "3830b2fbb0a093a0acaf393bf552dc6ae95e7e96bcbf59f8efa344de", "link": "https://medium.com/better-entrepreneur/7-lessons-from-the-best-worse-movie-every-content-creator-should-know-cfcc6200907d"}