{"title": "On Wastage Of Energy", "data": [{"type": "sentence", "content": "as soon as a disturbing thought arisesor any frightening thoughtwe are at the mercy of the robot insiderobot - unconscious habitual responsewhich is obviously comfortable for usthan to effort the work of seeing the robotand taking back our controlunless we fail to deny our suffering"}, {"type": "sentence", "content": "some people say when they have a disturbing thoughtthey just drop it and get on with their fantasiesbut that is a liewe cannot drop a thoughtwhile being run by the robot - not a chanceand not only thatwhat the robot does is:waste all our energy on avoidance - pushing the thought down from popping up,or hiding it away from our presence,or adding comfy thoughts over it or compulsively driven after solving-thoughts endlesslyor training to think straight on top of the mess- it's a full-time joband despite it being a total wasteful endeavorwe risk doing it all our lifewithout any strength to turn towards the robotand finally, the only way out becomes TV, sedations, or other distractionseven giving up and being apathetic also does not helpbecause still the robot runs the process and makes us suffernow we know why suffering is a call to wake up and it isn't unhelpful"}, {"type": "sentence", "content": "and we find ourselves lacking energy or vitalitywe think it is because :we aren't disciplinedor we didn't wake up at 4:00 AMor did not lift heavyweightsor did not drink limewater in the morning, etc.but the truth is far from themand there is no shortage of charlatansto capitalize on it with their how to s"}, {"type": "sentence", "content": "charlatans are incompetentand they feed on our incompetencycompetency is not about going around the worldand spreading one's unexamined unconscious toxicityin the name of being helpfulcompetency would require one to be conscious in the first placenaturally enough, one would rather pray for non-existencethan to begin being conscious of the dangerous robotic mess inside"}, {"type": "sentence", "content": "not trying to remove the hurdles laid upon by thoughtsduring the phase of stubborn commitment to unconscious lazinessby using further thoughtsbut by accepting the mess, primarilyand bringing conscious presence to thembased on our current capacity - i.e acceptance or simply respecting our limitwithout denying our only little strengthfor some big expectation and impatience"}, {"type": "sentence", "content": "we cannot drop a haunting thoughtor allow a thought to be destroyedunless we let ourselves see it along with our robotic responseand the pain and discomfort that it bringswithout blinding or shying away from itnor forcing ourselves to sit with it either - which is robotic laziness itselfbut risking to see it and go through it, question itin baby steps in cycle by cycle(to first see if one can let it (those thoughts)belet spend time with it)and gaining the conscious capacity to bear it, see through it, and dissolve itand hence to stop being run over by the robot's wasteful strategy."}], "topic": "mindfulness", "uuid": "3abc81214970bba230292d04fd16ead2a35210d6fb6b5f0cecea966b", "link": "https://medium.com/know-thyself-heal-thyself/on-wastage-of-energy-ecade80db496"}