{"title": "Lasso Regression Fundamentals and Modeling in Python", "data": [{"type": "sentence", "content": "In this blog post, I will first try to explain the basics of Lasso Regression. Then, we'll build the model using a dataset with Python. Finally, we'll evaluate the model by calculating the mean square error. Let's get started step by step."}, {"type": "image", "content": "https://miro.medium.com/max/1440/1*WG4u9kaKfD4RVpVtZjD9pA.png"}, {"type": "subtitle", "content": "What is the Lasso Regression?"}, {"type": "sentence", "content": "The main purpose in Lasso Regression is to find the coefficients that minimize the error sum of squares by applying a penalty to these coefficients. In another source, it is defined as follows:"}, {"type": "subtitle", "content": "Features of Lasso Regression"}, {"type": "image", "content": "https://miro.medium.com/max/2048/1*iAOdHbwIVp7PBOxiRzUvJQ.png"}, {"type": "subtitle", "content": "Lasso Regression Model"}, {"type": "image", "content": "https://miro.medium.com/max/620/1*XPlbHrdvd8o1d2tonsZNxw.png"}, {"type": "subtitle", "content": "Modeling with Python"}, {"type": "sentence", "content": "Now let's build a Lasso Regression model on a sample data set. And then let's calculate the square root of the model's Mean Squared Error. This will give us the model error."}, {"type": "sentence", "content": "First of all, we import the libraries necessary for modeling as usual."}, {"type": "sentence", "content": "Then we do data reading and some data editing operations."}, {"type": "sentence", "content": "With Lasso regression, we set up the model on the train set."}, {"type": "sentence", "content": "I do not go into concept details such as what is fit, what is a train set."}, {"type": "sentence", "content": "We found the constant of the Lasso regression model to be -5.58 with the following function."}, {"type": "sentence", "content": "According to the variables in the data set we have, we find the variable coefficients in the Lasso model as follows."}, {"type": "sentence", "content": "As you know, the coefficients in Lasso regression may vary according to the determined alpha parameter. In the following operations, we determine the alpha according to the different lambda values, then set up the model and calculate the coefficients according to the determined alpha value. Then we add the coefficients to the list named coefs with the append command."}, {"type": "sentence", "content": "We can see how the coefficients vary against the alpha values we randomly select with the graph below."}, {"type": "subtitle", "content": "Prediction"}, {"type": "sentence", "content": "Now let's make the model prediction under normal conditions without specifying any parameters. We can see the first 5 observations of the model prediction for the train set as follows."}, {"type": "sentence", "content": "Likewise, we can see the first 5 observations of the model prediction for the test set as follows."}, {"type": "sentence", "content": "Then we saved the values we predicted over the test set in a cluster named y_pred. And we found the RMSE value as 356,09 as a result of the calculation below."}, {"type": "sentence", "content": "As a result, we found the R-squared score to be 0,41. The R-squared score is the percentage of the change in the dependent variable explained by the independent variables."}, {"type": "sentence", "content": "In other words, we can say that the independent variables in the Lasso Regression Model explain 41,42% of the change in the dependent variables for this data set."}, {"type": "sentence", "content": "What is R-Squared?"}, {"type": "subtitle", "content": "Model Tuning"}, {"type": "sentence", "content": "In this section, we will do the operations using the LassoCV method to find the optimum lambda value."}, {"type": "sentence", "content": "We will use LassoCV when doing Lasso Regresyonde Tuning. We give the alpha data set from the parameters as np.random.randint (0,1000,100). We set the number of Cross-Validation as 10. As you increase the number of CVs, your result will change as you will make more combinations. But doing more is not always good. The number of CVs will increase the error value from a certain point."}, {"type": "sentence", "content": "We found the alpha value of the Lasso model established with Cross-Validation as 169."}, {"type": "sentence", "content": "Then we setup the Corrected Lasso model with this optimum alpha value. Then we print the predicted values over the test set to y_pred. As a result, we find the RMSE value as 362,4."}, {"type": "sentence", "content": "We know that coefficients that are not used in Lasso Regression and do not matter are equalize to zero. You can observe this as follows."}, {"type": "subtitle", "content": "Finally"}, {"type": "sentence", "content": "First, we examined what is Lasso Regression in this blog post. Then we talked about the features and basics of Lasso Regression. Mathematically, we examined the model of this algorithm. Then we set up the model according to the current conditions and calculate the error value. In the Model Tuning part, we calculated the tuned error value by calculating the optimum alpha value with LassoCV and rebuilding the corrected model according to this alpha value. The basic logic in Lasso is to set the unused coefficients equal to zero. As a result, we observed this."}, {"type": "subtitle", "content": "Resources"}], "topic": "data-science", "uuid": "3c75bd30fb5b9f57ce673300d662313d98e77b07e103e1c7b10351f1", "link": "https://keremkargin.medium.com/lasso-regression-fundamentals-and-modeling-in-python-ad8251a636cd"}