{"title": "Customer Experience and Technical Documentation", "data": [{"type": "sentence", "content": "FAQ on Technical Writing"}, {"type": "sentence", "content": "What is customer experience? It is the impression that customers get when they interact with a product or service, support team, and brand in general. It consists of so many different things! It is crucial to give clients the best customer experience ever."}, {"type": "sentence", "content": "Customers always have a range of products to choose from. The majority of businesses have competitors. And, great customer experience is something that can make them choose your company and your product. Of course, it is not only about first contacts with a sales team. It is the whole interaction with a customer: the first visit and regular usage."}, {"type": "sentence", "content": "Even customers that began to use your product long ago want to feel that you take care of them and appreciate them. It is building long-term relations that make them choose you even after several years of cooperation. How to do that? The answer is simple - build an FAQ or knowledge base according to your customers' ideas of what it should be like. Not an easy task I should say =)"}, {"type": "sentence", "content": "Using an FAQ or a knowledge base is not a new piece of advice. A lot of people prefer to find answers to their questions themselves, and they reach out to support only if they did not manage to solve their problem. The main thing is HOW to make your FAQ or knowledge base efficient."}, {"type": "sentence", "content": "Here are the tips:"}, {"type": "sentence", "content": "That is how to provide your users with a great customer experience with the help of technical documentation. It should be easy for customers to interact with your business, find relevant information, and use your product or service. Self-service is not ignoring customers and their needs. It helps you satisfy your customers if organized correctly."}, {"type": "subtitle", "content": "How did I become a technical writer? What skills do you need? Read FAQ on Technical Writing."}], "topic": "marketing", "uuid": "3da3a56cb1bd3f70a9661fb51353aed73ed3826f840b3dbfe4cda9d4", "link": "https://medium.com/technical-writing-is-easy/customer-experience-and-technical-documentation-40a065f94338"}