{"title": "Grammy. Metal. Coding. Curiosity", "data": [{"type": "sentence", "content": "Music moves humanity and so does coding. Let's combine the two and ask some questions given Grammy awards just concluded. Brace yourself for a journey across the senses where we use text, audio, image & video processing using heuristic code & AI to satiate the curiosity."}, {"type": "sentence", "content": "Note: All data is from Spotify (API) & Wikipedia. OpenAI's CLIP has been used for generative techniques"}, {"type": "sentence", "content": "Let's get started."}, {"type": "sentence", "content": "Who has won most in the history of the Heavy Metal genre?"}, {"type": "image", "content": "https://miro.medium.com/max/1366/1*X8MWfnWbXjb4OubN419ZLQ.png"}, {"type": "sentence", "content": "Oh wow, Metallica truly rocks. The biggies Slayer & Black Sabbath are right up there. Interesting to see Trent Reznor's Nine Inch Nails up amongst the top."}, {"type": "sentence", "content": "But as fans, we are not bothered about the winner. Music has no one winner!!!"}, {"type": "sentence", "content": "Who got nominated most would be interesting?"}, {"type": "image", "content": "https://miro.medium.com/max/1520/1*bnt0DjZhSF85KHWE65BcrQ.png"}, {"type": "sentence", "content": "That changes the complexion. Megadeth, Slipknot, Ministry, Korn, Pantera... the bands with cult following get to the list a lot of years."}, {"type": "sentence", "content": "If we go by popularity who should have won the Grammy?"}, {"type": "sentence", "content": "Green row means the most popular (as per Spotify) amongst the nominees actually won."}, {"type": "image", "content": "https://miro.medium.com/max/1232/1*Ktm8zzEe2Qz8giCUEGxSKQ.png"}, {"type": "sentence", "content": "Roughly 25% of the time the award went to the most popular one. That's interestingly low, isn't it? So what matters... is it the music attributes?"}, {"type": "sentence", "content": "Has the energy & tempo of songs increased or decreased?"}, {"type": "image", "content": "https://miro.medium.com/max/1412/1*ZrZPbNtuqYHdk0ekm3vLoQ.png"}, {"type": "sentence", "content": "Energy & tempo seem to have sustained with ups and downs in between. Loudness in the time period has increased which is awesome. Dance-ability? If headbanging is a form of dance then yes it is pretty much on the right trajectory."}, {"type": "sentence", "content": "Heavy metal is loud with high energy & tempo so basis that who should have won?"}, {"type": "sentence", "content": "Basis energy... (column with popular shows the results)"}, {"type": "image", "content": "https://miro.medium.com/max/1306/1*fc1IrhYkeAHRv5ofxXvBAA.png"}, {"type": "sentence", "content": "Basis loudness..."}, {"type": "image", "content": "https://miro.medium.com/max/1304/1*hmSp4JlcE9ssSqFhiEilTg.png"}, {"type": "sentence", "content": "Basis tempo..."}, {"type": "image", "content": "https://miro.medium.com/max/1450/1*T3iXJ1KmMFlU6U_JWJ3eUg.png"}, {"type": "sentence", "content": "When does the winner match the attribute... It always hovers in the 25% range. We were expecting it to be higher. Let's understand these bands a bit more."}, {"type": "sentence", "content": "How are the bands related basis the band's life journey?"}, {"type": "sentence", "content": "No clear patterns here. Lots of metal bands cluster together reflecting similar genres of music and in a lot of cases similar life journeys."}, {"type": "image", "content": "https://miro.medium.com/max/1890/1*u3-9eSs8CU0JBctvpVL0lQ.png"}, {"type": "sentence", "content": "So are all bands the same and not much difference? Are there sub-genres?"}, {"type": "sentence", "content": "What sub-genres have been nominated across the years?"}, {"type": "image", "content": "https://miro.medium.com/max/2344/1*MIY8nUtMnDUAQ_aFiE-MiA.png"}, {"type": "sentence", "content": "Oh wow, that's a lot of subgenres... Metal is nuanced music. Basic rock, alternative metal & Nu-metal seem to dominate nominations across the years."}, {"type": "sentence", "content": "What nominated bands do fans read about most (since 2015)?"}, {"type": "image", "content": "https://miro.medium.com/max/2066/1*FjcWrgtpgdbf3ugXcaPXgg.png"}, {"type": "sentence", "content": "Ozzy is the boss and most fans read a lot about him. Interesting to see some of the most nominated bands are also what fans highly read about"}, {"type": "sentence", "content": "Has the fan reading evolved overtime?"}, {"type": "image", "content": "https://miro.medium.com/max/3406/1*JNN1VXVkG-X-5X7Gk80Tzg.png"}, {"type": "sentence", "content": "Some bands are just evergreen like Metallica, Black Sabbath, Ozzy, Slayer, Iron Maiden, etc... guess that's why they are considered icons."}, {"type": "sentence", "content": "What would the audio spectrum of these songs look like?"}, {"type": "sentence", "content": "More fun. In the age of Non Fungible Tokens (NFTs), collage of images is getting sold at crazy valuations. How would a collage of all Grammy winner song spectrums look like? So here you go a collage of Mel Spectrograms of all Grammy Winners in the Heavy Metal category."}, {"type": "image", "content": "https://miro.medium.com/max/4008/1*dPEzXvkCCrqpd4S3C8Goiw.jpeg"}, {"type": "sentence", "content": "We couldn't resist and did create a Non Fungible Token (NFT) of this and listed it on the OpenSea platform (https://tinyurl.com/4r6zuuzc)."}, {"type": "sentence", "content": "Seems like the internet has enabled the crowd to determine every attribute of the song? Why aren't awards machine-generated? Maybe even the award itself can be AI-generated?"}, {"type": "sentence", "content": "We used OpenAI's CLIP to generate a \"Grammy Award for Heavy Metal Music\" and here is what we got"}, {"type": "image", "content": "https://miro.medium.com/max/512/1*iwox8RLHIU1Io_Ole-Pttg.png"}, {"type": "sentence", "content": "An animation of its creation is below"}, {"type": "image", "content": "https://miro.medium.com/max/512/1*4nLcJ_vePCygACeIfS3LGQ.gif"}, {"type": "sentence", "content": "AI rocks, Generative networks rocks, APIs rock, coding rocks, music rocks as long as it is metal."}, {"type": "sentence", "content": "Gain Access to Expert View - Subscribe to DDI Intel"}], "topic": "artificial-intelligence", "uuid": "3e75e4d65aedcc924eb210b85cf34aff6e1c6abf49fe220d586836fc", "link": "https://medium.datadriveninvestor.com/grammy-metal-coding-curiosity-509274ada7ef"}