{"title": "Feeling Unproductive At Your Home Office Lately? Here Are Some Solutions From Nature", "data": [{"type": "image", "content": "https://miro.medium.com/max/13440/1*N5ylajXWNSeCZ0arGe1-pA.jpeg"}, {"type": "sentence", "content": "Over the last decade, very few topics on the corporate corridors have divided opinions sharper than remote working."}, {"type": "sentence", "content": "Some thought remote work was threatening the foundation of the future of the office, or certainly shaking the walls of the traditional office."}, {"type": "sentence", "content": "Some companies dismissed it as a fad that would soon die a slow death. Others were content to wait and see what the jury decided."}, {"type": "sentence", "content": "Then, lockdowns forced several companies to upgrade remote work from possibility to reality."}, {"type": "sentence", "content": "Now physically separated from our favorite cubicles, corners, and colleagues, we're suddenly interested in how to set up our homes for ultimate productivity."}, {"type": "sentence", "content": "As helpful as the comfy desks and the fancy gadgets are, nature holds a lot of answers to some of the questions that come up. Here's how elements of nature can help make you more productive."}, {"type": "subtitle", "content": "Early morning sunlight"}, {"type": "sentence", "content": "Thanks to my science teacher, I learned that the morning sun doled out doses of vitamin D. But until recently, I didn't know it also helped boost the mood and jumpstart a sluggish day."}, {"type": "sentence", "content": "Perhaps that's why ancient and modern architects alike always install windows on the eastern of buildings to let in some morning sunlight into the room to benefit everyone?"}, {"type": "sentence", "content": "Accra enjoys an overabundance of sunlight on most days, and I take full advantage. I'm a morning person, and by 5:30 am, my biological clock revs into motion."}, {"type": "sentence", "content": "After I meditate on a few verses from the New Testament, I dash downstairs to greet the smiling sun."}, {"type": "sentence", "content": "My only fears now are overdosing on it or missing when the harmful rays streak through. But until then, I always hack my productivity with the morning sun."}, {"type": "subtitle", "content": "Bright, soft daylight"}, {"type": "sentence", "content": "By mid-morning, the smiling sun becomes a source of blinding light. Depending on where you live, you can take full advantage of the benefits of daylight."}, {"type": "sentence", "content": "According to research, exposure to daylight makes people feel better, more cheerful and energized."}, {"type": "sentence", "content": "Daylight is a big deal for me when I edit pictures, and I couldn't be happier with this free resource. I was fortunate I got a room with two south-facing windows in my new apartment."}, {"type": "sentence", "content": "With those windows in the sun's path, I've set up my desk to take full advantage of the blessings of the glorious midday sun bestows - easily the best kind of lighting for work. All I needed was some blinds to cut out excess light."}, {"type": "sentence", "content": "I have never had to augment the lighting with an LED set up or a desk lamp and then worry about Kelvin ratings, unlike some offices where the artificial lighting brings back memories of hospital corridors."}, {"type": "subtitle", "content": "Fresh breeze"}, {"type": "sentence", "content": "Having praised the morning and afternoon sun for their heroics, it's only very fair, and perhaps a little cruel, that I touch on their downsides. Excess heat."}, {"type": "sentence", "content": "According to a study by Cornell University, the ideal office temperature for most people in the US is about 77 degrees Fahrenheit (25 degrees Celsius)."}, {"type": "sentence", "content": "I figure my home office sometimes gets warmer than that, and that's because my apartment has a slightly worrying north-south orientation instead of an east-west or other variants of it."}, {"type": "sentence", "content": "But thankfully, the wind direction in my area is often from southwest to northeast, and since I'm on the second story, I enjoy more than a fair share of the afternoon breeze."}, {"type": "sentence", "content": "The breeze helps keep the room well-ventilated and the temperature habitable, two factors that enhance productivity."}, {"type": "sentence", "content": "On some days, I don't even turn on the fan; I only slide my glazed windows open. It would have been better with louvers, but that's me picking nits."}, {"type": "subtitle", "content": "Views of nature"}, {"type": "sentence", "content": "I'm bent on following some of the productivity rules to a tee. Yes, despite all these excellent natural interventions, I still get tired and go on frequent breaks."}, {"type": "sentence", "content": "Said author and researcher Daniel Pink on nature breaks, \"If there are trees and a bench behind your building, sit there instead of inside.\""}, {"type": "sentence", "content": "I start most of my breaks by enjoying some views from behind the burglar-proofed bars behind my glazed windows. I benefit from watching the greens around my house: flowers and plantain trees."}, {"type": "sentence", "content": "Unspectacular, but it sure beats the monotony of four plain walls."}, {"type": "sentence", "content": "Since motion beats stationary and outside beats indoors, I take a stroll out of my office. Thankfully, there's no lift, and I have to use the stairs."}, {"type": "sentence", "content": "Doing that helps me stretch my legs and improve blood circulation. I also get to admire a few passersby. Sometimes, I enter beast mode and climb a jagged hill just around my place. Occasionally I sit under some trees and watch lizards whizz past."}, {"type": "sentence", "content": "Before long, I return to my desk, recharged for the task ahead."}, {"type": "sentence", "content": "Optimum productivity rides as much on nature as it does on fancy technology; it's as much about well-proven systems as it is about personalized defaults."}, {"type": "sentence", "content": "Everyone knows the systems, but I looked around and saw how I could augment those systems with nature-based personalized defaults for the perfect combination."}, {"type": "sentence", "content": "And I chanced upon the morning sun, daylight, some fresh breeze, and an average view. They're nothing groundbreaking, but crucially, very helpful to me. Could they help you too?"}, {"type": "subtitle", "content": "'Better Advice' free email advice each week"}, {"type": "sentence", "content": "When you sign up using this link, we'll send you tips on how to unlock your hidden treasure of potential."}], "topic": "productivity", "uuid": "3e9b8a8c1ae63512c9c5fda8f2e56c1cc7934a9a4b104ec858057de5", "link": "https://medium.com/better-advice/feeling-unproductive-at-your-home-office-lately-here-are-some-solutions-from-nature-704a75438788"}