{"title": "The Most Crucial Quality in a True Leader Many Seem to Not Know", "data": [{"type": "image", "content": "https://miro.medium.com/max/6072/0*rhf2GDjTNtuFpIGY"}, {"type": "sentence", "content": "Let me start with a story from history. (Note: the information is derived from Yang's (2002) book, An outline of Chinese history; it's available online here, though only in Mandarin)."}, {"type": "sentence", "content": "In 604 AD, the 63-year-old Chinese Emperor Yang Jian who united long-divided China and founded a strong dynasty, Sui, died mysteriously. The rumor started circulating about how his younger son, Yang Guang, ordered someone to beat his bedridden father to death."}, {"type": "sentence", "content": "Yang Guang had planned for this day for 14 years. As the younger son, there was no hope for him to be the crown prince - unless he could somehow convince his father that he was a better choice than his older brother."}, {"type": "sentence", "content": "For 14 years, whenever his father sent servants to see him, instead of treating them as servants, he and his wife would welcome them at the front gate and gave them presents. Whenever he visited the palace, he'd go see his parents and cried like a baby when saying goodbye. His father valued being thrifty, and his mother believed that a man must be loyal to his wife. He only had one wife - extremely unusual for a prince. When his parents came to visit him, all they saw in the house were old and ugly maids and dusty musical instruments (implying no luxurious entertainment). He was also humble and sincere and kept good relationships with officials. All the Emperor and the Queen heard about this younger son was praises."}, {"type": "sentence", "content": "The oldest son, the crown prince, on the other hand, was a carefree playboy. He spent lots of money and had tons of concubines. The Emperor came to the decision: dethrone the crown prince and gave the title to Yang Guang."}, {"type": "sentence", "content": "Four years later, the Queen had passed away, and the old Emperor was sick. Yang Guang went to care for him. He was finally reaching his goal, and he became too excited to contain himself. He'd been lusting for the beautiful Consort Chen, his father's new wife. When Consort Chen was going to the bathroom, Yang Guang grasped her. She barely escaped and reported it to the Emperor. The Emperor finally knew the devil's true colors, he ordered people to summon his oldest son. But Yang Guang had high officials surrounded the palace, and then ordered one of his subordinates to enter the Emperor's room. Everyone in the palace could hear the Emperor's screaming."}, {"type": "sentence", "content": "Yang Guang ascended the throne. He right away slept with Consort Chen, put his older brother to death, and then released all his hunger for power like the hell broke loose."}, {"type": "sentence", "content": "He drafted more than 3 million peasants and workers to build numerous palaces, huge ships, and canals, so he could travel around enjoying the scenes and be admired by his people. Every palace had hundreds of concubines; these recreation places were everywhere across the Empire, there were in total more than 150,000 women only for him. He liked to ride in these \"Dragon ships\" as big as fortresses which were towed by peasants or pretty women. But thousands of big ships were not enough, he built himself more \"moving castles\" - which were, again, towed by thousands of peasants (imagine a moving White House towed around America). Everywhere he and his tens of thousands of officials, soldiers, and women went, he told locals to provide endless gourmet foods and wine. When they couldn't finish, they buried or threw them away."}, {"type": "sentence", "content": "Then a king in nowadays Korea for some reason pissed our great Emperor off, he decided to start a war. Peasants had to provide army provisions/weapons, tens of thousands of people were forced to transport them without food and medical care, many died of hunger or diseases, dead bodies lied everywhere for hundreds of miles. Warships were built in limited time, the workers had to work day and night in water without rest till maggots were eating their flesh. Half of these workers died. Many couldn't afford the demands and ran away, but their families were arrested and imprisoned."}, {"type": "sentence", "content": "People started to rebel against the government. The Empire became a killing field."}, {"type": "sentence", "content": "Many loyal and worried officials advised or warned him. He killed them all. In fact, he announced to all his officials and made it very clear: \"I simply don't like to listen to different opinions; I just can't stand it. If you want fortune and promotion, you must obey and listen.\" A palace maid reported to him that his own personal guards were plotting to kill him. He didn't know what to do and didn't want to hear it, so he ordered to have her be beheaded."}, {"type": "sentence", "content": "But reality won't go away just because you don't like it. In 618 AD, 14 years after he murdered his father, one of his most trusted guards led a troop and attacked the palace. The Emperor hid in a room, but a maid who wanted him dead more than anything pointed the guard in the right direction. When our great Emperor was caught, he had the face to protest: \"What did I do to deserve this?\" But that guard didn't want to waste time; he put a rope around the Emperor's neck."}, {"type": "sentence", "content": "Sui dynasty, at that time the biggest and richest country in the world, collapsed after merely 38 years."}, {"type": "sentence", "content": "After our shitty emperor died, the whole nation broke apart and went into a massacre frenzy. Until the new power, Tang Dynasty, crushed the last rebel in 628 AD, within 18 years, 30 million - two-third of the whole Empire's population - died."}, {"type": "sentence", "content": "The word count of all 7 Harry Potter books together is a little over 1 million. Thirty million is more than 27 times the whole series, or 194 Harry Potter books. If you have 194 Harry Potter books and open any one of them, every single word is a human life died a miserable death and forgotten."}, {"type": "sentence", "content": "The founder of the Tang dynasty had a few sons, and the old story repeated itself: the animosity between the crown prince and the 2nd son. And again, the younger son won and killed the crown prince. Three days later, the old emperor renounced his throne to this son."}, {"type": "sentence", "content": "The new Emperor's name was Li Shimin. And this is my guess based on my observation: he knew that history is going to compare him to that human waste, Yang Guang, and therefore strived to sing a different tune from this point on."}, {"type": "sentence", "content": "And surprisingly, he chose an amazing strategy that turned the nation in the opposite direction."}, {"type": "sentence", "content": "He gathered all his officials and made an announcement: \"If a leader is self-opinionated, thinks he's smarter than anyone else, his subordinates will be fawning on him. The consequence is he loses the country and everyone is doomed; see Yang Guang as an example... we have to learn from it. So if you have any advice about important issues, make sure you report it to me.\" He even hired some of his older brother's followers to be high officials in his cabinet because of their ability and integrity. One of them was a famous critic, Wei Zheng. He knew they wouldn't agree with him on many issues, and that was the purpose."}, {"type": "sentence", "content": "One day, Li Shimin ordered officials who made up fake resumes to confess before a due date or be put to death. After the due date, however, one guy was exposed. Li demanded the death penalty, but one Supreme Court Judge only gave exile as the punishment. Li was mad: \"You made me look bad! People won't take my words seriously!\" The Judge replied: \"Your order is only based on your emotions, I gave the verdict based on the law. You should refrain from your emotions and obey the law.\" Li acknowledged: \"With you so strictly adhering to the law, I have no worries.\""}, {"type": "sentence", "content": "Once Li was discussing stereotypes of people from different places, an official right away protested: \"A leader of a country must be tolerant, you shouldn't draw little circles based on locations!\" Li agreed and gave him a monetary reward."}, {"type": "sentence", "content": "Li started building a luxurious palace, an official pointed out: \"When you overcame Sui dynasty, you burnt down their lavish palaces. In less than 10 years you're rebuilding one? You're worse than Yang Guang.\""}, {"type": "sentence", "content": "\"Are you comparing me to that scumbag?\" Li growled."}, {"type": "sentence", "content": "\"If you don't stop building it.\""}, {"type": "sentence", "content": "Li sighed: \"You're right, I didn't think of that.\" He rewarded the official and stopped the palace work."}, {"type": "sentence", "content": "One day Li came back to the palace in rage: \"I'm gonna kill that peasant!\""}, {"type": "sentence", "content": "\"Who's the peasant?\" The Queen asked."}, {"type": "sentence", "content": "\"That damn Wei Zheng, of course! He always insulted me in public!\""}, {"type": "sentence", "content": "The Queen put on her official dress and bowed to Li. Li was puzzled: \"What now?\""}, {"type": "sentence", "content": "\"Only a great leader has subordinates with such integrity and courage. I have to pay you the highest respect.\""}, {"type": "sentence", "content": "Li quietly thought for a while, then promoted Wei Zheng to be one of the prime ministers."}, {"type": "sentence", "content": "Under Li Shimin and his cabinet's leadership, Tang China soon recovered from the nightmare and became the superpower of the world. According to Lockard (2000), Tang was the most advanced and richest civilization across the globe in that era. It was the economic powerhouse, the trading route extended to West Asia, Middle East, and even Europe through the Silk Road, brought up the wealth of the whole area. Because of Tang's high tolerance of different religions and the nation's prosperity, immigrants of all origins - Arabs, Persians, Jews, Vietnamese, Turks, Indians, etc., all rushed into the country with their \"Chinese Dream.\" In the biggest and most affluent cities on the planet with the best urban planning, one could see international crafts, stores, buildings, hotels, bars, writings of at least 40 different countries and cultures everywhere."}, {"type": "sentence", "content": "Sounds familiar? Yes, Tang China in many ways resembles today's America (for further resemblances between them, see Lockard's (2000) article here on Columbia University's site). In fact, Li Shimin's China was such a dominating power, the kingdoms around Tang officially surrendered to him and gave him a title: Khan of Heaven."}, {"type": "sentence", "content": "Unfortunately, throughout Chinese history, there were tons of Yang Guang and only a few Li Shimin."}, {"type": "sentence", "content": "What do we learn from here? What's the most crucial quality in a true leader? No, it's not confidence - a narcissist idiot can be the most confident jerk in the world, and many morons will confuse confidence for ability and follow him/her blindly without questions. But it only leads to paranoia and disaster."}, {"type": "sentence", "content": "I Googled \"most important good leadership qualities,\" and many sites provided their insightful opinions. However, none of them directly addressed the quality I learned from the history mentioned. Some gave hints: \"accountability,\" \"humility,\" but did not directly point it out."}, {"type": "sentence", "content": "The quality, in my opinion, is welcoming constructive criticisms."}, {"type": "sentence", "content": "A leader, like Li Shimin hinted nearly 1,400 years ago, will NEVER be perfect - and s/he must recognize this fact more than anyone else. Therefore, s/he must very carefully listen to what her/his capable cabinet members say. In her book about the leadership of President Lincoln, Team of Rivals, Dr. Doris Kearns Goodwin (2006) described how Lincoln brought his competent political enemies into his circle to preserve the nation from falling apart. Lincoln is regarded by many historians as the greatest American president, I think there's a reason. I once read somewhere someone claimed that hiring opponents into the cabinet was a tradition at that time, and thus wasn't truly a big deal. In my opinion, first: hiring opponents is great, but not the critical part - whether the leader LISTENS to the opponents after hiring is. And second: if it indeed was a tradition, we might want to consider resuming it."}, {"type": "sentence", "content": "When I saw a certain leader \"invited\" his employees to say good things and good things only about himself in the cabinet meeting, and each one of them happily obliged, I couldn't believe I'd had seen such a thing in my lifetime. I thought this only happened in the past or in countries with dictators. I witnessed history. I think this guy forgot one thing: respect is EARNED, not demanded. Li Shimin did NOT ask these kingdoms to give him the title \"Khan of Heaven;\" they respected him enough to offer that to him. Lincoln did NOT demand historians to rank him #1; they respected him enough to offer that to him."}, {"type": "sentence", "content": "What would happen if Li Shimin or Lincoln listens to his cabinet members going around praising him like that?"}, {"type": "sentence", "content": "I believe either one of them would first quietly stare at them with wide-opened eyes, but then they'd probably act differently. Li Shimin was a general before becoming an emperor, he'd had fought countless battles. I imagine he wouldn't tolerate this kind of nonsense even a bit. Maybe with a low voice, he'd say: \"Alright, this is going nowhere, enough of this bull. Don't keep saying I'm so great or all the empty compliments; it insults my intelligence and makes me angry. If you can't contribute, shut up and go.\" You know, something like Al Pacino in the Godfather. Lincoln, on the other hand, might be more gentle: \"What are you doing? Let's focus on the real issues, alright? Give me something constructive.\""}, {"type": "sentence", "content": "But I kind of think that eventually they'd fire most of them the next day, if not all. Just my guess."}, {"type": "sentence", "content": "References"}, {"type": "sentence", "content": "Goodwin, D. K. (2006). Team of rivals: The political genius of Abraham Lincoln. Simon & Schuster."}, {"type": "sentence", "content": "Lockard, C. (2000). Tang Civilization and the Chinese Centuries. Microsoft Encarta Encyclopedia, 1-10."}, {"type": "sentence", "content": "Yang, B. (2002). An outline of Chinese history. Taipei: Yuan-Liou Publishing."}], "topic": "leadership", "uuid": "3f966e8c4877be3cdf0d963c441f1a674942d28b5d0b341b1c89e989", "link": "https://medium.com/flower-out-of-rubble/the-most-crucial-quality-in-a-true-leader-many-seem-to-not-know-88f630ca9953"}