{"title": "4 money mistakes you should never make during a divorce, according to a financial planner", "data": [{"type": "sentence", "content": "Keeping a home you can't afford and relying solely on alimony are mistakes that can affect your long-term financial goals."}, {"type": "sentence", "content": "By Laila Maidan"}, {"type": "sentence", "content": "Going through a divorce can be an emotionally difficult situation. Dealing with financial and legal decisions makes it even harder."}], "topic": "education", "uuid": "3fadaaa5b8ff2cf42006e34df62690dbbbd34b54c45999bcf61194e9", "link": "https://medium.com/business-insider/4-money-mistakes-to-never-make-during-a-divorce-a64efab16f4a"}