{"title": "From Despair To Healing.", "data": [{"type": "image", "content": "https://miro.medium.com/max/2880/1*mM3ERmQvdSgMtl8bfs8ZWA@2x.jpeg"}, {"type": "sentence", "content": "[ID: A pink rose emerges from a black background."}, {"type": "sentence", "content": "I sat inside the same room staring at the same man that I'd gone to for over the past 10 years. I watched as he strummed his fingers across the desk wearing a blank facial expression. I tried clearing my throat and blinking hard, before I would ask this next question."}, {"type": "sentence", "content": "\"So after all this you mean to tell me you don't think I have Bipolar?\""}, {"type": "sentence", "content": "His manner was unchanging. \"I don't know, I can't tell just yet.\""}, {"type": "sentence", "content": "When was yet? Was ten years not long enough to be a \"yet\" yet? I could no longer hold back the tears and now they were hot."}, {"type": "sentence", "content": "I returned to my car and decided that that would be the last time I would see that man ever again. I deserved a diagnoses that made sense; there was more to meets the eye than just depression."}, {"type": "sentence", "content": "I didn't want to play doctor, but felt I was in a hopeless situation."}, {"type": "sentence", "content": "I would have to start all over seeing someone new who didn't know my history. I would make new changes. Something else was wrong and I deserved to know what it was. Maybe it was the medication. I would wean myself off slowly and very carefully, and possibly use alternative medicine. No harm in that, right? But the decision landed me to a third visit at the psychiatric hospital months down the road."}, {"type": "sentence", "content": "\"We just want to remind you that you are in a safe place,\" the woman said as she escorted me down a long hallway to the double doors. The pure sense of dread settled at the depths of my belly. The history of my stays were never good - often frightening, and my brain was already calculating how long they would keep me in this one."}, {"type": "sentence", "content": "As I waited for the staff to examine my tattoos, take my vitals, search my belongings, and give me toiletry items, I examined the waiting room before me. Three residents sat in unmovable chairs and no one said a word. A television played softly in the background. One resident paced the hall up and down staring at his feet. Then I heard the yelling. It was coming from a door about 6 doors down."}, {"type": "sentence", "content": "\"Dear Jesus please help me! Oh dear God just help me!\""}, {"type": "sentence", "content": "My heart began racing."}, {"type": "sentence", "content": "Just when I began to feel this stay might possibly be better, where I could sense some sort of safety, it left me just as soon as it had came. A group of four paramedics wheeled a man screaming on a gurney just out the double doors I just walked in; he had been clutching his Bible."}, {"type": "sentence", "content": "Soon after the commotion I got checked in. When I entered my room I discovered my roommate was clawing her face so badly it was bleeding. I immediately notified a nurse who sat beside her the remainder of the stay and would have to supervise her closely most of the time."}, {"type": "sentence", "content": "While I unpacked my bags I noticed my family didn't pack me what I usually wore. I tried taking a shower and there was no warm water. I developed a terrible cold and since I had gone already 6 nights with no sleep, being congested didn't help matters. As I sat in the main living area in the middle of the night sitting up in a chair as I couldn't breathe well laying in my bed, I witnessed one resident jump another resident who was innocently sitting in his chair. The staff was able to break it up, but it didn't change the fact that an innocent resident who was sitting in a chair minding his own business was jumped out of the blue. Apparently the guy being admitted thought that the resident he attacked was someone he knew off the streets. I stood up alarmed when it all happened paralyzed and couldn't move to help. It all made me angry, and I rolled my eyes at the woman who had insisted it was a \"safe place.\" Safe to an extent, right?"}, {"type": "sentence", "content": "After the episode, I was afraid to leave my room."}, {"type": "sentence", "content": "Would someone jump me? I prayed to God for help. If I were to get out of here, I would have to attend the group sessions. I would have to conquer this fear. This feeling persisted for two days and I just made up excuses that I didn't feel well when I was asked why I didn't come out of my room."}, {"type": "sentence", "content": "Finally my saving grace happened. A shorter, stockier resident was admitted and had said kind words to me when I was sick after poking my head out my door. I can't recall the exact wording as I was taking such a great deal of medicine at the time. But a sufficient sense of safety returned to the point I felt I could leave my room. And leaving my room meant I could better my chances to see a psychiatrist, hopefully get a diagnosis, and could eventually get on new meds and go back home!"}, {"type": "sentence", "content": "During one group session we were encouraged to color. I was bored to tears so decided to do it. During the middle of it a new resident I had never seen before stood over me and swiped all the crayons off my desk and the paper I was coloring on. She yelled some things at me and was obviously wanting to pick a fight, but I remained staring at the table. My heart raced fast. No matter how irritated I was with her if I decided to fight her, it would cause me to stay in the hospital longer away from my kids."}, {"type": "sentence", "content": "It didn't help matters that I was being hospitalized during Christmas; it's one thing to be hospitalized in a psychiatric ward, and another thing to be hospitalized during Christmas. I was a mother who was in the process of letting her kids down, and I knew I would have to explain the reasoning behind this in years to come."}, {"type": "sentence", "content": "It broke my heart."}, {"type": "sentence", "content": "I wrote pages and pages of how I would change the way groups were ran and turned it into my psychiatrist. The day I met him I shoved it into his hands."}, {"type": "sentence", "content": "\"I'm an occupational therapist and I know how to run groups and I've made recommendations for all the groups here,\" I announced, proudly wearing a big grin across my face."}, {"type": "sentence", "content": "\"When did you write this?\" He asked."}, {"type": "sentence", "content": "\"Oh, I stayed up all night writing it.\" I felt a wave of accomplishment."}, {"type": "sentence", "content": "He just stared blankly at me and began reviewing my history and why I was admitted. I verified everything and then heard the words I will always recall hearing:"}, {"type": "sentence", "content": "\"You have Bipolar One.\" The words were so matter-of-fact."}, {"type": "sentence", "content": "He stared at me expecting me to say something in response, but no words came out. Weren't these the words I needed to hear? It was a diagnosis after all. A diagnoses other than just depression. Wasn't this what I wanted? Didn't this now all make sense to me?"}, {"type": "sentence", "content": "No. None of it made sense. Had the mania come from taking myself off my medication that I had been on for years? Was this true Bipolar? And now I had to take 5 medications instead of one?"}, {"type": "sentence", "content": "I pondered these thoughts through all the cold meals, the cigarette breaks which meant outdoor time, and talking to other residents."}, {"type": "sentence", "content": "I eventually began to get better. I didn't feel as paranoid. I reduced the amount of clothes that I wore everyday out of fearing I would be raped; I no longer had those fears. I began to sleep. I quit staying up all night writing."}, {"type": "sentence", "content": "But most importantly, I quit trying to figure everything out."}, {"type": "sentence", "content": "Things would make more sense with time. I began to see color amidst the darkness, like seeing a beautiful flower bloom for the first time in darkness."}, {"type": "sentence", "content": "Mental health diagnoses don't operate like physical illnesses in the way they can run tests and confirm an illness. We have to learn to navigate our way regardless, and the process can be brutal. We hurt the ones we love the most and we feel like we offer them with no explanation when there should be an explanation warranted."}, {"type": "sentence", "content": "Mental health is ultimately a process of trial and error."}, {"type": "sentence", "content": "Finding the right doctors, medications, and navigating the daunting hospitals is very tricky; often we feel desperate and respond desperately to the situations we find ourselves in. But through the trials, with patience and perseverance, healing can be on the horizon if we don't give up. And if you ask my opinion, we are soldiers."}, {"type": "sentence", "content": "Tanya is an occupational Therapist, mother of 3, and is passionate about mental health and Christianity. She lives in Texas. You can follow her on Twitter - @BloggerofMental"}], "topic": "mental-health", "uuid": "4145233c5a7c9984a5a84e1345a35a4a711c4e4e521fc4d13c4fb013", "link": "https://medium.com/conscious-life/from-despair-to-healing-66758d6ff854"}