{"title": "Why Do My Students Care How Much Athletes Get Paid?", "data": [{"type": "sentence", "content": "When I was a kid, Shaquille O'Neal signed a $100 million free agent deal with the Lakers. I recall my parents sitting around with friends and talking about the obscenity of an athlete making that kind of money."}, {"type": "sentence", "content": "My father stated flatly, \"He isn't worth that much.\" One of my parent's friends seethed, \"No n***** is.\""}, {"type": "sentence", "content": "If you teach college writing long enough, you begin to see the same essay topics over and over. I've actually banned some topics because I'm sick of them. I don't need to read another paper about legalizing marijuana."}, {"type": "sentence", "content": "Recently, I've noticed a new \"go-to\" essay topic: the injustice of professional athletes being paid so much more than professions society needs to continue functioning."}, {"type": "sentence", "content": "These students lament that teachers, police officers, firefighters, military members, grocery store workers, nurses, doctors, and so forth provide much more value to society yet receive less annual salary than a typical pro athlete makes for a single game."}, {"type": "sentence", "content": "It's bizarre. The students seem to be completely ignorant of how capitalism works as well as incapable of really critiquing it."}, {"type": "sentence", "content": "I'm the first to say teachers should be paid and respected more (I'd love more money and respect, thank you), but millions of people have the skills and desire to become teachers. There's ample supply to meet the demand."}, {"type": "sentence", "content": "People with the skill-sets of a LeBron James, Tom Brady, or Mike Trout are much rarer but very in demand. Their immense salaries should be seen as a feature of free-market capitalism, not a bug."}, {"type": "sentence", "content": "The students focus on how much harder average people work compared to athletes, how essential teachers, nurses, etc., are to society, and the unfairness of athletes earning millions while these other professions make thousands."}, {"type": "sentence", "content": "Sometimes they propose paying \"essential workers\" more. Sometimes they propose paying athletes less. But mostly, they idolize the little guy and criticize the rich one."}, {"type": "sentence", "content": "They never question capitalism itself. They never ask, should we live in a system that rewards rare, specialized skills over professions that keep society running?"}, {"type": "sentence", "content": "During the pandemic, of course, we lionized essential workers as \"heroes.\" Now we balk at paying them a living wage."}, {"type": "sentence", "content": "We enjoy feeling good about praising the grocery store workers who carry our food out to our vehicles, but we're pretty iffy about paying them more to do it."}, {"type": "sentence", "content": "I mean, the corporations who own the grocery stores might make less money. Their stockholders might make less. And if that happens, they'll raise prices for consumers. We'll pay that living wage. It's cheaper to call them heroes."}, {"type": "sentence", "content": "Or if workers get more pay, the corporations and the multimillionaires who run them may just fire the workers and close down stores. It's just how capitalism works, right? Better to keep wages and benefits low."}, {"type": "sentence", "content": "I have yet to read an essay questioning the disparity between essential workers and the billionaires who own professional sports teams. No students have criticized CEOs who make 400 times more than their average employee."}, {"type": "sentence", "content": "No students have questioned the system in which paying \"essential workers\" a living wage raises serious concerns but billionaires accumulating billions more during a global pandemic barely causes a stir."}, {"type": "sentence", "content": "I don't usually go in for conspiracy theories, but I have to wonder who suggested to my students that LeBron James ought to make less money. Who told them to care more about pro athlete salaries than the exponentially larger incomes of sports team owners?"}, {"type": "sentence", "content": "It feels like a scheme to scapegoat an easy target - professional athletes - so that people don't pay attention to the 1%. If they're mad about playing a game for millions, maybe they won't notice Jeff Bezos and Elon Musk building private space fleets for fun instead of taking better care of their workers."}, {"type": "sentence", "content": "And I wonder how much race plays into the scapegoating."}, {"type": "sentence", "content": "We practically worship the wealthy, especially billionaires, because we want to be wealthy one day, too. The wealthy happen to be mostly white. The CEOs and owners whom my students ignore happen to be mostly white."}, {"type": "sentence", "content": "The athletes whom my students worry make too much money happen to be mostly Black basketball and football players."}, {"type": "sentence", "content": "When I was a kid, my father felt a Black 7-foot basketball player with a 10-foot personality wasn't worth a $100 million to a sports franchise."}, {"type": "sentence", "content": "A couple years ago, my father became enraged when I suggested raising taxes on the rich because they didn't need tax cuts. He said, \"Who are you to tell other people how much money they can make?\""}, {"type": "sentence", "content": "As the argument unfolded in the restaurant, he waved at our plates of Mexican food and said, \"We owe all of this to the 1%.\""}, {"type": "sentence", "content": "Our waiter and the cooks, of course, were neither wealthy nor white."}, {"type": "image", "content": "https://miro.medium.com/max/1200/1*aw84sl7vQOSmwL0FQCvXZw.png"}], "topic": "education", "uuid": "423505a402722fcedb000f24b7c60362afaa978ce4f4ef3617d0368f", "link": "https://medium.com/bigger-picture/why-do-my-students-care-how-much-athletes-get-paid-6172ff90751a"}