{"title": "Titanic Data Prep with Pandas", "data": [{"type": "image", "content": "https://miro.medium.com/max/3972/1*xGY5XpTRmF3hapQ-V4926g.png"}, {"type": "sentence", "content": "When creating my first data science model, I chose to explore the Titanic Dataset. I made this decision because it is fun and accessible, equipped with lots of references and serves as almost everyone's first. To start, I joined the well-known Kaggle Titanic Competition:"}, {"type": "sentence", "content": "During my first two submissions, I used the NumPy, Scikit-learn, Matplotlib, and Seaborn packages to clean, model, and visualize the data. My results were first, a .76 accuracy with Random Forest modeling and then an .81 with Logistic Regression. Overall, it was a great first experience with predictive modeling, but I wanted to focus on data preparation and the Titanic dataset was almost too easy..."}, {"type": "sentence", "content": "So, I dirtied it up and created my own version of the Titanic Dataset, I am calling the \"Stinky\" Titanic Dataset. Then, I learned simple data preparation with the Pandas library to apply to the data. At first I was interested in data cleaning applications such as Tableau and Alteryx, but quickly learned the limitations of these user interfaces. Instead, I built a Jupyter Notbook and wrote my own code to clean the data. In this article, I will explain the differences made to the data set and then walk through cleaning it with Pandas."}, {"type": "subtitle", "content": "Stinky Titanic Dataset"}, {"type": "sentence", "content": "The \"Stinky\" Dataset is linked on my GitHub as well as the Jupyter Notebook so you can follow along and run the upcoming code."}, {"type": "sentence", "content": "First, we import the library and load our data. I have named our dataset df because this type is called a DataFrame in Pandas. It structures the data into two dimensional arrays that are labeled, similar to a spreadsheet. After these initial steps, we can visualize the data with the head() function which displays the first 5 rows by default or the first n rows passed by the parameter. In this example and for the rest of this article I will be showing the first 10."}, {"type": "image", "content": "https://miro.medium.com/max/3920/1*uVKHTgF1brRMaJOEoDQPGg.png"}, {"type": "sentence", "content": "The major differences in this \"Stinky\" data set from the original are in the Name and Age columns. A comma delimiter was added after the titles in the Name attribute and the Age column was dispersed with various data types. For instance, it contains a mixture of integers values and strings, like on line 5. The code below will produce some detailed information about all the structure of the columns."}, {"type": "image", "content": "https://miro.medium.com/max/2152/1*bP1zm2mWvqseALZ_C6STlg.png"}, {"type": "image", "content": "https://miro.medium.com/max/3064/1*BMHOoOrtpyS37f_RIeL0Lw.png"}, {"type": "sentence", "content": "The describe() function further explores the composition of the data and summarizes the tendency and shapes of the distribution. The \"include='all'\" parameter specifies to include all columns of the input rather than just the numeric objects."}, {"type": "subtitle", "content": "Cleaning the Attributes"}, {"type": "sentence", "content": "Before we would be prepared to formulate any type of model or machine learning algorithm, we must clean up the data. Thus, this is the most influential and indicative step in our model preparation. In this article I will focus on removing irrelevant attributes, handling null/missing data, and grouping attributes into identifying quantities."}, {"type": "sentence", "content": "Survived:"}, {"type": "image", "content": "https://miro.medium.com/max/1692/1*GK-KeVxO9hCcgtXYJCLWZA.png"}, {"type": "sentence", "content": "As we can see from the output the Survived data type is currently an integer, but we can easily change all the entries to boolean values by applying the astype() function to the object."}, {"type": "image", "content": "https://miro.medium.com/max/1940/1*WNnwKvXINaYxqTNAG6MFpw.png"}, {"type": "sentence", "content": "Pclass:"}, {"type": "sentence", "content": "The next attribute in the DataFrame is Pclass, representing the ticket class (1-3). If we ran the following code, we would receive the output 3, indicating those three unique values."}, {"type": "sentence", "content": "Thus, we can change this data type to be categorical. The benefits of this conversion are outlined in Pandas user guide below."}, {"type": "sentence", "content": "Name:"}, {"type": "sentence", "content": "One of the most prominent differences in my \"Stinky\" data set, is the addition of the delimiter in the Name attribute. Below we will filter out everything after the comma delimiter and are left with just the titles. We will then create a new Title attribute which will be more useful than the distinct names. Inserting a new column to the DataFrame is done by specifying the index, name, and default value to set all the rows to. After extracting the titles, we can then delete the Name attribute since it won't be necessary anymore."}, {"type": "image", "content": "https://miro.medium.com/max/3128/1*zfORBueuMJfG3Lo-V6MlqQ.png"}, {"type": "image", "content": "https://miro.medium.com/max/2608/1*5M1yzo6dkg07juk8wNeG_Q.png"}, {"type": "sentence", "content": "We can see from the code above that we have 18 distinct titles. Below, running the crosstab() function will display a frequency table between the two attributes."}, {"type": "image", "content": "https://miro.medium.com/max/2736/1*l0oD4fOPtaKezTcaJMxrbw.png"}, {"type": "sentence", "content": "Now, we can group by common names and replace all others with the 'rare' title."}, {"type": "image", "content": "https://miro.medium.com/max/2244/1*nRFX2p47U1WuFZiLh0HvGQ.png"}, {"type": "sentence", "content": "After creating these identifiers we can display the correlation between the title and their survival rate."}, {"type": "image", "content": "https://miro.medium.com/max/2284/1*OINjWstHsG5zVLezJOXmhg.png"}, {"type": "sentence", "content": "Further more we can band these together and categorize into numeric values, mapping to each title."}, {"type": "image", "content": "https://miro.medium.com/max/3116/1*ZQrbciz9zBSbQDmRh0OGrw.png"}, {"type": "sentence", "content": "Once again, we can use the crosstab() function to visualize the distribution between titles and sex."}, {"type": "image", "content": "https://miro.medium.com/max/2616/1*dGmGLrddCSIPEFwOv780gg.png"}, {"type": "sentence", "content": "Sex:"}, {"type": "sentence", "content": "As far as the Sex attribute, there is no data preparation needed, but at this point we can start to make our assumptions about the model. We can assume more females survived than males as part of our predictive analysis. The following code locates the female and male values respectively and computes each survival rate."}, {"type": "image", "content": "https://miro.medium.com/max/2196/1*GkKlJvOySyo3QpgLFdLWsA.png"}, {"type": "sentence", "content": "Age:"}, {"type": "sentence", "content": "The code below returns 177, indicating there are 177 null values for the Age attribute. Since age plays a large role in our intuitive assumptions about survival rate, we must fill those null values in. I decided to replace them with the median age since there are a couple outliers."}, {"type": "sentence", "content": "The following code returns statistics about the data that guided me to choose the median values."}, {"type": "sentence", "content": "First, we will convert the attribute from a string object to and integer and fill in any invalid parsing with null, indicated by the 'coerce' errors parameter."}, {"type": "image", "content": "https://miro.medium.com/max/3016/1*LlalvXw0HaOMu7LZLwuCFA.png"}, {"type": "sentence", "content": "Next, we will actually fill in all those null values with the median using fillna(). After that I noticed the data type was a floating number so I converted it to an integer with astype()."}, {"type": "image", "content": "https://miro.medium.com/max/2916/1*kEiKk-zfbkstwIBqdhHu6w.png"}, {"type": "sentence", "content": "SibSp/Parch:"}, {"type": "sentence", "content": "The SibSp column represents the number of siblings or spouses the passenger had aboard with them and the Parch represents the number of children or parents accompanying the individual. We can observe the correlation between these attributes and survival below."}, {"type": "image", "content": "https://miro.medium.com/max/2480/1*QZYKm-v9WNrMuVwNfOFDWQ.png"}, {"type": "image", "content": "https://miro.medium.com/max/2468/1*YPLVBA97TeN4eCclxjwLgQ.png"}, {"type": "sentence", "content": "Aside from visualizing the data to make the predictive model, there are no other cleaning steps I took for these two attributes."}, {"type": "sentence", "content": "Ticket:"}, {"type": "sentence", "content": "After observing that the Ticket column contains 687 unique values and considering if the ticket number contributes to survival rate, I decided to drop the Ticket column to filter the data easier. Dropping columns is done with the following code."}, {"type": "sentence", "content": "Fare:"}, {"type": "sentence", "content": "Let's convert our Fare attribute to be two decimals places to represent the dollar and cent amount with the round() function."}, {"type": "image", "content": "https://miro.medium.com/max/2456/1*Xc9UzEIKO6yooH6zc_eujA.png"}, {"type": "sentence", "content": "Cabin:"}, {"type": "sentence", "content": "Once again due to the nature of the Cabin attribute it will not be necessary to include this column in our analysis."}, {"type": "image", "content": "https://miro.medium.com/max/2236/1*hGWB5kRVq7afnG8jkODfpQ.png"}, {"type": "sentence", "content": "Embarked:"}, {"type": "sentence", "content": "The following code finds the most frequent Embarked location and fills it in the found null values."}, {"type": "image", "content": "https://miro.medium.com/max/2748/1*6sb4y4OApYOSMwDHed8ZiQ.png"}, {"type": "sentence", "content": "Next, we can convert the three locations into numeric representatives."}, {"type": "image", "content": "https://miro.medium.com/max/2224/1*GOFqSpNIgJZyvj7nd0cKyw.png"}, {"type": "subtitle", "content": "Conclusion"}, {"type": "sentence", "content": "Now that we have prepped the \"Stinky\" Titanic Dataset using Pandas library, the data is ready to be analyzed and modeled. This technique of cleaning and preparing the data is a pivotal part to data science and the first step taken towards creating beautiful visualizations and predictive analytics."}], "topic": "data-science", "uuid": "4395933f6ecfb100c943208580b7ed3d7c910b5ffb96c19db6f5a514", "link": "https://brennastark.medium.com/titanic-data-prep-with-pandas-b270cdab49e3"}