{"title": "How to Meditate in 3 Minutes or Less", "data": [{"type": "sentence", "content": "Parents desperately crave peace and calm. But finding the time to engage in the mindfulness and meditation that can satisfy that craving isn't always easy."}, {"type": "sentence", "content": "Finding time to meditate can hold you back from beginning your practice. Maybe you try to carve out time, but doctor appointments and business trips get in the way. You can't find a free hour to sit down."}, {"type": "sentence", "content": "Luckily, you don't need an hour. You don't even need half an hour."}, {"type": "sentence", "content": "While extended meditation has its benefits, you can also boost your mindfulness with brief breaks of a few minutes or less. Try these tips for calming your mind even on your busiest days."}, {"type": "subtitle", "content": "Brief Meditations: How to Do It"}, {"type": "sentence", "content": "1. Focus on your breath. Pay attention to your breath as it enters and leaves your nostrils. Follow its path up and down your body. Notice how your abdomen and chest rise and fall when you inhale and exhale deeply. This alone can be a meditation - and it only takes a minute or two to begin feeling more peaceful."}, {"type": "sentence", "content": "2. Scan your body. Search for areas of tension. Massage your stiff shoulders or hands as you imagine your breath warming and healing them. As you practice this more often, you'll learn where you tend to hold tension and become better at releasing it. Or not holding it at all."}, {"type": "sentence", "content": "3. Observe your thoughts. Check out what's on your mind without making judgements. Let your mind slow down."}, {"type": "sentence", "content": "4. Embrace your feelings. You can meditate when you're feeling content or when you're dealing with major stress. Remember that your emotions are temporary and you decide how to respond to any situation. Whatever you feel in this moment is perfectly normal and it will change."}, {"type": "sentence", "content": "5. Watch closely. Lock your eyes onto a chosen object. Pick a candle with a flickering flame or a tree bough swaying in the breeze. Noticing the smallest details of these things can bring not only a sense of peace, but also one of wonder. And we could all use more wonder in our lives."}, {"type": "sentence", "content": "6. Chant out loud. Fill your mind with a spiritual mantra or an inspiring saying of your own. Repeat it 3 times."}, {"type": "sentence", "content": "7. Reach out and touch. Many religions use beads to count prayers and maybe even avoid falling asleep. Try wearing a bracelet or holding a charm in your palm as a trigger to bring your mind back to a beautiful and wholesome state."}, {"type": "image", "content": "https://miro.medium.com/max/10092/0*HV2RbQqdOPxwnOsV"}, {"type": "subtitle", "content": "Brief Meditations: When to Do It"}, {"type": "sentence", "content": "1. Adjust your commute. Look forward to red lights. Use traffic signals and stop signs as a reminder to breathe. If you take public transportation, perhaps you skip the podcast, audiobook, or other activities you usually do to occupy your time."}, {"type": "sentence", "content": "2. Take a break during meetings. You can stay up to date with your mind at office meetings the same way you check on phone calls and text messages. Ask yourself how you're feeling while you're looking to see if a client responded to your last message."}, {"type": "sentence", "content": "3. Intensify your workouts. Connect with your mind as you build up your body. Meditate for a few minutes on the treadmill or at the swimming pool. If you get really good at this and hate working out, you might find it makes workouts much more tolerable."}, {"type": "sentence", "content": "4. Connect with your partner. Make a date with your spouse. Mediate together for a few minutes each morning or before bed. This can help you connect with yourself and the peace you crave, but also connect with your partner and strengthen your relationship."}, {"type": "sentence", "content": "5. Bond with your kids. Mindfulness exercises can be especially beneficial for children. Make your sessions fun by keeping them short and simple. Throw in some yoga poses, singing, and visualizations that will appeal to your child's imagination. This will not only help strengthen your relationship with your kids, but set them up with some great skills for later in life when they need to deal with stress and tension."}, {"type": "sentence", "content": "6. Line up. Your daily life is probably full of long lines. Next time you're queuing up for a blockbuster movie or rushing to mail a last-minute present at the post office, remember that meditation will help you pass the time without losing your spot. It's not like there's much else you can do anyway, right?"}, {"type": "sentence", "content": "7. Skip commercials. Do you enjoy watching 30 seconds of advertising before you can watch the video you clicked on? Neither do I! Hit the mute button, and enjoy the silence that surrounds you. This also applies when you're watching TV."}, {"type": "sentence", "content": "8. Consume consciously. Do you automatically reach for a donut or a margarita after a rough day? On the other hand, maybe you try to soothe yourself with a little retail therapy. Meditation could be a healthier and less expensive response to stress."}, {"type": "sentence", "content": "Let go of stress and boost your concentration with a quick meditation session. While instant weight loss products are often disappointing, instant peace of mind is not. You can enjoy greater peace of mind in just a few minutes a day. That's a miracle worth celebrating."}, {"type": "image", "content": "https://miro.medium.com/proxy/1*ZBb4pHnvnfUpQ7DwnWGy1A.png"}, {"type": "sentence", "content": "Wendy Miller is a meditation teacher, single mom coach & writer. She helps moms use mindfulness, meditation & self-care to create a calm & happy life. She lives in Florida with her two sons and enough pets for a zoo."}, {"type": "sentence", "content": "Want more? You can also sign up for her newsletter where she offers more insights, tips, tricks, advice, and information to help single moms find purpose, creativity, passion, and peace."}, {"type": "image", "content": "https://miro.medium.com/proxy/1*ZBb4pHnvnfUpQ7DwnWGy1A.png"}, {"type": "sentence", "content": "You might also enjoy:"}], "topic": "mindfulness", "uuid": "466f74b8de3fd577c6850e975ae287ba88cce3c2f03bdf13eae5fc89", "link": "https://wendymillermeditation.medium.com/how-to-meditate-in-3-minutes-or-less-9baa3f15aa5b"}