{"title": "Enjoy a Flexible and Lucrative Career as a Freelance Copywriter", "data": [{"type": "subtitle", "content": "FREELANCING"}, {"type": "sentence", "content": "Copywriting is a creative process that persuades people to buy products and services. It's a fantastic career that pays well, offers flexibility and independence, and lots of variety in your work."}, {"type": "sentence", "content": "Build a successful freelance career as a sales copywriter and you can look forward to a healthy work/life balance, and a healthy bank balance. It's important to know that sales copywriting isn't the same as content writing, though, although sometimes the terms are used interchangeably."}, {"type": "sentence", "content": "Copywriting is a specific form of writing that's the bedrock of business sales. It succinctly and directly gets to the heart of why people should buy a product or service - without good copy, businesses would struggle to sell."}, {"type": "sentence", "content": "The scope and volume of work available for good copywriters is vast, so what exactly does a freelance copywriter do?"}, {"type": "subtitle", "content": "What does a freelance copywriter do?"}, {"type": "sentence", "content": "A copywriter uses creativity and skill to weave a specific message into their writing. If you specialise in sales copywriting for a product, for instance, you'd 'hook' or engage the reader by articulating the product's benefits."}, {"type": "sentence", "content": "Copywriters sometimes work as part of a team - with an advertising or marketing agency, for example - but equally you can work alone, offering your services to a wide range of clients."}, {"type": "sentence", "content": "You might write website copy, sales brochures, flyers, paid advertisements, and product pages - these can be the life-blood of a freelance copywriting business."}, {"type": "sentence", "content": "But first, ask yourself this question."}, {"type": "subtitle", "content": "Are you creative?"}, {"type": "image", "content": "https://miro.medium.com/max/3840/1*679F8R_lccsk92FEKiNHEw.jpeg"}, {"type": "sentence", "content": "Finding the right words for an ad campaign or marketing collateral is a big responsibility. You'll need plenty of time for the creative process, which is arguably more important than putting pen to paper."}, {"type": "sentence", "content": "More is less in sales copywriting. You often need to package up a message in just a few words whilst maintaining brand voice across an entire campaign. An understanding of human psychology and behaviour is useful in this career, but it can be learned."}, {"type": "subtitle", "content": "Learning to be a freelance copywriter"}, {"type": "sentence", "content": "You can learn the craft of copywriting, and build your skills with practical experience. There are lots of free/low cost copywriting courses and guides available online to help you get started as a sales copywriter."}, {"type": "sentence", "content": "Here are just a few you might want to look into:"}, {"type": "sentence", "content": "You can also learn online about consumer psychology and behaviour - like this course at FutureLearn or this low-cost course at Udemy."}, {"type": "subtitle", "content": "Do you need formal qualifications to be a freelance copywriter?"}, {"type": "image", "content": "https://miro.medium.com/max/3840/1*DWEsEsG5OQOcDWJxiaGmsQ.jpeg"}, {"type": "sentence", "content": "Formal qualifications aren't necessary to become a successful copywriter, but a good understanding of the English language in all its forms, grammar, spelling, and composition is essential."}, {"type": "sentence", "content": "Understanding human nature, how to appeal to consumers or businesses, and how to market yourself, are also vital skills for a successful career. Having said that, there are formal copywriting training courses available that could be invaluable in your career."}, {"type": "sentence", "content": "These include the Professional Copywriters' Network, the Chartered Institute of Marketing, and the Copywriting Academy. This type of certification displayed prominently on your website and business cards indicates a commitment to self-development in your profession, and can help you get more clients overall."}, {"type": "subtitle", "content": "Who uses freelance copywriting services?"}, {"type": "sentence", "content": "The list of potential clients is endless - here are just a few:"}, {"type": "sentence", "content": "Corporations and large businesses"}, {"type": "sentence", "content": "Small businesses and entrepreneurs"}, {"type": "sentence", "content": "Ecommerce outlets"}, {"type": "sentence", "content": "Government agencies"}, {"type": "sentence", "content": "Authors (to sell their book)"}, {"type": "sentence", "content": "There's an infinite need for good copywriting services by businesses wanting to sell their products and services. It's a creative skill that not everyone possesses or has the inclination to learn, so if it appeals to you there's a huge market out there ready and waiting."}, {"type": "subtitle", "content": "How much can you earn as a freelance copywriter?"}, {"type": "image", "content": "https://miro.medium.com/max/3840/1*qDlHJQJqPNBzl9-Tueec6Q.jpeg"}, {"type": "sentence", "content": "The Professional Copywriters' Network (PCN) offers some guidance on how much to charge as a copywriter. They surveyed 640 copywriters in 2020 and discovered the average day rate was \u00a3379."}, {"type": "sentence", "content": "This figure reflects experience levels, and various other factors including skill, specialism, and location. PCN quote around \u00a3250 as a typical day rate for junior copywriters, and from \u00a3800 per day for senior copywriters."}, {"type": "sentence", "content": "They suggest charging per project with an option to look again at the fee if the scope of a project changes, but some writers charge an hourly or daily rate."}, {"type": "sentence", "content": "Charging by the word may work for article and blog writing as the text length can be pre-set, but it's not ideal for sales copywriting that often relies on brevity and succinctness to be effective."}, {"type": "sentence", "content": "Copywriting can be a very lucrative profession if you learn your craft, understand the nuances of buying behaviour, and are able to market yourself effectively."}, {"type": "subtitle", "content": "Where can you find work as a freelance copywriter?"}, {"type": "sentence", "content": "Freelance marketplaces, including People Per Hour and Upwork, will be useful when you're starting out as a sales copywriter and also as fill-ins for when work is slow."}, {"type": "sentence", "content": "You can build a successful career as a freelance copywriter using only sites like these, but it all depends on how you want to work. You could pick and choose your jobs on freelance platforms or pitch clients directly."}, {"type": "sentence", "content": "Once you get started, positive feedback on freelance sites provides a foundation for pitching clients, and means you have a portfolio of work to show them."}, {"type": "sentence", "content": "So might this be a freelance career for you?"}, {"type": "subtitle", "content": "Could you be a sales copywriter?"}, {"type": "image", "content": "https://miro.medium.com/max/3840/1*Mq0-c4XjMNi_Td5MwAu3kw.jpeg"}, {"type": "sentence", "content": "If the idea of building a career as a freelance copywriter appeals to you, find out more about it and whether it's something you might like. Maybe you already have sales and marketing skills and understand the components of good copy - if so, you're onto a winner."}, {"type": "sentence", "content": "If not, though, you can invest in your future for very little money. All it takes is a little time and motivation to learn - you never know where it might take you."}, {"type": "sentence", "content": "If you liked reading this article, you might also like:"}], "topic": "freelancing", "uuid": "4738aae6d5f45df57b8e54d4a1ce9f839161e326a4bd47b56475fade", "link": "https://medium.com/build-a-freelance-career-from-home/enjoy-a-flexible-and-lucrative-career-as-a-freelance-copywriter-e4bf76c1a6e3"}