{"title": "Navigating The Long Road Ahead", "data": [{"type": "sentence", "content": "Let's not kid ourselves; when it comes to thriving in a competitive environment, the road ahead for manufacturers is sure to be difficult and full of unexpected turns. However, specific steps can make the journey more comfortable and predictable."}, {"type": "sentence", "content": "Let me share what I've learned."}, {"type": "sentence", "content": "First, you should check in with your teams."}, {"type": "sentence", "content": "Thank God, or the journey would be a lot less enjoyable. Check-in with them. How are they doing? What could you do to help them? It might be time to bandage a few wounds sustained during COVID. Your team might require some time off. They might need someone to talk with to process what has occurred and what may still be occurring."}, {"type": "sentence", "content": "Whatever is required, try to find a way to assist them. And, let them help you. Gathering up your team for the journey forward is always step one for me. The team must come first."}, {"type": "sentence", "content": "Second, you will need a plan."}, {"type": "sentence", "content": "As I like to say, \"If you don't have a desired destination, any road will take you there.\" I have seen great people wander around in circles because they don't have a plan."}, {"type": "sentence", "content": "At least you will know what is next. In my experience, you can create a multi-year plan. Don't expect it to be the same years from now. It needs to change, just like the world around you."}, {"type": "sentence", "content": "The best thing about planning is the communication goal setting and inspiration that comes from the plan. It's not the plan itself. The minute you start executing it, everything begins to change. Plan, do, and then adapt the strategy."}, {"type": "sentence", "content": "Third, find a way to enjoy the journey."}, {"type": "sentence", "content": "As hard as it is, you and your team need to have hope and some fun. Inspiration and energy are some of the most valuable contributions to any team."}, {"type": "sentence", "content": "When I was in the U.S. Army, we did many long, complex, and repetitive tasks. By most measures, not much fun. However, we found a way to cheer each other up, assist others in the work, and still be silly at times. Some of the best relationships in my life came from those experiences. Why? We found a way to both support each other and have some fun."}, {"type": "sentence", "content": "Take the time to sit back, applaud your successes, and laugh with your teammates. It will give you some good memories - and some great friends."}, {"type": "sentence", "content": "Finally, please don't take it all too seriously."}, {"type": "sentence", "content": "Sure, it is serious and meaningful. However, no one is perfect. My mistakes are probably the only genuinely unique things I have ever done. I also rarely forget my mistakes, which means I don't want to repeat them. When you find a true expert, it means they have made more mistakes than you have. Learn from them."}, {"type": "sentence", "content": "I know I am biased as the President & CEO of a manufacturer's association. However, making great products is downright amazing. What I have missed most during this pandemic is visiting and touring our members' fantastic facilities."}, {"type": "sentence", "content": "These companies use the three steps outlined in assessing the condition of the team, creating a workable plan, and finding ways to make it fun."}, {"type": "sentence", "content": "Why?"}, {"type": "sentence", "content": "Making great products and delivering excellent services make the world a better place. I am thankful to our members for making our community and world a better place."}, {"type": "subtitle", "content": "Do you want more insights?"}, {"type": "sentence", "content": "To learn more about leadership, visit me at www.macny.org."}, {"type": "sentence", "content": "To get a copy of my book Present-Future Leader, go to www.amazon.com."}], "topic": "leadership", "uuid": "487e993977b0208bb63baab090e1b4e32fdca80e4837c1f7dd87e045", "link": "https://medium.com/illumination-curated/navigating-the-long-road-ahead-d210f7b30ec0"}