{"title": "#Vanlife 101: A (Realistic)Day in the Life of a Cross Country Couple", "data": [{"type": "subtitle", "content": "Travel. Vanlife. Mindful Traveling."}, {"type": "image", "content": "https://miro.medium.com/max/11974/1*rQfFl9rni-wlbeXOw97ptA.jpeg"}, {"type": "sentence", "content": "My goal of traveling across the country has always existed, but that's how it stayed: a goal. I never made proactive steps towards making the distant dream a reality. In fact, I was more fixated on traveling other parts of the world, and maybe doing a van trip by myself, as a middle-aged woman. Never in a million years could I have predicted that a pandemic would strike the world, and in turn, lead my partner to purchase his dream-van, and me come along for the ride. Within a month, we packed up all of our stuff in our apartment, and said, \"Goodbye, D.C.!\" Finally, I've gotten to see so many of the terrains and iconic landmarks that I've always heard of and romanticized in pop culture."}, {"type": "image", "content": "https://miro.medium.com/max/3200/1*u-FNWBxh6S5Y540QqKXw1g.jpeg"}, {"type": "sentence", "content": "As exhilarating as seeing the country is, it's been incredibly private and personal as well. Without social media to share photos, I guess you could consider me \"off-the-grid.\" (I've had friends text and literally ask me if I'm okay because they finally noticed I deleted my Instagram account.) Constantly going from one place to another, in and out of cities, waking up beside beaches some days and city parks on others, finding a place to eat, to work, to hike, to shower, and the list goes on and on, is exhausting, and sometimes, I find that I've gone a week without speaking to anyone. Hence, when I'm on the phone catching up with family or friends, I get the same questions:"}, {"type": "sentence", "content": "\"Where are you now?\""}, {"type": "sentence", "content": "\"What did you do today?\""}, {"type": "sentence", "content": "\"So like...where do you work?\""}, {"type": "sentence", "content": "\"Where did you guys stay?\""}, {"type": "sentence", "content": "\"Are you going hiking or like...what are you doing today?\""}, {"type": "image", "content": "https://miro.medium.com/max/12000/1*Yw_4dA-3YWJO7FwqiqoKbg.jpeg"}, {"type": "sentence", "content": "Yes, we are leisurely traveling the country, but we still have to get up, work, exercise, and make dinner just like anybody else. We just do it all in a different city or campground every few days. Therefore, I'm finally answering all the burning questions I frequently get about our \"mysterious\" schedules as a cross-country couple, and giving an inside-look at a day in our life, both on a week day and weekend."}, {"type": "subtitle", "content": "A Typical Week Day"}, {"type": "sentence", "content": "On a weekday, we wake up in the morning (usually in a parking lot or campground), get dressed, and head directly to a workspace. Mornings aren't glamorous because we have to get dressed in the van, wash our faces with our \"magic spray bottle\" (which is actually the most essential tool for #vanlife), brush our teeth, and then hit the road. Workspaces vary depending on the city we're in. Here are the three different kinds of work spaces we look for according to tier."}, {"type": "subtitle", "content": "Tier 1: WeWork"}, {"type": "image", "content": "https://miro.medium.com/max/8176/1*-qvq7obWn-jAjdtcLU4rMw.jpeg"}, {"type": "sentence", "content": "Luckily, my partner has a membership to WeWork, which is a network of beautiful, modern shared workspaces that inspire people to do their best work (I'm talking about various floors with booths, tables, personal conference rooms, self-serve kombucha, ginger beer, and coffee stations). With their first location opened in New York City in 2010, the franchise has now grown into a global network with 269 locations in the US so far. Ideally, we prefer to work there because it's always quiet, warm, aesthetically appealing for Zoom calls, and has endless, accessible caffeine."}, {"type": "subtitle", "content": "Tier 2: Hotels or Airbnb's"}, {"type": "image", "content": "https://miro.medium.com/max/12540/1*014ZnEm1WtdtLmjo5Dz3VQ.jpeg"}, {"type": "sentence", "content": "Yes, at times we cheat and stay in hotels due to important work meetings (or even just to get a guaranteed shower). Hotel rooms are about as ideal as WeWork spaces. They're quiet, they have desks, the backgrounds are pretty neutral, the Wi-Fi is strong, and coffee makers are inside the rooms! Another reason I like working in hotels is because it gives a sense of being at home because I don't feel pressured to leave...except for checkout. In those cases, I work in the lobby."}, {"type": "subtitle", "content": "Tier 3: Coffee Shop"}, {"type": "image", "content": "https://miro.medium.com/max/7680/1*GomJXZv-dXryRk_vmc0zFg.jpeg"}, {"type": "sentence", "content": "The thing is, we can't always stay in hotels, so plan C is to find a coffee shop. The thing with coffee shops is that there are two different kinds. There are the coffee shops that are usually found in university-towns, which resemble Wework spaces: quiet, warm, aesthetically appealing for Zoom calls, and endless, accessible caffeine. Then, there are the coffee shops that resemble restaurants: loud, interruptive, and fast-paced (because they don't want you taking up a table for four hours). With that said, coffee shops are hit-or-miss, especially with some being closed for indoor dining due to the pandemic, and we usually can't rely on them to get through an entire work day."}, {"type": "subtitle", "content": "Tier 4 (Last Resort): Van"}, {"type": "image", "content": "https://miro.medium.com/max/3200/1*coLpkV6CI-v2QDkxGDeU1Q.jpeg"}, {"type": "sentence", "content": "This is why sometimes, we resort to plan C, the van. The van is nice, but first of all, I don't like working in the same space that I sleep (I learned in college after many nights trying to study in bed, and falling asleep on papers). Second of all, it's too much work to set up the space. We have to find a place to park in the shade, manipulate the temperature so it's not too hot or too cold, it's cramped and uncomfortable, and the background is not professionally appropriate for video calls. Even though I've made it work, teaching 4 to 7 classes in that thing is brutal, and I've come to appreciate and tables more as a result."}, {"type": "subtitle", "content": "After Work"}, {"type": "sentence", "content": "After work, we don't do anything much differently than what we did when we were living in Washington DC - we either work out or go eat. Working out is essential for us for two reasons: it is the life force behind our healthy relationship (which I extend on in #Vanlife is Booming: 5 Truths Living and Working From a Camper Van), and more importantly, these places have showers. Oh yes, showers are a luxury, and part of our gym research is finding out if they have a shower because our van doesn't have one."}, {"type": "image", "content": "https://miro.medium.com/max/736/1*MTz2-w5z6trRyizGSYrpyg.gif"}, {"type": "sentence", "content": "These days, a majority of the showers in gyms and yoga studios are closed, so often, we'll work out and spray down our bodies with our spray bottle, pad ourselves down with some lavender oil, and call it a night. However, if we're lucky, we can find a relaxed studio whose showers are open, wash ourselves there, and sleep comfortably. Either way, shower or no shower, we've adapted to both scenarios."}, {"type": "subtitle", "content": "A Typical Weekend"}, {"type": "sentence", "content": "The weekends are always blissful because there's less pressure to find somewhere to be \"productive.\" We use this time to disconnect and enjoy nearby national parks and be true \"vanlifers.\" Below, are some pictures of weekends we've spent traveling up the coast of California. From Arizona, we continued out west and took Highway 1, beginning in Los Angeles, all the way up to Mendocino County (where it ends), and then continued up to Seattle, Washington. For those who don't know, Highway 1 is an iconic, American roadway that extends over 650 miles, offering endless vistas overlooking the Pacific Ocean, as well as redwood trees and wildlife refuges and sightings. If there's anywhere in the world to clear your head and revaluate everything, taking a road trip up the coast is definitely one way to do it."}, {"type": "image", "content": "https://miro.medium.com/max/2400/1*cC7Q9xken7QE-rJr8IwybQ.jpeg"}, {"type": "image", "content": "https://miro.medium.com/max/3200/1*AFOXBBPILY5KKuFa5Ulqbw.jpeg"}, {"type": "image", "content": "https://miro.medium.com/max/3200/1*BzWdkV5mM4-_KzfME6DoeA.jpeg"}, {"type": "image", "content": "https://miro.medium.com/max/2400/1*W481Aaj9LseVy-rZCCVAkA.jpeg"}, {"type": "image", "content": "https://miro.medium.com/max/3200/1*pv5P1r2okwxw588l4wvIXQ.jpeg"}, {"type": "image", "content": "https://miro.medium.com/max/3200/1*5dAx7oVfwBkVvnF6cVEGGQ.jpeg"}, {"type": "image", "content": "https://miro.medium.com/max/5280/1*548WhIauyLed2S3PSMn-oA.jpeg"}, {"type": "image", "content": "https://miro.medium.com/max/1536/1*wqOeSPNGZA79v_-P7CDfXw.jpeg"}, {"type": "subtitle", "content": "All Good Things Come to an End"}, {"type": "sentence", "content": "At this point, after several months on the road, our van journey has come to an end. Although living in a tight space on top of my partner as well as adjusting to all the pandemic restrictions (e.g. closed bathrooms, showers, no indoor dining, barely any Latin dance socials, etc.), the sense of freedom I've felt the past few months seeing so many places has been incredible. Not to mention, all the time on the road has been a grand opportunity for reflection and growth. I've thoroughly become familiar with what it's like to truly work remotely; the natural wonders I've been able to experience have been breathtaking; not being stuck in one city has made it easier to cope with the stress of the pandemic; and and most of all, I've gotten to connect deeper than I could ever imagine with my best friend. All I have to is: if you can live with someone in a small, Ram ProMaster City van for 4-6 months, barely argue, and in the end, make it out alive hand-in-hand, that's probably a good sign."}, {"type": "image", "content": "https://miro.medium.com/max/2700/1*SKwELdEBKcKsuEW5XX6-jw.png"}, {"type": "sentence", "content": "Sign up for our newsletter to stay informed with up-to-date curations from our editors:\ud83d\udc47"}, {"type": "sentence", "content": "We now offer exclusive writing services for our members. Discover how you can take advantage of our editing services and more."}], "topic": "travel", "uuid": "491affe87350342dcb126e72db982350440c278af9ddcbc9c2e2e383", "link": "https://medium.com/world-travelers-blog/vanlife-101-a-day-in-the-life-of-a-cross-country-couple-b35703bbfaab"}