{"title": "EU Seeks to Ban 'Unacceptable' Uses of Artificial Intelligence", "data": [{"type": "image", "content": "https://miro.medium.com/max/11520/0*Y2V_-7a5U-gpoLDX"}, {"type": "sentence", "content": "For the first time, the EU Commission has presented a law regulating automated decision-making systems. \"Mass surveillance\" by AI should be banned, but biometric real-time surveillance should remain allowed sometimes."}, {"type": "sentence", "content": "The European Commission has presented a legislative proposal to regulate automated decision-making systems. High-risk applications are to be subject to approval, and the Commission would like to ban certain forms of such systems entirely. The proposal pays particular attention to biometric video surveillance in public places. This should be forbidden in principle because of its risks for protecting fundamental rights, but the use of such technology remains permitted in \"a few, narrowly defined exceptional cases\"."}, {"type": "sentence", "content": "The new legislative proposal is part of a package of measures designed to ensure the safe, ethical and fundamental rights-compliant use of so-called artificial intelligence (AI). The EU Commission understands this to mean not only software that uses machine learning and neural networks, but basically many algorithmic decision-making and recommendation systems. Besides the new AI law, the commission is also proposing a machine regulation that should create new safety rules for robots, 3D printers, and other devices."}, {"type": "sentence", "content": "The new legislative package was presented on Wednesday in Brussels by Commission Vice-President Margrethe Vestager and Internal Market Commissioner Thierry Breton. It is the first law in the European Union to regulate artificial intelligence, Vestager said. \"The higher the risk that AI means for our lives, the stricter the rules.\""}, {"type": "subtitle", "content": "EU creates a list of high-risk systems"}, {"type": "sentence", "content": "The heart of the proposed law on artificial intelligence is a list of applications that will be classified as \"high-risk\" in the future and that need approval. The Commission cites algorithmic systems in medical devices and self-driving cars as examples."}, {"type": "sentence", "content": "For such applications, providers must submit a risk assessment and protective measures, and detailed documentation of the system. Using a \"high-quality data set\" is also required for high-risk applications in order to avoid risks and discrimination effects from the application. In addition, the activities of the systems should be logged in order to decide comprehensiveness to human control bodies. Users would have to be informed about how it works."}, {"type": "sentence", "content": "Applications that involve \"unacceptable risks\" for security, fundamental rights, or people's livelihoods should be banned entirely. Commission documents cite applications that manipulate the free will of their users as an example. This includes toys that use language to encourage children to behave dangerously. Using \"social scoring systems\" by governments, as they are already being used test according to reports in China, is also to be banned."}, {"type": "sentence", "content": "The new rules classify biometric systems for identifying people as high-risk applications. The real-time use of such systems in public places by law enforcement agencies, as tested at the Berlin S\u00fcdkreuz train station, represents a great threat to fundamental rights. \"There is no place for mass surveillance in our society,\" said Vestager."}, {"type": "sentence", "content": "Therefore, the use of real-time detection in public places should be limited to a few exceptions. As an example, the Commission cites the targeted search for victims of crime in databases, to ward off an impending terrorist attack or to find suspected perpetrators of serious crimes. That can mean that the biometric video surveillance of all train stations and football stadiums is still justified."}, {"type": "sentence", "content": "There should be a leaner set of regulations for applications that are classified as low risk. Transparency rules should apply to these. Users would have to be informed, for example, when they are dealing with a chatbot. The vast majority of AI systems used in the EU to date have fallen into this category, says the Commission."}, {"type": "sentence", "content": "The new regulations for military applications of artificial intelligence should not apply. These did not fall under the EU's internal market rules, argues the Commission. The EU states could create their own rules within the framework of the common security and defense policy."}, {"type": "subtitle", "content": "National authorities should enforce rules"}, {"type": "sentence", "content": "The new rules are to be enforced by national authorities in the EU states, using existing supervisory structures for product safety as a model. National data protection authorities are also likely to play a role in supervision. The Federal Network Agency, the Federal Office for Information Security, and the data protection authorities are potential candidates for a role in the control of the rules. At the European level, a European Artificial Intelligence Committee is to support the national authorities with legal opinions in the uniform enforcement of the rules."}, {"type": "sentence", "content": "If the new law is violated, severe penalties are imminent. Manufacturers who bring a prohibited AI application onto the market or who violate regulations on the correct handling of data, for example, face fines of up to 30 million euros or up to six percent of their global annual turnover. This means that the maximum amount is higher than the four percent stipulated by the General Data Protection Regulation."}, {"type": "sentence", "content": "The Commission's legislative proposal is now going to the Council of the EU States and the EU Parliament. In recent months, MPs there have repeatedly pushed for stricter rules for certain AI applications, and parliament could sharpen the proposals again. A decision is not expected before next year."}], "topic": "artificial-intelligence", "uuid": "49931d95f8b82b217639123c7fa62c1111923e8d61fad127b201dcc8", "link": "https://medium.com/illumination/eu-seeks-to-ban-unacceptable-uses-of-artificial-intelligence-860833583f8e"}