{"title": "The Powerful Results of Adding a New Habit Every Day for 30 Days", "data": [{"type": "image", "content": "https://miro.medium.com/max/10278/0*D91PQY7qzCtACU_t"}, {"type": "sentence", "content": "What happens when you add one new habit every day for an entire month?"}, {"type": "sentence", "content": "You end up with 30 new habits and a definite upward trajectory in your life."}, {"type": "sentence", "content": "In many ways, this is merely the halfway point of my experiment. I have created 30 new habits, but since I added them one a day some of them are only a few days old. Throughout the month of May, I will be evaluating each habit as it reaches the 30-day mark and deciding if I love it, need to tweak it, or let it go."}, {"type": "sentence", "content": "Here are the lessons about habits I've learned so far."}, {"type": "subtitle", "content": "Small is good"}, {"type": "sentence", "content": "Starting with small, easy habits is hardly an original idea. A quick Amazon search yields a slew of titles:"}, {"type": "sentence", "content": "Each of these books has its own spin on the issue but the essence is the same. Start with small habits to feed your sense of success and accomplishment. Once you are on an upward path you can continually level up, bit by bit working your way up towards your goals."}, {"type": "sentence", "content": "I went small in each individual habit while going big on habit formation overall. Adding a new daily habit each day meant a constant change to my routine. The first few changes were great and encouraging but as the month wore on I found the pace of change was faster than an ideal rate for me."}, {"type": "sentence", "content": "On the other hand, the rapid adoption of new habits has kept me continually in new habit mode. Each habit bolstered the others even though they were generally completely unrelated to each other."}, {"type": "subtitle", "content": "Morning habits are easier to stick to"}, {"type": "sentence", "content": "Most of the habits were done at a fixed time of day. Morning habits were far easier to stick to and enjoy. I feel downright virtuous and energized knocking out a few pushups before sitting down to write for the day. Doing squats while watching the evening news is painful both literally and figuratively."}, {"type": "sentence", "content": "Not only is my willpower higher in the morning but during the day most habits are a break from sitting at the computer. Using the upstairs bathroom is a nice way to stretch my legs after sitting too long. In the evening, new habits take me away from chilling with my family, reading a book, or watching TV."}, {"type": "sentence", "content": "It's much harder to get my butt off the couch so I need to tweak the timing of some of my habits and front load the morning more."}, {"type": "image", "content": "https://miro.medium.com/max/4456/1*NLUoM7YyA4sBk_9zWG_1rw.png"}, {"type": "subtitle", "content": "Spreadsheets are the bomb"}, {"type": "sentence", "content": "I kept track of all my habits in a simple google sheets spreadsheet. A tab was always open to this spreadsheet on my browser so I was able to click to it regularly throughout the working day and put an x in the square for any completed habits."}, {"type": "sentence", "content": "Seeing a chart fill up with x's was surprisingly rewarding. This is another reason daily time habits fared better than evening ones. When I was away from my spreadsheet I didn't have the same reminder and mini reward right at hand. It is amazing to me what difference this made."}, {"type": "subtitle", "content": "Success breeds success"}, {"type": "sentence", "content": "Even though my habits weren't connected to each other, the momentum of positive energy from having added one new habit definitely made it easier to add each additional habit."}, {"type": "sentence", "content": "\"I'm the sort of person who does healthy things,\" each habit told the next one in line. \"It's no big deal. You can do this. See, I'm working out all right!\""}, {"type": "subtitle", "content": "Life happens but doesn't have to derail you"}, {"type": "sentence", "content": "In retrospect, I should have started this experiment in January when the country was still tightly locked down. If you look at the spreadsheet screenshot above you'll be able to identify immediately when the first lockdown easing occurred and my spouse and I took a mini-break in Cornwall."}, {"type": "sentence", "content": "Lockdown due to a global pandemic was not a natural state of affairs. I hope it won't be repeated again soon if ever. The norm of my life is that I don't just stay at home doing the same thing every day. Any habit formation plan needs to be able to roll with the changes and not be totally derailed by a couple of days away from home or other major schedule disruptions."}, {"type": "sentence", "content": "I can miss a few habits here and there without giving up entirely."}, {"type": "subtitle", "content": "30 daily habits are a lot to remember"}, {"type": "sentence", "content": "30 new habits are not too many if you keep them small and doable, but it did get harder to remember once I got past the first ten or so. Here is where the spreadsheet saved me. Most of the blanks in the spreadsheet screenshot above are times I simply forgot to do the habit."}, {"type": "sentence", "content": "Evening habits were much worse than morning habits because I don't use my computer in the evening, so I relied on my memory. In retrospect, I should have kept a written list of habits handy to glance at throughout the evening."}, {"type": "subtitle", "content": "Not all habits should be daily"}, {"type": "sentence", "content": "I started this month with only a vague idea of what habits I would be adding. As I thoughts of new ones, I wrote them on the spreadsheet and then adopted them as they came up in turn. I rejected several ideas because they weren't something I could do daily. In the future, I may try an add new habits weekly challenge."}, {"type": "subtitle", "content": "New habits force you to rethink old habits"}, {"type": "sentence", "content": "Adding a bunch of new habits in short order shakes up your routine. It forces you to examine not only what positive changes you want to implement but also what already established habits in your life would be better off gone."}, {"type": "sentence", "content": "I purposefully choose to only add habits that were doing something new rather than trying to break old habits since creating habits is much easier than breaking them. The habit I struggled with most - brushing teeth in the evening to prevent snacking - was really about breaking a habit rather than starting a new one."}, {"type": "sentence", "content": "Over time the energy I'm gaining from new habits will enable me to tackle some of the bad habits in my life."}, {"type": "subtitle", "content": "Would I recommend this challenge?"}, {"type": "sentence", "content": "Yes, absolutely. I've learned so much about what does and doesn't work for me personally to make positive changes in my life. I've read many books on habit formation but ultimately what works for someone else isn't going to be perfect for you. The only way to effectively change your own patterns is to experiment on yourself."}, {"type": "sentence", "content": "Maybe you don't want to go all-in with daily habits and a new one each day. Modify it in whatever way works for you. I found public accountability helpful. If you would like to try some kind of habit challenge of your own devising you can use this publication to write about it."}, {"type": "sentence", "content": "It is possible to make positive changes in your life if you are persistent and patient. Go for it."}, {"type": "sentence", "content": "Check out the entire habit formation journey here:"}], "topic": "productivity", "uuid": "4a0c495f0562b9a2008001e3c9d4a5f0b0b41e8653071b8620d28190", "link": "https://medium.com/30-habits-30-days/the-powerful-results-of-adding-a-new-habit-every-day-for-30-days-3ac463716fa9"}