{"title": "Revisualizing the Comfort Space- Design Thinking Process", "data": [{"type": "sentence", "content": "The write-up around this one-week exercise has to have imprints of what the design thinking process means to me. Being a self-exploring designer, I have always been curious about how a designer's world is different from any other person. It has to be to this day that my understanding of a creative mind came to a full circle."}, {"type": "sentence", "content": "However, my understanding today is par from the below mentions, I would like to shed some light on sections I sensed worthy of sharing."}, {"type": "subtitle", "content": "Process"}, {"type": "sentence", "content": "Defined by The Hasso Plattner Institute of Design at Stanford, design thinking has five non-linear stages. Namely,"}, {"type": "sentence", "content": "Design teams use design thinking to tackle ill-defined/unknown problems. Because they can reframe these problems in human-centric ways and focus on what's most important for users. In other words, it means that the problems or issues, that do not get resolved by algorithms or are more behavior-centric are handled using this design methodology."}, {"type": "sentence", "content": "The methodology is based on understanding human needs and their instinct to solve problems. As someone rightly said, \"humans are natural designers cause we are drawn to make life and processes easier for us\". Design Thinking plays around the same instinct to bring out the natural problem-solving ability of people regarding any problem statement."}, {"type": "sentence", "content": "To design a better viable and functional space around their usability towards their rooms. What can be a better way to empathize with people, than understanding and rebuilding their most intimate and personal spaces with them, isn't it?"}, {"type": "sentence", "content": "I was entitled to work on 'Bedroom' (wink)."}, {"type": "subtitle", "content": "Empathy"}, {"type": "sentence", "content": "Working in a space like a bedroom can be quite intimidating as, probably this is the most personal space for a person in the whole house, and there was a fear of personal biases peeking in. So, what do you do to solve that? well, keep listening. \ud83d\ude42"}, {"type": "sentence", "content": "The suggested way to go about it was to conduct 1:1 interviews with our users, and considering they were next to strangers at that point, (now of course very good friends) it was fun to get introduced to them for the first time through user interviews and ultimately getting to know them better, with their surroundings, everyday schedule, people around them, their influences on them, their perception and ultimately walking in their shoes."}, {"type": "image", "content": "https://miro.medium.com/max/2400/1*0UUfC2KSydRKAcSG1JjH5w.png"}, {"type": "sentence", "content": "Not to deny, it was quite a table-turner for my thought process and I realized how difficult it could be to accept the people the way they are, and actually see and think the way they would."}, {"type": "subtitle", "content": "About the Users"}, {"type": "subtitle", "content": "Define"}, {"type": "sentence", "content": "So, after the rounds of interviews, I would like to believe that I had a better understanding of the users, their personality, and requirements."}, {"type": "sentence", "content": "List of the issues that I noted."}, {"type": "subtitle", "content": "Ideate"}, {"type": "sentence", "content": "This part shapes the whole project, and I feel it can easily make you feel overwhelmed and vulnerable. Again taking words from my mentor, \"no ideas are bad\", I sat down to figure out few ways I could sort the issues of users."}, {"type": "sentence", "content": "To break down the way my brain processed, I first tried following the 'Crazy 8' method, though instead of limiting myself to one solution per minute, I took the time needed to come to each constructive solution sincerely."}, {"type": "sentence", "content": "Of course, it's not recommended to always go for the most economic solution since the work of a designer is just to suggest favourable solutions. However, in that mind space, it seemed the most optimal thing to do."}, {"type": "sentence", "content": "Following is the list of the ideas I brought up."}, {"type": "sentence", "content": "There has been quite some contemplation to choose amongst the options. I henceforth concluded from the MOSCOW framework."}, {"type": "image", "content": "https://miro.medium.com/max/2048/0*M6OI8P1dqZNMJ4YE.png"}, {"type": "sentence", "content": "I decided to prioritize the problems based on MUST-HAVES and CAN HAVES and went ahead to find a solution to both, just to get the feedback."}, {"type": "subtitle", "content": "Prototyping"}, {"type": "sentence", "content": "Attaching the images related to the solution I provided."}, {"type": "subtitle", "content": "Test"}, {"type": "sentence", "content": "We held a 3-hour long call with the team to discuss the prototypes and how the assignment helped us and reached conclusions."}, {"type": "sentence", "content": "2. rollers on heavy items of furniture -"}, {"type": "sentence", "content": "3. Foldable bed cum table -"}, {"type": "subtitle", "content": "Iterations and Feedback"}, {"type": "sentence", "content": "After the discussion, I found some of the feedback from the 'users' quite insightful. I sat and discussed some of the solutions with a friend who had experience in building furniture."}, {"type": "sentence", "content": "I modified the prototypes from the pain points and concerns the users faced. And to my surprise, the modified version of the prototype made some of them remark, that it is quite a viable solution for their current situation.\ud83d\ude0d"}, {"type": "sentence", "content": "The opaque walls of the table were replaced with adjustable metal plates with holes. So, they could be hinged with just a screw as per the height needed for the table."}, {"type": "sentence", "content": "\ud83c\udfc6 I was rated 5/5\u2b50 's for this. \ud83d\ude42"}, {"type": "sentence", "content": "The two sides of the plank were separated and attached to a metal plate with holes. By changing the holes to hinge, the length of the plank could be varied."}, {"type": "sentence", "content": "\ud83c\udfc6 I was rated 4.5/5\u2b50 's for this. \ud83d\ude42"}, {"type": "sentence", "content": "and for the 3rd idea(Bed cum table storage unit), though the users were not comfortable using it immediately (cause it would cost them a diamond!), still they were kind enough to rate it."}, {"type": "sentence", "content": "\ud83c\udfc6 I was rated 4/5\u2b50 's for this. \ud83d\ude42"}, {"type": "subtitle", "content": "Takeaways."}, {"type": "sentence", "content": "I would not have thought to conduct a study and be able to apply the design thinking principles to an interior space. But, here I was. Designed two buildable furniture prototypes."}, {"type": "sentence", "content": "Now, before all the interior designers get infuriated on the thought, no, I am not remotely qualified to design spaces as intricately as you all are capable. But, the whole idea of having understood the users and creating comfort for them was quite liberating. And who would have thought, I could validate the Design Thinking UX framework through the same!"}, {"type": "subtitle", "content": "Mentor's words"}, {"type": "sentence", "content": "Thank you for scrolling till the end. Shoutout to Palash Khandale to help me choose the right words."}, {"type": "sentence", "content": "Please leave your comments for helping me improve on my work."}], "topic": "design", "uuid": "4b690843d6226356399f499b02de13209eac0c85cb83f8f45cbee833", "link": "https://sukanyasen.medium.com/revisualizing-the-comfort-space-design-thinking-process-4bebcd10ba5e"}