{"title": "How to Design a Perfect Dating App", "data": [{"type": "image", "content": "https://miro.medium.com/max/3840/1*zx1_fOJGRTYxPo7_VR4NBQ.png"}, {"type": "sentence", "content": "I think it's way past time for someone to design a decent dating site. Currently, there are an amazing number of scams, with dating scams rapidly becoming the biggest source of fraudulent income in the world."}, {"type": "sentence", "content": "It is so easy to avoid this. Here's how a dating site should be set up. Of course, someone has to write the code and not be too greedy."}, {"type": "sentence", "content": "There will be no need to do psychological profiling as the means to establish who people are, and the ability to talk to everybody will do a lot of the work. We don't do psychological profiling in the real world - why should it be done online?"}, {"type": "sentence", "content": "The greatest difficulty in finding suitable people is the algorithm which doesn't hook one up with like people. For instance, I have yet to find a dating app that provides atheists. They don't. I do get lots of oil engineers living in other countries, though. They all look like a model-god and are deeply in love with me two minutes after saying hello."}, {"type": "sentence", "content": "What do you think?"}], "topic": "design", "uuid": "4c322e5e18d388387696251426ebede6cc5d016c65130ae024883162", "link": "https://medium.com/humans-being-humane/how-to-design-a-perfect-dating-app-def6113bb3da"}