{"title": "The Politics of Shame", "data": [{"type": "image", "content": "https://miro.medium.com/max/4664/1*kg_94jJ8MiiUsJpKXeIKQw.jpeg"}, {"type": "sentence", "content": "I wish I had a dollar for every time I'd heard or repeated that mantra during my childhood. I could buy the late Jeffrey Epstein's shamed island in the Caribbean. At this stage, it's pretty much what the whole Epstein saga is about: high-fliers desperate to evade public shaming. But that's another topic."}, {"type": "sentence", "content": "Author Ana\u00efs Nin wrote: \"Shame is the lie that somebody told you about yourself.\""}, {"type": "sentence", "content": "No writer has ever expressed it better. Shaming inflates the social credit of one individual or group at the expense of another."}, {"type": "sentence", "content": "In the Catholic elementary school that I attended as a child in the 1950s, shaming was employed as a teaching tool. I expect that few of the nuns who taught us had any actual training or credentials for teaching. They were divinely selected to do God's work and shaming was just one aspect of their modus operandi."}, {"type": "sentence", "content": "Nelson's Illustrated Bible Dictionary offers this definition:"}, {"type": "sentence", "content": "Shame is therefore inextricably linked to guilt which the Christian churches endeavour to instill in children from birth. It's a useful tool in creating life-long clients locked into a fake insurance policy, hoping someday (assuming the afterlife is measured in days) to be relieved of the burden of guilt and somehow achieve happiness or at least a modicum of rest."}, {"type": "sentence", "content": "I figured out the shame thing the first time I saw a picture of Adam and Eve being driven from the Garden of Eden. Even to my juvenile mind, it had something vaguely to do with sex but, like the Epstein saga, again that's another story."}, {"type": "image", "content": "https://miro.medium.com/max/2666/1*Z8y5ukztilgnnSFAaT4UKQ.jpeg"}, {"type": "sentence", "content": "The way that shame governed our school experience began in the first grade where students who scored poorly or failed to raise their hands with the right answers were consigned to desks at the back of the room while the so-called bright students sat at the front. You'd think a teacher might want to keep the slower children closer to her desk to mentor and encourage them but that's not how the religious mind works. The less a child parroted the verses, the more heathen they appeared and therefore more worthy of shame and, as the bible points out at least a zillion times, slated for destruction."}, {"type": "image", "content": "https://miro.medium.com/max/4732/1*R-RiB-2lJJlBE0zgaJ-KLQ.png"}, {"type": "sentence", "content": "Then there was the 'dunce cap.' Catholics weren't the only educators in those days who employed the coned cap as a device to shame misbehaving or slow-learning children. This icon of failure was popular in the public school system as well. The pariah du jour was made to sit on a stool in a back corner of the classroom with a tall paper cone on their head, sometimes bearing a sign pinned to their shirt proclaiming their un-exhalted status. Of course, that didn't stop anyone from throwing spitballs, passing notes, or pulling the pigtails of the girl in front and dipping them into the ink well. My favourite tactic was emptying my fountain pen like a squirt gun at the back of the teacher as she patrolled the aisles, rapping her ruler on each desk (mind your fingers!)."}, {"type": "image", "content": "https://miro.medium.com/max/3858/1*dybu3imvHAWSwhj6oF3L7g.jpeg"}, {"type": "sentence", "content": "During the period 1814-1823, the Spanish artist Francisco de Goya y Lucientes produced drawings and paintings that depicted individuals being persecuted by the Inquisition. The victims wear the long conical cap known as the coroza and the tunic known as the sanbenito, upon which were inscribed the reasons for condemnation and the sentence imposed. Note the dunce cap-like headgear, exactly like that employed for shaming in American and European elementary schools until well into the 20th century."}, {"type": "sentence", "content": "Despite the dubious humour inherent in these vignettes, elementary school was something akin to Dante's Purgatory, an eight-year exercise in guilting and shaming that, if one managed to live long enough, might eventually lead to some kind of reward. In my case, that reward was consignment to the inquisitorial realm of the Christian Brothers where physical punishment, and the intense shame it entailed, took on distinctly homoerotic overtones."}, {"type": "sentence", "content": "Society institutionalizes shame in less than subtle ways. The so-called 'family court' system functions as an instrument for publicly shaming couples who fail to manage their relationships without intervention. These courts are little more than a lawyer's banquet that succeed in bankrupting those who revert to this method of ending a marriage, bankruptcy being yet another form of public shaming."}, {"type": "sentence", "content": "And, of course, there is the almost universal shame inflicted on rape victims."}, {"type": "sentence", "content": "Targeting of Black citizens by racist police shames an entire population for being born into the wrong race. Historically, this institutionalized public shaming has led to genocide. The disproportionate number of Blacks in America's prisons-for-profit network evidences a system that derives monetary value from the degradation of human beings much as chattel slavery once did. Curiously, nobody ever describes the antics of politicians who endorse this hideous system as shameful. Perhaps this is because the conservative white Christian mentality which endorsed slavery in the first place is itself predicated on guilt and its corollary, shame. We're so comfortable with these concepts that we inflict them on whole segments of the population without a second thought. It's practically inscribed in our DNA."}, {"type": "sentence", "content": "Our society has few practical solutions for its most critical problems that don't involve shaming in some tangible form. The appearance of armed officers at one's home for the innocuous purpose of serving a subpoena can trigger public shaming of an entire family, especially the children who are least equipped to deflect fallout from their peers at school or on the playground or in the streets."}, {"type": "sentence", "content": "During his early teen years, one of my sons was mugged by a gang of ruffians at the entrance to a local shopping mall, his wallet stolen. Store staff alerted the police who ushered the boy into the back seat of a police cruiser parked in the very entrance to the mall where his classmates and other teens casually entered and exited, all the while pointing, laughing, and shaming him with accusations of shoplifting, taunting \"Ha, ha...busted!\""}, {"type": "sentence", "content": "Because he was injured in the attack, I was telephoned by the mall staff and arrived to witness police further abusing my son. I was furious at the callousness and stupidity of the officers and gave them a piece of my mind. They didn't give a rat's ass about re-victimizing that only made the boy's suffering more intense, although they could just as easily have taken his statement at another location; like rape, another example of publicly shaming and punishing the victim. He grew up to be a criminal defence attorney who enjoys humiliating the police in court and gets paid handsomely for the effort. Is this the way we create a better society?"}, {"type": "sentence", "content": "When I reached the eighth grade, there was a girl in our class whom the others called \"Tree Trunks.\" Why? Because she had thick ankles and sprouted a forest of dark hair in her underarms that the school uniform blouse simply could not conceal. She also smelled bad."}, {"type": "sentence", "content": "I'm not saying this to shame Tree Trunks but to point out that the nuns did absolutely nothing to shield this girl from abuse or to try and guide her in better grooming. They simply let her be the class whipping post, perhaps to deflect the other children's murderous impulses away from the teacher's favourites or, who knows, for some other reason fathomable only by those called to God's service. It was the worst kind of fat shaming that led to the kind of special bullying that only adolescent girls can inflict on one another."}, {"type": "sentence", "content": "Fast forward to 2020. My partner teaches linguistics in an upscale private academy (kindergarten to grade 12). An eleven-year-old immigrant girl student was shamed and constantly bullied for all the same reasons as Tree Trunks. The girl was heavyset, mature for her age, and not averse to punching out her tormenters. She was often wrongly cited as the aggressor in encounter after encounter and was about to be expelled from the school."}, {"type": "sentence", "content": "Because my partner spoke the girl's native language, she decided to intervene with the parents and run interference with the school. She began tutoring the girl and, through that process, coincidentally taught her how to shave her armpits and use deodorant, style her hair, dress appropriately, adorn herself with cheap but trendy jewelry and, most importantly, to deflect criticism without resorting to violence. From that point forward, the girl began making solid friendships and her academic scores took an upward curve in direct proportion to her self-esteem."}, {"type": "sentence", "content": "Feeling shamed is the self-punishing acknowledgement that something's gone wrong. A person who successfully deflects or ignores attempts at bullying or degrading behaviour directed at them by others avoids experiencing shame. If, however, one feels they cannot match up to the expected standard, no matter how unrealistic, or is locked into a relationship of unequal power with another person or group, shame can be difficult or impossible to avoid. The victim too readily blames himself or herself for the bullying, as if they deserved it. Even Charles Darwin observed that shaming, with the emotions and physical reactions it engendered (body and facial tension, blushing, cowering, hiding, crying, etc.), was universal and found in all cultures."}, {"type": "sentence", "content": "I believe that all creatures can be made to experience shame. Well, maybe not amoebae, but certainly dogs and cats and other higher animals. When our beloved cat developed a benign cyst under the fur of her back, we had it removed by the veterinarian without, of course, consulting the cat. She arrived home from the clinic wearing what people here call a plastic collar isabelina, alluding to the 'ruff' that fashionable people wore during the Elizabethan era. The purpose was to prevent the animal from licking her wound until it healed."}, {"type": "sentence", "content": "The look and demeanour of our cat were of abject misery and shame. The sutured wound didn't seem to bother her in the least but the shameful collar? Her hang-dog behaviour said everything. One day the collar disappeared from her neck and we still haven't been able to find it. She somehow worked it off then hid the instrument of shame in a secret place known only to her and her friend the yellow ducky, and the duck isn't talking."}, {"type": "image", "content": "https://miro.medium.com/max/920/1*L_R58jz32x_5jCBcO5ZGVA.png"}], "topic": "education", "uuid": "4ee771855b9cf26082359060db161c69072da06addee6a123a4eaf5b", "link": "https://medium.com/politically-speaking/the-politics-of-shame-bf8f16cd77ab"}