{"title": "Co-Op Horror With a Pet Gun: Our Interview With Pet Project Games", "data": [{"type": "image", "content": "https://miro.medium.com/max/2400/1*qH__pfS0R_lwqMIlO9SAVw.png"}, {"type": "sentence", "content": "Co-operative games are perhaps part of some of the greatest memories I have when playing with other people. It's fun to stomp other players in some PvP action, but for me, there's a certain satisfaction in achieving a goal as a team. It's even more satisfying when we fail, collectively, because we still somehow manage to have a blast."}, {"type": "sentence", "content": "Back when I started with Left 4 Dead, I couldn't wait to get going with a few friends and experience the game without lousy AI companions - particularly the bits when the game decided to throw us a challenge. Sometimes we would win. Most of the time, we'd lose thanks to someone accidentally being kicked off a high-rise building by a Tank, or by someone casually throwing a Molotov cocktail into a group of zombies - and the rest of the team. Deep Rock Galactic is a recent highlight, and I still come back to it every other weekend to get my fill of co-op shooting fun."}, {"type": "sentence", "content": "These moments of chaos were never-ending sources of entertainment for us, and as a result, I'm always excited to try out new titles that have co-op play as a focus."}, {"type": "sentence", "content": "Enter Pet Project Games and their maiden title, RIPOUT. They're throwing their hat into the ring with a sci-fi horror shooter, which ticks a lot of boxes for me. What also excites me is that they're keen on creating something that defines their title as something more than the other games it rubs shoulders with in the co-op shooter genre. I had the opportunity to ask them a few questions about starting out on their first game and the ideas behind their gameplay design."}, {"type": "sentence", "content": "SUPERJUMPCo-op shooters are always fun, and there's a lot of fun titles out there! What's the inspiration for RIPOUT?"}, {"type": "sentence", "content": "PET PROJECT GAMESThe inspiration for RIPOUT comes from horror movies in the '80s mixed with sci-fi and horror video games from that period, but also later decades. That mostly set the tone for the art style, visuals, and atmosphere of the game. Besides that, the core game is something we always wanted to make - a cooperative shooter for friends to play after a long day, that can also be enjoyed in single-player."}, {"type": "image", "content": "https://miro.medium.com/max/3840/1*m3yVOWiotFtIJGq4HzIUrQ.jpeg"}, {"type": "sentence", "content": "SUPERJUMPI like Deep Rock Galactic because there are pretty much four different ways of playing, depending on which dwarf you pick. Is there a lot of variety in how you can play here?"}, {"type": "sentence", "content": "PET PROJECT GAMESDeep Rock Galactic is a great game and has a lot of interesting features. RIPOUT is a bit different and offers variety in terms of equipment and upgrades that can change both you as a player but the monsters you encounter as well. RIPOUT has a sentient weapon that we call a 'Pet Gun' that can shoot and work as a standard weapon, but you can also release it to attack the enemies. It can then grab stuff from them and bring it back to you so you get various upgrades and changes to how you look and more importantly what can you do as a player. It can attack on its own as a pet, but work as a 'standard' rifle as well, bringing you back useful stuff from the enemies that can upgrade your features and capabilities."}, {"type": "sentence", "content": "SUPERJUMPWith the pet gun, when you're using it will you not be able to attack? I'm not sure how long the little guy will be off harvesting things from the enemy, so does that mean you're unable to shoot for that time?"}, {"type": "sentence", "content": "PET PROJECT GAMESSure, you can attack, using other weapons at your disposal. Some areseen in the teaser as well!"}, {"type": "image", "content": "https://miro.medium.com/max/8192/1*Ft4k2P9pebRK0PBZrw-R3A.jpeg"}, {"type": "sentence", "content": "SUPERJUMPWhat's unique about this game that you don't think you've seen anywhere else?"}, {"type": "sentence", "content": "PET PROJECT GAMESWell, uniqueness comes from all directions in the dark corridors of RIPOUT! Monsters have a couple of tricks up their sleeve so they also can mix and combine. A part of one monster can attach itself to another, or you can shoot one down and it will join with another live monster so the action and variety is there all the time! We do have more unique features but we will be able to reveal more in the following months. As it turns out, there's already plenty to explain to the interested players and media so we want to make sure that everybody understands what kind of game RIPOUT is and maybe not confuse us with some other game or think we are in a different genre."}, {"type": "sentence", "content": "SUPERJUMPIs this more of an action game or more slow and meticulous, like GTFO?"}, {"type": "sentence", "content": "PET PROJECT GAMESGTFO is another great title and co-op shooter game, but RIPOUT is different. It's definitely more action-packed - that doesn't mean you shouldn't discuss with the team what to do next, that's why it's co-op after all, but we want a more fluid and active game style."}, {"type": "sentence", "content": "SUPERJUMPOur publication is also always interested in the choices that developers make with a game's style and atmosphere - are there any environments or enemies you're particularly proud of?"}, {"type": "sentence", "content": "PET PROJECT GAMESI have to say that we are proud of every enemy that we make! They are really interesting creatures with lots of details and their own capabilities. While talking about the environments they are randomly generated for each playthrough so it's new even for us, so that's what we are proud of! It helps that the games are never the same and boring and are fresh for each play session."}, {"type": "image", "content": "https://miro.medium.com/max/2560/1*iS2dvmZmypG6KhHrq32xbg.jpeg"}, {"type": "sentence", "content": "SUPERJUMPHow about the team - it must be weird working on a new release while a pandemic is still rocking the world. Has it changed how you've had to work?"}, {"type": "sentence", "content": "PET PROJECT GAMESWell, we had started at the office sometime in January 2020. And as we all know, just a month or two after that, the Covid-19 pandemic started. We just switched to working from home, but I have to say that it didn't change much. We already had our online tools to keep track of the project, as well as for chat, meetings, and dev talks. As a result, we managed to switch to work from home pretty easily. Of course, it's nice to see people and maybe a bit easier to get quick information when needed, but looking back it didn't impact our deadlines which is the most important thing I guess!"}, {"type": "sentence", "content": "SUPERJUMPThe team is very new - how did people meet? Did they work together on other titles, or did people study with each other on courses?"}, {"type": "sentence", "content": "PET PROJECT GAMESThe team is very new but the members of the team are not! They all have two or three released games in their portfolio and some have been working in the industry for over 15 years."}, {"type": "sentence", "content": "SUPERJUMPFinally, has there been anything that came up in development you haven't expected or might've had to change?"}, {"type": "sentence", "content": "PET PROJECT GAMESA lot of things! It's not that we discover a problem or issue that we need to solve, but mostly we think of other ways to do something, change something, or maybe do something differently. We are constantly testing and it might turn out that an idea needs a little change to be a really great one. Sometimes what we had in mind and thought is cool turns out not to be so intuitive while testing, so those things happen all the time!"}, {"type": "image", "content": "https://miro.medium.com/max/3420/1*SxyFpnAFFsShWjpz8EAbxg.jpeg"}, {"type": "sentence", "content": "SUPERJUMPAnd finally, what's the timeline looking like for news and updates? People are already joining your Discord for news, which is great! When are people likely to expect to see more or even get to play?"}, {"type": "sentence", "content": "PET PROJECT GAMESOur current focus is the release of a trailer for the game in June, but that doesn't mean we will not share more towards the end of May. We may also release stuff here in there in April and May, probably mostly on Discord for our biggest fans, and they can also expect much more, like the possibility to directly influence the game in some ways through their feedback and ideas."}, {"type": "sentence", "content": "You can wishlist RIPOUT on Steam, join the team's Discord for updates, and check out the game's website right now for more information. RIPOUT is scheduled to release in 2022."}], "topic": "gaming", "uuid": "4f867b90ef9d9bada1484c3db410e08915337092a5de203db62304be", "link": "https://superjumpmagazine.com/co-op-horror-with-a-pet-gun-our-interview-with-pet-project-games-507c469aa928"}