{"title": "Hydrogen is the energy for the future but why hasn't it replaced the conventional fuel sources yet", "data": [{"type": "sentence", "content": "Hydrogen is the most abundant element on earth. Hydrogen gas can be harnessed from water or hydrocarbons. Since the supply of these sources is practically infinite hydrogen is an inexhaustible source of energy. Hydrogen is also a very clean source of energy. Combustion of hydrogen produces only water as a byproduct(no carbon dioxide is produced). Hydrogen is a very energy-dense fuel. The calorific value or the energy per kilogram of hydrogen is three times as high as gasoline. Hydrogen may be burned directly as a source of heat or it could be used as fuel in hydrogen fuel cells."}, {"type": "subtitle", "content": "Hydrogen Fuel Cells"}, {"type": "sentence", "content": "The most common use of hydrogen as a fuel is in hydrogen fuel cells. Hydrogen fuel cells convert the chemical energy of hydrogen into heat and electricity and give water as a by-product. Hydrogen fuel cells have a very high efficiency(65%) as compared to conventional energy sources like coal(33%)."}, {"type": "image", "content": "https://miro.medium.com/max/5120/1*Bbbva8_DKB7TUruFWP8C-w.jpeg"}, {"type": "sentence", "content": "The main components of a fuel cell are anode, cathode and electrolyte. Oxygen enters the fuel cell at the cathode and hydrogen fuel is supplied at the anode. The hydrogen atoms lose an electron at the anode to form hydrogen ions. The free electrons at the anode travel through an external circuit to the cathode. This flow of electrons from the anode to the cathode produces an electric current which can be harnessed as a power source. The electrons on reaching the cathode combine with the oxygen atoms to form oxide ions. The oxide ions further pass through the electrolyte to reach the anode and complete the circuit. The oxide ions then combine with the hydrogen ions at the anode to produce water and heat."}, {"type": "sentence", "content": "Hydrogen fuel cells are commonly used for powering Fuel Cell Electric Vehicles(FCEVs). FCEVs are electric vehicles that use the electricity produced by onboard fuel cells for powering their electric motors. Some of the currently available FCEVs include electric cars, buses, and boats."}, {"type": "sentence", "content": "The electricity produced by hydrogen fuel cells may also be used for stationary power generation in a power plant. Hanwha Energy's hydrogen fuel cell power plant at Soesan, South Korea contains 114 fuel cells and is capable of producing enough electricity to power 160,000 homes. Hydrogen fuel cell power plants are ultraclean and have very high efficiencies as compared to conventional coal and natural gas power plants."}, {"type": "subtitle", "content": "Hydrogen directly as a fuel"}, {"type": "sentence", "content": "Hydrogen gas can undergo combustion easily to produce a large amount of heat energy. It can therefore be used as a replacement for natural gas for cooking and heating purposes. Hydrogen is a much cleaner fuel as compared to natural gas as the combustion of hydrogen produces only water vapor as a byproduct."}, {"type": "sentence", "content": "Hydrogen can be used as a fuel in hydrogen internal combustion engine vehicles (HICEVs). HICEVs are vehicles that are equipped with an internal combustion engine (ICE) that is capable of running on hydrogen gas. Hydrogen ICEs work in a manner similar to traditional ICEs and are nothing but modified versions of the conventional petrol, diesel, or gasoline ICEs."}, {"type": "subtitle", "content": "Problems of hydrogen fuel technology"}, {"type": "subtitle", "content": "The production of hydrogen is expensive and inefficient"}, {"type": "sentence", "content": "Hydrogen can be produced through the electrolysis of water. During electrolysis, electricity is passed through water splitting the water molecules into hydrogen and oxygen."}, {"type": "image", "content": "https://miro.medium.com/max/3802/1*WHFRWzazoROu72ilWH4qcg.jpeg"}, {"type": "sentence", "content": "Production of hydrogen from water through electrolysis requires a continuous supply of electricity making the process very energy expensive. The best water electrolysis techniques today yield an effective electrical efficiency of 70-80%. That is, 100kWh of electricity is required to produce the amount of hydrogen that has an energy content of 70-80 kWh. Even though this method of hydrogen production appears to have zero carbon emissions that is not the case. This is because the electricity that is used for electrolysis often comes from power plants that run on coal or natural gas and emit carbon dioxide and other pollutants."}, {"type": "sentence", "content": "Hydrogen can also be produced from the steam reforming of hydrocarbons like natural gas. Natural gas primarily contains methane. During steam reforming, the methane in the natural gas reacts with water at a high temperature to produce hydrogen gas."}, {"type": "image", "content": "https://miro.medium.com/max/2024/1*cNMKj6LibY3t-XcBzyoMHg.jpeg"}, {"type": "sentence", "content": "Production of hydrogen from hydrocarbons through steam forming involves the use of expensive metals like platinum as catalysts. Steam reforming of natural gas is only 65-75% efficient. That is, the energy content of the hydrogen produced is less than the energy content of the original fuel. Steam forming produces greenhouse gases like carbon dioxide and carbon monoxide as byproducts."}, {"type": "sentence", "content": "Hydrogen fuel is unsafe: Hydrogen has a very low auto-ignition temperature and a very high flammability range( hydrogen to air ratio of 4% to 75%). In other words, hydrogen catches fire spontaneously (without a spark) at a lower temperature as compared to conventional fuels. Hydrogen gas is odorless and colorless. As a result, it is impossible to detect a leak manually. Hydrogen storage units require specialized sensors for leak detection. Hydrogen gas burns with a blue flame which is invisible in daylight. These properties make the handling of hydrogen very unsafe."}, {"type": "sentence", "content": "Storage and transportation of hydrogen is expensive: Hydrogen gas has a very low density at ambient conditions. In other words, a large volume is required to store even a small mass of hydrogen. As a result, the energy density(energy per unit volume) of hydrogen at ambient conditions is also very low. At a given temperature and pressure, the energy to volume ratio of hydrogen gas is much lower than natural gas. In order to use hydrogen gas as a fuel, its energy density needs to be increased. To increase the density of hydrogen gas it needs to be stored at high pressure. Hydrogen is the simplest element in the universe with only one proton and one electron. Hydrogen gas molecules are really small and can easily diffuse through the walls of containers. It is difficult to store hydrogen at high pressures as the rate of diffusion of hydrogen gas from the storage tank into the atmosphere increases with increasing pressure. As a result, the storage of hydrogen is a huge challenge. High-pressure storage of hydrogen requires very low temperatures and reinforced heavy-duty tanks. The low temperature slows down the movement of hydrogen molecules. The low temperatures combined with reinforced tanks make the high-pressure storage and transportation of hydrogen gas possible. However, these also make the storage and transportation of hydrogen fuel very expensive."}, {"type": "sentence", "content": "Due to all these disadvantages, the practical efficiency of hydrogen fuel is much lower than conventional fuels."}, {"type": "sentence", "content": "In spite of all these disadvantages, it is worthwhile to invest in hydrogen fuel technology. Hydrogen is still one of the cleanest fuels available."}, {"type": "sentence", "content": "Most of the electricity currently used for the electrolysis of water in hydrogen production plants comes from coal and natural gas power plants. Replacing this with electricity produced by wind mill farms and solar power farms can make hydrogen production cheaper, cleaner and sustainable."}, {"type": "sentence", "content": "Hydrogen is produced as a waste in the processing of many hydrocarbons. This waste hydrogen is usually burnt off. This hydrogen can be utilised for power generation in a hydrogen fuel cell power plant. Etablising hydrogen fuel cell power plants close to hydrocarbon prossessing plants can help lower the cost of power generation."}, {"type": "sentence", "content": "The cost of hydrogen transport can be significantly reduced by establishing pipelines that are capable of transporting hydrogen over large distances. Transporting hydrogen through pipelines is easier and much more efficient than using bulky tanks."}, {"type": "sentence", "content": "Hydrogen fuel technology is still in its infancy and there is a lot of scope for improvement. The development of clean, cheap and efficient production techniques, storage and transportation technologies will help hydrogen fuel become a long-term replacement to conventional fuel sources."}], "topic": "science", "uuid": "502ada175e60c8c338d27bf0ca0836d69f7fb106eabaa737900d9b45", "link": "https://vishnu-vkumar.medium.com/why-hydrogen-fuel-has-failed-to-replace-the-conventional-fuel-sources-3e6249f96a74"}