{"title": "4 Ways To Scale A Freelance Writing Business", "data": [{"type": "image", "content": "https://miro.medium.com/max/1440/0*OTHK7lD6lLHvUHPS.jpg"}, {"type": "sentence", "content": "Most freelance writers, particularly during the early years, are interested in growing their businesses."}, {"type": "sentence", "content": "However, freelance writing is a brain-intensive process. There are only so many hours in the week and so much brainpower and focused writing-time at our disposal. Many freelance writers therefore grapple with how to scale and increase their income."}, {"type": "sentence", "content": "There are a few commonly suggested ways to do this. To date, I've only done the first and second - I've slowly but steadily increased my rates over the years while moving towards a retainer-based pricing model."}, {"type": "sentence", "content": "But I know other freelance writers in my network who have opted for the other approaches listed here, including the outsourcing model."}, {"type": "sentence", "content": "As with most articles shared on this Medium publication, this is almost certainly not an exclusive list and reflects only the opinions of one freelance writer - namely this one."}, {"type": "subtitle", "content": "Increase Your Rates"}, {"type": "sentence", "content": "The most straightforward way to scale your income as a freelance writer is to simply charge more for your services. If you earn $100 for a blog post, and only write blog posts for a living, then raising your rate to $150 can increase your income by 50%."}, {"type": "sentence", "content": "Most freelance writers gradually increase their rates over time as they accrue both writing experience and experience in the art (and craft) of running a freelance writing business."}, {"type": "sentence", "content": "If you're interested in learning about the pros and cons of the various ways in which you can charge for freelance writing services, there are plenty of resources on this Medium publication."}, {"type": "subtitle", "content": "Widen Out Your Service Offering"}, {"type": "sentence", "content": "Another option is to scale horizontally: offer add-ons to your core service offering as a freelance writer. This is also a great way to make freelance writing a more varied career and increase the value that you offer your clients."}, {"type": "sentence", "content": "If you're currently only offering writing services but have other skillsets that you're not tapping, you could add those to your core service offering."}, {"type": "sentence", "content": "I've seen freelance writers who also offer:"}, {"type": "sentence", "content": "All the above - and others - can be great complements to a service offering built around a core of freelance writing."}, {"type": "subtitle", "content": "Outsource"}, {"type": "sentence", "content": "Another popular model for scaling up a freelance writing business is to begin outsourcing work to other writers. One of my writing friends recommends beginning with the 70% model - paying writers 70% while you take 30% for bringing in the work and managing the workflow."}, {"type": "sentence", "content": "I've never used this model myself so I don't have firsthand experience to contribute. If you have used outsourcing to grow, then consider sending in a post outlining how this has worked out for you."}, {"type": "subtitle", "content": "Hire A Virtual Assistant (VA)"}, {"type": "sentence", "content": "One of the major drains on my time, as a freelance writer, is engaging in sales and marketing as well as all the admin work that goes into making freelance working work."}, {"type": "sentence", "content": "Sending over portfolio samples. Talking to leads. Reviewing and signing contracts. Preparing monthly invoices."}, {"type": "sentence", "content": "As your freelance writing business begins to scale, this kind of activity can quickly start to bog down your time. If that's happening, and you have some budget to spare, then turning to virtual assistants (VAs) can be a great way to remove this hassle from your life."}, {"type": "sentence", "content": "Why is this a path to scaling? It's essentially outsourcing - but the stuff that fits around the writing rather than the writing itself."}, {"type": "sentence", "content": "Have some other ideas about ways to scale a freelance writing business? Leave a comment - or consider sending in an article."}], "topic": "freelancing", "uuid": "539e88240042f620e0bd38bc0fdc3a5ee743a69459a11647af3007cb", "link": "https://medium.com/freelance-writing/4-ways-to-scale-a-freelance-writing-business-53752a1dad4a"}