{"title": "3 Killer Alternatives To Pandas For Pythonic DataFrames", "data": [{"type": "sentence", "content": "It is likely that most Pythonic Data Scientists are familiar with Pandas Dataframes. Pandas is an industry standard Python module that many Data Scientists have called their go-to over the years. That being said, the Python ecosystem is absolutely massive with over 300,000 packages currently registered to PyPi. With that in mind, it is easy to see why there might be other modules with different capabilities that can be used as an alternative to Pandas. Of course, the idea of tackling Pandas is somewhat difficult to swallow, because Pandas is the industry standard and is unlikely to be dethroned as that anytime soon. However, a lot of these packages bring some alternative functionality and performance benefits to the table that might make them great choices for certain projects!"}, {"type": "subtitle", "content": "Dask"}, {"type": "sentence", "content": "Dask is a module that is very well-used in the Python world. The module is a valuable asset because Python was never built with parallel computing in mind, and Dask acts almost as a buffer between the language and parallel computing that can sometimes be challenging in a language that was not necessarily built with the concept in mind. Not only is the Dask module itself pretty fantastic, but it also comes with a Dataframe type that works extremely well with Dask code and parallel computing in general."}, {"type": "sentence", "content": "What really sets Dask apart in this regard is that often you can forget that you are not using Pandas. Dask seeks to mimic Pandas in many aspects, and that results in a very easy way to take advantage of parallel computing. Just looking at the code differences between the two Dataframes really shows how this is put into action. The only thing that really changes between the two is the importing of the Dataframe:"}, {"type": "sentence", "content": "The function calls are also identical, making using Dask virtually exactly the same as using Pandas. Using these DataFrames can create a huge boost in your interpretation times, which can certainly be valuable when working with a lot of data. If not for the Dataframe module that comes with it, the Dask module is most certainly worth getting familiar with to work with parallel computing. Parallel computing is going to be the future, and getting familiar with it is certainly going to be a valuable asset for a Data Scientist!"}, {"type": "subtitle", "content": "Vaex"}, {"type": "sentence", "content": "Another cool tool that I think really defines the term \" alternative to Pandas\" is Vaex. I believe this because there is a key difference between Vaex and the other tools on this list, as Vaex is very equivalent to Pandas. Furthermore, the module has its own unique calls with similar performance to Pandas in some regions, and worse performance than Pandas in other regions. Vaex primarly excels in merging/joining operations, but falls a little short of Pandas when it comes to sorting and grouping. The syntax of Vaex is also likely not to be something that you are used to, with some of the syntax remaining mostly the same, such as groupby(), but then some name changes such as merge() being renamed to join()."}, {"type": "sentence", "content": "Though I think Vaex is a cool package, I do not typically recommend it. It does not really offer too many enhancements over the Pandas package, it is going to be much more difficult to find help for when you do get stuck, and has a unique naming scheme that might make it difficult for one to switch between the two. Take a look at some of the syntax differences between the two:"}, {"type": "subtitle", "content": "PySpark"}, {"type": "sentence", "content": "It is no secret that Spark has been a staple of the Data Science world for some time now. This is for good reason, as Spark is a lot better at handling big-data than Python will ever be, and even the interface for Spark from Python, PySpark, seems to follow this trend. The reason that you might want to use PySpark over Pandas is most certainly going to be performance. PySpark even has legs up in performance when compared to Dask. However, a key disadvantage of PySpark against solutions like Dask is that PySpark was not born from the Python ecosystem, and thus, does not follow typical Pythonic conventions."}, {"type": "sentence", "content": "There are going to be a lot of key differences between using PySpark and Pandas or Dask. Of course, if you have only worked in Python, there is a chance of these differences getting in the way. Another difference is that you will need to build a Spark session in order to use PySpark in the first place. This is another one I would recommend, because it does provide some great benefits, and learning PySpark is also essential for a lot of Data Science employment."}, {"type": "sentence", "content": "Fortunately, you do not have to have Spark or Scala installed in order to start a Spark session. This is because the PySpark module comes pre-packaged with all that you need to get a Spark session created. This is incredibly convenient in my opinion, because the installation of Spark and Scala can be rather lengthy and exhausting on many Unix-like operating systems..."}, {"type": "sentence", "content": "Now we can read in some data and show it like so with PySpark:"}, {"type": "sentence", "content": "We can also take advantage of Hadoop and Spark together to create some pretty amazing results that are faster than most typical Python versions of the same algorithms. This is a great way to get speed and worker management in Python without very much effort at all, and if you do not use PySpark yet, I would most certainly recommend giving it a try. Likewise, Spark is also available in R, so Python users that might have an R-preference can use the language as an application programming interface for the speed of Spark!"}, {"type": "subtitle", "content": "Conclusion"}, {"type": "sentence", "content": "It is very easy to get into a rut with programming and scientific computing when it feels like you know all there is to know. Fortunately, there is always something new to learn, and simple concepts like Dataframes can quickly explode into a whole new world of exploration and understanding. Not only that, but there are numerous benefits to exploring these different modules, because many have significant benefits over others! Thank you for reading, and I hope this article is encouraging to take a look around and see what great is available in the fantastic world of Python!"}], "topic": "data-science", "uuid": "545d890a738cbb30feb0a0f2e9ac96c96fe61e040ff71939a23881fa", "link": "https://medium.com/chifi-media/3-killer-alternatives-to-pandas-for-pythonic-dataframes-80e5a3affc6d"}