{"title": "An Easy Way to Deliver Bad News in Writing", "data": [{"type": "image", "content": "https://miro.medium.com/max/3840/1*j9C-CFABbS9T8DEwq3jyMQ.jpeg"}, {"type": "sentence", "content": "In business, we are often called upon to write \"bad news\" letters when we are declining or denying something. We could be denying a request for a refund, waiver of a penalty, an application, a proposal, or anything else that requires us to apply policies or procedures that result in a decline or denial."}, {"type": "sentence", "content": "Before starting my business, I worked in financial services and specialized in insurance and employee benefit plans, which often require us to write these types of letters. No matter how we write it, the recipient will not be happy. No one enjoys receiving this type of message, and nothing we do can make them happy with the news. Instead, we want to craft our letter to logically take them through the decision-making process so that they understand why no other decision could have been made. Will they be happy? No. But they will understand."}, {"type": "subtitle", "content": "The format has 5 parts: Set up, Context, the Bad News, Alternatives, and Closure."}, {"type": "image", "content": "https://miro.medium.com/max/2560/1*ZQohqt7FridM3Kt0wSDwAQ.jpeg"}, {"type": "subtitle", "content": "Set-Up"}, {"type": "sentence", "content": "This is the first paragraph. We state why we are writing and remind them of the request they made or the situation that makes the communication necessary."}, {"type": "sentence", "content": "Example: We are writing in response to a request for a waiver of the late payment penalty applied to your property tax for 2020."}, {"type": "subtitle", "content": "Context"}, {"type": "sentence", "content": "This is a two-part section."}, {"type": "sentence", "content": "Part 1: The first part is a summary of everything the person sent to us to defend their request. Our goal is to remind them of the documentation they provided and to assure them that it was thoroughly reviewed."}, {"type": "sentence", "content": "Example: According to your request, the property tax was not paid because the Property Tax Notice was not received until April 15, 2020, which is after the deadline for avoiding a late-payment penalty."}, {"type": "sentence", "content": "Part 2: In this section, we explain the rules, regulations, policies, procedures, and so on that were used to reach the decision. These may be organizational, local, state, federal, contractual, and so on."}, {"type": "sentence", "content": "Example: Property Tax Notices are mailed out during the first week of May and November, and payment must be received by our office within 30 days of the date on the notice. The tax payment in question was due May 31; however, according to our records, we received the payment in our office on June 30."}, {"type": "sentence", "content": "Property Tax Notices are sent out to the property address noted on the land title. Even if the address is incorrect on title, and the Property Tax Notice is not received, the property owner is still liable to pay the Property Taxes on time."}, {"type": "subtitle", "content": "The bad news"}, {"type": "sentence", "content": "This is brief and to-the-point."}, {"type": "sentence", "content": "Example: Since the payment was received after the deadline, a penalty of 10% of the amount owed was assessed, and no waiver can be granted."}, {"type": "subtitle", "content": "Alternatives"}, {"type": "sentence", "content": "This is where we drop in any boilerplate language about an appeal process that may be required since some businesses and industries have mandated appeal language."}, {"type": "sentence", "content": "If no mandated language is necessary, we want to offer the recipient the opportunity to submit any additional information that might affect the decision. Since we described everything they previously submitted in the Context section, they know if anything else might be appropriate."}, {"type": "sentence", "content": "Example: If there is any information that might affect this decision, please sent it by [date]."}, {"type": "subtitle", "content": "Closure"}, {"type": "sentence", "content": "It's best to have a signature box default with at least our name, title, and contact information. However, departmental guidelines or the nature of our business may require more anonymity."}, {"type": "sentence", "content": "Example: Name, title, [email, phone, etc.]"}, {"type": "subtitle", "content": "Guidelines"}, {"type": "sentence", "content": "The tone and style of these letters should be more formal and authoritative than other types of documents. We can accomplish this by using longer, more compound-complex sentences, passive voice, and the first-person plural pronoun - \"we, are, us.\" This pronoun is the \"royal we\" and carries the weight of the entire organization. It's our review, our policies, our decision, and so on."}, {"type": "subtitle", "content": "What to avoid"}, {"type": "sentence", "content": "Also, we want to limit the use of the second-person pronoun, \"you,\" which can be a highly inflammatory pronoun. Generally, it is used lavishly when delivering good news and sparingly when delivering bad news. The more we use the second-person pronoun, the more the recipient feels as if they are being pummeled. It can come across as accusatory and will make the person even angrier."}, {"type": "sentence", "content": "No one likes writing these types of letters; no one likes receiving them, but the formula can make it easier to create them and can help the recipient better understand the reasons for the them. It also provides a script we can refer to when responding to them by phone when that becomes necessary."}], "topic": "freelancing", "uuid": "585712f60db07f750839d0464abb57222d77a247a1b304edc047c2c8", "link": "https://writingcooperative.com/an-easy-way-to-deliver-bad-news-in-writing-e5c46154671d"}