{"title": "Make Your Dang Bed", "data": [{"type": "image", "content": "https://miro.medium.com/max/11420/0*Kvuwy22w7Xltpb7j"}, {"type": "sentence", "content": "I spent years in adamant refusal of making my bed. I don't really know what changed to be honest. But one day I did it."}, {"type": "sentence", "content": "And I noticed I liked it."}, {"type": "sentence", "content": "And the next day I did it again."}, {"type": "sentence", "content": "And then I didn't do it for about a week."}, {"type": "sentence", "content": "But then I remembered that feeling when I had made it, and I did it again."}, {"type": "sentence", "content": "Over time it became a habit. And it's still not perfect. There are times when I forget. But most of the time I now make my bed and I wish I had started this habit earlier."}, {"type": "sentence", "content": "When I do, it makes me feel better every time I walk in my room."}, {"type": "subtitle", "content": "It's All About Focal Points"}, {"type": "sentence", "content": "Making my bed makes me feel more put together every time I walk in my room. I've come to realize this is because the bed is the focal point. It's the biggest piece of furniture in a bedroom and it's typically the first thing you see when you walk in."}, {"type": "sentence", "content": "You're much less likely to notice an untidy shelf in the corner when the bed is made. But, when the bed is also untidy, the whole room looks messy."}, {"type": "sentence", "content": "You know when someone is wearing a very lavish necklace? It's a statement piece. It's the first thing you notice. Sometimes it's so striking that you don't even notice the dress the person is wearing."}, {"type": "sentence", "content": "Focal points are what first catch your eye. They are the most prominent thing in the room or in your mind. And looking at them when they are clean will make you feel so much more put together."}, {"type": "sentence", "content": "The cool thing is- this concept doesn't just apply to bedrooms."}, {"type": "subtitle", "content": "How to Apply This to Other Areas of Your Life"}, {"type": "sentence", "content": "My desk is in my bedroom which means that making my bed also makes me feel like my \"office\" is organized. But, if yours isn't, make sure your desk is cleared off every night before you go to bed or tidying it is the first thing you do in the morning."}, {"type": "sentence", "content": "In the living room, keep your couch cleaned off."}, {"type": "sentence", "content": "In your dining room, keep the table wiped down."}, {"type": "sentence", "content": "In the kitchen, make sure the stove looks good."}, {"type": "sentence", "content": "By focusing on the focal point you can change your entire perception of your space. The whole space might not be perfectly tidy but you will feel as though it's much more put together than you would if the focal point were messy too."}, {"type": "sentence", "content": "This could be your to do list, or just the excel spreadsheet you work with each day. Don't end the night without cleaning it up and crossing things off. Make your life easier the next morning."}, {"type": "sentence", "content": "Prepare for future you."}, {"type": "sentence", "content": "If walking each day helps keep you sane, don't neglect that. If it's reading, don't neglect that. Yoga? Do that too. Journaling? Keep it up. This mental health habit is like your mental health focal point. Keep it clean, keep it tidy, keep it loved, and you will feel more put together even if your mental health as a whole isn't perfect."}, {"type": "sentence", "content": "This is mental focal point is just as important as keeping the focal point of each room clean."}, {"type": "sentence", "content": "What is the focal point of your to do list? What is the task that will help you sleep better if you get it done sooner? Focus on that. That is your focal point."}, {"type": "sentence", "content": "Don't go to sleep until its done, or give yourself a reward when you're done. Yesterday, I was almost done with an assignment but starting to get distracted and I wanted to go eat lunch. So instead of going to eat lunch and finish it later, I told myself I could eat lunch as soon as it was done and then take a nice, long break."}, {"type": "sentence", "content": "That's not to say to deprive yourself of food so you can keep working, but putting all of my energy into working for another 20 minutes to cross something off of my list felt great."}, {"type": "subtitle", "content": "The Takeaway"}, {"type": "sentence", "content": "Look at the largest item in the room, the biggest task on your plate, or your most important habit to complete each day and do them. These are your focal points."}, {"type": "sentence", "content": "They stabilize and provide balance to your space and to your mind."}, {"type": "sentence", "content": "It's not easy to get into a habit."}, {"type": "sentence", "content": "If you don't regularly make your bed right now, it likely won't start immediately happening every day. The important thing is that once you forget you don't give in to the failure. Instead, you promise yourself the next day you'll do it."}, {"type": "sentence", "content": "It's like eating a brownie and saying that your whole diet is down the drain so there's no point in eating healthy ever again."}, {"type": "sentence", "content": "Just work on doing better the next day."}, {"type": "sentence", "content": "For me, making my bed is now the very first thing I do after using the restroom in the morning. I don't make it perfectly, but I throw up the covers and fix the pillow presentation. It probably takes me less than a minute at this point."}, {"type": "sentence", "content": "If one minute could change how you feel every time you walk in your room for a full 12 hours, wouldn't you take that opportunity?"}], "topic": "productivity", "uuid": "59df0c3df314ff3fad26b5c8f7b2bf56e406bb0a40fa6a01aad41d5f", "link": "https://medium.com/living-out-loud/make-your-dang-bed-21244dae24c8"}