{"title": "The Girl in The Green Dress", "data": [{"type": "sentence", "content": "I rolled into town, having spent the week down state, happy for the start of another weekend."}, {"type": "sentence", "content": "Just as I arrived the fog off the lake grew thicker and thicker, snaking its ghostly tendrils through the small northern town."}, {"type": "sentence", "content": "I was glad for the fog. It might make for some good photos later, especially near the water. But first I had to make my way out to the woods to see an unusual friend."}, {"type": "sentence", "content": "It'd been a few weeks since I'd seen her, but I didn't relish the thought of hiking on an empty stomach so I entered the little cafe on the outskirts of town."}, {"type": "sentence", "content": "I was sitting down when I realized the cafe was far more crowded than normal. It was filled with large men wearing bright orange and yellow uniforms. I pegged them as loggers or construction workers."}, {"type": "sentence", "content": "\"That's crazy Sam,\" the proprietor said from behind the counter."}, {"type": "sentence", "content": "\"I swear. We all saw it.\""}, {"type": "sentence", "content": "\"And a woman did all this?\""}, {"type": "sentence", "content": "That intrigued me. I knew of a woman who could cause trouble for a group of loggers."}, {"type": "sentence", "content": "\"What happened?\" I asked, fumbling for my press pass, \"I'm a reporter. Well sort of.\""}, {"type": "sentence", "content": "\"Some crazy lady attacked us out in the woods.\""}, {"type": "sentence", "content": "\"What? How did she force all of you out of the forest?\""}, {"type": "sentence", "content": "\"It was insane. Some lady in a green dress wandered into our work site. We stopped the equipment to get her out and that's when things started happening.\""}, {"type": "sentence", "content": "\"Like what?\""}, {"type": "sentence", "content": "\"A rainstorm appeared from nowhere. One second it was sunny, the next it was a hurricane. It rained so hard that our equipment started sinking into the mud.\""}, {"type": "sentence", "content": "\"Sounds more like a coincidence.\""}, {"type": "sentence", "content": "\"You don't understand. She's a witch.\""}, {"type": "sentence", "content": "\"Because she has good timing?\""}, {"type": "sentence", "content": "\"It wasn't just the rain. Her eyes were glowing and her voice echoed through the forest. It was spooky. Once we started getting out of the trucks they'd get covered in plants.\""}, {"type": "sentence", "content": "\"In plants?\""}, {"type": "sentence", "content": "\"Grass and wildflowers. She'd put her hand on the truck and the whole thing would be consumed by the forest floor.\""}, {"type": "sentence", "content": "\"What happened next?\""}, {"type": "sentence", "content": "\"She told us to get out and never come back. That the forest belonged to her.\""}, {"type": "sentence", "content": "\"And did you listen?\""}, {"type": "sentence", "content": "\"Not at first. We tried to call the rangers. But she only got madder. Then dozens of wolves chased us into town. And now this fog is coming in. I bet she's getting ready to attack again.\""}, {"type": "sentence", "content": "\"You realize how all this sounds right?\""}, {"type": "sentence", "content": "\"I know. But there are 15 of us. We all saw it.\""}, {"type": "sentence", "content": "\"Did you get any pictures or video?\""}, {"type": "sentence", "content": "\"No, but the trucks are all still there covered in flowers. I can't believe I'm saying this.\""}, {"type": "sentence", "content": "\"I'm going to have a look.\""}, {"type": "sentence", "content": "\"I wouldn't go out there.\""}, {"type": "sentence", "content": "\"Don't worry if I see a woman with glowing eyes I'll run.\""}, {"type": "sentence", "content": "\"It might not be as crazy as it sounds,\" one of the older customers said, \"There's been sightings of a woman in the woods for years. They saw she's some kind of spirit or woods witch.\""}, {"type": "sentence", "content": "\"Okay everyone,\" I said, \"This was clearly some kind of prank. It was probably some environmental group. I doubt the logging was legal.\""}, {"type": "sentence", "content": "The leader of the loggers was silent."}, {"type": "sentence", "content": "\"That's what I thought. I'm going to see for myself.\""}, {"type": "sentence", "content": "In reality, I knew that everything they were saying was true, at least partially. Except it wasn't a witch they pissed off but an ancient forest god. If she wanted she could have tossed them all into Lake Huron."}, {"type": "sentence", "content": "I jogged out along the trails."}, {"type": "sentence", "content": "It took a couple hours to find the hidden path to Tara's glen."}, {"type": "sentence", "content": "I found the forest spirit crying in the meadow."}, {"type": "sentence", "content": "\"Jack?\" she said when she sense me coming near."}, {"type": "sentence", "content": "\"Tara what happened?\""}, {"type": "sentence", "content": "\"It was awful they were cutting into the forest. They weren't supposed to be there.\""}, {"type": "sentence", "content": "\"So you attacked them?\""}, {"type": "sentence", "content": "\"I had to stop them. I should have just swallowed them all. They'd think the forest was haunted.\""}, {"type": "sentence", "content": "\"Year but the logging company would want to investigate. And they'd be search and rescue everywhere. Those operations are huge now.\""}, {"type": "sentence", "content": "\"I couldn't just let them keep going.\""}, {"type": "sentence", "content": "\"We could have found a way to stop them. You didn't need to expose yourself.\""}, {"type": "sentence", "content": "There was a flash of anger on her face, \"Do you presume to tell me what to do mortal?\""}, {"type": "sentence", "content": "I stepped back, sometimes I forgot she was a powerful deity."}, {"type": "sentence", "content": "\"I'm sorry I'm just trying to help.\""}, {"type": "sentence", "content": "Her face softened, \"I'm sorry. I know. I revealed myself. They will come for me now.\""}, {"type": "sentence", "content": "\"We can stop it. I can pretend to run a story about an eco terrorist group attacking illegal loggers. No one will come out here.\""}, {"type": "sentence", "content": "\"Oh I'm not worried about humans. If they invade my home again I'll scatter them to the four winds.\""}, {"type": "sentence", "content": "\"Who are you worried about?\""}, {"type": "sentence", "content": "\"Things talk when the ancient ones show ourselves. It's an event. I'm not scared that humans will come for me. I'm worried other gods will.\""}], "topic": "fiction", "uuid": "5dce03f14d5af9e725a64eb2c4685ae0cd28a07f74131075ca337cad", "link": "https://medium.com/the-inkwell/the-girl-in-the-green-dress-3f8a26b1d1b2"}