{"title": "The 'Pyramid of Hate' that Brought Down Basecamp", "data": [{"type": "image", "content": "https://miro.medium.com/max/4928/1*bBlceNanX5EN2J2C8zXpKQ.png"}, {"type": "sentence", "content": "Earlier this week, I wrote a response to tech company Basecamp's decision to ban political speech in the workplace. That same evening, Casey Newton published an article for The Verge that shed some light on the events that apparently prompted this announcement. As Newton's article explains, the political discussions taking place at Basecamp largely focused on the internal culture of the company itself - not conversations about the outside world brought into work, as many were led to believe by the company's original statement. Newton writes,"}, {"type": "sentence", "content": "Among the sensitive topics of discussion was a list called \"Best Names Ever\" that had been compiled and maintained by Basecamp workers over the past decade. This was a list of customer names that various workers had found funny for some reason or another. According to Newton, many of these names were American or European in origin, however others were obviously Asian or African. Eventually, employees began to express their discomfort with the list, and the company began holding discussions about how to hold those who had allowed it to circulate for so long accountable."}, {"type": "sentence", "content": "On April 13, two employees who had contributed to the list in the past issued an apology using Basecamp's internal employee chat, hosted on the remote workplace collaboration software that Basecamp itself builds and distributes. This apology, Newton explains, included a link to the so-called \"Pyramid of Hate\"-an illustration produced by the Anti-Defamation League that shows \"how the most extreme acts of extremist violence are enabled by a foundation of biased attitudes and acts of bias.\""}, {"type": "sentence", "content": "On the lowest level of the Pyramid of Hate are \"acts of bias,\" defined as jokes, stereotypes, non-inclusive language, and other comparatively minor insensitivities (often dubbed \"microaggressions\"). Higher up on the pyramid are structural and legal forms of discrimination, bias-motivated acts of violence, and finally, at the most extreme level, genocide."}, {"type": "sentence", "content": "Apparently, the founders of Basecamp took great offense to this graphic being brought into the discussion. Newton writes,"}, {"type": "sentence", "content": "In response to Newton's article, Hansson issued a lengthy blog post in which he recounted the back-and-forth that took place over the company chat, spurring multiple reports to HR. \"I was dismayed to see the argument advanced in text and graphics on [Employee 1's] post that this list should be considered part of a regime that eventually could lead to genocide,\" Hansson wrote to his employees. \"That's just not an appropriate or proportionate comparison to draw.\""}, {"type": "sentence", "content": "When several of Hansson's employees attempted to explain the diagram again, he responded:"}, {"type": "sentence", "content": "Hansson's comments are revealing. Most notably, they reveal that he doesn't seem to actually understand the purpose or the content of the diagram in question. The purpose of the \"Pyramid of Hate\" is not to suggest that racist jokes and callous insensitivities are \"part of a regime that eventually could lead to genocide,\" nor does it \"equate\" making fun of names with genocide. The purpose of the graphic is to demonstrate that hate crimes and structural racism don't happen in a vacuum. They happen within a society in which a foundation has been laid that makes them possible. It's not a slippery slope; it's an architectural metaphor in which the higher levels depend upon the support they receive from the lower levels. Like all metaphors, the \"Pyramid of Hate\" is not perfect. But it does a reasonably good job of illustrating how seemingly isolated attitudes and behaviors can serve as part of a foundation that makes more overt forms of violence possible."}, {"type": "sentence", "content": "Hansson's second error is the projection of \"catastrophizing\" onto his employees when it is he himself who is catastrophizing. Instead of seeing a diagram in which the higher levels are dependent upon lower, obviously less extreme levels, Hansson chose to see a graphic in which the behaviors that had become normalized at Basecamp were being equated with genocide. It is this defensive misconstrual of the actual meaning of the diagram which is tantamount to an \"escalation\" of emotion and hurt feelings-not the use of the diagram in the first place."}, {"type": "sentence", "content": "For all the valid criticism that has been lobbed at Robin DiAngelo's work around white fragility, some of her concepts are of use here, especially the \"good/bad binary.\" The \"good/bad binary\" is the internal script that makes us say, \"Racism is bad, I'm not bad, therefore I'm not a racist!\" The problem with this all-or-nothing thinking is that it undermines our ability to process nuance. The emotional attachment we feel to perceiving ourselves (or being perceived by others) as \"good\" makes it more difficult to accept information that complicates that \"good\" image."}, {"type": "sentence", "content": "In reality, people are complicated. Sometimes \"good\" people hold biases or attitudes that help reinforce negative, even violent systems. When that happens, it's up to us to make good on our \"good\" self-image by holding ourselves accountable to those around us."}, {"type": "sentence", "content": "In the conclusion of his blog post, Hansson writes,"}, {"type": "sentence", "content": "Indeed, judging from the accounts of the many employees who have now gone on record about this issue, the \"debates\" that have been happening at Basecamp are precisely the kinds of conversations that happen when you have a diverse workforce. Different issues affect different people differently, and being able to speak freely about those differences is the hallmark of a healthy culture. But by framing these discussions as \"acrimonious debates\" rather than \"challenging conversations,\" Hansson has positioned himself not as a peacemaker, but as a tyrant hell-bent on taking his toys and going home; shutting down discussions rather than holding space for growth and discovery."}, {"type": "sentence", "content": "If Hansson and Fried had been able to tolerate the dissenting opinions of their own employees, they might have been in for a difficult few weeks or months, but the long-term benefit of cultivating an atmosphere of trust would have been invaluable. Instead, they decided to make their tantrum international news. In doing so, they have all but dismantled the positive reputation they spent more than a decade carefully crafting."}], "topic": "business", "uuid": "5e07abbaac0e3585b3ea74f47ca7c15fb7866e40c60d68a38185e70e", "link": "https://marker.medium.com/the-pyramid-of-hate-that-brought-down-basecamp-838b63ca27e"}