{"title": "This Is Pretty Cringe", "data": [{"type": "image", "content": "https://miro.medium.com/max/6432/1*MVHVOvDEIh2tmKMsl1Dvmw.jpeg"}, {"type": "sentence", "content": "Halfway through a number entitled \"Beautiful Girl\" from Singin' In The Rain, the song-and-dance breaks down into a fashion-show-slash-infomercial during which the announcer rattles off a few rhyming epigrams describing the chorus girls' attire. One of the models appears wearing a sporty minidress and holding a racket behind her head, while the disembodied voice croons, \"Anyone for tennis? Well, this will make them cringe!\" I, personally, cringe at the twitching limbs that suggest the actress has been holding the pose a little too long for comfort, but I'm guessing that's not what the announcer is referring to."}, {"type": "sentence", "content": "It's jarring, since cringe is such an unremarkable word in the 21st-century idiom, its meaning so unambiguous. \"To experience an involuntary inward shiver of embarrassment, awkwardness, disgust, etc.,\" as The Oxford English Dictionary puts it. There is also the noun, which denotes that spasmodic movement, or by extension the source of the embarrassment. But in the lyrics to \"Beautiful Girl\", cringe seems to be used to a positive effect. The OED lists out a handful of alternative interpretations of the word, but none really fit the bill; the best bet, I think, is the sense \"To show servile deference to a person\", because I suppose an outfit that makes people cower obsequiously is certainly one that makes an impression. In all likelihood, the songwriter was just trying to find a rhyme for the subsequent line (\"You'll knock 'em dead at dinner if your gown just drips with fringe!\") and chose a word that was, at the time, uncommon enough to pass unnoticed in a slightly dubious usage. Given that Singin' in the Rain is hardly ancient history-it was released in 1952 - one has to imagine that something rather phenomenal has happened over the course of the last fifty years."}, {"type": "sentence", "content": "Obviously, something has. Cringe is now on the tips of everyone's tongues, or more accurately, at the tips of everyone's Twitter fingers. There are endless subreddits, Instagram accounts, Facebook groups, and so on centred around mocking people who have \"posted cringe\" - that is to say, published opinions, jokes, photos, art projects, and just about anything else that the contributors have dubbed offensively awkward. But the word's relationship with embarrassment has a longer history than you might think. It was in 1868 that cringe, which had previously meant contract one's muscles or flinch, was first assigned the narrower meaning that's become so familiar to us today, in a short story published in Harper's magazine. \"I may have cringed at the idea of putting my pipe between those broken teeth, but I of course made haste to do what was hospitable.\" Running a Google Ngram Viewer search for the word reveals that it experienced something of a slump in usage between the 19th and late 20th centuries; from the 1980s onwards, however, it began to resurge in popularity."}, {"type": "sentence", "content": "One might assume that the advent of the Internet is what caused the uptick, but the 1980s are still a little bit before personal computers and smartphones would start popping up in every household in the western world. I venture instead that the change came about as a result of shifting attitudes towards earnestness, of the general ennui we've been experiencing since the beginning of the postmodern era. Notice how the targets of ridicule on the forums mentioned above are often musicians posting songs that haven't yet been workshopped (to put it kindly), young men reaching out to women online with ill-conceived pickup lines, portrait artists going a little too hard on the shading. Putting effort into anything these days is a dangerous game to play. In a world where everything sucks and nothing matters, it seems like walling oneself up behind several layers of irony is the only sensible step to take."}, {"type": "sentence", "content": "And in the midst of a pandemic, it's safe to say that yes, things are pretty bad, but we forget that the threat of imminent annihilation is nothing new. From the 1950s onwards, American schoolchildren were learning how to take cover in the event of a nuclear blast. It's no wonder that during the following decade absurdist humour was perfected (Catch-22, Monty Python) and cringe became more lexically versatile, with an increasing number of English speakers using it to describe the pathos of coming across anyone who still had any hope left. The word cringy was introduced in a 1967 issue of Australian Women's Weekly (in the sense it is known today - it appears in earlier texts with the meaning of creepy or startling). Cringe-making is from 1969. In 1972, the character \"Cuthbert Cringeworthy\" made his first appearance in the British comic anthology The Beano, his name being the first recorded instance of the word. Cringe-inducing can be traced to the same year. It's quite remarkable that a five-year cluster gave birth to all these adjectives - nonetheless, it makes perfect sense."}, {"type": "sentence", "content": "Today, these adjectives still compete for relevance, although BYU's Corpus of Global Web-Based English (GloWbE) shows that there may be some regional preferences - cringe-making seems only to be current among Britons, Australians, and Kiwis, while cringe-inducing is most popular among speakers of American English. If these are too long-winded for your tastes, the good news is that cringe itself is beginning to take hold in the vernacular as an adjective, but it has to be added to the OED or Merriam-Webster in this form. It shouldn't be long, however: even The New York Times, which has a history of shying away from newfangled usages, recently published an article with the headline \"That's So Cringe!\""}, {"type": "sentence", "content": "What does the future hold for cringe? To answer this, we really do need to return to those schadenfreude-driven subreddits and Twitter accounts. Sometimes commenters are sympathetic with the subject - CCTV footage of a shopper endlessly falling down an up-escalator warrants at least an \"Oh nooo!\" through the peels of laughter - but there are cases where cringe seems to be synonymous with bad behaviour, and what onlookers are experiencing seems better characterised as moral outrage than second-hand embarrassment. An example is a recent Verge piece on the pop-punk band and alleged \"industry plants\" The Tramp Stamps. The headline reads: \"TikTok teens roast pop-punk group for posting cringe\", but in the body of the article, we learn that what \"TikTok teens\" are really upset about is the girl group's clumsy appropriation of other artists' styles, which one describes as \"insidious\" rather than discomfiting. As happens with many high-frequency words, cringe may be undergoing a process of semantic bleaching, leaving behind the overtones of embarrassment and becoming just another means of deriding people that you don't like. But I may be wrong. After all, we need a word to describe that feeling of wanting to melt into the floor while watching an episode of The UK Office - because however much pain cringe might cause us, we never seem to be able to look away."}], "topic": "social-media", "uuid": "621596d2588f21eb52b32a5a4fab70920789e6584cc803c4d0e43af7", "link": "https://clarech.medium.com/this-is-pretty-cringe-8a30da429056"}