{"title": "Learn SQL Server Management Studio - Part 8 Leverage The Views", "data": [{"type": "image", "content": "https://miro.medium.com/max/11500/0*V08QdO1SH2Ws6qRn"}, {"type": "subtitle", "content": "In the Last Episodes..."}, {"type": "sentence", "content": "Hi there! Welcome to the 8th instalment of a series of tutorials on SQL and SQL Server Studio. There's a simple goal: To make you familiar and comfortable with the tool, and the language. \"Why does it even matter?\" I see you asking. Well, it turns out, curiosity, and side projects are often detrimental in getting picked on new projects, or even in getting hired for a new job. The mere fact you've already used an important tool such as SQL Server Studio and wrote some SQL queries, can and will give you a clear head start."}, {"type": "sentence", "content": "And don't forget to come back \ud83d\ude09."}, {"type": "subtitle", "content": "What to Expect?"}, {"type": "sentence", "content": "Up until episode 7, we had a linear and progressive learning curve. It started with the setup of SQL Studio, then we moved on to creating databases, CRUD operations, talking schemas, SSIS packages, scheduling and automation and connecting to PowerBI. Now that we have a solid base, let's take a look at another interesting feature, the Views. It's a very simple, yet powerful tool to have within your skillset. By the end of this tutorial, you'll feel empowered to leverage the power of Views. Let's jump right in!"}, {"type": "subtitle", "content": "What are SQL Views?"}, {"type": "sentence", "content": "A view is an SQL query that is stored within our environment. As a view is a SQL query... *drumrolls*... it can be queried. Let's look at a hypothetical example:"}, {"type": "sentence", "content": "Imagine you have a set of tables, and build a complex JOIN. Wouldn't it be nice to save it for future needs? I'd hope you'd say yes. While we could save the results of this JOIN as a new table, this might not be the optimal approach. Why not?"}, {"type": "sentence", "content": "If instead, we were to leverage the power of views, we could be free from the above concerns. Why?"}, {"type": "subtitle", "content": "How to Build a View"}, {"type": "sentence", "content": "The assumption is you already have SQL Studio installed and launched."}, {"type": "image", "content": "https://miro.medium.com/max/584/1*ouHRiRiMWeXtIZIaYybfqA.png"}, {"type": "sentence", "content": "3. The new window presents the View environment, with a pop-up offering the initial selection of tables. Those are the tables we created during the previous episodes."}, {"type": "image", "content": "https://miro.medium.com/max/1488/1*u_30hhsLhPSsU_WKeZ3mFQ.png"}, {"type": "sentence", "content": "4. For this example we'll focus on building a view to gather tables with departments and employees together. Select both then Add, then Close."}, {"type": "sentence", "content": "5. Because those tables have Primary Keys, and Foreign Keys, we discussed this in part 3, we can use these relations to match them together."}, {"type": "image", "content": "https://miro.medium.com/max/1396/1*kVz1se72DPt_Bups6PC3EA.png"}, {"type": "sentence", "content": "6. We can then hand-pick the columns of interest from the tables, and our below query is automatically updated."}, {"type": "image", "content": "https://miro.medium.com/max/2420/1*UyfTyHaz-mYKub3t6DB7BA.png"}, {"type": "sentence", "content": "The query is building an INNER JOIN using the Department_ID we have in both tables as a matching key."}, {"type": "sentence", "content": "7. We can then save the view, and give it a meaningful name. A quick digression on this below."}, {"type": "subtitle", "content": "How to Name Views"}, {"type": "sentence", "content": "If you're connecting your SQL Server to another system, which can display all the underlying tables, views, stored procedures you have stored, it might be useful to clearly distinguish the naming convention for tables and views. One approach is to start the naming of all your views with a capital V, followed by an underscore _. If you'd need a view to match users to their purchases, we would for example have V_UsersPurchases, which clearly sets apart from the tables Users and Purchases."}, {"type": "sentence", "content": "We will choose V_DepartmentsEmployees."}, {"type": "image", "content": "https://miro.medium.com/max/904/1*RDa5l9-YxM6BYfLXAM-3dA.png"}, {"type": "sentence", "content": "8. Next, let's check how it looks like by querying our view."}, {"type": "image", "content": "https://miro.medium.com/max/1468/1*q2DhtCgBFqPq4X0e5PwYFQ.png"}, {"type": "sentence", "content": "This returns a table, the result of our view, which joined two tables. As discussed earlier, this view is lightweight, let's find out how light exactly."}, {"type": "subtitle", "content": "View vs Table comparison"}, {"type": "sentence", "content": "We discussed previously that views have the advantage of just being queries, and do not store data per se. Here's a quick & dirty comparison between the size of our data table and our SQL script. For this example, the table is of size 7 rows x 163 columns. The query is a one-liner:"}, {"type": "sentence", "content": "The SQL query following our quick & dirty comparison weighs about 262 bytes."}, {"type": "image", "content": "https://miro.medium.com/max/984/1*mLb8LO3tjMqIONKPLIvw2w.png"}, {"type": "sentence", "content": "Now for the underlying data (7 rows x 163 columns, no nulls nor blanks), exported as .CSV, our quick & dirty approach shows about 9933 bytes."}, {"type": "image", "content": "https://miro.medium.com/max/990/1*BHVsP-lM2IwVRYTwhEY0_g.png"}, {"type": "sentence", "content": "We can take another approach and find out the space taken by an element within SQL Server. To do so:"}, {"type": "sentence", "content": "This returns some information about our table:"}, {"type": "image", "content": "https://miro.medium.com/max/876/1*amdbVuShJ9v0b-pzKz_3mA.png"}, {"type": "sentence", "content": "We can do the same for our view:"}, {"type": "image", "content": "https://miro.medium.com/max/962/1*1SsjcgNcuK6r21PRlN4cwA.png"}, {"type": "sentence", "content": "As we can see, as a view is not a table it does not hold any data, it's just a lightweight piece of code."}, {"type": "subtitle", "content": "Final Words and What's Coming Next"}, {"type": "sentence", "content": "That's it for now! I hope you now feel more confident to create and leverage views in SQL Server."}, {"type": "sentence", "content": "What next? We'll cover the topic of temporary tables."}, {"type": "sentence", "content": "Thanks for reading, let me know what you think or if there's a topic I should cover. Until next time!"}, {"type": "subtitle", "content": "Happy Coding!"}], "topic": "data-science", "uuid": "629ba3280340b90357fcf2a50a57628a90832ca75ae9986271b7601d", "link": "https://towardsdatascience.com/learn-sql-server-management-studio-part-8-leverage-the-views-206fbcef3957"}