{"title": "How a 24-Year-Old Mentor Rebooted My Drive & My Profits", "data": [{"type": "image", "content": "https://miro.medium.com/max/13404/0*66EKDsiEKSwwvrVu"}, {"type": "sentence", "content": "I'm a Head of Finance for a large corporate business while also running two small businesses on the side."}, {"type": "sentence", "content": "In 2020 my business plans had stalled. I had lost motivation and direction."}, {"type": "sentence", "content": "I didn't expect the solution to come from a 24-year-old business graduate in her first corporate job, who was also getting a business off the ground. But that's what happened. Reaching out to her was outside my comfort zone, but it's the best decision I've made in a long time. It delivered an immediate increase in my motivation and eventually my profit."}, {"type": "sentence", "content": "The benefit of a good mentor is that they have the ability to share their ideas and approach with others, in a way that can benefit both sides."}, {"type": "subtitle", "content": "How My Startups Performed Pre-Mentoring"}, {"type": "sentence", "content": "My first business was an educational project for kids that had the potential to be scalable and profitable."}, {"type": "sentence", "content": "I had an ambitious marketing strategy, but the business never reached more than break even. I didn't lose money, but the failure to deliver results knocked my confidence."}, {"type": "sentence", "content": "I let everyone think I had low expectations for a first business, but I had seen franchising in my future."}, {"type": "sentence", "content": "It didn't dilute my entrepreneurial drive, but it affected the way I viewed the second business. I lowered my expectations and started to think of them as just small sidelines. I stopped thinking big and didn't plan for future expansion, new opportunities, or anything that sounded like risk."}, {"type": "sentence", "content": "I told myself I was playing the long game."}, {"type": "sentence", "content": "In reality, I wasn't playing at all."}, {"type": "sentence", "content": "I lost focus and ambition. Being mentored by Aly changed that."}, {"type": "subtitle", "content": "Aly's Background"}, {"type": "sentence", "content": "I met Aly when she was completing a Masters in Business Studies. She had opted for a company placement as part of her final exams and came to my firm."}, {"type": "sentence", "content": "The college director told me she was one of the best he'd come across."}, {"type": "sentence", "content": "In the firm, Aly worked with a team to identify an innovative solution to an existing business problem. Needless to say, she knocked it out of the park."}, {"type": "sentence", "content": "We hit it off from the start, and Aly told me her goals and plans for her \"current business\"."}, {"type": "sentence", "content": "That's how she described it, current. It might grow in the future, but there was a risk it wouldn't succeed. It didn't faze her."}, {"type": "sentence", "content": "She understood entrepreneurs rarely regard their first ventures like the ones that will make their fortune."}, {"type": "sentence", "content": "I, on the other hand, had become ultra-cautious after one setback."}, {"type": "subtitle", "content": "What Benefits Did I Get From Mentoring?"}, {"type": "sentence", "content": "Aly was focused on acquiring a variety of skills to grow her business."}, {"type": "sentence", "content": "Opportunities did not \"come her way\"; she sought them out or manufactured them from scratch."}, {"type": "sentence", "content": "She was both practical and ambitious."}, {"type": "sentence", "content": "I changed four key things in my approach as an entrepreneur as a result of her advice."}, {"type": "subtitle", "content": "1. Strategic mindset"}, {"type": "sentence", "content": "Aly combined passion and drive with an attention to detail I'd never encountered before."}, {"type": "sentence", "content": "She didn't lose faith after setbacks, but nor did she remain fixated on her first idea. Instead, she questioned and refined every aspect of her plan after any problem."}, {"type": "sentence", "content": "Aly had studied metacognition as part of her Master's and applied it to her startup."}, {"type": "sentence", "content": "These techniques allowed her to think strategically and harness the patience needed to revise her plans on a systematic basis if her original ideas didn't work."}, {"type": "sentence", "content": "She invested time changing and improving her approach, even if this meant setting aside months of earlier work."}, {"type": "sentence", "content": "I hadn't done this for my first business. The initial plan hadn't delivered the growth I expected, and I focused on scaling back to avoid a loss."}, {"type": "sentence", "content": "I didn't consider alternatives to the program or analyze the benefit a radically different marketing approach might deliver."}, {"type": "sentence", "content": "By systematically evaluating many options around my original idea, I have now identified a new approach."}, {"type": "sentence", "content": "Post pandemic, I'm hoping to relaunch."}, {"type": "subtitle", "content": "2. Failure as a stop sign not a dead end"}, {"type": "sentence", "content": "As a business graduate, Aly could recite the statistics on startups in her sleep."}, {"type": "sentence", "content": "I also knew them, but the way they affected our thinking was radically different."}, {"type": "sentence", "content": "Aly accepted her business might fail, but if it did, she would walk away with invaluable experience, knowledge, and her confidence in her abilities intact."}, {"type": "sentence", "content": "Aly didn't see stigma in failure."}, {"type": "sentence", "content": "Despite knowing the same stats and doing the same work, I couldn't shake the belief that the failure of my first business was down to a \"lack\" on my part."}, {"type": "sentence", "content": "Lack of commitment, lack of market research, lack of something."}, {"type": "sentence", "content": "Working with Aly helped me break free of that mindset and become reenergized."}, {"type": "sentence", "content": "I identified new opportunities and committed to going for them."}, {"type": "sentence", "content": "They haven't all delivered yet, and that's ok."}, {"type": "subtitle", "content": "3. Avoiding analysis paralysis"}, {"type": "sentence", "content": "Analysis paralysis is a situation where overthinking prevents you from making a decision."}, {"type": "sentence", "content": "There's so much information available on any topic; it's easy to drown in a sea of data."}, {"type": "sentence", "content": "Aly identified the key issues that were important for her business and worth her time. Information gathering had a purpose and was strategic but also had an end date."}, {"type": "sentence", "content": "Nothing was allowed to reduce the time she needed for creativity unless it added value. She had no problem admitting what she didn't know and sought advice if she needed it. If she consulted others, any questions were as clear and focused as possible so that she didn't end up mired in analysis for weeks."}, {"type": "sentence", "content": "Aly committed to a decision and moved forward, confident she could pivot if needed."}, {"type": "sentence", "content": "My first setback had made me reluctant to trust my judgment on future decisions. Research is important, but at some point, you have to move forward."}, {"type": "sentence", "content": "Overanalyzing small decisions drains creativity and willpower. Aly's approach made me see this."}, {"type": "subtitle", "content": "4. Flexibility & follow-through"}, {"type": "sentence", "content": "Aly had a clear vision of her future. She'd taken a job for two reasons, to build savings and gain experience."}, {"type": "sentence", "content": "She accepted the limitations on her hours because she valued the corporate exposure she would get. She wasn't short-changing her employer and enjoyed the dynamic of the office."}, {"type": "sentence", "content": "Instead, she was flexible about her startup timelines but still committed."}, {"type": "sentence", "content": "Her business was up and running, albeit over a longer timeline."}, {"type": "sentence", "content": "I agreed with the strategy. Business experience is an asset."}, {"type": "sentence", "content": "However, having a job and launching a business is time-consuming. Without realizing it, I let the failure of my first venture dictate the way I divided my time afterward."}, {"type": "sentence", "content": "I gravitated to the area I was comfortable in and where I was doing well, my full-time career."}, {"type": "sentence", "content": "I lost the flexibility that let me pivot between two things that made me equally happy."}, {"type": "sentence", "content": "I re-established the balance and rediscovered the excitement of focusing on my business."}, {"type": "subtitle", "content": "Conclusion"}, {"type": "sentence", "content": "Getting a business up and running is tough."}, {"type": "sentence", "content": "I believed my first business idea had scalability and an opportunity for a successful franchise. I committed a lot to get it off the ground and was disappointed when it failed to deliver."}, {"type": "sentence", "content": "I lost the drive and passion for the business without realizing it."}, {"type": "sentence", "content": "Mentoring helped me achieve"}], "topic": "leadership", "uuid": "632fbdd80936fde7bf78ad4167fa784feea20b855fdf53609c78cbf7", "link": "https://entrepreneurshandbook.co/how-a-24-year-old-mentor-rebooted-my-drive-my-profits-1d8c1864876c"}