{"title": "Value and growth stock strategy during market corrections", "data": [{"type": "image", "content": "https://miro.medium.com/max/2520/1*Mu3CmOxHZDflVL2a7zlF6Q.jpeg"}, {"type": "sentence", "content": "During the early parts of 2021, there was a general feeling among finance experts that a market crash was imminent. No one knew exactly when or how it would transpire but there were several signs which supported that notion:"}, {"type": "sentence", "content": "Yes, we did already see somewhat of a market correction since the peak of February 12 which saw most tech stocks take a tumble. However, the NASDAQ is almost back to it's all-time highs and as of April 30, the index sits at 13,962 following the lows of 12,739 on March 4."}, {"type": "sentence", "content": "Industry experts such as Michael Burry and Ray Dalio in recent weeks have shed light on possibly a much bigger market crash in the near future due to questionable economic conditions. Obviously, it's hard to predict when the market will go down but it's important to be ready in case such a situation unfolds."}, {"type": "sentence", "content": "A massive surge in the value of tech stocks during 2020 took everyone by surprise especially when most of the world was still reeling from the effects of the COVID pandemic."}, {"type": "image", "content": "https://miro.medium.com/max/4842/1*nCZqZGhW-0j4iYMZxfezfw.png"}, {"type": "sentence", "content": "However, there were lessons to be learned from the way stocks rebounded which could be studied to create a robust stock-picking strategy moving forward. This strategy can be broken down into two components:"}, {"type": "sentence", "content": "The easiest strategy during a market crash or correction is to simply hold on to your investments without selling as the market would eventually make it's way back up. However, resources could be reallocated strategically to maximize profits on the way up."}, {"type": "subtitle", "content": "Value stocks"}, {"type": "sentence", "content": "We are talking about the likes of Microsoft (MSFT), Apple (AAPL), Google (GOOG), Amazon (AMZN), Taiwan Semiconductors (TSM), Facebook (FB) etc. In fact, there are very few of these to pick from which makes the task much simpler."}, {"type": "sentence", "content": "Here are a few characteristics of good value stocks:"}, {"type": "sentence", "content": "Personally, I was holding Microsoft shares during the March 2020 crash and essentially watched them go down and come up at the same rate as the rest of the market. During such a sell-off, you tend to always second-guess your convictions but judging by the history of the market, I knew that the rational thing to do was to hold despite any urge to sell and take profits, especially at the bottom."}, {"type": "image", "content": "https://miro.medium.com/max/1890/1*-LkTSKFJxLvNZE19OxfKAw.jpeg"}, {"type": "sentence", "content": "As the market made it's way back up, so did Microsoft and the other value stocks. However, they didn't witness the same surge like a lot of growth and speculative stocks which brings us to the next category."}, {"type": "subtitle", "content": "Growth stocks"}, {"type": "sentence", "content": "To be honest, I didn't have much of a strategy at the time when it came to selling or buying stocks during a crash. I was simply hoping that the market would go up at some point like it did during the crash in December 2018."}, {"type": "sentence", "content": "The only strategy I knew for sure at the time was to have some amount of money to be able to buy some stocks that I shortlisted during the market dip. This is where that strategy could be refined."}, {"type": "image", "content": "https://miro.medium.com/max/4064/1*Bwm8QbPVjQTPmXIN_db4Ew.jpeg"}, {"type": "sentence", "content": "When the market dips by a substantial amount, since it's almost impossible to predict the market bottom, it's a good idea to put the extra money into some shortlisted growth stocks. That's because when the market eventually goes back up, these stocks move up more rapidly than the value stocks."}, {"type": "sentence", "content": "However, caution has to be taken while picking these growth stocks as some may not have as good fundamentals as others. For example, some of the stocks that I had shortlisted back in February 2021 for a potential market crash were Square (SQ), Paypal (PYPL), Etsy (ETSY) and Shopify (SHOP)."}, {"type": "sentence", "content": "Some common themes among these companies were:"}, {"type": "sentence", "content": "The point I am trying to make is that these appear to be some of the better growth stocks out of the many out there with a better risk-to-reward ratio."}, {"type": "subtitle", "content": "Value vs growth stocks comparison during a market dip"}, {"type": "sentence", "content": "To illustrate the advantage of growth stocks over value stocks during a market recovery is shown in the chart below. The graph shows the downtrend leading into the March 2020 crash followed by the recovery, spanning roughly the February to June period."}, {"type": "image", "content": "https://miro.medium.com/max/5780/1*IRcWKN7XKLH_E_GYVJQDVw.png"}, {"type": "sentence", "content": "What's the standout pattern?"}, {"type": "sentence", "content": "The growth stocks massively outperformed the value stocks during the recovery period. However, the downtrend during the market dip was also more aggressive for the growth stocks."}, {"type": "sentence", "content": "To get a more accurate picture of the numbers, I created a spreadsheet and analyzed the percentage drops and increases during this period which validated my theory. The table below shows the percentage drop from Feb 19 to March 20 (roughly when most stocks hit the bottom) and the percentage growth from March 20 to June 2 for each stock."}, {"type": "image", "content": "https://miro.medium.com/max/5080/1*WoxnqoENmMQLP1fK2Gp7qg.png"}, {"type": "sentence", "content": "We can see clearly that all the value stocks saw less than 30% dip and recovery during this period while the growth stocks saw more than 30% movement. In fact, some of the growth stocks saw more aggressive movement than others. For example, Square dipped and recovered by more than 50% while Carvana moved by more than 70%."}, {"type": "sentence", "content": "It's important to make a distinction here between Carvana and the other four growth stocks. One could argue that Carvana is at an earlier stage of it's growth phase which could be the reason for it's higher volatility. Also, the company is not yet profitable which makes the stock slightly more speculative than the others."}, {"type": "subtitle", "content": "Conclusion"}, {"type": "sentence", "content": "During market correction scenarios, the easiest thing one could do is to simply hold onto their assets which would be a completely reasonable thing to do and they would probably recover all their losses on the way up."}, {"type": "sentence", "content": "However, the return on investment could be maximized if growth stocks are bought at or around the bottom since we observed that they move up at a higher rate than value stocks."}, {"type": "sentence", "content": "This could be done with more speculative stocks as well but it should be kept in mind that fundamentals of such stocks could change in the future in which case it may be a good idea to take profits and re-allocate them into the higher conviction stocks. In the case of the aforementioned value and growth stocks however, all of them seem to have great long-term potential and there might not be a need to necessarily sell them in the near future."}, {"type": "sentence", "content": "There is nothing wrong with speculative stocks and I personally do own some. However, it's often hard to judge the fundamentals of such stocks due to a lack of available information about them. Hence, they tend to do best during a bull market and are not the safest picks during a crisis. At the end of the day, it really depends on your conviction about the company's potential."}, {"type": "sentence", "content": "Hopefully this sheds a little bit of light onto my investing strategy during market corrections. Let me know in the comments if this makes sense and what your strategy is during such times."}, {"type": "subtitle", "content": "Disclaimer"}, {"type": "sentence", "content": "This is not financial advice. The content of this article is simply my opinion. Do your own research before investing and seek professional financial help if necessary."}], "topic": "economy", "uuid": "64a6160830e8507e9e7bf816c64268d0da034b8518ebca801a696230", "link": "https://sayan-das.medium.com/value-and-growth-stock-strategy-during-market-corrections-8d55ce1e30be"}