{"title": "How much Facebook knows about you?", "data": [{"type": "sentence", "content": "Unless you were living under a rock, you would have heard about WhatsApp's latest privacy policy and Elon musk's tweet asking everyone to start using a platform like Signal."}, {"type": "sentence", "content": "In light of this latest debate on data privacy, I went on a search to figure out how much data do I share with Facebook, and based on that how much does Facebook actually know about me. On my quest, I found ethi."}, {"type": "image", "content": "https://miro.medium.com/max/3168/1*NojDmhx3Ry2RTqgIKXvLCQ.png"}, {"type": "sentence", "content": "Ethi helps users understand & uncover what Facebook really knows about them. They are a not-for-profit organization that is fighting for users' rights to control data they share with big tech."}, {"type": "sentence", "content": "It's not a free tool. I paid a $7 one time fee to use it for a month and the results were shocking."}, {"type": "sentence", "content": "Here is a guide to use ethi."}, {"type": "subtitle", "content": "Step 1: Download Your Facebook Information File"}, {"type": "sentence", "content": "The first step is to get the data from Facebook."}, {"type": "sentence", "content": "Navigate to Settings & Privacy > Privacy Shortcuts > Access your information."}, {"type": "sentence", "content": "Once on the \"Access Your Information\" page click on the download your information hyperlink which will take you to the Download Your Information page as shown below."}, {"type": "image", "content": "https://miro.medium.com/max/1524/1*T2w7fslEFyJPcADqLv889A.png"}, {"type": "sentence", "content": "On Download Your Information page un-check Photos and Videos, select Format as JSON, Media Quality as Low, and click on the Create File button."}, {"type": "image", "content": "https://miro.medium.com/max/1842/1*GjjImVlp0KVB9ZdiAzoERw.png"}, {"type": "sentence", "content": "After you click on the Create File button you will see the below screen stating \"A copy of your information is being created\"."}, {"type": "image", "content": "https://miro.medium.com/max/1846/1*NFLb3A_nNJt6bl9q48Vj_w.png"}, {"type": "sentence", "content": "Once your file is ready you will get an email notification. This usually takes 4-5 minutes."}, {"type": "sentence", "content": "Once you get the notification you can go to the Available Copies tab show in the screenshot below where you will find the file ready for you to download."}, {"type": "sentence", "content": "Click on the Download button to download the copy. You will need this file for the next steps, which will perform on ethi."}, {"type": "subtitle", "content": "Step 2: Upload Your Facebook Information File to ethi"}, {"type": "sentence", "content": "Now go to ethi and click on the select folder button and select the folder that you downloaded from Facebook."}, {"type": "sentence", "content": "After selection of the folder click on the Upload Data button which will start the upload process."}, {"type": "image", "content": "https://miro.medium.com/max/2384/1*Ki8NMhirq-M_R5HIvvPB6g.png"}, {"type": "sentence", "content": "This can take up to a minute or two and once the upload is complete you will see the below screen. Now you can start exploring your data."}, {"type": "image", "content": "https://miro.medium.com/max/2438/1*kO04W_2gbyD6esHR38Z0IA.png"}, {"type": "subtitle", "content": "Step 3 - Explore your data"}, {"type": "subtitle", "content": "Tracking"}, {"type": "sentence", "content": "The first section is the Tracking section where you will be able to see your off facebook activities, your location, Facebook activities, and your watch time of videos on Facebook."}, {"type": "image", "content": "https://miro.medium.com/max/2056/1*eNFSEyqclMIRkrADV_XsNw.png"}, {"type": "image", "content": "https://miro.medium.com/max/6508/1*WeYjhexvu5C4T8kGmE7-2g.png"}, {"type": "subtitle", "content": "Profiling"}, {"type": "sentence", "content": "In profiling, they try to evaluate your personality, traits, and mood based on your Facebook activities."}, {"type": "sentence", "content": "Unfortunately, I could not see my personality traits as their API was down."}, {"type": "sentence", "content": "When you send a message, hidden in the words is a clue about how you were feeling at that moment. By analyzing and aggregating those clues, Facebook can track your mood over time. This was an eye-opener for me. I could see my mood cycles on a chart."}, {"type": "subtitle", "content": "Targeting"}, {"type": "sentence", "content": "This section covers your interest, preferences, and based on which how many ads were targeted at you and how many times you engaged with those ads."}, {"type": "sentence", "content": "As you can see in the screenshot below 1831 advertisers uploaded a list with my contact in it."}, {"type": "image", "content": "https://miro.medium.com/max/3060/1*NGFjgIBILUVa0ovMcnM4sQ.png"}, {"type": "sentence", "content": "It's amazing to see how accurately facebook can target ads according to your interests and mood. This is Facebook's bread and butter this is where they get money from selling ads. The more accurately they can target a user the more they can charge companies to run targeted ads."}, {"type": "subtitle", "content": "Socializing"}, {"type": "sentence", "content": "Who is your BFF?"}, {"type": "sentence", "content": "Ask Facebook and it will tell you. Based on your day to day interaction with your contacts on Facebook, Facebook can predict who your close friends are."}, {"type": "image", "content": "https://miro.medium.com/max/6540/1*-47p2LjY20htVAWOrdxAzQ.png"}, {"type": "sentence", "content": "Imagine how accurate Facebook will get once they have your WhatsApp data like contact details, group name, group members etc."}, {"type": "subtitle", "content": "Security Hub"}, {"type": "sentence", "content": "This section gives you an overview of the sensitive content found in your comments. It can be an email, phone number, account number, or password you might have shared in a comment."}, {"type": "image", "content": "https://miro.medium.com/max/1984/1*udIYMe7jq7kVSYHUh9fVog.png"}, {"type": "sentence", "content": "Based on this exercise now I can take an informed decision on whether to keep using Facebook or move to a more responsible platform like Signal."}, {"type": "sentence", "content": "Some people might be okay with using Facebook and how much Facebook knows about them doesn't really matter and that is completely fine as long as you know exactly what data you are sharing and how it's being used."}, {"type": "sentence", "content": "Hope you find this to be useful and I will let you pick your own side on Facebook/WhatsApp vs Signal"}, {"type": "sentence", "content": "Thanks for reading."}], "topic": "social-media", "uuid": "6536d07d704e9d6d797b74abb03e345fc277fdc58c2a542ac79e1688", "link": "https://bootcamp.uxdesign.cc/how-much-facebook-knows-about-you-534298995866"}