{"title": "Launching Grenades in Unreal with Gameplay Ability System: Part 1", "data": [{"type": "image", "content": "https://miro.medium.com/max/2400/1*xG0-1Ue8nAKWQnVAmGyKoA.png"}, {"type": "subtitle", "content": "GAME DEV MASTERCLASS"}, {"type": "sentence", "content": "This is the first tutorial in the series dedicated to Gameplay Ability System. The goal for these tutorials is to be easily digestible, 10 minute-long reads focused on getting a working prototype of a gameplay mechanic on screen as fast as possible. So whether you're new to Unreal Engine or new to Gameplay Ability System, Designer, Animator, or Technical Artist, these tutorials will help you build your projects faster and stop being afraid of using GAS for your projects."}, {"type": "sentence", "content": "This series requires little to no knowledge of C++. It requires a basic knowledge of Blueprints scripting and general knowledge about unreal asset types and their use for building gameplay. I tried to cover steps in as much detail as possible and provide GIFs and plenty of images to help you on your way to the result, which is just 20-30 minutes away from now."}, {"type": "sentence", "content": "I wish you good luck and let's go!"}, {"type": "subtitle", "content": "Getting Started"}, {"type": "sentence", "content": "Prerequisites:"}, {"type": "sentence", "content": "The setup for the Gameplay Ability Plugin has been covered many times in different tutorials, so if you read them before and already have a setup running, you can skip to the \"Cutting A Corner\" part where I did something different and simple in contrast to other tutorials. If it is your first time, then it will take you a few copy/paste to get running."}, {"type": "sentence", "content": "Start by creating a C++ Unreal Project using the ThirdPersonCharacter template. After creating the project, you need to go to the Edit\u2192Plugins and enable the Gameplay Abilities plugin, then close the Editor."}, {"type": "sentence", "content": "After closing, open the YouProjectName.Build.cs file in Visual Studio and include the following dependencies. I've highlighted all added code in bold for clarity."}, {"type": "sentence", "content": "First, we need to declare the AbilitySystemComponent in the ThirdPersonCharacter.h (ASimpleGASCharacter in my project and AYourProjectNameCharacter in your project) header. To keep it organized, you can declare all your component properties in one place."}, {"type": "sentence", "content": "And on the bottom of the same header file let's add a getter:"}, {"type": "sentence", "content": "Then declare a StartupAbility property. Once we create our ability blueprint, we will drag and drop it into this property field in the Editor."}, {"type": "sentence", "content": "To initialize and grant Ability on the startup, add the following code to the BeginPlay method."}, {"type": "sentence", "content": "A ThirdPersonCharacter.h doesn't have BeginPlay declared out of the box, so we should not forget to add these in the header file somewhere in the protected section, above the rest of the methods there."}, {"type": "sentence", "content": "Finally, add the RefreshAbilityActorInfo() method as our character is possessed by a default character controller on the startup."}, {"type": "sentence", "content": "Make sure your project is set as a Startup Project in VS. Press F5 to compile and run the Editor."}, {"type": "subtitle", "content": "Cutting a Corner"}, {"type": "sentence", "content": "Now let's do something different from the rest of the tutorials and skip a binding part where we bind the ability activation to the input mappings in our ThirdPersonCharacter.cpp. Instead, we jump directly to our Blueprint class and set it up in an easy way, and here are a few reasons why:"}, {"type": "subtitle", "content": "Launch Grenade Ability"}, {"type": "sentence", "content": "The launching grenade ability will need the following:"}, {"type": "sentence", "content": "To start, go to the convenient content folder of your choice and create a new gameplay ability blueprint by right-clicking, selecting the Gameplay Ability Blueprint option, and choosing the Gameplay Ability base class to derive from. Let's call it GA_LaunchGrenade."}, {"type": "sentence", "content": "It will help you later on if you establish the naming convention for your assets early, but I suggest going with the following conventions:"}, {"type": "sentence", "content": "GA_ -Gameplay Ability"}, {"type": "sentence", "content": "GE_ -Gameplay Effect"}, {"type": "sentence", "content": "GC_ -Gameplay Cue (that's for later)"}, {"type": "sentence", "content": "Open the created blueprint and perform a basic setup by adding some ability logic. For now, it will be a simple print string to show that ability works. And add and assign Ability Tag. You can create any tag you want as long as it will make sense for you."}, {"type": "sentence", "content": "Ability Tag - the unique identifier for ability which is used for actions like activation, deactivation, prohibition and canceling of abilities, and more."}, {"type": "sentence", "content": "The Tags topic is massive and I will talk about them in more detail later, but for now, let's pin this and move on to the fun stuff."}, {"type": "sentence", "content": "As we skipped the binding part, we are now free to go directly to the character blueprint, open it up, and setup ability activation by listening for the 'G' input event on our keyboard. Then perform the following:"}, {"type": "sentence", "content": "3. That's all! When press G, the event will execute our Try Activate Abilities by Function and will activate LaunchGrenade ability as long as tags are matched. Moreover, you can activate multiple abilities if they share a common Ability Tag. For example, if you come up with the list of abilities that should be activated on a single button press, you can try an \"Activate On X button\" tag for your ability, in addition to the unique identifier tag. Yes! Ability can be identified by multiple tags."}, {"type": "sentence", "content": "Well, before it will work, simply go into your character Class Defaults and select GA_ThrowGrenade as a startup ability. Now press Run and observe the Debug Print once the G key is pressed."}, {"type": "sentence", "content": "Press Run and observe the Debug Print once the G key is pressed. Now it is time to build on top of the basic setup using Anim Montage and Grenade Actor."}, {"type": "subtitle", "content": "Ability content setup"}, {"type": "sentence", "content": "Thankfully Epic Games made their Paragon character assets free on the Asset Store. I think this content is a great starting point for beginners to build their prototypes, especially when it comes to finding the set of montages, character skeletons, and animation blueprints. The Wraith has a nice little montage where the suit shoots the grenade from the built-in launcher. This reminds me of Iron Man's suit. I'd prefer a hand-throw animation where we could control the grenade release timing, but this content is enough for us to learn the basics of Ability Tasks."}, {"type": "image", "content": "https://miro.medium.com/max/2560/1*fadIoYI9jiKCEe8nCnc7tA.gif"}, {"type": "sentence", "content": "Setup Guide:"}, {"type": "sentence", "content": "Now let's go back to our GA_LaunchGrenade ability, and add our first task called \"Play Montage and Wait\". For montage to play select Ability_Q_Fire_Montage anim montage. The asset path is:"}, {"type": "sentence", "content": "The 'Play Montage and Wait' gameplay task is one of the most commonly used tools to build the gameplay with GAS. The concept of the Task is simple as \"an action which does not block execution flow and provide a set of events based on the result upon task completion\". Simply meaning that you can start a certain task, continue your logic, and then the task is complete (in this case the montage play is completed) it will allow you to \"do something else\", like jumping to the next part of ability logic, another gameplay task or simply End ability on completion. You can run multiple Ability Tasks at the same time, just chain them up using the execution pin in the top right corner."}, {"type": "sentence", "content": "Let's repeat all the steps again:"}, {"type": "sentence", "content": "Before moving on to create a Grenade actor, we should finish the setup and get the right spawn location for a Grenade. To do that:"}, {"type": "sentence", "content": "Here is how Ability Graph should look:"}, {"type": "image", "content": "https://miro.medium.com/max/2312/1*00eVEjG-npVlflm-_0IqgQ.png"}, {"type": "sentence", "content": "We are reaching the culmination of the first part of this tutorial. All that is remaining for today is to create a simple grenade projectile and plug it into our ability."}, {"type": "subtitle", "content": "Grenade Actor"}, {"type": "sentence", "content": "Create a new Actor and call it BP_Grenade. Add the following components:"}, {"type": "sentence", "content": "Now we need to create a function that will launch the grenade forward. For this, we will need a projectile velocity equal players forward direction vector multiplied by the initial speed of the projectile."}, {"type": "sentence", "content": "Create 'LaunchInDirection' function with the following logic:"}, {"type": "sentence", "content": "Now let's go back to the GA_LaunchGrenade ability and select BP_Grenade as our actor to spawn in the 'Spawn Actor For Gameplay Task' node. Task provides us a reference to the spawned actor. On successful spawn, we call the LaunchInDirection function on it and give us a forward vector of our character capsule collision component."}, {"type": "sentence", "content": "And we should not forget to set our character as Instigator for a spawned Grenade. That means our character is responsible for all damage and gameplay effects caused by the spawned grenade. It is also a shortcut reference to our actor, in case we need to trace back from a grenade to the character."}, {"type": "sentence", "content": "Finally, for the Task Owner - add reference to Self. Compile, run, enjoy the result!"}, {"type": "subtitle", "content": "Result and Key Takeaways"}, {"type": "sentence", "content": "Just in a short time, we were able to build a simple grenade launching ability, learn the basics of the Gameplay Ability System, and how simple it is really to create gameplay mechanics with it. But we just touched the tip of the iceberg! There is a lot more to cover the basics of GAS. And we are certainly going to do that in the next parts of the tutorial."}, {"type": "sentence", "content": "The key takeaways in this part:"}, {"type": "sentence", "content": "I hope you enjoyed this tutorial and now able to understand the basics of GAS and realize how easy it is to set up. With time you'll get to know how cool the system is and how much time it saves in prototyping and building compelling gameplay mechanics. I also suggest you team up with an animator friend, as more core gameplay mechanic can be done by a pair of one designer / technical-designer and an animator. If you are an animator or designer, I hope this article helps you start building your prototypes and experiments in Unreal Engine."}, {"type": "sentence", "content": "In Part 2 we will cover the topic of Gameplay Effects, expand our Grenade class, and introduce ourselves to the Attributes system."}, {"type": "sentence", "content": "Until next time!"}, {"type": "sentence", "content": "D.S."}, {"type": "sentence", "content": "A big thanks to my colleague Oliver Stubenrauch, Sr. Technical Designer at Yager for help in the preparation of this material."}, {"type": "sentence", "content": "Please follow this link to the original post on denismakes.games."}, {"type": "sentence", "content": "Follow me on LinkedIn and Twitter."}], "topic": "gaming", "uuid": "6d42dd4ee1372b57b2fd06b37b9b39e62b36b4a3c61ad64a0ccc9e80", "link": "https://superjumpmagazine.com/launching-grenades-in-unreal-with-gameplay-ability-system-part-1-3179f38f3730"}