{"title": "Regression! Classification! & Clustering!", "data": [{"type": "sentence", "content": "Regression is a statistical method that can be used in such scenarios where one feature is dependent on the other features. Regression also identifies the importance of the features, the influences of each other, what can be useful, and what can be ignored. Regression usually works well with numerical datasets. Let's get to the point, I will use the dataset of real estate sales transactions to predict the price-per-unit of a property based on its features. The price-per-unit in this data is based on a unit measurement of 3.3 square meters. The dataset can be found here!"}, {"type": "sentence", "content": "Let's start with loading the dataset and see the features and labels!"}, {"type": "image", "content": "https://miro.medium.com/max/2016/1*80JbrgMOBw90-zl-Pd0S5Q.png"}, {"type": "sentence", "content": "The very important job is to look for missing values and outliers in the dataset. Okay, let's do that!"}, {"type": "image", "content": "https://miro.medium.com/max/808/1*zh0xOLLld84VwMkx5dOnfg.png"}, {"type": "subtitle", "content": "How about outliers!?"}, {"type": "sentence", "content": "The output will be:"}, {"type": "image", "content": "https://miro.medium.com/max/1220/1*qCCet7YZVbRGme1zZs2K8A.png"}, {"type": "sentence", "content": "We can remove the outliers by trimming the dataset. In the above figure, we can see that the highest value on the right side around 70. After 70, those values are considered as outliers. So removing the outliers will look like this:"}, {"type": "sentence", "content": "So, if we visualize it again, it will look like this:"}, {"type": "image", "content": "https://miro.medium.com/max/1242/1*oraXFARIqQpu_eaKl44XDA.png"}, {"type": "sentence", "content": "Now, I think we did enough with the data to apply regression. However, it is always good practice to normalize the data to keep them in the same space."}, {"type": "image", "content": "https://miro.medium.com/max/1682/1*a_DiJyeeJ006dQanPgw_NA.png"}, {"type": "sentence", "content": "After normalizing the data, we need to separate features and labels. We also need to use train_test_split to split the data into training and testing sets."}, {"type": "sentence", "content": "We split the dataset into 70% training and 30% testing data. Now, it is time to apply regression algorithms and fit the model with the data."}, {"type": "sentence", "content": "In this case, we have used the Linear Regression algorithm to fit the model and make the predictions using the testing data. Okay, let's visualize our regression model based on label test and prediction data."}, {"type": "image", "content": "https://miro.medium.com/max/1392/1*D4pvx9N3nDiAiB25hYJSBA.png"}, {"type": "image", "content": "https://miro.medium.com/max/1576/1*6D39NYNE0RAAo0xkomAa2Q.png"}, {"type": "sentence", "content": "The output will be like the following:"}, {"type": "image", "content": "https://miro.medium.com/max/1092/1*M4tssxs1VtEIw9Xdm2wuEQ.png"}, {"type": "sentence", "content": "Okay, enough about regression. Let's talk about classification now!"}, {"type": "sentence", "content": "Classification usually falls into the category of recognizing something based on a pre-existing training dataset. In the classification problem, each features combined to make a label. Therefore, there can be multiple labels exists in a dataset. For example, recognizing the fingers from the hand would be a classification problem. In this case, I will be using the Wine Classification problem. The dataset can be found here! Let's start by loading the dataset:"}, {"type": "image", "content": "https://miro.medium.com/max/2148/1*Z6CD4npiRdUMYtuAwvstug.jpeg"}, {"type": "sentence", "content": "And the labels are:"}, {"type": "sentence", "content": "Now, follow the same steps to clean the data and remove the outliers as we have seen in the regression part. Therefore, we have to separate the dataset into a training and testing set."}, {"type": "sentence", "content": "And the output would be:"}, {"type": "sentence", "content": "From the above code, it is clear that we have taken 70% of the data as a training set and 30% of the data as a testing set."}, {"type": "sentence", "content": "Now, I am going to use sklearn pipelining to preprocess the dataset and fed them into a classifier. \"Pipeline is just an abstract notion, it's not some existing ml algorithm. Often in ML tasks, you need to perform a sequence of different transformations (find set of features, generate new features, select only some good features) of the raw dataset before applying final estimator.\" Also, we can look into the details of pipelining here!"}, {"type": "sentence", "content": "And if we predict the model with the test data, then the model outcome would be:"}, {"type": "image", "content": "https://miro.medium.com/max/1614/1*Ql5aMOSH8L_LNEYX_HGyKw.jpeg"}, {"type": "sentence", "content": "Now, I will show how to evaluate the effectiveness of the model by using a confusion matrix. Confusion Matrix is a performance measurement for a machine learning classification problem where output can be two or more classes. It is a table with 4 different combinations of predicted and actual values. It is useful for measuring Recall, Precision, Accuracy, and AUC-ROC curves."}, {"type": "image", "content": "https://miro.medium.com/max/732/1*fL2PcOZwwy7PT3Iq6dwEjA.jpeg"}, {"type": "sentence", "content": "In the above figure, TP is true positive which means that your prediction is positive and it is true. FP is false positive which means that your prediction is positive but it's false. FN is false negative which means that your prediction is negative and it's false. Lastly, TN is true negative which means that your prediction is negative and it's true. Also, we can calculate the Recall = TP/(TP+FN), precision = TP/(TP+FP), and F-measures = (2*recall*precision)/ (recall + precision). Okay, let's look at the confusion matrix for our classification problem."}, {"type": "image", "content": "https://miro.medium.com/max/1104/1*dcJpl6s6k-jHWME-nI2w7g.jpeg"}, {"type": "sentence", "content": "In addition to the confusion matrix, the roc curve also shows how good your classifier is!"}, {"type": "image", "content": "https://miro.medium.com/max/2560/1*pMmF3vXsiwRlgGb1gnue4g.png"}, {"type": "sentence", "content": "In the above figure, we can clearly understand that what kind of graph will tell us if the classifier is good or not! Well, let's look at our ROC curve!"}, {"type": "sentence", "content": "The output would be:"}, {"type": "image", "content": "https://miro.medium.com/max/854/1*WSBblsAatCVTfLBuLO0z4w.jpeg"}, {"type": "sentence", "content": "Therefore, this classification model is the perfect classifier!"}, {"type": "sentence", "content": "Clustering comes in when we can not do the regression and classification of the data. That being said, clustering is distributing the data to its closest group. Clustering is an unsupervised machine learning technique in which you train a model to group similar entities into clusters based on their features."}, {"type": "sentence", "content": "In this example, I will be using a pre-defined dataset! You can use any dataset you would like! Let's load the data first!"}, {"type": "image", "content": "https://miro.medium.com/max/776/1*r-AlgCWhDpKaFCFzERwt-w.jpeg"}, {"type": "sentence", "content": "The challenge is to identify the number of discrete clusters present in the data and create a clustering model that separates the data into that number of clusters. Another challenge is also to visualize the clusters to evaluate the level of separation achieved by your model. First off, let's use PCA to make 2D version visualization. \"PCA is a dimensionality reduction method that is often used to reduce the dimensionality of large data sets, by transforming a large set of variables into a smaller one that still contains most of the information in the large set.\" Therefore, we will be using it to make the dataset into a 2D version and then visualize it."}, {"type": "image", "content": "https://miro.medium.com/max/846/1*LTV1Hu4MmS2x3eNnJVMiMw.jpeg"}, {"type": "sentence", "content": "We can also run multiple cluster size examples using the KMeans clustering algorithm to find the suitable cluster size. Okay, let's do that!"}, {"type": "image", "content": "https://miro.medium.com/max/1046/1*EMR3BSrJMP4QFyE_HdWEDQ.jpeg"}, {"type": "sentence", "content": "In the above figure, we can see that there are four edges or elbows if you call it. These elbows tell us that there can be four possible clusters that exists in this dataset! Cool, right? \ud83d\ude06"}, {"type": "sentence", "content": "Now, we are going to use the KMeans cluster with 4 cluster sizes!"}, {"type": "sentence", "content": "In the above code, n_init means 500 times of training and max_iter 1500 means that in each training, there can be a maximum of 1500 iterations. Now, let's visualize the clusters!"}, {"type": "image", "content": "https://miro.medium.com/max/1934/1*fGxyU0K9Qcr2lJ5EzhqVTg.jpeg"}, {"type": "sentence", "content": "We have got our clusters right? Yeah looks cool! Clustering can be useful to make the classification as well. Think about it! \ud83d\ude09"}, {"type": "sentence", "content": "That's it for today! Cheers! \ud83d\ude03"}], "topic": "data-science", "uuid": "6e06086c0030e9359c973b0f73f7b38bb7680c52ce8280d890aa6a17", "link": "https://mahedihasanjisan.medium.com/regression-classification-clustering-c7395ba6af28"}