{"title": "Millions of people are missing their 2nd COVID-19 doses, and that has experts worried about herd immunity", "data": [{"type": "sentence", "content": "One man struggled to get a second dose for his mother after she missed her appointment. Many are missing them because of access or scheduling issues."}, {"type": "sentence", "content": "By Yelena Dzhanova"}, {"type": "sentence", "content": "Over the weekend, data from the Centers for Disease Control and Prevention showed millions of..."}], "topic": "science", "uuid": "6e5fc1147750bfa24d822ea1817994929bef1dfa43e1cff06eb46135", "link": "https://medium.com/business-insider/millions-are-missing-their-second-doses-of-covid-vaccines-65584c45cd63"}