{"title": "The Mindset Of An Entrepreneur", "data": [{"type": "sentence", "content": "Mindset Is Everything"}, {"type": "sentence", "content": "We all have learned how many individuals have become successful in their business endeavors. Maybe, you have as well attempted getting into the entrepreneurial filed yourself but regrettably, you were not able to come through unlike the other people. What's the difference?"}, {"type": "sentence", "content": "Beginning a business as an entrepreneur online is simply like beginning a tangible business, except that you'll have to accomplish all your transactions online and you're able to reach a global market and this can be a benefit."}, {"type": "sentence", "content": "However, the same troubles may likewise be experienced when beginning an online business although you don't have to fret about renting out buildings or renting kiosks."}, {"type": "sentence", "content": "All the same, one matter is the same for all different types of businesses so that they may become successful - the correct mentality. When you do your initial startup with the correct approach then you'll be able to gain ground in the race."}, {"type": "sentence", "content": "What are the characters that you ought to possess in order to win in business?"}, {"type": "sentence", "content": "Before you set about starting your online business, it is crucial that you have the correct knowledge when it comes to executing a business. You can't simply take it all on without making the correct plans. The deficiency of planning when it comes to taking actions when it comes to your business is crucial, without that you're likely to fail."}, {"type": "sentence", "content": "Embarking on any business, whether on the net or in the tangible world, would likewise call for a lot of doggedness."}, {"type": "sentence", "content": "Although individuals might say that fate ascertains how your business would go, you are able to actually alter the fate of your company, particularly if you're determined in making it successful. It's really crucial that you take away all the damaging vibes that you have and feel positive about what you're about to experience."}, {"type": "sentence", "content": "Discipline is the key-"}, {"type": "sentence", "content": "Discipline is likewise required to become successful in your business. In a tangible business, you'll have to get up each morning to travel to your establishment and see how matters are going. If you have it online, you are able to check into any transactions anytime of the day presenting you more freedom when it comes to handling your time."}, {"type": "sentence", "content": "All the same, this would occasionally make one lazy and complacent on the comings and goings of the business. As you are able to have the luxury of time, you're likely to postpone the things you'd have to do for the day and rather get them accomplished tomorrow."}, {"type": "sentence", "content": "Transactions are likewise made online and assorted tools may be utilized to make managing of the business a bit simpler. This enables you to manage the whole business on your own and without the need of help from any other individual. Regrettably, you may not have anyone else with which to entrust the dealings of your business and you can't get help in case you're not able to live up to your role."}, {"type": "sentence", "content": "While the correct mentality in having a business would make you more likely to succeed in the project, you have to still remember that it isn't a walk in the park. You'd need to exert effort to see to it that you succeed in your business."}, {"type": "sentence", "content": "Go for the long run-"}, {"type": "sentence", "content": "Open your eyes to how far your business may take you. Now that you've already decided on arranging a business, you might be asking where it may take you."}, {"type": "sentence", "content": "Its common place to feel a little hesitant during this stage, particularly if it's your first time to try out this type of venture. You might feel a bit stressed out about the whole thing but don't fret, you'll be able to manage everything."}, {"type": "sentence", "content": "Any sort of business may bring you success, whether it's a net set-up or a tangible store, if it's managed the correct way. Remember that it doesn't only take time to glean great advantages; it would likewise require a little effort from you. Running around like a chicken with your head cut off does not increase your chances in having a successful business."}, {"type": "sentence", "content": "When you have gotten to be triumphant in your business venture, where does it take you? Most individuals would agree that it will give you the most freedom when it comes to finagling your time."}, {"type": "sentence", "content": "If you're the sort of individual who would love to stay at home and be with the children and loved ones, this is absolutely the best choice for you."}, {"type": "sentence", "content": "In addition to that, you'll already have the luxury of time to do all the things you wish to do but neither had the time nor the cash to do so if you are the boss."}, {"type": "sentence", "content": "Not only is it advantageous for you in terms of your time, you'll also begin to experience financial freedom. Naturally, this is what everyone wants. Reaping lots of money without having to work too much for it is absolutely a tempting offer and the closest way to accomplishing this goal is through a successful business."}, {"type": "sentence", "content": "Individuals Who Have Made A Go Of It"}, {"type": "sentence", "content": "While most of us are hesitant about having our own business, a lot of individuals have courageously taken the risk and reaped a lot of awesome advantages because of it. All their efforts have paid off as they begin to experience having financial freedom and the luxury of time to do the things they wish."}, {"type": "sentence", "content": "These individuals didn't have lots of experience in promotion or handling a business. All the same, they bravely took the risk and the uncompromising determination that they had proved the decision correct as they became successful in their business venture and carry on enjoying the benefits of it."}, {"type": "sentence", "content": "For this reason, there's no place for you to have misgivings because it is likely that you as well will accomplish the same thing as they did. If you're equipped with bravery and determination to experience this seemingly daunting (but not truly) task of taking on a business."}, {"type": "sentence", "content": "If you read on, you'll be able to get a few more pointers that you are able to add to your determination and mentality to help you become victorious in having a business. Now that everything is inside your reach, you have to grab the opportunity that might come only once in your life."}, {"type": "sentence", "content": "Taking Your Entrepreneurial Skills Online-"}, {"type": "sentence", "content": "How do you start? If you want to take your business in the direction of online, of course, you'll require a PC that's connected to the Net."}, {"type": "sentence", "content": "This will be your 1st step in making a connection into the online world. Through this, you are able to likewise have access to the many wonderful opportunities that having a net business may bring you."}, {"type": "sentence", "content": "Now, it's crucial that you're careful with your choices of where to begin your net business. Otherwise, you may be scammed. As luck would have it, a lot of sites can already be trusted in providing you a great start in your net business."}, {"type": "sentence", "content": "Taking the offensive isn't the only thing you'll be considering when beginning your business. Some times, you'll have to do particular things in order to lull employers and service purchasers to get your service. Here are a few ways you may do it:-"}, {"type": "sentence", "content": "This undertaking might sound a bit difficult and daunting but it doesn't have to. There are in reality a lot of premade sites available over the Net and all you truly have to do is add content to your site."}, {"type": "sentence", "content": "Content is really crucial to promote your business on the net. First, you will have to make certain that it becomes visible by utilizing particular keywords in your site that are focused on your business."}, {"type": "sentence", "content": "A different excellent way to market your business as well as your site is to build a blog. Simply make it a point that when you make content for your blog, you don't push outright selling but instead do it with refinement."}, {"type": "sentence", "content": "You are able to accomplish this by talking about a subject that's close to what your business is providing and then place links to your website in the blog entry."}, {"type": "sentence", "content": "Social Networking-"}, {"type": "sentence", "content": "A great way to connect to a broader audience is through social networking sites. You are able to connect with potential buyers by making a Facebook account and Twitter account."}, {"type": "sentence", "content": "They're easy to utilize and you are able to register through these sites free of charge. Then, you are able to make status updates and additional news updates focused on your subject through these accounts to draw in a bigger audience."}, {"type": "sentence", "content": "Love What You Do-"}, {"type": "sentence", "content": "The most beneficial way that you are able to enjoy work is to think that you're not doing work at all. If you feel like you're having fun with what you do, it doesn't become a burden any longer and it would simply seem like you're doing a pastime and begin pulling in something from it."}, {"type": "sentence", "content": "When it comes to your business, the same rationale is likewise applied. But, you need to know that there are a lot of different things you can do. There are places on the net that offer a broad range of opportunities so that it's possible for you to choose something that you love to do."}, {"type": "sentence", "content": "Work may often get in the way of the matters you wish to do in life. As a matter of fact, it is only when individuals retire that they're able to do what they've always wanted to do, but never had the luxury of time and cash. If you're working a job, unlikely that you've adequate time to spend with your friends, your mate, and yourself."}, {"type": "sentence", "content": "But, everything will shift when you go into business. If you choose to do your work through the Net, you are able to easily work from home without having to wake so early to prepare, eat, dress, and go to the office. You don't have to fret about being caught in heavy traffic if you remain at home."}, {"type": "sentence", "content": "Therefore, if you choose to do business on the net you will have more time to take care of yourself, get a great night's rest and take your time. You are able to even manage your time whichever way you wish it to."}, {"type": "sentence", "content": "Just so long as you're able to commit to deadlines and submit your work on time, you will be able to have the luxury of time to spend for other more significant things like self and loved ones."}, {"type": "sentence", "content": "While you may believe that your business won't be able to generate as much money as your 9-5 job would, think again. You are able to still earn as much depending upon how much time you put in. You might likewise be able to get a provider that provides higher rates for your services particularly if they find you reliable and are a provider of great quality services."}, {"type": "sentence", "content": "you are able to spend more time with your partner, your acquaintances, or yourself and do anything you wish to do."}, {"type": "sentence", "content": "Keep Trying, Don't Quit-"}, {"type": "sentence", "content": "If you fall down, don't forget to get up once more."}, {"type": "sentence", "content": "Whether a business is based on the net or has a physical mercantile establishment, it's still not safe from things that can happen, losses, or failures. Now, if you're one who is just beginning or planning to begin a business, you have to face it that it's inevitable to have failure at some point with something. All the same, it is how you get back up once more, and this is what really becomes the measure of your victory."}, {"type": "sentence", "content": "A lot of awesome businesses have had major losses when they were just beginning. Even if they have been established companies, they still are not safe from going through a loss or failure in the business."}, {"type": "sentence", "content": "This is the reason why you ought to be able to prepare for this first so you are able to make an awesome comeback even if you fail."}, {"type": "sentence", "content": "It may be dispiriting to see your business fall apart after much sweat. If you're freelancing on your writing services and saw that your customers have started to pull away their job orders from you, don't lose hope."}, {"type": "sentence", "content": "After a major crisis like this, it might help that you take a break first and think about things clearly and soundly. You may wish to determine the causes of your failure. Why did the customers withdraw their orders? Was it because of the quality of your work? Was it because you didn't submit work on time inducing a strain on their business?"}, {"type": "sentence", "content": "Once you've figured these things out, decide on how you are able to improve the next time around. You may decide on taking training to better the quality of your work. You may as well wish to be able to manage your time better. If you trust that you can't do the jobs on your own, attempt to recruit other reliable individuals and form a team."}, {"type": "sentence", "content": "Once you stage a comeback, it may be difficult to get the customers back. You may wish to reassure your former customers that you'll try to do better this time. If you get fresh customers, you could as well promise them quality and work on that promise, in order to recreate the reputation of your business."}, {"type": "sentence", "content": "Now that you've started your business, you ought to do your best to keep the momentum. When you get to be a reliable supplier of services, continuous work will find its way to you. This assures you that you are able to get work each day and not have to fret about hitting a dry spell."}, {"type": "sentence", "content": "All the same, when the work gets delivered to you, there could be a time that failure returns once more. Your success may overwhelm you and you may begin accepting project after project that you're not able to catch up with."}, {"type": "sentence", "content": "You are able to do this only if you trust you are able to fulfill every work guarantee you give to your customers. If you can't, you had better understand how to not take on the work."}, {"type": "sentence", "content": "We all understand that success could take us as far as we wish but accepting too many projects at once doesn't guarantee success to your business. You ought to be able to control the comings and goings of your business to preserve the success. One wrong move may make it fall apart so you better be cautious. Once you're able to work with what you have and work well with it, as it's what you love and want to accomplish, you'll certainly reach that goal."}, {"type": "sentence", "content": "Now, it's also inevitable that your business will need to have a good-looking over to keep up with the times. While for you, this may mean another expense to pay off, consider it the other way. While you might be investing your cash, you'll be acquiring the knowledge you require in order for your success to be sustained. Besides, you'll be able to reap the benefits in time and you will be able to in reality be able to take twice, or three times the cash you've invested."}, {"type": "sentence", "content": "So now you have all you need to launch an awesome business and to keep it running. Utilize these steps at once and add more value to your life."}, {"type": "sentence", "content": "Zita Fontaine Aldric Chen Marcel Badia Marc Andreessen Maria FS Rachel Kramer Bussel Anahi Bustillos Andre Dominguez Tonya S. Ware Philip Ebuluofor Angela Volkov Philip Elmer-DeWitt Linda Spangle Linda Peterson Aline M\u00fcller Shirley J. Davis Alyssa Atkinson Victoria Allen Alasdair Allan Alyssa Herrera Alyssa Giacobbe Ally Snow Carol Burt Victoria Strake Ally Maynard Nilla Chen Amber Naslund P.S. I Love You Kara Summers Kara Nortman Dean Rocheleau Kara Goldin Helen Cassidy Page Drew Houston Bradley Allen Siddharth Chatterjee Hunter Walk Zita Fontaine Elsa Cohenn Robert Roy Britt Ella F. Marichelle E. Urquico Mike Huang Emthy Jason McGathey Janna Lorensen Iqra Mukhtar Sinem G\u00fcnel Austin Harvey Tim Denning Zulie Rane"}], "topic": "startups", "uuid": "6e807c9a3574d00296763f0f357883b6c1bd8b405a6287483b15e3f9", "link": "https://siddharthxbhader.medium.com/the-mindset-of-an-entrepreneur-574ea71029c5"}