{"title": "Nine Lessons For a Successful Etsy Shop", "data": [{"type": "sentence", "content": "In September 2020, I was terrified when I clicked on that orange \"Open a Shop\" button. I didn't know if this would work out, and I knew I could potentially lose a lot of money if things didn't. Now, seven months later, I know that my Etsy shop could be a huge income stream for me."}, {"type": "sentence", "content": "This article will show you how I made $1423.02 from a single design on Etsy, which I ordered on Fiverr. That amount is unique to me, and nobody can promise you'll see the same results. But if you follow the steps laid out below, you'll do much better than those who don't. There are no magic tricks or secret practices you need to do - only honest work to get you noticed."}, {"type": "sentence", "content": "Let's get started!"}, {"type": "subtitle", "content": "Potential Clients Resonated With The Design"}, {"type": "sentence", "content": "The first and foremost reason this worked was the design spoke to its intended audience. My audience for this particular design is anyone who writes code. And the design highlighted one of our daily struggles."}, {"type": "sentence", "content": "I knew this design would work well because I am a developer too, and that design spoke to me."}, {"type": "sentence", "content": "Action Item: Choose a design that you know you would enjoy wearing or one that highlights a shared struggle or joy for a particular group of people (it's even better if you're part of it)."}, {"type": "subtitle", "content": "I Used All 13 Tags"}, {"type": "sentence", "content": "Tags on Etsy are super important. If you don't choose your tags carefully, Etsy might show your item to people who aren't even interested in the design topic - let alone the product."}, {"type": "sentence", "content": "For maximum exposure, it's best to use all tags in your listing. It's even better if you choose tags that convey what a person would type into Etsy's search bar. Remember that not only your intended audience buys stuff for them. It could be their mom, their significant other, or their friends, too."}, {"type": "sentence", "content": "Action Item: Use all 13 tags in your listing. Type in tags that convey what people would search for on Etsy's search bar. Don't restrict yourself to just your design. Think about the broad topic. If your product attracts Engineers, perhaps add the tag \"engineer gift\" as well."}, {"type": "subtitle", "content": "I Used The Design In Multiple Products"}, {"type": "sentence", "content": "When you use a design in your shop, it's often best to use it in multiple products. In my case, people bought t-shirts the most, but the rest of the revenue came from hoodies."}, {"type": "sentence", "content": "Hoodies are also a more high-ticket product. If you go to the store, you'll see hoodies that cost anywhere between $30 to $40. So to buy a hoodie with an original design for $39.99 is not so outlandish."}, {"type": "sentence", "content": "Action Item: Create more products with your design, and make sure to add all tags for those products as well. You may never know if there's one combination of product and design that could explode on Etsy if you don't try."}, {"type": "subtitle", "content": "I Used Etsy Ads"}, {"type": "sentence", "content": "From the dawn of my store on Etsy, I used Etsy Ads. It's the most significant sales driver for my shop because I don't have a social media audience."}, {"type": "sentence", "content": "That bodes well for you since it means you could start a shop without a preexisting audience."}, {"type": "sentence", "content": "To make Etsy Ads work for you, you should always make sure that you use all tags in your listing and that the tags convey what people will type in the search."}, {"type": "sentence", "content": "Many sellers are afraid that if they set the daily budget for Etsy Ads too high, they'll lose money instead of earning more. The truth is the opposite. Etsy only charges you for an ad when people click on it. And if a person clicked on your ad, that's already one step closer to buying from you."}, {"type": "sentence", "content": "In other words, if you set your budget to $25/day and people constantly click on your shop and don't buy anything - there's something you need to fix in either your pricing or your product."}, {"type": "sentence", "content": "Or perhaps you need to start with a lower Ad budget, build some reviews, and then increase the funding. People want to see what others think of your service and that they aren't taking a chance with you."}, {"type": "sentence", "content": "Action Item: Set a daily budget for Etsy Ads. Start with $10 and see where that gets you. Make sure all advertised products have all 13 tags."}, {"type": "subtitle", "content": "I offer Free Domestic Shipping"}, {"type": "sentence", "content": "Etsy loves it when you offer free shipping. You don't have to provide it to every buyer that comes into your shop. But even if you provide it only to your US shoppers, that's already a massive boon for your shop's visibility."}, {"type": "sentence", "content": "Etsy also allows you to filter by sellers who offer free shipping. That's a place you want to be for potential domestic customers."}, {"type": "sentence", "content": "Don't be afraid to offer free shipping and charge more for your product to cover the cost. Most shoppers, myself included, would often be more interested in a product with free shipping than one without."}, {"type": "sentence", "content": "Action Item: Offer free shipping to your US shoppers. Price your items accordingly."}, {"type": "subtitle", "content": "I Chased Reviews"}, {"type": "sentence", "content": "5-star reviews are the holy grail of any shop on Etsy. It's what your credibility as a seller rests on more than anything else."}, {"type": "sentence", "content": "You might have thousands of followers on Social Media, but if I come to your store and see that there are no reviews (or even just a handful), I'll hesitate to buy from you."}, {"type": "sentence", "content": "That's why you need to chase reviews and be proactive about getting them. Not only is it a chance to practice your customer service skills, but it's also a constant reminder that behind every sale, there's a human being that decided to invest money in your business."}, {"type": "sentence", "content": "You should applaud them for that decision."}, {"type": "sentence", "content": "Action Item: once a week, go over your delivered sales and send a neat little message that asks your customer if everything was to their satisfaction."}, {"type": "sentence", "content": "If it wasn't, ask to know why. If it was, ask for a review as a new seller on Etsy and tell them it would mean the world to you if they could award you a 5-star review."}, {"type": "subtitle", "content": "I Included More Than 500 Characters In The Listing Description"}, {"type": "sentence", "content": "Etsy is also a search engine. In simple terms, that means you need to optimize your listing page."}, {"type": "sentence", "content": "Just like every basic SEO guide will tell you, you need to have a specific title, description, and tags that correspond to the item you want people to find when they search for products."}, {"type": "sentence", "content": "But Etsy has more complex advice for sellers:"}, {"type": "sentence", "content": "People who browse Etsy have a lot in common with people who browse Amazon. The difference is that Etsy's catalog features vintage or hand-crafted items. And people who browse Etsy sometimes shop for stories more than they shop for the actual items."}, {"type": "sentence", "content": "That's why it's so essential to weave a story around your design. It doesn't have to be a fully-fledged microfiction (even though that would be super cool), but it could be an anecdote about how you relate to your design, or what inspires you about it, or how you feel about people getting it."}, {"type": "sentence", "content": "There will be some designs that speak to people just by looking at them, as I described at the beginning of this article. But if it's not that obvious, your description could connect the potential client with the design on a deeper level."}, {"type": "sentence", "content": "Aside from the positive effect that more text has on search engine bots, think about this as an opportunity to really connect to what you're doing. This journey is more than just the money aspect of starting a shop on Etsy. It's a journey to share something profound with the world."}, {"type": "sentence", "content": "For example, let me share with you a review that I got on a design that I shared after some people in my inner circles got the coronavirus:"}, {"type": "image", "content": "https://miro.medium.com/max/2000/1*uQEw4UbnXtDv_KKOe3hxmg.png"}, {"type": "sentence", "content": "Tiana survived covid-19, and that connected with the design on a personal level. That review warmed my heart! Your designs could do the same."}, {"type": "sentence", "content": "Action Item: Spend some time understanding how you relate to a design of yours on a deeper level. Weave that into the description of your listing."}, {"type": "subtitle", "content": "I Took An Existing Idea And Repurposed It"}, {"type": "sentence", "content": "Your designs don't have to be 100% original. For example, if you'll search Etsy for \"that's what she said,\" you'll find so many variations of this phrase on many items. That phrase isn't copyrighted."}, {"type": "sentence", "content": "But you know what is copyrighted? Brand names, images, and trademarks. Don't put those in your designs, and you should be fine. I understand that the thought of putting Sailor Moon or Goku on t-shirts is tempting - but it's illegal. Plain and simple."}, {"type": "sentence", "content": "I highly encourage you to browse Etsy for broad topics that interest you and see the various designs on offer. Do market research."}, {"type": "sentence", "content": "You'll quickly find out that you could recreate many of the designs you find using a tool like Canva. Nobody owns everyday language, and many of those designs are simple sentences."}, {"type": "sentence", "content": "You could add your unique graphics using Canva, and voila, you have your own representation of an existing idea. It won't be the first time that humans took an existing idea and repurposed it. Don't be afraid of doing so."}, {"type": "sentence", "content": "Action Item #1: Browse Etsy on the topics that matter to you and find designs that you think you can repurpose as your own. Make sure they don't include copyrighted names, graphics, or trademarks."}, {"type": "sentence", "content": "Action Item #2: Browse Fiverr to find sellers that offer t-shirt designs. Get to know the environment. You might find yourself ordering designs in bulk very soon."}, {"type": "subtitle", "content": "I Don't Make My Shirts Myself"}, {"type": "sentence", "content": "I don't make shirts. I use services like printify.com or printful.com to print my orders on demand, which means only when an order comes in."}, {"type": "sentence", "content": "That way, I don't have to keep storage, and I can also let things work automatically through software magic."}, {"type": "sentence", "content": "Both sites I mentioned have software integration with Etsy. Meaning, I could be sleeping when an order would come in and automatically would go to fulfillment."}, {"type": "sentence", "content": "As a small shop owner, you don't want that yet. You need to be involved in the process and make sure that there are no misspelled names in the orders, that the addresses are correct, etc."}, {"type": "sentence", "content": "When you grow with your catalog, reviews, and sales, then you might consider putting some stuff on automatic fulfillment, or hopefully, hire someone to eject you from the process. It's a game of income vs. outcome, and for now, you have zero income coming in."}, {"type": "sentence", "content": "Action Item: Check out printify.com, printful.com and do your research for additional fulfillment services that integrate with Etsy. Then, sign up for one of them and start creating product templates to push to your store."}, {"type": "subtitle", "content": "Conclusion"}, {"type": "sentence", "content": "In this guide, I shared how I made $1423.02 from one design on Etsy."}, {"type": "sentence", "content": "I walked you through the essentials of tags, making sure the design and its description speak to people, and taking the ideas that work and repurposing them to your own needs."}, {"type": "sentence", "content": "In each section above, I also gave you an action item that will help you get a tangible result from this article."}, {"type": "sentence", "content": "I highly encourage you to follow through and ask questions along the way. If I could do it, and I'm working a full-time job, so could you."}, {"type": "sentence", "content": "Good luck!"}, {"type": "sentence", "content": "If you're a geek creator, sign up to get my book for free when it comes out."}], "topic": "marketing", "uuid": "70afaaf9721c78c320698c5665ca2ed4f3d569c466b61305630456ea", "link": "https://medium.com/swlh/nine-lessons-for-a-successful-etsy-shop-6f0430fda026"}