{"title": "When You Love Someone but Don't Like Being Around Them", "data": [{"type": "image", "content": "https://miro.medium.com/max/2508/1*IUzKmOC2TQBihHMT0Js_0A.jpeg"}, {"type": "sentence", "content": "Is it possible to love someone but not want to be around them?"}, {"type": "sentence", "content": "Sure. It happens more than people like to admit."}, {"type": "sentence", "content": "Most of us have had someone in our lives that we care about deeply but dread seeing. Perhaps they're verbally abusive. Or push all our psychological buttons. Or bend our antennas and distort the image of how we see ourselves."}, {"type": "sentence", "content": "These people are usually close to us - a mother, father, employer, business partner, friend, or even a lover or spouse. And this connection makes us feel like we can't ever leave the relationship or abandon them, no matter how abusive they are."}, {"type": "sentence", "content": "They use this sense of loyalty, duty, and obligation to their advantage. And they create a magnetic force field to dial the pressure up and down as needed to keep us from leaving."}, {"type": "sentence", "content": "But what holds this magnetic force together? And how does attraction work?"}, {"type": "subtitle", "content": "The 6 Treatment Settings"}, {"type": "sentence", "content": "It's usually not one force, but a series of pressure points techniques they spray on us like one of those fancy high-pressure showerheads. Listed below are 6 of those distinct settings, but there are more:"}, {"type": "subtitle", "content": "How can you be mad with someone who showers you with love?"}, {"type": "sentence", "content": "Whenever we get fed up, reach our limits, and decide we've had enough bullying or guilt, they sense it. And they quickly turn the dial to one of the more attractive treatments - remorse or charm - which pull us right back into their force field."}, {"type": "sentence", "content": "But this constant dial changing throws off the courage of our convictions. And we wonder if we've misread their intentions or were too harsh in our judgment."}, {"type": "sentence", "content": "\"Maybe it's not him (or her), but me?\""}, {"type": "sentence", "content": "All they need is a slight doubt and little uncertainty. That's how they destabilize us by making us question what we saw. Besides, how can you be mad with someone who showers you with so much love and attention (at times)?"}, {"type": "sentence", "content": "In those extreme situations-where their treatment of us has gone too far and crossed sacred lines-we swear we're going to stand up for ourselves, break up and break free from this unhealthy dynamic."}, {"type": "sentence", "content": "But just as we're about to drop the news, they lather us up with more feel-good emotions. And if that doesn't work, they keep twisting the knob until they find the perfect treatment to pull us back into their sphere."}, {"type": "subtitle", "content": "Awareness is key"}, {"type": "sentence", "content": "Do our loved ones know what they're doing to us?"}, {"type": "sentence", "content": "Hmm. It's hard to say. Some do. Some don't."}, {"type": "sentence", "content": "But don't waste too much of your time trying to figure out their motives. Instead, the key is to be aware of when they're doing it to you and how it affects your emotions."}, {"type": "sentence", "content": "I find it helps to put a mental label on each treatment they use on you. And then another on how you respond to that specific setting."}, {"type": "sentence", "content": "For instance, they play victim, and you feel like the bad guy. They get angry and belligerent, and you back off and stand down. They start crying, and you stop having the honest talk you need to have with them. You try to call things off, and they suddenly have a major crisis in their life where they need your help and support."}, {"type": "sentence", "content": "\"I can't leave them now!\""}, {"type": "sentence", "content": "Most people who find themselves caught in this force field have difficulty arguing with them because they keep switching the dial settings in a mean-nice manner. These operators are experts at knowing what treatment will work to make you feel guilty or fearful. And they know how to make themselves look like the rational ones."}, {"type": "sentence", "content": "Somehow they always come out looking like the wounded one, and you look like the villain. But you have to realize this is all part of the deceptive treatments they deploy to confuse and control you."}, {"type": "subtitle", "content": "Seven Questions"}, {"type": "sentence", "content": "If you feel like a loved one might be manipulative but aren't sure yet, ask yourself these seven questions:"}, {"type": "sentence", "content": "If so, it's time to examine your interactions in more detail. You may feel you're not strong enough or brave enough to stand up to them. But you may be dealing with an expert manipulator who's been using these techniques all their life."}, {"type": "subtitle", "content": "They know your buttons"}, {"type": "sentence", "content": "These conscious or unconscious manipulators may be so good at dialing you in you feel defenseless when you're around them. But you're stronger than you realize."}, {"type": "sentence", "content": "People that know how to manage others with guilt rarely change for good. Instead, they customize their treatments to get you back into the tangles of their relationship web."}, {"type": "sentence", "content": "But once you're stuck in the relationship trap and struggle to leave, they usually revert right back to using you as the punching bag for their anger or as a waste dump for their toxic material. And you find yourself, once again, dreading your relationship with them and your inability to stand up for yourself."}, {"type": "subtitle", "content": "Love hurts"}, {"type": "sentence", "content": "I realize this relationship treatment sounds extreme, if not sinister, especially from someone who supposedly loves and cares for you. But I see it happen all the time between parents and kids, lovers and mates, and friends and business partners."}, {"type": "sentence", "content": "Most of our hurt, pain, and heartache in life comes from people who claim to love and care for us. But we need to understand how some people manage us through guilt or intimidation."}, {"type": "subtitle", "content": "Do they fill you or drain you?"}, {"type": "sentence", "content": "If your mother, father, employer, business partner, friend, or even a lover or spouse fills your battery\u200a-\u200aspend more time with them."}, {"type": "sentence", "content": "But if they deplete your battery whenever you're with them, you need to question whether it's healthy for you to be with them. Because of their hypnotic skills, you may have to avoid getting within their manipulative range or psychological reach to give you perspective."}, {"type": "sentence", "content": "These people rarely want you to leave the relationship because they thrive off your co-dependent behaviors. And they need to see if you'll love them unconditionally and let them beat up on you, dump on you, and work out all their childhood issues with you."}, {"type": "sentence", "content": "The first step in taking effective control of your relationships is recognizing when your loved ones use guilt, intimidation, and victimhood to manage you. Just the awareness alone will help you see through their techniques and understand better their influence on you."}], "topic": "mental-health", "uuid": "7175d96fbe52342b77f50cc7165d6195fbfbc245d05dd1516854bdcf", "link": "https://psiloveyou.xyz/when-you-love-someone-but-dont-like-being-around-them-c2cdfe0bb665"}