{"title": "Understanding Curriculum Reform in the Netherlands", "data": [{"type": "image", "content": "https://miro.medium.com/max/10934/0*3XqK_2DY7i_fGuTr"}, {"type": "sentence", "content": "In the study conducted by Kuiper, Nieveen, and Berkvens (2013) on curriculum reform in the Netherlands, curriculum regulation is construed as a government's intention to completely control the situation in all educational settings from input level (goals and contents) to output level (assessments and surveillance), leaving hardly any room for school and teacher's freedom."}, {"type": "sentence", "content": "On the other hand, curriculum deregulation means a government's intention to avoid any prescriptive modes and instead promote school-based decision-making, giving complete freedom for schools and teachers to tailor the curriculum according to their needs and characteristics."}, {"type": "sentence", "content": "The issue above faced by the Netherlands is related to the teacher's professional dilemmas discussed in Briant and Doherty's (2012) article. The dilemma is whether a curriculum perceives a teacher as a professional who has proficient competencies and judgments to conduct a classroom autonomously or as a technician who should only follow the prescribed curriculum."}, {"type": "sentence", "content": "This first dilemma is also related to the second dilemma, that is, how teaching is perceived as to merely address the assessment requirements or promote knowledge and the spirit of learning."}, {"type": "image", "content": "https://miro.medium.com/max/12032/0*qhOnGZ4L0H6FulHi"}, {"type": "sentence", "content": "The case in the Netherlands as studied by Kuiper, Nieveen, and Berkvens (2013) provides a challenging paradox in executing these two perspectives. When the Netherlands strictly prescribed the curriculum, the result was it is interpreted as undermining the teacher's professionalism and affecting the credibility of the teacher negatively. However, when complete freedom was given to recontextualize the curriculum, it was reported that teachers lacked confidence in their curriculum design competency and struggled to utilize the curricular freedom, resulting in non-optimal learning and teaching process."}, {"type": "sentence", "content": "Rather than fully implementing curriculum regulation or curriculum deregulation separately, balancing both perspectives is considered as the most accommodating way."}, {"type": "sentence", "content": "To manifest this idea, a comprehensive curriculum framework should be formed, aiming at providing direction, specification, and exemplification to guide schools, teachers, and textbook publishers in their interpretation and choices for curriculum enactment."}, {"type": "sentence", "content": "The curriculum framework shall also be accompanied by supporting educational materials that can be adjusted to the local objectives of the school. The challenge of this idea lies in what extent the coverage of curriculum framework is, which will define what knowledge is most worth learning and teaching."}, {"type": "sentence", "content": "In the midst of massive demands from various stakeholders regarding what the worth learning subjects are (e.g., digital literacy, financial education, health education, environmental education, and so forth), sometimes an overloaded curriculum is inevitable. Therefore, a curriculum framework shall be perceived as mere helpful guidance that requires no standardized testing and a bit of supervision to allow schools and teachers to refer and recontextualize it according to their local settings."}, {"type": "sentence", "content": "Subscribe to Insights from Educate for a midweek dose of professional learning and inspiration from authentic voices in education."}, {"type": "image", "content": "https://miro.medium.com/max/1200/1*75X_AixoZXocR_3Irk_vEw.png"}], "topic": "education", "uuid": "726324ae3a736cf28cfdea1493720d81c3d576c3c575a704a07d6bce", "link": "https://medium.com/educate-pub/understanding-curriculum-reform-in-the-netherlands-f0c33043b0e3"}