{"title": "Anxiety Was Driving My Life, Until I Slammed on the Brakes", "data": [{"type": "image", "content": "https://miro.medium.com/max/5738/1*XTbO7SZVQH7qOjbZfGvYMw.jpeg"}, {"type": "sentence", "content": "Readers please note: if you need help dealing with anxiety or depression, contact the Anxiety and Depression Association of America, or see a mental health professional."}, {"type": "sentence", "content": "In my mid-30s, I spent about a year plagued by the recurring feeling that I'd misplaced something. I'd look around - my kids were accounted for, the oven was off, my wallet was in my purse. Then I'd remember: what was missing was my anxiety, that nearly constant companion since early childhood telling me I needed to do more, do it better, keep everyone happy and be happier myself.  Of course none of those things was possible while I poured so much daily energy into holding my anxiety beneath the surface. I was a work-from-home mom of three, a wife, a school committee volunteer, a daughter, a friend...and an anxious, exhausted mess behind the scenes. Trying to pretend the anxiety wasn't there was a losing battle, one that was making every relationship in my life harder, especially the one with myself. So a couple of years ago, I did what many of us - especially women, especially moms - tell ourselves we're not allowed to do: I got selfish for a while. I don't mean I ignored the needs of my kids or my husband, quit my job or skipped off to the spa; I simply realized that I had to prioritize my own issues in order to be the mom and wife I needed to be for my family and the friend and colleague I aspired to be for others."}, {"type": "sentence", "content": "I carved out time to exercise and didn't apologize for it. I shifted my bedtime earlier. I said no to events, invitations and other requests when I knew my plate was already full. I read helpful articles and worked with my doctor to come up with some strategies to ward off anxiety, and to manage it when it did surface.   We all have baggage we tend to shove aside and hope will disappear. It's possible to go about our daily business for months, years or even decades and simply not deal with it. But we're kidding ourselves if we think it's not holding us back. And when we have kids, we're not only hurting ourselves in our denial; we're hurting them. I think it was that particular realization that finally made me do what I knew I should have done so very long ago. I made space in my hectic life to figure out the tools I needed and the behaviors I had to either adopt or give up in order to keep my anxiety in check. It was inconvenient, difficult and unpleasant at times. And absolutely worth it. (In that way, it was a lot like parenthood.) My anxiety is still with me, but it takes up far less space than it used to. I've been free to fill that space with things that bring me joy and lift me up. And when I do feel anxious, as most of us have during the upheavals of the pandemic era, it's a feeling I can navigate around rather than an impenetrable wall. Soon, I hope, I will no longer notice the absence of its weight, because that lighter feeling will simply be the new normal.  We wake up every morning with the intention to do right by those we care about - not to be perfect parents, friends and partners, perhaps, but to do our best. We need to wake up with the same intention to do right by ourselves, and to keep working at it even when the progress is slow. We don't have to announce we're doing it; the effort itself will speak volumes to the people we love most."}], "topic": "mental-health", "uuid": "73a5a97d4136e1943e812cb078663ec4cd75983f480394f230443a22", "link": "https://psiloveyou.xyz/anxiety-was-driving-my-life-until-i-slammed-on-the-brakes-ba6996ba2c68"}