{"title": "Don't Fall for Fertility Fearmongering About Trans Men", "data": [{"type": "image", "content": "https://miro.medium.com/max/1560/0*3iqwRIAJL5gvwCfr"}, {"type": "sentence", "content": "This post is part of Outward, Slate's home for coverage of LGBTQ life, thought, and culture. Read more here."}, {"type": "sentence", "content": "By Evan Urquhart"}], "topic": "science", "uuid": "73d3ea53f2d930188e2de7ee97acbdb187cbd95198baa1b0730344aa", "link": "https://medium.com/slate/dont-fall-for-fertility-fearmongering-about-trans-men-4178e4ef5770"}