{"title": "MVP Lite: Re-Engineering of Software Development Approaches", "data": [{"type": "sentence", "content": "What helps people overcome obstacles? Crushing obstacles is hard work. It requires a lot of planning, time management, inner fire, and a thorough understanding of your goals."}, {"type": "sentence", "content": "Without your objective in mind, it's difficult to dig deep and push forward. Vision makes all the difference when you have a clear goal and know exactly how to accomplish it. Discipline, combined with a managerial approach, can help you overcome obstacles during these uncertain times."}, {"type": "sentence", "content": "Joe and Lin, two friends from childhood, own a mid-sized business in New York. While they do not specialize in IT, they are very well-versed in the field."}, {"type": "sentence", "content": "We connected when the world was already on lockdown. It was fun to joke around with them, saying things like: \"May you live in interesting times.\""}, {"type": "sentence", "content": "That phrase made me curious."}, {"type": "sentence", "content": "Lin later told me it translated to something like, \"It's better to be a dog in a peaceful time than be a man in a chaotic period.\" This saying speaks volumes, and it fully describes why we came to the idea of creating software products using MVP Lite."}, {"type": "sentence", "content": "MVP Lite is an agile-like approach we started to use at MobiDev during these \"interesting times.\" This approach combines MVP, POC, Prototyping, and several other technical and managerial solutions to reduce budget costs and decrease time to market."}, {"type": "sentence", "content": "John and Lin were able to find a way to launch a software product. But that doesn't mean it was a flawless process. Early on, two key issues were identified."}, {"type": "sentence", "content": "They didn't want to put all of their eggs in one basket, which in simple terms, means they wanted to reduce their exposure to risk. IT moves fast, and with startups, anything can change at any time."}, {"type": "sentence", "content": "We decided to focus on identifying user needs, the technology's possibilities and use cases, and our business goals. Lin and John already knew their market very well, so it was easy to identify their key value propositions. Working with a restricted budget and timeline, we concentrated on creating a list of meaningful features and adjusted the tech stack."}, {"type": "sentence", "content": "This project was unique, as both the product owners and the engineering team were influencing business goals, user scenarios, and technology choices simultaneously. Based on the resulting technology choices, some of the business goals were simplified to focus on the core mission."}, {"type": "sentence", "content": "Our results are as follows:"}, {"type": "sentence", "content": "Pre-Covid custom approach"}, {"type": "sentence", "content": "Timeline: 5 months"}, {"type": "sentence", "content": "Budget: $55 000"}, {"type": "sentence", "content": "Technical Solutions: custom design, mobile development, and back-end from scratch"}, {"type": "sentence", "content": "MVP Lite approach"}, {"type": "sentence", "content": "Timeline: 2.5 months"}, {"type": "sentence", "content": "Budget: $23 000"}, {"type": "sentence", "content": "Technical Solutions: material design component, Flutter for cross-platform development, CMS for the back-end"}, {"type": "sentence", "content": "Based on our business needs, we created a cross-platform mobile application for a clothing retail company. We decided to use a template design and ready-made solutions to speed up development, reducing our projected timeline by half and our costs by 58%."}, {"type": "subtitle", "content": "The Step-By-Step Guide to Implement MVP Lite Approach"}, {"type": "sentence", "content": "Following these steps will help you to identify and prioritize features. It will show you how to confidently release a software product to the market using the MVP Lite approach."}, {"type": "subtitle", "content": "STEP 1: IDENTIFY DEMAND IN THE MARKET"}, {"type": "sentence", "content": "It all starts with simple market research. Identify if there is a need for your software on the market. Needs can be organizational or based on customer feedback that addresses a current gap."}, {"type": "sentence", "content": "One way to determine demand is to analyze what competitors are doing and establish how to differentiate your product. You can do this by:"}, {"type": "sentence", "content": "The article \"Business Analysis Deliverables List Software Development\" explores the requirement analysis approach in more detail."}, {"type": "subtitle", "content": "STEP 2: IDENTIFY CONSTRAINTS"}, {"type": "sentence", "content": "The constraint may sound like a negative word, but in this context, it's not. It's actually a good thing."}, {"type": "sentence", "content": "Now you're wondering: how can constraints be good?"}, {"type": "sentence", "content": "In product development, constraints help creators outperform the competition if adequate planning is implemented. Remember, each constraint brings an opportunity to innovate, which leads to smarter development and a more functional product."}, {"type": "sentence", "content": "These are all win-wins in product development. You can do this by:"}, {"type": "subtitle", "content": "STEP 3: THINK BIG"}, {"type": "sentence", "content": "What's next after gathering the essential information about market demand and constraints? It's time to think big. We recommend following these steps:"}, {"type": "sentence", "content": "The article \"UI/UX Design Stages Deliverables Checklist\" explores the UX/UI design deliverables product owners should focus on completing."}, {"type": "subtitle", "content": "STEP 4: ANALYSE A TECH STACK"}, {"type": "sentence", "content": "A tech stack is a set of tools and technologies that you can use to construct and deploy your software product. Tech stacks are combinations of third-party solutions, libraries, software engineering tools, frameworks, and programming languages."}, {"type": "sentence", "content": "The main benefit of using stacks is the ability to use ready-made components that are faster to implement than custom software solutions. Custom solutions are great, but using them leads to increases in development time and budget."}, {"type": "sentence", "content": "MVP Lite focuses more on ready-made components to ensure a faster product launch with lower budgets. This approach can help you:"}, {"type": "subtitle", "content": "STEP 5: EVALUATE A TECH SOLUTION"}, {"type": "sentence", "content": "The next step is to evaluate your solution. You should compare the tech solution's business value with its development efforts and technical constraints."}, {"type": "sentence", "content": "By evaluating your tech solution, you can restrict features by scope or adjust them to fit your parameters. Keep in mind that your development team will also influence the solution scope because your teams provide lots of technical know-how and experience to your projects. You should consult with them as they are subject matter experts, and they can help you evaluate your tech solutions efficiently."}, {"type": "sentence", "content": "Let your development team provide suggestions to improve your product. It's okay if they make suggestions that extend beyond your product requirements. By adjusting the scope of the project, you will create a better product."}, {"type": "sentence", "content": "Every employee working on your project can provide valuable insights that you might otherwise gloss over. The best way to ensure success is to:"}, {"type": "subtitle", "content": "STEP 6: CONVERGE AND PLAN"}, {"type": "sentence", "content": "By this point, everything went pretty well. What's left to do? It's time to converge and plan."}, {"type": "sentence", "content": "Make sure your product's scope and technical solutions match the initial project constraints and key metrics. Even if there is still some uncertainty left in the planning process or the overall process, it's still possible to develop a comprehensive roadmap based on your budgetary constraints and timeline to delivery."}, {"type": "sentence", "content": "Here's what you can do:"}, {"type": "sentence", "content": "This approach is valuable when you need to release or create a software product that can be used and shown to investors within limited timeframes and budgets. It can help attract initial product users, display metrics (active, inactive, and traction), stake out a market niche, and obtain valuable feedback from the investors."}, {"type": "image", "content": "https://miro.medium.com/max/2560/0*rlCJalHn0Woh91xQ.png"}, {"type": "sentence", "content": "Written by Anna Karnaukh, Project Manager Team Leader at MobiDev."}, {"type": "sentence", "content": "The full article is originally published at https://mobidev.biz and is based on MobiDev technology research and experience providing software development services."}], "topic": "ux", "uuid": "7502a17be33e4c2e5dabe56efc621a891fa919b58344984ecc247aef", "link": "https://mobidev-biz.medium.com/mvp-lite-re-engineering-of-software-development-approaches-4a12a376193c"}