{"title": "Machine Learning Pipeline for Beginners -Retail Returns Dataset Part-I", "data": [{"type": "image", "content": "https://miro.medium.com/max/2000/1*az0eLms286TQ__19_tI-Ew.jpeg"}, {"type": "sentence", "content": "You've probably heard of machine learning, considering how famous and impactful it has been in the past decade. Many people, who might not harbour sufficient knowledge of how it works, still consider it 'magic' where we accurately predict what will happen using data. As the field is advancing with countless applications, people with no experience in the field are finding it interesting and want to explore what is actually really happening behind the scenes. In this article, we will explore this magic and learn to build a Machine Learning (ML) model given some data. It will help novice learners understand the basic ML pipeline."}, {"type": "sentence", "content": "To start off, we talk about our dataset. Our dataset is of an online retail store that wants to understand that which of their customers will return an item that they have purchased. In the case of an item being returned, the store has to face losses in terms of shipping charges, since most stores provide free shipping. To mitigate this loss, the store aims to discover the possibility that a consumer will return an item in order to take some counter measures. You can download the dataset and complete code from the Github link at the bottom of Part 2 article. Let's look inside the dataset we are working with:"}, {"type": "image", "content": "https://miro.medium.com/max/2518/1*gm4vTwGmO2YEf87JYn4hoQ.png"}, {"type": "sentence", "content": "We observe that we have a total of 14 columns. Of out these 14, the return column is the target variable, where a value of 1 means that the customer will return an item and 0 means that the customer will not. We have a total of 100,000 rows in the dataset. Let's see the ratio of values in our target feature:"}, {"type": "image", "content": "https://miro.medium.com/max/560/1*CIrm2hsQiGT5MCnf5kyXCw.png"}, {"type": "sentence", "content": "We notice that there are almost equal number of 1's and 0's in our dataset. This aspect negates class imbalance and gives us a balanced dataset."}, {"type": "sentence", "content": "As we aim to discuss the whole ML Pipeline, we cannot jump straight into modelling. We first have to make our dataset suitable for modelling. This includes data cleaning, pre-processing, feature engineering and feature selection. Let's start with the data cleaning step."}, {"type": "subtitle", "content": "Data Cleaning and Pre-processing:"}, {"type": "sentence", "content": "Our first order of business is to look for null or missing values as they are irrelevant to our model. We can search for them in each column as follows:"}, {"type": "image", "content": "https://miro.medium.com/max/498/1*uUPYxLRx1x13jAzepWHqYA.png"}, {"type": "sentence", "content": "Now, most of the columns have 0 null values, however 2 columns have several null values. There exist certain ways to properly deal with such values. I am going to explain 3 basic methods as follows:"}, {"type": "sentence", "content": "We proceed with option 3 above and progress with the stated feature engineering step as follows:"}, {"type": "subtitle", "content": "Feature Engineering:"}, {"type": "sentence", "content": "In this section, we will format a couple of features (columns) to make them more useful for us. We witness that we have several features with the date/time format. To extract meaningful information from them, let's start with user_dob. In order to make this feature simple and easy to understand, we extract the age of the customer from it by subtracting the date of birth from the current date. Also, since we know that this column has null values, we later substitute them with the median of the calculated age. The relevant code will look something like this:"}, {"type": "sentence", "content": "The above code computes the age of all consumers. In order to perform data imputing, a good practice is to find the mean or median of each class and replace each null value with this newly calculated value. I find the median generally better than the mean and have used it for the purposes of this article."}, {"type": "sentence", "content": "We can see that we have successfully converted date/time data into numerical data."}, {"type": "image", "content": "https://miro.medium.com/max/778/1*Uwj3mRZgOyuRmSsCloMxcg.png"}, {"type": "sentence", "content": "We can do similar steps for the delivery and order date. We can find the time it takes for the order to be delivered by subtracting the order date from the delivery date. This can be a feasible feature as consumers might return items if their delivery took a substantial amount of time. Also, we can find the delivery month or weekday from the date as it is possible that items delivered on Mondays have a higher chance of return or items ordered during Easter or Christmas are more likely to be kept. Please find the complete code of this step on the Github link mentioned at the bottom of Part 2 article."}, {"type": "sentence", "content": "After computing these features, we can do similar data imputing for delivery_time, month, weekday as before. We can do similar steps like calculation of Age for user_reg. After extracting useful features, we can remove the original columns as follows:"}, {"type": "subtitle", "content": "Categorical Columns:"}, {"type": "sentence", "content": "Machine Learning models are based on mathematical inputs. They only understand numerical values and perform calculations on them to produce results. Since our dataset contains non-numerical data, also called categorical data, we have to process it in order to make it usable. Let's see our categorical data columns:"}, {"type": "image", "content": "https://miro.medium.com/max/2500/1*ogvd9eISYgvw39Kjz5e_zg.png"}, {"type": "sentence", "content": "We observe that there are multiple categorical columns. For month and weekday we can easily convert them to a numerical format as 1-12 for month and 0-6 for weekdays. For other columns, we have multiple methods i.e. we can one-hot encode or just assign a number label to a value. I am inclined to use label encoding in this beginner's tutorial, by using built-in libraries. Let's perform label encoding on user_title:"}, {"type": "image", "content": "https://miro.medium.com/max/1308/1*vG9DvtjIHAk8JHPjkeWolg.png"}, {"type": "sentence", "content": "We can see that before the encoding, we had 5 different values of categorical data, but now after encoding, we have numerical data. We do not need to use a library for month/weekday as we can assign our own encoding for it. Item_size is the next categorical variable which seems important. Let's look at its values:"}, {"type": "image", "content": "https://miro.medium.com/max/966/1*MdMdJl892wmtRaeaXG0quw.png"}, {"type": "sentence", "content": "We can see that item size has a mixture of non-numerical and numerical values. This aspect is interesting since we will have to convert only a few values. A problem arises that since we do not have any mapping as to what xl, l and xxl mean in numerical terms, we cannot simply replace them. Based on a real world scenario, we can safely assume that xxl > xl > l and so on. Hence, we can divide our numerical data into 5-6 groups depending on the number of categorical values and then assign each group to one category of values. We can easily do this with quantiles which segment data into groups based on values."}, {"type": "image", "content": "https://miro.medium.com/max/886/1*80CVcd3Cuaxi-aNAOUkz7g.png"}, {"type": "sentence", "content": "Here we have 6 quantiles, 0.98 means values which lie above 98% of the data and 0.02 refers to values which are at 2%. Hence, we can say that 48 is larger than 98% of values so we can assign xxxl to it and iterate similarly for other quantiles."}, {"type": "sentence", "content": "Now this will convert all our non-numeric sizes to numerical values as follows:"}, {"type": "image", "content": "https://miro.medium.com/max/954/1*oyhRLktcveV_NkXGMQ27qw.png"}, {"type": "sentence", "content": "Now that we have fixed item sizes, the next two categorical variables are color and state. We can safely deduce that color and state have little to no impact on the rate of returns hence they are not useful for the model. Furthermore, we can also remove other redundant columns like IDs. Our final cleaned dataset is now ready for modelling and looks like this:"}, {"type": "image", "content": "https://miro.medium.com/max/1798/1*YabF43EDm4num3R_cUNxuQ.png"}, {"type": "sentence", "content": "Conclusion:"}, {"type": "sentence", "content": "This completes our Pre-Modelling phase. We have completed all the required steps in detail and are confident with our dataset to do some modelling. You can check how to make predictions on the above pre-processed dataset here:"}, {"type": "sentence", "content": "https://wahabaftab.medium.com/machine-learning-pipeline-for-beginners-retail-returns-dataset-part-ii-57cd8b8a0743"}, {"type": "sentence", "content": "If you think something is wrong or needs some changing Please feel free to add any comments, Feedback is appreciated."}], "topic": "data-science", "uuid": "761a1486165292e5a8613541a11f44689fb1b07b1cd806cb095e2ef9", "link": "https://wahabaftab.medium.com/machine-learning-pipeline-for-beginners-retail-returns-dataset-part-i-2132cfcc9e6a"}