{"title": "ICTE2002 UX Design 2 Case Study", "data": [{"type": "sentence", "content": "For this assignment, I wanted to produce a viable solution to the housing crisis that is very prevalent in today's society. People often underestimate the difficulty for students to find affordable housing and as such, this 'roommates' feature was designed with the challenges of finding housemates in mind."}, {"type": "sentence", "content": "Not only will the roommates function allow for people to match up with their ideal living partner, the feature will also provide real estate options for matched roommates to find a place to live."}, {"type": "subtitle", "content": "PART ONE: DECIDING ON MY AIMS"}, {"type": "image", "content": "https://miro.medium.com/max/1882/1*gClSRZaDjt7CtpeZA7HUpA.png"}, {"type": "sentence", "content": "One of the first steps I undertook in my UX design journey was to map out my aims and message for the app. In order to fully understand the goals of the project, I started to write down an overview of the project brief. The assignment required me to create a prototype of a \"roommates\" function that would be featured in UniLodge's mobile app and as such, would require for the design of the original UniLodge app to be replicated in the sample."}, {"type": "image", "content": "https://miro.medium.com/max/1382/1*3P9osirvEqP6ThuVnSzaaQ.png"}, {"type": "sentence", "content": "For the first week, I placed an emphasis on the primary and secondary goals of the project. After much consideration, I decided upon \"To create a user-friendly interface that would allow for roommates to be easily matched.\" as my primary goal and \"1) Encourage users to promote/share the app to boost standing with other room-sharing apps 2) Cater to a global audience and appeal to all different age groups\" as my secondary goals. As the brief relays the need for students to be able to easily find compatible roommates, I ensured that the primary goal would involve the ease of communication between users looking for housing and occupants."}, {"type": "image", "content": "https://miro.medium.com/max/1422/1*UuUygY7M0z_6UskieHmaDg.png"}, {"type": "sentence", "content": "Following the development of my goals for the brief, I considered various assumptions about the possible failure of the app. This allows me to revisit certain features of the app that could be detrimental to the user experience. For example, \"Will users be able to understand the function of the app on first use?\" which would be further elaborated in the designing of the app layout. I also cultivated my sprint questions that involved the discussion of hypothetical questions that would be rephrased into more questions. An example being \"Will users find the app easy to use?\" and the corresponding answer being \"There needs to be a clear and clean layout\" which will then become \"What is required for there to be a simple interface?\"."}, {"type": "image", "content": "https://miro.medium.com/max/1368/1*OfUCd7wPmelCnf0-7Cy_aQ.png"}, {"type": "sentence", "content": "\"How might we\" questions are also essential in the process of developing my aims for the assignment. The questions dictate the direction of my prototype's design and therefore, contributes to my planning for making the room-sharing option available to a mass audience of students. For starters, \"HMW allow for users to match easily?\" plays into the speculation of how users are matched together for compatibility."}, {"type": "subtitle", "content": "PART TWO: PLANNING OF FEATURES"}, {"type": "sentence", "content": "Since I had finished contemplating the design and questions regarding the brief, in the following week I decided to focus on the user experience of the app. I performed an activity that would help me understand the user journey from discovering the app to using the roommates function successfully."}, {"type": "image", "content": "https://miro.medium.com/max/4600/1*KcrKdTO7TjQ3zEBvsd-VIg.png"}, {"type": "sentence", "content": "My first attempt at making a draft involved creating a foundation of how the client interacts with the app. Starting with discovery, the client is able to either go to the app store to find the UniLodge app or search about the app on the web or receive and advertisement about the app on social media. The next step is learning, whereby a client is able to be recommended the app from either their university or through comparisons with other room-sharing applications. The remaining two steps involves using the UniLodge app and the final goal of fulfilling accommodation needs of students."}, {"type": "image", "content": "https://miro.medium.com/max/11904/1*VfDk0kLgT_Hs1ijGOOVFmw.png"}, {"type": "sentence", "content": "Upon finishing the first draft, I added mock sticky notes onto the map that featured my most useful HMW questions. The sticky notes were placed in their respective category to bolster the usefulness of each section. Therefore, after I had finished spreading the sticky notes across the mind map, I discovered that the \"Using\" section had the most sticky notes clustered around it."}, {"type": "sentence", "content": "As such, I decided on the target for my whole design sprint being the usability of the roommates function."}, {"type": "image", "content": "https://miro.medium.com/max/11904/1*KgVpO5l0sBxRSJSBh5E6kA.png"}, {"type": "sentence", "content": "The next step in the design process is to produce ideas for possible features to be implemented into the app. Above is the first draft ideation for the app. I had considered the possibility of a swipe and match option, similar to that of the Tinder dating app. In that sense, users are able to approve or reject profiles of other students before coming upon the most ideal candidate. Since the compatibility between roommates is reliant on the intimacy of the relationship between the two individuals, I felt that using a dating app as reference for the swipe match system would be ideal. After all, if the users have a good first impression of a potential candidate's profile, they are more likely to be comfortable living with them."}, {"type": "sentence", "content": "Another feature I considered is the use of a post option for users to post their house sharing ads, as seen in the first frame."}, {"type": "image", "content": "https://miro.medium.com/max/11000/1*WgM7Df3XBZpSjpAqe9rWJw.png"}, {"type": "sentence", "content": "After refining my first sketch, I decided to make a more in-depth draft of the possible features for the prototype. In this improved version, I experimented with various miscellaneous ideas I found in other apps, such as messaging boards and a chat interface."}, {"type": "sentence", "content": "A listing option would provide students on the UniLodge app to post their own advertisements to their ideal target audience of other students. Unlike Gumtree or Craigslist, the UniLodge app would also provide security for the students looking for trustworthy housemates that would then be heavily screened through the app."}, {"type": "sentence", "content": "A chat interface is also necessary for the candidates to discuss among themselves and negotiate living conditions. For example, a user wanting to share meals with their roommate or to discuss whether furniture would provided by the landlord."}, {"type": "sentence", "content": "Discussion boards are also essential for users to share information regarding openings in real estate as well as posting specific requirements for a roommate."}, {"type": "sentence", "content": "After some advice from my tutor, I had also realised that additional features were necessary to boost the capabilities of the app. Apart from the requirement of fulfilling the needs of students looking for housing, the brief also mentions the need to improve the roommate experience. This led to me to improvise and create a real estate feature for the roommates function. The feature would perform in a similar way to popular real estate sites such as bookings.com. The feature would offer an alternative to looking through housing advertisements by allowing previously matched roommates to look for housing options through reliable property agents."}, {"type": "subtitle", "content": "PART THREE: STORYBOARD DRAFTING"}, {"type": "image", "content": "https://miro.medium.com/max/20000/1*P18luCNH7edrzxXb8cNjbg.png"}, {"type": "sentence", "content": "In the third week, there was enough information collated for me to start drafting my design storyboard. Now that I had clear goals and features in mind for the roommates function, I would be able to formulate the steps needed for the user to fully experience the function of the app."}, {"type": "sentence", "content": "Using the 6 steps method, I wrote out some possibilities for steps taken by the user upon launching the UniLodge app. Similar to that of the mindmap, the 6 step method would involve deliberating which steps are necessary for the user to obtain full satisfaction from using the roommates feature of the app. In addition to the 6 steps, I decided to write down some optional paths for the user to take, resulting in another 2 steps."}, {"type": "sentence", "content": "The excess steps would be translated into additional frames for the storyboard that would allow for more loose interpretations of the various features of the app. An example being the \"Use apartment finder option\" that could be adapted for the final confirmation step in the storyboard."}, {"type": "image", "content": "https://miro.medium.com/max/20000/1*9kWysSRiWBeBJk66DTw2OA.png"}, {"type": "sentence", "content": "After having completed my 6 steps draft, I started drawing out the individual frame sketches for the user test flow storyboard. Using a drawing tablet, I drew out a rough idea of how each frame of the app would appear and function. For the splash screen and main menu, I heavily referenced the actual UniLodge app and used screencaps from the app store to influence the direction of my design."}, {"type": "sentence", "content": "The user's journey follows the 6 steps of login, select feature, browse listings, approve and match, engage chat and receive confirmation. After logging into the UniLodge app, a user is able to select the roommates feature on the navigation bar to bring them to the menu page."}, {"type": "sentence", "content": "The user is then offered two options, either to look for housing through user submitted advertisements or to enter the discussion board looking to look for people after having obtained housing. This would allow for both parties of students seeking housing or specific housemates to be satisfied."}, {"type": "sentence", "content": "Following that frame is the approve and match section that would notify users if their application to specific advertisements were approved by the original poster."}, {"type": "sentence", "content": "Once a match is made, a user can choose to chat with their matched party and learn more about the advertised estate and their possible roommate. The chat interface can be accessed from the main menu through the envelope button and there would be pop up notifications from the \"notices\" button for updates to the conversation."}, {"type": "sentence", "content": "After a conversation is established and details finalised, the users are able to close the housing advertisement and upon closing the housing advertisement, a pop-up would appear to notify both sides that the deal has been closed."}, {"type": "image", "content": "https://miro.medium.com/max/20000/1*bJ2tHS7Nc3B1AAsSHsou7g.png"}, {"type": "sentence", "content": "After my first draft of the storyboard, I decided to expand the final frame by adding in a real estate option. For pre-matched roommates, they can find reliable housing easily through the app which allows for the UniLodge app to have more diversity in functionality. As previously mentioned, bookings.com was a prime source of inspiration for the real estate function as I adapted the layout and ideas from the site into the design of the real estate function."}, {"type": "subtitle", "content": "PART FOUR: PROTOTYPE CREATION"}, {"type": "image", "content": "https://miro.medium.com/max/2732/1*wnKyxfzpLlzF7P_DCJTegA.png"}, {"type": "sentence", "content": "At week four comes the most important part of the assignment, creating the prototype for the app feature. Using Figma, I was able to create a mock-up for the user test flow sketches by implementing public domain photos and premade icons."}, {"type": "sentence", "content": "By referencing the sketches for the user test flow and the UniLodge app, I created an app prototype that reflected the red and white colour scheme as well as the layout of a professional app. I adapted the UniLodge logo for the splash screen and the main menu and made the necessary connections between frames to allow the prototype to function as an actual app."}, {"type": "sentence", "content": "By tapping on the splash screen, it would fade to show the main menu which will offer three options. By tapping on the register buttons, users will be brought to the profile screen where they would hypothetically enter their information which will be useful when applying for housing advertisements. Lastly, by tapping on the roommates button at the bottom navigation bar would lead the user to the next page."}, {"type": "sentence", "content": "Upon clicking on the button, the user is faced with two choices that can be returned to, via the back arrow button. Upon clicking on the housing option, the user reaches the student-submitted housing advertisement forum."}, {"type": "image", "content": "https://miro.medium.com/max/2732/1*Estmuqm8f_DYCvmZhxikGw.png"}, {"type": "image", "content": "https://miro.medium.com/max/1740/1*OuJ_aelj2BjHPubC5m7R9g.png"}, {"type": "sentence", "content": "As I made the first draft of the prototype, I realised that there needed to be options for creating the posts so \"add buttons\" were placed accordingly. The approve, reject and bookmark buttons were added in a similar style to the Tinder dating app and I ended up adding a real estate button to the top of the page for easier access to the real estate page."}, {"type": "sentence", "content": "The \"people\" option would lead users to a discussion board where they could scroll down to see various threads and comment on them. This would allow for more personalised requests to be submitted on the app."}, {"type": "sentence", "content": "After the applicant presses \"like\" on a housing advertisement, the poster will be able to receive a notification that someone has liked their post. The poster can then view the applicant's profile and either approve or reject the user. If the applicant and poster both approve of each other, they can strike up a conversation."}, {"type": "sentence", "content": "This leads to the chat interface being used. I referenced messaging features on apps and tried for a simplistic messaging function. Considering that users may have to contact a wide number of people, having the profile show up instead of a name would allow for users to easily differentiate between accounts."}, {"type": "subtitle", "content": "PART FIVE: USER TESTING"}, {"type": "sentence", "content": "After I had finished creating the Figma prototype, I was tasked with testing the prototype. Since I am currently doing the unit online, I had to improvise and decided to do the interviews through a mixture of text and in-person interviews."}, {"type": "sentence", "content": "I contacted 5 different people and guided them through the process of accessing the app and using the feature and collected the data. My questions were as such:"}, {"type": "sentence", "content": "Q: Have you had any interest in moving out of your parents' home for school?"}, {"type": "sentence", "content": "Q: What are your experiences with real estate apps?"}, {"type": "sentence", "content": "Q: What are the tasks you have struggled the most when using the app?"}, {"type": "sentence", "content": "Q: Does anything about the app confuse you?"}, {"type": "sentence", "content": "Q: Would you see yourself using the app? Yes-Why? No-Why?"}, {"type": "sentence", "content": "After I gave them the context questions, I allowed for the various participants to ask questions and give both positive and negative feedback. After collating the information, the general consensus among participants appeared to be the need for more flexibility in the information provided to users about the houses."}, {"type": "sentence", "content": "Another popular opinion appeared to be that there needed to be more clarity in the functions of certain buttons. One of the participant reported confusion over the purpose of the search button and another participant reported a need for more descriptions of information."}, {"type": "sentence", "content": "The popular opinion was that the design and functionality was satisfactory but there needs to be more details shown for the user profiles and housing. For example, a participant recommended the use of a zoom-in function as well as a map that would show the nearest bus stops and train stations."}, {"type": "sentence", "content": "As such, I would take their opinions into consideration when remaking the app prototype in the future and work to improve on the problematic features that were mentioned by the testers."}, {"type": "sentence", "content": "Overall, this journey towards making a feasible app prototype has been enlightening. Through the various assignments and practices, I was able to experiment with different designs and layouts as well as gather information about the most effective and most ineffective parts of the prototype. It allowed me to showcase my versatility in creating an app design that would be useful as well as aesthetically pleasing and I would hope to have the chance to work on more design prototype ideas in the future."}], "topic": "design", "uuid": "765be5f27d2f95608f672484b526d09fd6bad62a949f8e43563d7fd8", "link": "https://medium.com/ang-sin-nee/icte2002-ux-design-2-case-study-aec81c913863"}