{"title": "Here's Everything That's Gone Wrong Since I Moved to Mexico a Month Ago", "data": [{"type": "subtitle", "content": "LIVING ABROAD"}, {"type": "sentence", "content": "A month ago, my boyfriend and I sold everything and moved down to Puerto Vallarta, Mexico."}, {"type": "sentence", "content": "First of all, I recognize that this is a privileged position to be in. I am not rich by any means. However, I am from one of the wealthiest countries in the world, which means that my dollar does stretch far when I'm frugal."}, {"type": "sentence", "content": "My partner and I decided to take advantage of that while we're relatively young and travel the world while working online full-time. We had traveled the United States extensively. So post-vaccination we figured, \"Hey, why not? Now's the time, right?\""}, {"type": "sentence", "content": "I don't regret my decision by any means. In fact, I would say it's been one of the best decisions of my life. However, no matter what Instagram or TikTok might show you - living as a digital nomad doesn't always come up roses."}, {"type": "sentence", "content": "For the sake of some good, old-fashioned schadenfreude, here are all of the things that have gone horribly wrong during my first month traveling the world full-time."}, {"type": "sentence", "content": "Learn through my pain, people."}, {"type": "subtitle", "content": "We Hated Our First Apartment"}, {"type": "sentence", "content": "We decided to \"play it safe\" and rent an Airbnb for a month in Puerto Vallarta, Mexico. Our thinking was that we could negotiate a longer stay if we loved it, and if we didn't, well...you can handle anything for a month, right?"}, {"type": "sentence", "content": "Yeah, wrong."}, {"type": "sentence", "content": "We now have a rule: We don't book any place for longer than two weeks. If we decide we like the area after that, we will negotiate with the host or find a local to rent from."}, {"type": "sentence", "content": "Airbnb itself would have been great for a vacation. However, we overlooked a few important details when it comes actually to live in a place."}, {"type": "subtitle", "content": "The Bed Was Atrocious"}, {"type": "sentence", "content": "Mexican beds are, apparently, hard as a rock-at least cheap ones. Our mattress felt like we were lying directly on a box-spring (were we??), and it became impossible for the two of us to get any sleep."}, {"type": "sentence", "content": "Lack of sleep, of course, led to other problems. Unfortunately, I have back problems from 2 surgeries I had when I was a firefighter. A good bed is something I can't neglect."}, {"type": "subtitle", "content": "The Noise Level Was Ridiculous"}, {"type": "sentence", "content": "Personally, I like the hustle and bustle of city sounds. I grew up in a city, and when I travel, I find the new smells, sights, and sounds of a place to be half the charm."}, {"type": "sentence", "content": "Living day to day, however, it turns out that I need a bit more peace. My partner records videos and has one-on-one sessions with clients. A quiet atmosphere is essential for him to work, and for my mental health."}, {"type": "sentence", "content": "No one told me, or I didn't research hard enough: it is widespread for traditional Mexican homes in this area to have windows open to the air with no option to close them. Sometimes, they don't have screens or even glass at all."}, {"type": "sentence", "content": "This makes a lot of sense if the weather is nice enough year-round and you don't have air conditioning. A cross breeze is lovely!"}, {"type": "sentence", "content": "Unfortunately, it also means that if you live on a busy street as we did, you will hear every truck, screaming party-goer, and barking dog as if they were standing next to you. The jazz music from the nearby tamale stand even became too much. One memorable night our neighbors had a party until 2 am, and we were up with them to hear the whole thing."}, {"type": "sentence", "content": "Again, fine for a vacation - but when you have a client meeting at 8 am, it is a huge downer."}, {"type": "sentence", "content": "Lessons learned: If you can help it, don't book long-term trips(2+ weeks) in a spot without seeing it first, especially if you have reasons to be picky about things like bed comfort or noise. Scout the location of your long-term stay to see if the street noise will be acceptable to you day-to-day. Places that make good vacation spots, like right downtown or near a popular restaurant, don't always make the best long-term living situations."}, {"type": "subtitle", "content": "We Were Awkward As Eff During Interactions with Locals"}, {"type": "sentence", "content": "I actually expected this one, but I wasn't quite prepared for the toll it took on me."}, {"type": "sentence", "content": "Part of the reason we moved to Puerto Vallarta is that we assumed many people would speak English, but we would have the opportunity to improve our Spanish. Mexico and Puerto Vallarta, in particular, is a popular American and Canadian vacation spot."}, {"type": "sentence", "content": "We wanted the best of both worlds, selfishly."}, {"type": "sentence", "content": "Our first apartment was nowhere near a tourist location, which is great for many reasons. However, it also meant that no one really spoke English. Fine - we're guests in another country, after all."}, {"type": "sentence", "content": "However, I soon realized that I avoided leaving the house because I could only say basic things. I found myself able to read more Spanish than I expected, but people would speak to me and I would freeze."}, {"type": "sentence", "content": "Most of my interactions were broken Spanglish and a lot of pointing to things. Google Translate quickly became my best friend."}, {"type": "subtitle", "content": "We Couldn't Figure Out How to Do Our Laundry"}, {"type": "sentence", "content": "As a result of our awkwardness, we actually avoided doing our laundry for weeks because we seriously could not figure out how to do it."}, {"type": "sentence", "content": "The lavandaria near our first apartment didn't have an attendant who spoke English. We knew how to say lavar and ropa in Spanish, and that was about it."}, {"type": "sentence", "content": "Eventually, we paid $11US ($200MX) for a drop-off service because we couldn't figure out the machines. We were definitely overcharged for this service, as I know now from using different lavandaria's in the area. The average cost is closer to $4US ($80MX)."}, {"type": "sentence", "content": "As\u00ed es la vida. Such is life."}, {"type": "sentence", "content": "Lesson learned: Make a concentrated effort to learn the local languages, and until then, be very comfortable with being uncomfortable and wrong-footed. Expect to pay the tourist tax on occasion - that's just part of life."}, {"type": "subtitle", "content": "I Got Hilariously, Terribly Sick"}, {"type": "sentence", "content": "So fun fact: ceviche is big in Puerto Vallarta. Every time I've had it at an establishment - food stand or sit-down restaurant - I've had a great experience."}, {"type": "sentence", "content": "My partner found fresh fish at a local market and decided to make ceviche at home. He looked up a recipe and was careful, or so we thought."}, {"type": "sentence", "content": "Cue me at 5 a.m., inexplicably awake vomiting my brains out into the toilet. My boyfriend was sick for a total of 24 hours. I was sick for seven entire days."}, {"type": "sentence", "content": "For days I was too weak to stand, and I barely knew where I was at one point. Luckily after I could keep food down, I could rehydrate on my own without visiting an emergency room."}, {"type": "sentence", "content": "This brings me to another point: I didn't actually know where the closest emergency room was. English speaking doctor? No idea. This was a huge no-no on my part."}, {"type": "sentence", "content": "Lesson learned: Don't attempt to make your own ceviche - leave that to the professionals. Always know where the nearest hospital or doctor's office is. Keep some anti-nausea medication on hand and a spare Pedialyte in the fridge for emergencies."}, {"type": "subtitle", "content": "We Suddenly Found Ourselves without Our Favorite Activity"}, {"type": "sentence", "content": "My partner and I met while working at a ski lodge. We are very active people, overall, and that is very important to us."}, {"type": "sentence", "content": "We obviously realized we wouldn't be skiing in Mexico. However, our favorite date activity is hiking. In America, it was common for us to take weekend trips to the mountains, sometimes to hike 14 miles a day."}, {"type": "sentence", "content": "We quickly realized that we didn't know enough Spanish to take long trips like this in Mexico. We had no clue where the nearest hikes were or if they were even safe."}, {"type": "sentence", "content": "Aside from hiring a guide, we weren't sure how to incorporate our favorite activity into our daily life again. This took a huge toll on the mental health of both of us."}, {"type": "sentence", "content": "Spoiler alert: we did end up just hiring a guide and being shown popular areas. Once we were comfortable taking public transportation to places, we started incorporating our favorite sport back into our lives."}, {"type": "sentence", "content": "We also made an effort to try new things. Being near the beach for the first time in either of our lives opened up new activities like sea kayaking and surfing. My partner now takes a daily jog on the playa near our apartment."}, {"type": "sentence", "content": "Lesson learned: Be open to new ways of exercising. Research in advance if areas are outdoor-friendly. Be prepared to hire a guide to teach you the ins and outs of the area!"}, {"type": "subtitle", "content": "We Kept Mistaking the Food for Something it Wasn't"}, {"type": "sentence", "content": "In the past month, I cannot tell you how often I bought food, thinking it was one thing, and it turned out to be something completely different."}, {"type": "sentence", "content": "We do most of our food shopping at local stores. We are trying hard to learn the local culture and language, so we attempt to forgo American \"luxuries\" (like peanut butter) and live as the locals do. Obviously, we cave on occasion."}, {"type": "sentence", "content": "However - often hilariously and to our benefit - we haven't figured the food thing out completely. Just last week, I bought a can of dark black cherries thinking they were olives. The cherries were delicious, but not quite what I was going for."}, {"type": "sentence", "content": "However, I am also a vegetarian. After purchasing and devouring half a bottle of smokey, spicy salsa de Morita, I realized that this particular brand of salsa contained chicken broth."}, {"type": "sentence", "content": "Oops! Wasn't expecting that one."}, {"type": "sentence", "content": "For me, this was not the end of the world. The salsa didn't make me sick, as I would have expected. I was disappointed, but it happens - and yes, the salsa was delicious. However, for someone with an allergy, this easily could have been a trip to the hospital."}, {"type": "sentence", "content": "Lesson learned: Be flexible and learn to laugh off mistakes. If you have a food allergy or a strict diet, you better learn how to identify all forms of your allergy in the local language."}, {"type": "subtitle", "content": "Learning From My Newbie Mistakes"}, {"type": "sentence", "content": "Exploring this area of Mexico has been a great joy. Although I've been traveling within my own country full time for years, I've made quite a few \"newbie traveler\" mistakes."}, {"type": "sentence", "content": "Here are my lessons learned:"}, {"type": "sentence", "content": "After a month of living in another country where I don't speak the language well, I can tell you that every day is truly an adventure. It can take developing a thick skin to handle the overwhelm sometimes."}, {"type": "sentence", "content": "I wouldn't change it for the world. However, I do wish someone had told me about the window situation or the chicken broth in the salsa."}, {"type": "sentence", "content": "Oh well! As\u00ed es la vida."}, {"type": "image", "content": "https://miro.medium.com/max/1400/1*mTtOAzVyJNFL4Yp6DC0aTQ.png"}, {"type": "sentence", "content": "Sign up for our newsletter to stay informed with up-to-date curations from our editors:\ud83d\udc47"}, {"type": "sentence", "content": "We now offer exclusive writing services for our members. Discover how you can take advantage of our editing services and more."}], "topic": "travel", "uuid": "79366623473d1976a60e2a384f1d149e8a3bcf4e8cf99824ab21da05", "link": "https://medium.com/world-travelers-blog/heres-everything-that-s-gone-wrong-since-i-moved-to-mexico-a-month-ago-7f9ab83333e4"}