{"title": "This is the Most Gay-Friendly City in Poland", "data": [{"type": "subtitle", "content": "Travel. Poland. Eastern Europe."}, {"type": "image", "content": "https://miro.medium.com/max/9216/0*z4f6TKQTZIKpyBKI"}, {"type": "sentence", "content": "I arrived in Poznan, Poland, on a rainy Wednesday afternoon in late March. I found my way to the Old Market Square which would seem as if it was City Center, but it is in fact not."}, {"type": "sentence", "content": "I met up with my good friend who is a native of Poznan. He showed me around the actual City Center. I acted like a typical tourist and took too many pictures during the \"tour.\""}, {"type": "sentence", "content": "There are beautiful, vibrant-colored buildings in Old Market Square. The elegant Adam Mickiewicz University, the site of the near-riot of the 2012 Euro Championships. Even the castle Adolf Hitler was going to move into shortly before he committed suicide at the end of WWII. All right here in Poznan."}, {"type": "sentence", "content": "It was relieving to finally be in Eastern Europe for a budget backpacker like myself. The cost of living and travel is far less than in Western Europe."}, {"type": "sentence", "content": "He said during our conversation something that I took to heart. He told me he was so happy that I was visiting Poznan despite it not exactly being a tourist destination. And so was I."}, {"type": "sentence", "content": "Although it was a bit out of the way, he was one of my better European friends and it was so nice to see him again. It's a blessing that."}, {"type": "sentence", "content": "I am fortunate enough to be able to meet up with great friends in cities all over Europe."}, {"type": "subtitle", "content": "More about Poznan, Poland. . ."}, {"type": "sentence", "content": "Poznan is a city on the Warta River in the west-central part of Poland. It is known for its Renaissance old town (Old Market Square) which was destroyed during World War II."}, {"type": "sentence", "content": "It even served as the country's capital for a short time in the 13th Century. Therefore, it's known as \"The Capital City of Poznan\"."}, {"type": "sentence", "content": "The city itself is home to 550,000 people but the surrounding metropolitan area is home to over 1.1 million people."}, {"type": "sentence", "content": "In Poland, the currency is Zlaty, which I exchanged at a rate equal to 3.70 Zlaty for every dollar."}, {"type": "sentence", "content": "The cost of living is fairly inexpensive in Poznan. For example, while there, I bought lunch out, a market dinner for two, beer, snacks, I got a haircut, and a new pair of shoes all for under 45 dollars."}, {"type": "sentence", "content": "Poznan is a calm and clean city and the people here seem genuinely friendly. I could definitely see how it would be easy to make a life here."}, {"type": "subtitle", "content": "Solo exploring"}, {"type": "sentence", "content": "The next morning, my friend had class so I was on my own for the first time in Poland. My mission was to find a traditional Poznan pastry: the Rogal Swietomarcinski."}, {"type": "sentence", "content": "It was, in fact, really good. A nutty, brown sugar-filled pastry coated in icing. It is pricey, especially to locals, so it is a treat when you get one."}, {"type": "sentence", "content": "I was proud of myself because I was able to communicate with what little Polish phrases I memorized. This, while at the barbershop and shoe store."}, {"type": "sentence", "content": "Before I spoke English, they could tell from my pronunciation that I was not Polish. So, they'd reply to my question in what little English they knew."}, {"type": "subtitle", "content": "Things to do in Poznan"}, {"type": "sentence", "content": "My friend and I decided to take a little journey around the different areas of Poznan which are off-the-beaten-path. Here are a few of my favorite things we did while I was in Poznan:"}, {"type": "subtitle", "content": "Cytadela Park"}, {"type": "sentence", "content": "We went on a hike through Cytadela Park which was a site of many deaths in WWII. We climbed tanks from the war and guessed that the huge craters in the ground might be from bombs."}, {"type": "sentence", "content": "For lunch, I had a traditional Polish dish; Pierogi! Which are cabbage-stuffed dumplings and they tasted pretty good."}, {"type": "subtitle", "content": "City center"}, {"type": "sentence", "content": "Remember how I told you Old Market Square is not the real city center? First, we went to the actual city center. It's a huge mall connected to the same building as the Poznan train station. That's it. Just a mall."}, {"type": "subtitle", "content": "Lake Malta"}, {"type": "sentence", "content": "Then, we took a walk around Lake Malta. It is used for several recreational and competitive sports including mostly rowing competitions."}, {"type": "sentence", "content": "It was a beautiful day, and finally a day without rain. After we made it around the huge lake, my friend showed me a place he used to work called Rope Park."}, {"type": "sentence", "content": "It was one of the coolest things I had ever seen. Ropes and obstacles high up in the trees of a nearby wooded area. I wanted to try the obstacle course out but unfortunately, it opens in May."}, {"type": "sentence", "content": "If in Poznan during this time, check it out and let me know how you enjoyed it!"}, {"type": "subtitle", "content": "Nightlife"}, {"type": "sentence", "content": "That night, we went back out to Old Market Square for a few beers. We went to a good student bar with an excellent vibe called Za Kulisami."}, {"type": "sentence", "content": "After buying several traditional Polish beers, we each took a shot of liquor that was lit on fire. Still, I had not spent more than \u20ac15."}, {"type": "sentence", "content": "After that, we went for a beer at Brovaria in Old Market. It's not the most budget-friendly bar we could have chosen in Poznan, but it was classy. It gave me a Jay Gatsby-type of vibe."}, {"type": "subtitle", "content": "Random expenses"}, {"type": "subtitle", "content": "Other attractions, bars, restaurants in Poznan. . ."}, {"type": "sentence", "content": "My train was leaving in the middle of the night. I would be sleeping on the train to Krakow."}, {"type": "sentence", "content": "Would I go back to Poznan? Yes, in a heartbeat. Finding great cities that aren't touristy is the essence of backpacking. That's my opinion, anyway."}, {"type": "subtitle", "content": "Join my FREE 5-Module Medium Crash Course for Early Success!"}, {"type": "sentence", "content": "If you found this article engaging, hit the clapper button to help me out."}, {"type": "subtitle", "content": "Connect with Me:"}, {"type": "sentence", "content": "Work with Me // Newsletter // LinkedIn // Twitter // Facebook // Pinterest"}, {"type": "sentence", "content": "Originally published at https://www.adamcheshier.com/ on March 13, 2021."}, {"type": "subtitle", "content": "Read More:"}, {"type": "sentence", "content": "My Biggest Financial Mistake was Graduating from College Why following the conventional path isn't always the safest bet."}, {"type": "sentence", "content": "15 Life Lessons I Learned From My Boldest Decision Ever Written 5 years ago, each lesson has withstood the test of time."}, {"type": "sentence", "content": "4 Ways to Grow Into a Real Traveler The travel that you won't find on an Instagram feed."}, {"type": "image", "content": "https://miro.medium.com/max/2700/1*SKwELdEBKcKsuEW5XX6-jw.png"}, {"type": "sentence", "content": "Sign up for our newsletter to stay informed with up-to-date curations from our editors:\ud83d\udc47"}, {"type": "sentence", "content": "We now offer exclusive writing services for our members. Discover how you can take advantage of our editing services and more."}], "topic": "travel", "uuid": "7b0fd1698de110a57b546b0bbdc4c7c64b1e40a5aa8358ed010cff9c", "link": "https://medium.com/world-travelers-blog/this-is-the-most-gay-friendly-city-in-poland-cb4051df18af"}