{"title": "Shower Crying.", "data": [{"type": "image", "content": "https://miro.medium.com/max/2184/1*rIWNObF79Mlkl3pRR-MdMQ.jpeg"}, {"type": "sentence", "content": "Becoming a dad 8 years ago was huge for me. Absolutely besotted with my daughter instantly i was the proudest day. It wasn't long though until i started with a deep and dark depression. Looking back i am certain that i had post natal depression, if that is even a thing in men. My wife was offered lots of support and was regularly asked about her wellbeing by health care professionals doing their checks, i wasn't asked at any point."}, {"type": "sentence", "content": "Are dads missed when it comes to emotional feelings once a baby arrives? I think so."}, {"type": "sentence", "content": "We are now 8 years down the line and i have 3 kids now. 1 Girl and 2 Boys, all of which i am mega proud of, they're beautiful."}, {"type": "sentence", "content": "The depression never went away, and i still struggle daily. Now with a hint of anxiety thrown in. I will delve deeper into my mental health in future posts, i think it all stems from low self confidence garnered at a very young age, i reckon starting in earnest at about 9 or 10."}, {"type": "sentence", "content": "I lost my job nearly 3.5 years ago and that was huge for me. it gave me feelings of worthlessness, like i wasn't fulfilling my duty as a father and husband. i got another job, but on a lot less money so my wife had to get a crap job and i was convinced (wrongly) that she held me responsible and resented me for it."}, {"type": "sentence", "content": "pressure mounted and i would be really harsh with myself. in my eyes i was (still am) a loser. in my eyes i was (still am) a failure. in my eyes i was (still am) a fraud."}, {"type": "sentence", "content": "constant thoughts of self harm wrecked my sleep, dream, and daily life. I wanted to cut myself, and did once. I wanted to, and planned, to hang myself. it was horrible. tortured by my own mind."}, {"type": "sentence", "content": "Once talking with my wife i explained that the thoughts, feelings and emotional turmoil was painful. I would rather have a physical disability over my mental one, so much was the pain i was in."}, {"type": "sentence", "content": "The only place i felt alone was the shower and i would regularly lock the bathroom door and sob for 20 minutes have a quick wash and get out. this inspired my first ever poem below:"}, {"type": "sentence", "content": "I sit on the floor a towel around me."}, {"type": "sentence", "content": "I've been in the shower, now the floor has found me."}, {"type": "sentence", "content": "Yes it's dark and cold, man I'm a mess."}, {"type": "sentence", "content": "I will sit here alone it's for the best."}, {"type": "sentence", "content": "I struggle to breathe then comes a sigh."}, {"type": "sentence", "content": "I can't let it happen, grown men don't cry."}, {"type": "sentence", "content": "Then it comes, I'm ashamed, but it's true."}, {"type": "sentence", "content": "Please don't tell anyone, I only told you."}, {"type": "sentence", "content": "I'm no poet, i am writing a novel, but i like how the above sounds."}, {"type": "sentence", "content": "Follow me for more snippets of my struggles. if you are a man, it isnt a weakness to speak out. it is literally a lifesaver."}], "topic": "mental-health", "uuid": "7d2c8da48f18608474d057ab33bce42c53543d31dc7dce978e63225d", "link": "https://medium.com/modern-parent/shower-crying-5725620bfa3b"}