{"title": "How to Blow Up Your Business with Success in 2021 and Beyond", "data": [{"type": "sentence", "content": "Think disruption: It's the pathway to where you want your business to go."}, {"type": "image", "content": "https://miro.medium.com/max/4480/1*xHwxRYjWN4b14db0GPgH2w.png"}, {"type": "sentence", "content": "Whether you're starting a business or seeking ways to grow an existing one the basic challenges are the same."}, {"type": "sentence", "content": "Likely, the questions bouncing around in your head are:"}, {"type": "sentence", "content": "1. What's the best way for me to break away from competition and scale my business?"}, {"type": "sentence", "content": "2. Where can I find something simple that will make my business grow and I can use it consistently?"}, {"type": "sentence", "content": "3. How do I build my business with the least amount of cost and expense yet get the maximum rate of return on my investment?"}, {"type": "sentence", "content": "Many more questions might pop up for you in your daily quest for business success."}, {"type": "sentence", "content": "The answer to all of the questions and more is to develop the mindset of a disrupter. This article covers those basics."}, {"type": "subtitle", "content": "What is Disruption?"}, {"type": "sentence", "content": "The word disruption usually has a negative tone and people are conditioned to avoid the concept. However, when it comes to business that's a big mistake."}, {"type": "sentence", "content": "Disruption is the act or process of disrupting something: a break or interruption in the normal course or continuation of some activity or process. - Merriam Webster Dictionary"}, {"type": "sentence", "content": "It does not necessarily mean something negative or bad. A break or interruption in the normal course of something that already exists can be good a thing."}, {"type": "subtitle", "content": "Disruption and Business"}, {"type": "sentence", "content": "Business disruption refers to innovation within an industry that radically and lastingly changes the way a company or organization -private or public- operates and brings about a better result."}, {"type": "sentence", "content": "The term \"disruptive innovation\" was created by the late Clayton Christensen, an academic and business consultant."}, {"type": "subtitle", "content": "How Disruption Works In Business"}, {"type": "sentence", "content": "Disruption requires a mindset. In your business industry look for and find what is old, malfunctioning, or needs a revolution and DISRUPT IT."}, {"type": "sentence", "content": "Make it better or create something that blows it up in a better way. A process, product, or service that delivers a more valuable experience that solves a problem or relieves the pain of the audience or market you want to reach. Concentrate on what moves progress to the next level."}, {"type": "sentence", "content": "It does not have to a reinvention of the wheel type process, but it could be. Remember, simplicity is the key and simplicity sells. Find or create a system that works and produces a profit and make it your own through tweaks and changes."}, {"type": "sentence", "content": "Automate the system that you've made so it runs on its own without you having to work it. It should either duplicate itself or through the work of others to make it happen on your behalf without your constant supervision. The goal is to work on your business, not in your business."}, {"type": "subtitle", "content": "Disruption Business Examples."}, {"type": "sentence", "content": "The good thing about disruptive business and the proof that it can be a pathway to success is numerous business examples have already paved the way:"}, {"type": "sentence", "content": "These are all examples of business disruption. There are numerous others."}, {"type": "subtitle", "content": "Conclusion"}, {"type": "sentence", "content": "Business success is always challenged with the question of what's next and what is the best way to generate and sustain profits."}, {"type": "sentence", "content": "The answer is to research and study what is happening within a particular industry now and find the gaps that can be filled with a better or more enhanced product or service to serve a targeted audience."}, {"type": "sentence", "content": "Creating a system that can be automated that delivers service or a product by itself or through the efforts of others without a business owner's required attention at every step is the way to blow up a business for success."}, {"type": "sentence", "content": "What disruptive system will you create for your business in 2021?"}], "topic": "startups", "uuid": "7dc8ae1eeff5ed876f6ad93751fb7ae3405707524694e4971f734c6d", "link": "https://medium.com/@roylanders.sr/how-to-blow-up-your-business-with-success-in-2021-and-beyond-55fabf11c796"}