{"title": "Nature Has the Best Superheroes - And They're Very Real", "data": [{"type": "image", "content": "https://miro.medium.com/max/11520/0*lW5wrjXWKmYY7KjO"}, {"type": "sentence", "content": "I never understood my husband's weird obsession with superheroes. Yeah, okay, Superman is super strong. But so are ants. Instead, I enjoyed the power and beauty of theorems and equations. Unsurprisingly, I devoured Roma Agrawal's Built: The Hidden Stories Behind Our Structures. In the book, she mentioned a bridge-building spider. The Darwin's bark spider builds webs to cross rivers. She says:"}, {"type": "sentence", "content": "I finally understood what my husband saw in superheroes: the incredible ways in which they use their talents, strengths, and skills to help humanity mirror those of ants and spiders helping their own."}, {"type": "sentence", "content": "It made me wonder, could a super team of creatures match up to our characters in comics, books, and movies?"}, {"type": "subtitle", "content": "The Unicorn of the Sea"}, {"type": "sentence", "content": "Dubbed the unicorn of the sea, the impressive narwhal is a sea mammal that has a large tusk (well, mostly the males do), resembling that of a unicorn. Some even have up to two! The tusk is actually a tooth with up to 10 million nerve endings and can grow up to 10 feet long!"}, {"type": "sentence", "content": "While unicorns reach great heights, their sea counterparts can reach depths of up to a mile in the oceans."}, {"type": "sentence", "content": "Narwhals change colors throughout their life, starting off blue-gray when they're newborns, transitioning to blue-black as juveniles, turning gray as adults before turning nearly all-white at an old age."}, {"type": "sentence", "content": "Here's some food for thought: perhaps the elderly narwhals inspired the white color of unicorns while the narwhal's changing colors inspired the rainbow-colored tusk."}, {"type": "subtitle", "content": "The Hairy Wolverine is Actually a Frog"}, {"type": "sentence", "content": "No, it's not a horror movie or Wolverine! It's just a frog."}, {"type": "sentence", "content": "The hairy frog actually breaks its own bones and pushes them out through the toe pads, most likely when it feels threatened. If you're interested in seeing a video of how it happens, check this out:"}, {"type": "sentence", "content": "Now isn't that claw-some?"}, {"type": "subtitle", "content": "Conclusion"}, {"type": "sentence", "content": "So next time you're watching your favorite Disney or superhero movie or just relaxing with a comic, stop and think. What real-life marvel inspired these characters? And did the wall-climbing alpine ibex goats inspire parkour?"}], "topic": "science", "uuid": "81261fa52275847a3edc915d551fcebc580dbb012ef834295fbce8a4", "link": "https://2madness.com/nature-has-the-best-superheroes-and-theyre-very-real-737946f809df"}