{"title": "The Top 5 Places to Visit in Italy", "data": [{"type": "image", "content": "https://miro.medium.com/max/9326/1*4K1FKw-zP3rQTrPq2tSmxw.jpeg"}, {"type": "sentence", "content": "It is simply impossible to list all the most beautiful places in Italy in one list, and then you were still reading for a few hours. Italy is a beautiful, versatile country with a lot to see in nature, culture, and history."}, {"type": "sentence", "content": "In this article, I will display 5 of the most beautiful places you must visit when you're in Italy."}, {"type": "subtitle", "content": "1. Tuscany"}, {"type": "sentence", "content": "I was to Tuscany in 2017; it's lovely. The Tuscany region is one of the most dreamy destinations in Europe. It is also home to a wine region, famous cities such as Florence, Lucca, and Siena, and cute villages."}, {"type": "image", "content": "https://miro.medium.com/max/9656/0*Cb1rqh1qcKDNACmC"}, {"type": "sentence", "content": "With its extensive vineyards and pleasant climate, the hilly landscape provides beautiful pictures when you drive through the region."}, {"type": "sentence", "content": "Every town in Tuscany has its own piece of history that is worth discovering. Moreover, you can enjoy delicious food and taste the wines from the region."}, {"type": "subtitle", "content": "2. The Dolomites"}, {"type": "sentence", "content": "Italy is more than extensive vineyards and charming towns. The Dolomites are a mountain range in the north of Italy, of which at least 16 mountains reach a height of 3000 meters."}, {"type": "image", "content": "https://miro.medium.com/max/10368/0*cR03ZSP8U2WfSlTK"}, {"type": "sentence", "content": "This is certainly the place to be for the active relaxer. Hiking, cycling, and unspoiled nature can all be discovered in the Dolomites. You can, of course, also take a completely different approach and visit one of the winter sports areas within the Dolomites."}, {"type": "sentence", "content": "That too is Italy! Everything comes together again when you sit at a plate of fresh pasta in one of the restaurants in the surrounding villages."}, {"type": "subtitle", "content": "3. Turin"}, {"type": "sentence", "content": "Turin is one of the larger cities in the north of Italy and is etched in the memory of many as the city that hosted the 2006 Winter Olympics. The Games have given Turin another boost in terms of art, culture, and liveliness. The atmosphere is pleasant when you visit sights such as Palazzo Madama and Piazza Castello."}, {"type": "image", "content": "https://miro.medium.com/max/12000/0*xmwlj6L_yw_wGxoP"}, {"type": "sentence", "content": "This city is also perfect for cycling, a nice break from the many walking you do in all those impressive Italian cities."}, {"type": "sentence", "content": "Afterward, you can relax while enjoying a good plate of food and a glass of wine from the region in one of the restaurants."}, {"type": "subtitle", "content": "4. Lake Garda"}, {"type": "sentence", "content": "The largest lake in Italy is also one of the most famous lakes in Italy: Lake Garda. Because the lake is surrounded by charming villages, green mountains, valleys, and vast fields with olive groves and vineyards, Lake Garda is a popular holiday destination."}, {"type": "image", "content": "https://miro.medium.com/max/12000/0*RckqU0eDrE3CoFQl"}, {"type": "sentence", "content": "Especially the active relaxers like to go to this region. Cyclists and hikers are more the rules than the exception when you visit Lake Garda."}, {"type": "sentence", "content": "There are even several beaches around the lake where you can enjoy an afternoon doing nothing at all. So something for everyone!"}, {"type": "subtitle", "content": "5. The Apennines"}, {"type": "sentence", "content": "The Apennines are about the largest area in this list of destinations in Italy. The mountain range starts in the north in the Liguria region and continues into the southern Calabria."}, {"type": "image", "content": "https://miro.medium.com/max/8610/0*St_6no1KdwB_Dl_7"}, {"type": "sentence", "content": "The Apennines are also called the backbone of Italy. Nature reserves such as Abruzzo, Appennino, Aspromonte, and Monte Sibillini are just a few of the possibilities worth visiting if you want to stay close to the mountains.0"}], "topic": "travel", "uuid": "812d1e4d996f30c19de8f5a5260183e3014e9a90dd6c2b1a99945492", "link": "https://medium.com/being-bryan/the-top-5-places-to-visit-in-italy-673b9a5cfe33"}