{"title": "A Step by Step Guide for Camping in Canada - for Beginners", "data": [{"type": "subtitle", "content": "ADVENTURE TRAVEL"}, {"type": "image", "content": "https://miro.medium.com/max/6822/1*ZGju3L6StBpVrLan_lM3BQ.jpeg"}, {"type": "sentence", "content": "If you have never been camping and want to explore the great Canadian outdoors you have come to the right place."}, {"type": "sentence", "content": "When I moved to Canada in 2012, I learned that a lot of people go camping and there are some amazing parks in the close vicinity of Toronto that offer camping spots."}, {"type": "sentence", "content": "Since I had never gone camping before I didn't know where to start."}, {"type": "sentence", "content": "I had many questions."}, {"type": "sentence", "content": "On top of this, I heard terms like canoe camping, backcountry camping, car camping, yurt, cabin, cottage, etc."}, {"type": "sentence", "content": "However, I was determined to figure this camping thing out. I talked to few people and did a lot of research on the internet. Finally, booked my camping spot, bought the essential camping equipment, and went camping."}, {"type": "sentence", "content": "Since then I have been on multiple camping trips. Have tried the car, backcountry, and canoe camping. Have also stayed in yurts, cabins & Otentik tents."}, {"type": "sentence", "content": "Below, I have tried to compile a list of useful resources that would be useful for any beginner camper."}, {"type": "subtitle", "content": "Type of Camping"}, {"type": "sentence", "content": "On a high level, there are essentially 4 types of camping."}, {"type": "subtitle", "content": "Roofed Accommodation:"}, {"type": "sentence", "content": "Difficulty Level 1 (on the scale of 1 to 5 with 1 being the easiest)"}, {"type": "sentence", "content": "What is Roofed Accommodation Camping?"}, {"type": "sentence", "content": "These are accommodation like cabins, yurts & Otentik tents which come fully equipped with electricity, heater, fan, bed, kitchen utensils, BBQ, firepit, picnic table, dining table, chairs, etc."}, {"type": "sentence", "content": "Where do you sleep at night?"}, {"type": "sentence", "content": "You sleep inside the heated cabin, yurt, or Otentik on a comfortable mattress. All you need a pillow, a bedsheet, and a blanket."}, {"type": "sentence", "content": "Where do I shower & how are the washroom facilities?"}, {"type": "sentence", "content": "All the parks that offer roofed accommodation have common shower facilities with hot showers. They have decently clean common washrooms distributed throughout the park and in the campsite areas."}, {"type": "sentence", "content": "Where can I wash the dishes?"}, {"type": "sentence", "content": "All parks have a common cleaning area where you can go and wash the dishes. You need to carry your detergent and scrub."}, {"type": "sentence", "content": "What do you need to carry?"}, {"type": "sentence", "content": "Food, water, bedsheet, pillow, blanket, torch, picnic chairs, and personal hygiene items"}, {"type": "sentence", "content": "Best time of the year to go for roofed accommodation"}, {"type": "sentence", "content": "Throughout the year. I recommend roofed accommodation, especially during winter, as the accommodations are heated."}, {"type": "subtitle", "content": "Car Camping:"}, {"type": "sentence", "content": "Difficulty Level 2 (on the scale of 1 to 5 with 1 being the easiest)"}, {"type": "sentence", "content": "What is Car Camping?"}, {"type": "sentence", "content": "This is the most common type of camping most people try."}, {"type": "sentence", "content": "In this type of camping, you get a dedicated site with a fire pit and a picnic table. You carry all the camping equipment along with you in your car and park it right on the campsite hence the name car camping."}, {"type": "image", "content": "https://miro.medium.com/max/4068/1*YmXmXajqWEMp9i7BZxUahw.png"}, {"type": "sentence", "content": "Where do you sleep at night?"}, {"type": "sentence", "content": "In the tent on a sleeping pad or mattress, you brought."}, {"type": "sentence", "content": "Where do I shower & how are the washroom facilities?"}, {"type": "sentence", "content": "Most of the parks have common shower facilities with hot showers and they have decently clean common washrooms distributed throughout the park and in the campsite areas."}, {"type": "sentence", "content": "What do you need to carry?"}, {"type": "sentence", "content": "Tent, sleeping pad, sleeping mattress, sleeping bag, gas, stove, torch, mosquito repellant, picnic chairs, dish cleaning supplies, water, food, and personal hygiene items."}, {"type": "sentence", "content": "Where can I wash the dishes?"}, {"type": "sentence", "content": "All parks have a common cleaning area where you can go and wash the dishes."}, {"type": "sentence", "content": "Also, they have non-potable water available throughout the campsite area which you can use to wash the dishes. You need to carry your detergent and scrub."}, {"type": "sentence", "content": "Best time of the year to go for car camping"}, {"type": "sentence", "content": "Late spring, summer & early fall. I recommend going car camping after June to avoid mosquitos."}, {"type": "subtitle", "content": "Backcountry Backpacking:"}, {"type": "sentence", "content": "Difficulty Level 3(on the scale of 1 to 5 with 1 being the easiest)"}, {"type": "sentence", "content": "What is Backcountry Backpacking?"}, {"type": "sentence", "content": "In my opinion, this is the true form of camping."}, {"type": "sentence", "content": "Here you carry all you need for the duration of your trip in your backpack. The site is not accessible by road hence you need to hike few kilometers with your backpack to reach your campsite."}, {"type": "sentence", "content": "Since these sites are remote they offer great untouched natural beauty & solitude."}, {"type": "image", "content": "https://miro.medium.com/max/3208/1*zcW-D_jdX6pfofjTy9TcVA.png"}, {"type": "sentence", "content": "Where do you sleep at night?"}, {"type": "sentence", "content": "In the tent on a sleeping pad or mattress, you brought."}, {"type": "sentence", "content": "Where do I shower and how are the washroom facilities?"}, {"type": "sentence", "content": "There are no common shower or washroom facilities. If your campsite is near a lake or river you can take a dip into it."}, {"type": "sentence", "content": "What do you need to carry?"}, {"type": "sentence", "content": "Tent, sleeping pad, sleeping mattress, torch, gas, stove, food, water, water filter, mosquito repellant & personal hygiene items."}, {"type": "sentence", "content": "Where can I wash the dishes?"}, {"type": "sentence", "content": "Use the nearby water source to wash the dishes."}, {"type": "sentence", "content": "Best time of the year to go for backcountry camping"}, {"type": "sentence", "content": "Late spring, summer & early fall. I recommend going backcountry camping after June to avoid mosquitos."}, {"type": "subtitle", "content": "Canoe Camping:"}, {"type": "sentence", "content": "Difficulty Level 4 (on the scale of 1 to 5 with 1 being the easiest)"}, {"type": "sentence", "content": "What is a Canoe Camping?"}, {"type": "sentence", "content": "Similar to backcountry camping, in canoe camping, you carry all you need for the duration of your trip in a canoe instead of a backpack."}, {"type": "sentence", "content": "Again the sites are not accessible by road so you need to canoe or paddle to your site. Since these sites are very remote they offer great untouched natural beauty & solitude."}, {"type": "image", "content": "https://miro.medium.com/max/4880/1*2MN40dj1vwfMDQQ-StAZLg.png"}, {"type": "sentence", "content": "Where do you sleep at night?"}, {"type": "sentence", "content": "In the tent on a sleeping pad or mattress, you brought."}, {"type": "sentence", "content": "Where do I shower and how are the washroom facilities?"}, {"type": "sentence", "content": "There are no common shower or washroom facilities. Your only option is to take a dip into the water."}, {"type": "sentence", "content": "What do you need to carry?"}, {"type": "sentence", "content": "Tent, sleeping pad, sleeping mattress, torch, gas, stove, food, water, water filter, mosquito repellant, canoe, paddles, life jacket & personal hygiene items."}, {"type": "sentence", "content": "Where can I wash the dishes?"}, {"type": "sentence", "content": "Use the lake water to wash the dishes."}, {"type": "sentence", "content": "Best time of the year to go for canoe camping"}, {"type": "sentence", "content": "Late spring, summer & early fall. I recommend going after June to avoid mosquitos."}, {"type": "subtitle", "content": "How to book the sites?"}, {"type": "sentence", "content": "You can book these sites from Parks Canada or any other provincial park website like Ontario parks. You need to book the site well in advance as the sites get booked really fast."}, {"type": "sentence", "content": "The booking website has a map view along with the pictures of the site, which is quite useful in deciding which site to book."}, {"type": "sentence", "content": "Thanks for reading."}, {"type": "sentence", "content": "Now go out and camp."}, {"type": "image", "content": "https://miro.medium.com/max/1400/1*mTtOAzVyJNFL4Yp6DC0aTQ.png"}, {"type": "sentence", "content": "Sign up for our newsletter to stay informed with up-to-date curations from our editors:\ud83d\udc47"}, {"type": "sentence", "content": "We now offer exclusive writing services for our members. Discover how you can take advantage of our editing services and more."}], "topic": "travel", "uuid": "8166a479f47c4d1e039d667dc0b49170285d64c8d60179b79373ed1a", "link": "https://medium.com/world-travelers-blog/a-step-by-step-guide-for-camping-in-canada-for-beginners-308b555274d7"}