{"title": "How to put HR in the driver seat of organisational change.", "data": [{"type": "subtitle", "content": "CONTINUOUS LEARNING"}, {"type": "sentence", "content": "3 shifts that make you succeed."}, {"type": "sentence", "content": "The agility of organizations is increasing, due to a rapidly changing environment and customer needs."}, {"type": "sentence", "content": "For a long time HR could (miraculously) stay out of this, but not anymore!"}, {"type": "sentence", "content": "On the one hand, because the teams work Agile and therefore expect HR to be Agile and to be able to respond quickly to their wishes. So no lengthy procedures, but delivering value quickly, so the teams can move on again."}, {"type": "sentence", "content": "On the other hand, these Agile organisations revolve around the employees. So, the key denominating factor for a successful Agile organisation is how these employees experience their work."}, {"type": "sentence", "content": "And, aren't precisely those employees the focus area of the HR domain?"}, {"type": "sentence", "content": "Often the misconception is that HR is automatically the central point the Agile movement since Organisations changes usually were driven from HR/Management perspective."}, {"type": "sentence", "content": "In practice, I see just the opposite when we talk about Agile Transitions, where HR teams remain aloof and wait until the change is done. HR is often so busy with elementary matters such as salary, recruitment, and personnel administration that HR department innovation seems to be 'forgotten'. Where self-organizing teams throughout the organization blossom like crocuses in the spring, HR teams often seem even more busy looking at how on earth such developments fit into the existing structure."}, {"type": "sentence", "content": "At the same time, HR is currently making a fantastic advance and catching up. I see organisations where HR has reinvented itself and is therefore invaluable to colleagues and the organisation. Below I describe the three most important shifts of HR within an Agile organisation that puts them in the driver seat."}, {"type": "subtitle", "content": "1. A shift from responsibility for the well-being of colleagues in HR alone towards a joint responsibility"}, {"type": "sentence", "content": "It's not just HR's responsibility to ensure that colleagues feel good about themselves and can do their job well. This is a daily duty of everyone in the organisation. If you see that your colleague can do better or develop better, then you help him/her."}, {"type": "sentence", "content": "In that case, you don't mail the HR advisor that he has to pick it up. You do this together as a team."}, {"type": "sentence", "content": "For example, the Sprint retrospective is an event that looks at 'functional' improvements and improvements in team collaboration. How can we make better use of each other's strengths and help each other individually become better together as a team?"}, {"type": "sentence", "content": "The purpose of the Sprint Retrospective is to:"}, {"type": "sentence", "content": "Inspect how the last Sprint went with regards to people, relationships, process, and tools;... - Scrum Guide 2017"}, {"type": "sentence", "content": "This also means that HR has to come out of its ivory tower and be transparent about its role. In the past, HR often thought about what was good for your development within the company. That is outdated because that is up to the employee now. In short, HR has a serving, inspiring and coaching role for all her colleagues, where having good social skills (and not being a closed department) is a requirement."}, {"type": "subtitle", "content": "2. A shift from delivering 'one size fits all' solutions to adding value every day"}, {"type": "sentence", "content": "Ask an HR professional if he has helped his colleagues a step further this week in self-reliance, in enjoying their work or in being able to make decisions quickly, and few can answer in the affirmative."}, {"type": "sentence", "content": "Yet this is the core from which HR has to work: making people awesome. You don't do that mainly by developing large policy documents and HR instruments that must immediately apply to the entire organisation. You do this by adding value every day so that colleagues can do their work as good as possible for the end customer. This means that we have to stop:"}, {"type": "sentence", "content": "\u00b7 Thinking in resources: HR is pre-eminently the field that thinks in terms of resources, such as training courses and online learning portals (Resources delivered? Tick in tha box!). But creating a resource does not add value. It does add value if you enter into a dialogue with your colleagues and solve their bottlenecks in the short term as part of the larger objectives."}, {"type": "sentence", "content": "Every grain of sand you remove from the machine makes it run a little smoother. You may not notice this after removing a single grain, but do it 100 times and see what difference you've made. - Marty de Jonge"}, {"type": "sentence", "content": "\u00b7 Long procedures: No more spitting out long procedures everyone at once. Work together with colleagues in short cycles, adding value every time. Doesn't a solution work? Then you continue to develop. Dare to experiment and explore empirically."}, {"type": "sentence", "content": "\u00b7 One size fits all: One size does not fit all. HR has to let go of that thought. Every team has its own needs and what has value differs per team."}, {"type": "subtitle", "content": "3. A shift from being a 'business partner' at the service of the management to HR as a 'people partner' at the service of the teams."}, {"type": "sentence", "content": "Traditional HR supports management. During a complicated exit interview, HR is brought in, just like when vacancies are posted. We think from the manager's point of view."}, {"type": "sentence", "content": "In an Agile organisation, teams are in the lead. HR is no longer the advisor of management alone, but advisor of the people in those teams. This is where HR can take on a strong advisory role. Make sure you are up to date with the latest developments and advise and inspire your organisation to grow further."}, {"type": "sentence", "content": "Then, as HR, you can lead the way in organisational development and own your advisory role. HR can also very well guide teams in their Agile development."}, {"type": "sentence", "content": "Who holds up a mirror to the teams? Who is the conscience of the team? In short, the role of HR will involve a lot more than being obedient to the manager."}, {"type": "image", "content": "https://miro.medium.com/max/1926/1*NLhdMnZRVMy0jhWjtjUXpQ.png"}, {"type": "subtitle", "content": "Starting with Agile HR"}, {"type": "sentence", "content": "Would you like to work (further) with your team to develop into an Agile HR team? Get started with the five steps below:"}, {"type": "sentence", "content": "1. Always start with the mindset, this also applies to HR. As an HR team, spend plenty of time here to understand the (Agile) mindset and especially to translate it into your daily work. (New Agile) team rules can help here."}, {"type": "sentence", "content": "2. Formulate an Agile HR goal jointly, prioritize actions that contribute to this and determine the metrics to make this success transparent."}, {"type": "sentence", "content": "3. Subsequently, this change often requires a different set-up of the HR department, management and work approach. One that contributes to agility, transparency and value creation. This is where Agile practices such as Scrum, Kanban and Agile portfolio management can help."}, {"type": "sentence", "content": "4. HR of the future requires different roles and interpretation of roles. A handy step is to go to a generic HR function, with roles around it. These roles can be temporary in nature, a person can have multiple roles that are evaluated regularly."}, {"type": "sentence", "content": "5. The HR toolkit itself can often also use a touch of Agile. For this I like to use a transparent backlog, where together with colleagues I prioritize the instruments that need to be tackled first. Often the first instruments we tackle are the 'functions pyramid', onboarding and offboarding, remuneration and performance management."}, {"type": "sentence", "content": "These 5 steps require attention and time, especially if you really tackle this together with your colleagues. My advice is to start in small steps, test and learn from your mistakes."}, {"type": "sentence", "content": "In short, a lot will change for HR now and in the coming period. I don't see the role of HR disappearing but changing enormously. A nice change as far as I am concerned. Back to the core of the profession, being:"}, {"type": "subtitle", "content": "Help the people in your organisation to become the best version of themselves!"}, {"type": "sentence", "content": "An exciting time awaits us in which we can reinvent HR and we need to focus on providing the HUMANS around us with the RESOURCES they need."}, {"type": "sentence", "content": "I'm ready for it, how about you?"}, {"type": "sentence", "content": "Acknowledgements to Minke Buizer ."}], "topic": "leadership", "uuid": "820dfacc37ae7047b83a0228df86a3fbbc9cd6f659372fbc02207d5b", "link": "https://bootcamp.uxdesign.cc/how-to-put-hr-in-the-driver-seat-of-organisational-change-bef89dc6b8ea"}