{"title": "Tridimensionality of Skeuomorphism, Flat Design, and Neumorphism", "data": [{"type": "sentence", "content": "When looking at recent digital interfaces, many styles rely, at some level, on bidimensional representations of physical components. Without being an article that pretends to describe in detail these styles, this text explores the characteristics, rationale, and representation resources of three of the most relevant recent UI styles."}, {"type": "sentence", "content": "Why these styles? Regarding the history of digital interfaces, there had existed several design styles and variations. In a simplified description, we have a first stage, defined mostly by technical constraints (amount of pixels, colors, and memory usage). During the second stage, the computers opened the possibilities to the designers, more intentional visual styles appeared. Two of the most relevant of this period are Skeuomorphism and Flat Design. Neumorphism isn't a consolidated style, but I included it in this exploration for reasons I will describe below."}, {"type": "subtitle", "content": "The process"}, {"type": "sentence", "content": "After studying the defining traits of each of the styles, I created a concept interface for each one. Using a CAD tool, I built the respective 3d models that included background and appropriate lighting. Then, I made some realistic renders from the top and isometric views. Taking as reference the top view, I assembled the bidimensional representation using Figma. These components use regular patterns that can be built with code and used on final products."}, {"type": "sentence", "content": "Below you can find the images of this process, useful for comparing the different representations and styles."}, {"type": "image", "content": "https://miro.medium.com/max/2160/1*gLcXZwJB5779ywSPLAK_Lw.png"}, {"type": "subtitle", "content": "Skeuomorphism"}, {"type": "sentence", "content": "More than a demarcated style, Skeuomorphism is the rationale of emulating the physical world interfaces into the digital world. Originally this was a resource used for making the interactions more intuitive for the users. Under this principle, Skeuomorphism groups together a series of visual styles."}, {"type": "sentence", "content": "These visualizations show a clean style with geometric and uniform elements, coupled with slightly rounded corners."}, {"type": "sentence", "content": "These components try to resemble a high-quality plastic interface from the physical world. The micro-interactions also replicate the physical patterns of regular buttons and controls."}, {"type": "sentence", "content": "You can read a more detailed description of Skeuomorphism here."}, {"type": "image", "content": "https://miro.medium.com/max/2160/1*SSqIrr1nh3SEgRj6MIm78A.png"}, {"type": "image", "content": "https://miro.medium.com/max/2160/1*-cymuv-VjkZoTwYnzP7fZA.png"}, {"type": "image", "content": "https://miro.medium.com/max/2160/1*9aFxPofh9sySbamQQeH0UA.png"}, {"type": "subtitle", "content": "Flat design"}, {"type": "sentence", "content": "As an opposite response to the Skeuomorphism appeared the Flat design. When the users became familiar with the regular interaction patterns, the literality of the elements became unnecessary. The designers gave a twist to the semiotics of the components and shaped this style."}, {"type": "sentence", "content": "The Flat design broke with the physical rules. The reliable and realistic representations were no longer necessary. The message is conveyed through icons, abstractions, and conceptual interactions. The users were already familiar with digital-native interaction patterns."}, {"type": "sentence", "content": "The orthodox variations of Flat Design, exclusively rely on the bi-dimensional essence of the screen. No references to the physical world are used, such as shadows, transparencies, or reliefs."}, {"type": "sentence", "content": "Nevertheless, some subsequent variations of this style started to include tridimensional overlapped layers representation, expressed as shades, transparencies, and gradients. Material design is a superb example of this concept."}, {"type": "sentence", "content": "For this exploration, I used simple components that resemble laminated objects floating on a canvas. The micro-interactions don't follow the roughness of materials or the gravity rules."}, {"type": "sentence", "content": "You can read a more detailed description of Flat Design here."}, {"type": "image", "content": "https://miro.medium.com/max/2160/1*dyBe2z2V7G93VXF5pPCLMA.png"}, {"type": "image", "content": "https://miro.medium.com/max/2160/1*pG5JADzs3JOL0PEcjfbJeA.png"}, {"type": "image", "content": "https://miro.medium.com/max/2160/1*LiMYy0M-kO_OYn8E4WV7JA.png"}, {"type": "subtitle", "content": "Neumorphism"}, {"type": "sentence", "content": "This trend isn't a consolidated style, probably it will never be. At least, if it still preserves the visual gestures that distinguish it. The problem arises because of its evident accessibility issues. Because of this, Neumorphism has hardly ever been implemented in final products."}, {"type": "sentence", "content": "However, there's something beautiful and mysterious in this style. That's why I included it in my explorations. I think that its potential lies in the combination of physical elements with digital-native gestures. It feels like a tridimensional world exclusively created inside a digital environment. It's like a perfect thermoformed plastic interface that doesn't follow the physical rules. Probably, if Neumorphism could find the sufficient balance to be legible, it will consolidate as a UI style."}, {"type": "sentence", "content": "For the visualizations of this style, I used the current paradigms and specs of Neumorphism. These components are part of a single surface, formed by bas-reliefs and high-reliefs. The interactions are a middle ground between the two previous styles."}, {"type": "sentence", "content": "For a better description of Neumorphism visit this article."}, {"type": "image", "content": "https://miro.medium.com/max/2160/1*bwoYOwxQ0l2tHW8B1xA65A.png"}, {"type": "image", "content": "https://miro.medium.com/max/2160/1*H-dlgVmvGVvZ_xc-fqsMOw.png"}, {"type": "image", "content": "https://miro.medium.com/max/2160/1*pS2uWSAN7eDLDfeLgb2sKA.png"}, {"type": "subtitle", "content": "Final Notes"}, {"type": "sentence", "content": "Understanding the rationale and the geometric constraints of these styles can open the door to enhancements of the current patterns and eventually new styles or variations."}, {"type": "sentence", "content": "When designing a device, normally the physical and digital interfaces are articulated independently. These two worlds are subtly starting to merge in more holistic products, where the users will navigate indistinctly among the two types of interfaces. The design systems will cover the different dimensions of a product."}], "topic": "design", "uuid": "832112f5ce04686f9cb9006c8977c9be9b2a4974403cbc5561e8381e", "link": "https://rodrnio.medium.com/tridimensionality-of-skeuomorphism-flat-design-and-neumorphism-bc9d705a5cc7"}