{"title": "No One Hates Me Like I Hate Me: How ADHD Causes Shame", "data": [{"type": "sentence", "content": "Every morning, I wake up and make a list. From very basic tasks, like taking my vitamins, to very specific work-related assignments, I carefully lay out my day. I have a little saying, \"if it's not on the list, it doesn't exist.\""}, {"type": "image", "content": "https://miro.medium.com/max/13440/1*xY-iq9D1eoZ5Wxj9pRbs8w.jpeg"}, {"type": "sentence", "content": "It's not just a cute motto that happens to rhyme, it's a warning. I forget to eat lunch on days I don't remember to write it down. My ADHD manifests in ways that lead people to believe I'm careless, thoughtless, unproductive, and forgetful. That being said, there isn't a single person out there that believes I am the embodiment of all of those things more than myself. Guilt and self-loathing come with the territory."}, {"type": "sentence", "content": "Getting diagnosed with ADHD felt like such a relief until I realized, medicated or not, I'm still saddled with this particular brain for the rest of my life. My mental health is a daily struggle, despite the fact that it becomes less taboo by the day. Over the years, as more people willingly detail their struggles in a public way, I've noticed a disturbing trend. Mental health influencers have found a way to make ADHD look funny and even relatable."}, {"type": "sentence", "content": "Much like a daily horoscope, if you line up enough vague quirks and behaviors, people are bound to identify with them. Losing your keys, wondering why you walked into the kitchen, or putting off time-consuming tasks aren't necessarily signs of ADHD, they're symptoms of the human experience. The reality of mental health issues often gets lost in a sea of misguided attempts at camaraderie by well-meaning (or attention-seeking) neurotypical people."}, {"type": "sentence", "content": "I've often wondered if I should stop discussing my lived experience with ADHD. Every time I publish something new, someone reaches out to me to tell me I've inspired them to seek help. It makes me feel like a fraud because of the things I don't say, the truths I withhold. The most sinister parts of this debilitating diagnosis are the most common, and yet the least talked about."}, {"type": "sentence", "content": "So here is the truth about living with ADHD. It's not something that makes me unique or an issue I can work through with guided meditation or clever TikTok tricks and tips. It's missing your friend's bridal shower even though you looked at the invitation a day before. It's sweating off your carefully applied makeup while you rush to get ready for your first day of work, coming to terms with the fact that you'll be late due to time blindness. It's feeling like shit on the morning of your wedding for dropping the ball on the thoughtful gift you wanted to give to your husband, but didn't have the discipline to dedicate the time to. It's perpetual paranoia that today's workday will be your last, because a task that should take ten minutes ended up taking an hour. It's forgetting embarrassingly common words like 'chart' in the middle of an important presentation. It's perpetually double booking yourself and disappointing your friends again. It's continually talking over people for fear of forgetting the thoughts you wanted to contribute to the conversation and feeling people get frustrated with your constant interruptions. It's blowing up and screaming at your loved ones due to heightened emotional reactivity. It's guilt that wakes you up in the dead of the night and weighs so heavily you preemptively decide to give up on tomorrow's plans."}, {"type": "sentence", "content": "As terrible as all the above missteps can be, nothing quite compares to ADHD freeze. Clearly not a clinical term, but it's the best I could come up with seeing as my health insurance is so bad I can't seem to lock down an appointment with a psychiatrist to discuss it. There are days when I get so overwhelmed, I find myself frozen to the couch. I'll put off eating or going to the bathroom for hours at a time. The \"logic\" here is, if I get up, I have to face the reality of my daily tasks and the time I have left in the day to do them. If I stay frozen in place, maybe time will freeze with me and forgive my laziness. An entire day can pass before I realize my husband is pulling into the driveway after a long day at work and I've accomplished nothing."}, {"type": "sentence", "content": "I put off the simplest of tasks for fear of fucking something up, even though putting off the task is in and of itself the biggest fuck up of all. Self-sabotage might as well be one of the items on my to-do list, right next to my daily vitamins."}, {"type": "sentence", "content": "Typically, I try to find a way to wrap up my articles with a positive anecdote or hopeful call to action for my readers. Most days are okay, today is not one of them. But for all the ways I failed other people today, ultimately it's me that I failed the most. I might love myself and my accomplishments tomorrow, but today I hate me and I hate my ADHD."}], "topic": "mental-health", "uuid": "8444fcd918282bd2af6799282e95b81608d161171f328469e84b4901", "link": "https://medium.com/age-of-awareness/no-one-hates-me-like-i-hate-me-how-adhd-causes-shame-b5a46cbaee85"}