{"title": "Ultra Trail Race Kit and Equipment Check List", "data": [{"type": "image", "content": "https://miro.medium.com/max/2738/1*ZiC1YcTn-1817hTHxn18WA.jpeg"}, {"type": "subtitle", "content": "The Best Kit for Multi-day Ultra-Marathons"}, {"type": "sentence", "content": "Want to know what kit to use for an ultra trail race? Here are recommendations and the best kit available for The Dragons Back and similar multi-day ultra-marathon races."}, {"type": "sentence", "content": "While preparing for the Berghaus Dragons Back Race in 2019 I was asked a lot of questions about the best kit and equipment to use while ultra-running. With endurance events opening up again I am getting another stream of similar questions and I thought there maybe other people out there who could benefit from my experience, hence this post!"}, {"type": "sentence", "content": "So, I listed the kit I used through training and in the race. Using the recommended kit list (from the official website) as the outline for this post hopefully it should be easy to follow. I have also included a few top bits of kit from other people with whom I have been training."}, {"type": "sentence", "content": "I have also used this kit on other endurance races (such as the UTMB series) so if you are not doing The Dragon's Back don't worry, this kit list should help you prepare for any ultra race."}, {"type": "sentence", "content": "For ease, I have included hyperlinks for most of the kit mentioned so you can see exactly what I am talking about. You are under no compulsion to use these links and feel free to shop around if you like! If you have any other recommendations, then please feel free to leave a comment with your thoughts. Enjoy!"}, {"type": "subtitle", "content": "MANDATORY 'HILL' KIT"}, {"type": "sentence", "content": "According to the race rules the following kit must be worn or carried by the participants in their 'hill bags' at all times. I have made my recommendations under each bullet point:"}, {"type": "subtitle", "content": "Ultra-running Backpack or Vest"}, {"type": "subtitle", "content": "Ultra-marathon Clothing"}, {"type": "subtitle", "content": "Hat and gloves suitable for the weather conditions"}, {"type": "subtitle", "content": "Trail Running Shoes"}, {"type": "subtitle", "content": "Other Items"}, {"type": "sentence", "content": "I did not have a race map for Dragon's Back training so I used the Ordnance Survey Landranger 1:50 000 series. They generally have more detail than the race maps which is useful for route finding on practice days:"}, {"type": "subtitle", "content": "Headtorch"}, {"type": "subtitle", "content": "Trail Food"}, {"type": "subtitle", "content": "Running Drinks/Water"}, {"type": "subtitle", "content": "Other Essential Kit"}, {"type": "subtitle", "content": "RECOMMENDED 'HILL' KIT"}, {"type": "sentence", "content": "The following kit is also recommended:"}, {"type": "subtitle", "content": "MANDATORY CAMP KIT"}, {"type": "sentence", "content": "The following kit must be included in the participants' Overnight Bag (max 60L):"}, {"type": "subtitle", "content": "Overnight Kit"}, {"type": "subtitle", "content": "Sleeping Kit"}, {"type": "sentence", "content": "Warm sleeping bag (3 Season recommended). I use/like:"}, {"type": "sentence", "content": "Sleeping mat (Thermarest style inflatable mat recommended)"}, {"type": "subtitle", "content": "Other Camp Kit"}, {"type": "subtitle", "content": "Plate/bowl, mug and cutlery"}, {"type": "subtitle", "content": "First Aid Kit"}, {"type": "subtitle", "content": "OTHER RECOMMENDED KIT"}, {"type": "sentence", "content": "Here are some useful bits of kit that are not mandatory but I recommend (and use)."}, {"type": "subtitle", "content": "Other Clothing"}, {"type": "subtitle", "content": "Other Bits and Pieces"}, {"type": "subtitle", "content": "Hygiene and Wellbeing"}, {"type": "sentence", "content": "Personal washing things and towel to include:"}, {"type": "subtitle", "content": "FURTHER RECOMMENDED KIT"}, {"type": "sentence", "content": "Here are some kit recommendations that go beyond the list on the Dragons Back website:"}, {"type": "sentence", "content": "Phew! Quite a list I know. As I mentioned at the beginning this is just the kit, I have had experience of so please do add your recommendations to the comments."}, {"type": "subtitle", "content": "Full Disclosure on Kit Links!"}, {"type": "sentence", "content": "Just to reiterate, say that the links to Amazon are affiliate ones so I would get something if you did choose to purchase something after following the link."}, {"type": "sentence", "content": "All of the kit above comes from real testing and recommendations and Amazon is generally my go-to for shopping but if you feel uncomfortable with using the links then feel free just to use the recommendations in your search engine."}, {"type": "sentence", "content": "To put your mind at rest I generally only earn pennies but it does go a little way to supporting the running of my website so thank you if you do use the links!"}, {"type": "sentence", "content": "Originally published at https://therightquestions.co on April 30, 2021."}], "topic": "travel", "uuid": "8447566cf9b5a4c12800fab44cbec71ea83ee094463954926ab7e414", "link": "https://simon-ash.medium.com/ultra-trail-race-kit-and-equipment-check-list-deaf608a91a2"}