{"title": "Swapping Real Meat To Plant-Based Alternative Meat For Heart Health - Study Finds.", "data": [{"type": "sentence", "content": "Plant-based alternative meat mimics the texture and macronutrient composition of processed meat, such as burger, sausages, meat strips, etc. However, plant-based alternative meat is also an ultra-processed food. Many health-conscious individuals concern that it might not be healthier than real meat. Contenders for real meat commonly see beef patty as less processed. We can make beef patty or bean patty at home from scratch. However, we cannot reproduce the commercial Beyond or Impossible mock-meat patty."}, {"type": "sentence", "content": "Medium writer "}, {"type": "sentence", "content": ""}, {"type": "subtitle", "content": "Swapping real meat to plant-based alternative meat lowers the biomarkers of cardiovascular disease - Study finds."}, {"type": "sentence", "content": "In 2020, a clinical study concluded swapping real meat to Beyond meat lowers blood concentration of trimethylamine-N-oxide (TMAO), an emerging risk factor for cardiovascular disease."}, {"type": "subtitle", "content": "What is the source of TMAO?"}, {"type": "sentence", "content": "Blood concentration of TMAO is higher when consuming animal products. TMAO is naturally present in fish. Certain gut bacteria can convert L-carnitine and choline (which are present in meat) to TMA. Subsequently, TMA is delivered to the liver, oxidised into TMAO and circulates in the bloodstream."}, {"type": "subtitle", "content": "How was the study conducted?"}, {"type": "sentence", "content": "The mentioned clinical study was conducted at Stanford University. This study is a randomised cross-over intervention involving an animal meat intervention and a Beyond meat intervention. Each intervention lasted 8 weeks."}, {"type": "sentence", "content": "18 participants followed an animal meat treatment first, then swapped to Beyond meat treatment. Another 18 participants followed the Beyond meat intervention first, then swapped to animal meat intervention. Each participant completes both treatments. Researchers provided treatment products to participants."}, {"type": "image", "content": "https://miro.medium.com/max/2474/1*GNVJcl06GjY_Z-9P8GWCTA.png"}, {"type": "subtitle", "content": "Diet"}, {"type": "sentence", "content": "Every day, participants incorporate at least 2 servings of intervention products (meat or Beyond) into their diet, while keeping other components of the diet as similar as possible between the 2 interventions."}, {"type": "sentence", "content": "Participants cannot eat other meat during the intervention, except for fish during the animal meat treatment. However, they can consume other animal products such as milk and cheese. Participants also cannot eat other plant-based protein-rich food such as tofu and tempeh in both treatments."}, {"type": "sentence", "content": "As a result, participants consumed a similar amount of calories, protein, carbohydrate, fat, fibre, and sodium between the two interventions. The treatment products contributed to 50% of total protein intake, whereas other foods contributed the other 50% . The significant difference between the two treatments is the type of meat products consumed."}, {"type": "subtitle", "content": "Main outcomes"}, {"type": "sentence", "content": "This finding is interesting as it suggested the protective effect of plant-based meat lasted beyond its treatment period, building resistance to the elevation of TMAO. It builds a research question worthy to be investigated in future studies."}, {"type": "sentence", "content": "Additionally, participants had a lower LDL-cholesterol after Beyond meat, without a significant change in HDL-cholesterol. There is also no change in blood pressure and bowel symptoms."}, {"type": "subtitle", "content": "Concluding Remarks: How important is the study outcome?"}, {"type": "sentence", "content": "There is plenty of plant-based alternative meat in the world, but this study only tested Beyond meat. Nevertheless, it is a promising outcome for plant-based alternative meat. Although Beyond meat is an ultra-processed food, it can improve heart health when used as a substitute for real meat."}, {"type": "sentence", "content": "However, one must be very careful that if you are not substituting real meat (especially red meat) with Beyond meat, but eating in addition to it, the health outcome will be different."}, {"type": "subtitle", "content": "If you are health-conscious"}, {"type": "sentence", "content": "The cardiovascular outcome may be better if less-processed plant-based alternative meat is used, such as tofu and tempeh. Furthermore, seitan (wheat gluten) is another alternative used in Asian countries as mock meat."}, {"type": "sentence", "content": "My previous article discussed how ultra-processed food may covertly increase calories intake:"}, {"type": "sentence", "content": "In reality, these other alternatives require a different cooking method. Hence, it is difficult to compare meat vs its alternative, but it is still valid to compare the diet as a whole."}, {"type": "subtitle", "content": "If you are environment-conscious"}, {"type": "sentence", "content": "Apart from health reasons, the researchers also proposed that substituting 25% of our meat intake with alternative meat is sufficient to promote a meaningful reduction in our carbon footprint."}, {"type": "subtitle", "content": "Opportunities for future research"}, {"type": "sentence", "content": "This article just presents a single study. One must be very cautious about generalising results from a single study. It is yet uncertain whether the outcome is reproducible."}, {"type": "sentence", "content": "Nevertheless, there is a huge opportunity for future research in the field of alternative protein. For example, how do different alternative proteins (ultra-processed plant-based meat, less-processed alternative protein, unprocessed alternative protein, Asian mock meat) affect different biomarkers of health, both short-term and long-term?"}, {"type": "sentence", "content": "It is also worth investigating whether substituting 25% of daily meat intake with alternative protein is sufficient to improve health."}, {"type": "image", "content": "https://miro.medium.com/max/1536/1*-7pbYyV-JfXW8JjZjth9Vw.png"}], "topic": "science", "uuid": "85e7e1ea64fe4d3781696348722b2895357bba9b51db1e98e596d1d0", "link": "https://medium.com/nutrition-updates/swapping-real-meat-to-plant-based-alternative-meat-for-heart-health-study-finds-aab5576d9971"}