{"title": "What Is a Podcast and How Can You Start a Podcast for Free", "data": [{"type": "image", "content": "https://miro.medium.com/max/4604/0*Cx9TYto4Bfc-IheD"}, {"type": "sentence", "content": "Did I have inside information, or was I using a crystal ball? In November 2020, I wrote, \"How to Start a Podcast With a Text to Speech Tool.\""}, {"type": "sentence", "content": "In February 2021, WordPress announced that it would partner with Anchor to help creators turn a blog post into a podcast episode. Spotify owns the company."}, {"type": "subtitle", "content": "What is a Podcast?"}, {"type": "sentence", "content": "What Is a Podcast? - In simple terms, a podcast is like a radio show you listen to through an app on your mobile phone. The most popular apps are Spotify and iTunes."}, {"type": "sentence", "content": "If you happen to tune in to Apple's Spring Loaded event, aside from the new products it showcased like the new iMac 24\", the air tags, iPad Pro, and the color purple in its Apple devices."}, {"type": "sentence", "content": "You wouldn't have missed Tim Cook's announcement about the Podcasting."}, {"type": "sentence", "content": "Apple is taking back from Spotify the top spot as a podcast aggregator. Also, Apple, with its new set of podcast tools, including payment, helps creators start their podcasts primarily inside the Apple ecosystem."}, {"type": "sentence", "content": "It is an exciting time for creators, and if you are a writer, this is another way to repurpose your content."}, {"type": "sentence", "content": "In the past, I have written how you can turn your words into a podcast but also as YouTube videos."}, {"type": "sentence", "content": "Podcasting is a great way to attract new customers and engage with your existing customers."}, {"type": "sentence", "content": "You can put out podcasts at any time, and they can be as short or as long as you want. An average podcast can last for an hour or more."}, {"type": "sentence", "content": "Your listeners will listen to your podcast while they are in your car, on the train, at the office, waiting in line, etc."}, {"type": "sentence", "content": "You can create a podcast that meets their changing needs. \"A podcast is like having a deep connection with your customer. It truly is one of a kind, because you share about that experience with them, in a conversation."}, {"type": "sentence", "content": "Audio does bring a different experience to our senses, unlike in videos where we both use our eyes and ears to focus on what we are watching."}, {"type": "sentence", "content": "With podcasts, only our ears are listening to the voices of the podcast host and its podcast guests. The experience is different but focused."}, {"type": "subtitle", "content": "How to Start and Produce a Podcast."}, {"type": "sentence", "content": "There is a golden opportunity to invest and improve your podcast. Considering the growing number of podcast listeners, by following the steps below."}, {"type": "sentence", "content": "Ryan Robinson has an interactive podcast that he produces called The Side Hustle Project. It is a popular podcast that is full of marketing tips."}, {"type": "sentence", "content": "With his podcast, he shares loads of valuable marketing tips. If you can provide value to audiences, your podcast can become an asset for your business."}, {"type": "sentence", "content": "If you feel like producing podcasts, then you will want to get a microphone, set up a podcast theme, create an email list of listeners, write the newsletter, create content, and adapt your content, all in just a few short days."}, {"type": "sentence", "content": "If you would like to know more about starting or producing a podcast, scroll down to the section \"How to Start a Podcast.\""}, {"type": "sentence", "content": "Make sure that your podcast is ad-free and you are not selling your podcast services. Doing so could attract unwanted negative attention."}, {"type": "sentence", "content": "Your podcast theme is a crucial part of the podcast. You can use podcast themes to create a unique overview for your podcast and differentiate it from your competitors."}, {"type": "subtitle", "content": "How to start a podcast with just your voice and a microphone."}, {"type": "sentence", "content": "If you want to have a podcast, start with a free tool like Audacity. It's free, and it works on both Mac and Windows."}, {"type": "sentence", "content": "You can set up a podcast in a few minutes. Audacity allows you to record a podcast, edit it, and then upload it straight to iTunes, so you can start building your audience right away."}, {"type": "sentence", "content": "Of course, honestly, you probably don't want to buy additional equipment for a podcast because it's much more convenient to do it with your phone."}, {"type": "sentence", "content": "There are tons of podcast apps on Android and iOS, and I encourage you to try as many as possible."}, {"type": "sentence", "content": "The podcast setup is not complicated. If you spent the time showing your audience your skills and experience as a writer or speaker, this step wouldn't be that difficult for you."}, {"type": "subtitle", "content": "How to pick the best podcast hosting site"}, {"type": "sentence", "content": "Podcast hosting sites help make it easy for you to upload your audio files. These companies get your podcast listed in iTunes, Google Play Music, Stitcher, and other podcast directories."}, {"type": "sentence", "content": "You can also use them to track your downloads and monitor your podcast's performance."}, {"type": "sentence", "content": "There are a lot of podcast hosting sites. Again, with everyone bullish on the future of Podcasting, these hosting websites will lure you to try their services. A lot of this site offers free and premium accounts."}, {"type": "sentence", "content": "Try as many as you can and see which one fits your requirements as a podcaster."}, {"type": "sentence", "content": "One of the reasons Spotify is poised to overtake Apple in the number of podcast listeners is its acquisition of Anchor."}, {"type": "sentence", "content": "It has become effortless to start your podcast. The synergy between Spotify and Anchor automatically lists your podcast to Spotify seamlessly."}, {"type": "sentence", "content": "Apple's announcement to provide tools for podcasters will allow creators the same services, but there is a caveat, the creator has to pay Apple a subscription fee of $19.95 a year."}, {"type": "sentence", "content": "Apple calls its program the Apple Podcast Connect."}, {"type": "subtitle", "content": "The essential equipment you need to make your podcasts."}, {"type": "sentence", "content": "You don't need a lot of equipment to get started with audio recording. You need to invest in some proper equipment to make sure your audio sounds as professional as possible."}, {"type": "subtitle", "content": "The essential software you need to create podcasts."}, {"type": "sentence", "content": "Nowadays, many people use different software and apps to record audio. And many podcasting platforms provide ways to record audio within their app."}, {"type": "sentence", "content": "There's no right or wrong pick for your audio software. However, I suggest making use of Logic Pro X and Garage Band."}, {"type": "subtitle", "content": "Writers should do a podcast."}, {"type": "sentence", "content": "I know that I can't do YouTube videos, but never say never right! For now, I will be thrilled to try my hand at Podcasting."}, {"type": "sentence", "content": "It can be as easy as narrating the stories that I have written. And if podcasting equipment is stopping me for now."}, {"type": "sentence", "content": "This is where I can start using a text-to-speech tool to convert my written words to spoken words."}, {"type": "sentence", "content": "Text-to-speech tools have become very good at what they do. Again a quick search would give a lot of free tools."}, {"type": "sentence", "content": "But if you want the most straightforward way, try using Anchor."}, {"type": "sentence", "content": "When used with WordPress, it creates a podcast episode for every article you have on your blog. Of course, with your permission and the process is seamless, and did I say it is free."}, {"type": "subtitle", "content": "Anchor & WordPress - The Easiest Way to Make a Podcast"}, {"type": "sentence", "content": "Anchor is a podcast hosting platform, and it is free. The most exciting part of it, Anchor, is now part of the Spotify family when it was acquired in 2019. Spotify continues to invest in Podcasting with acquisitions."}, {"type": "subtitle", "content": "To create a podcast episode using your blog post."}, {"type": "image", "content": "https://miro.medium.com/max/1982/1*cz8nmGNGWKTdiwwhO1q-lg.jpeg"}, {"type": "sentence", "content": "Again, all a podcast needs are audio. You can choose to record your blog post using your voice or instead choose the AI voice. The blog post is converted n a few minutes, depending on the length of your blog post."}, {"type": "sentence", "content": "You can later tweak the podcast episode by customizing it further or edit it."}, {"type": "subtitle", "content": "Anchor does it all for you."}, {"type": "sentence", "content": "That is my first podcast episode. You can try and create your podcast."}, {"type": "sentence", "content": "It is the best time to be part of the creator economy. The possibilities are limitless, and your investment is at its all-time low."}, {"type": "sentence", "content": "All you need is your creativity, and you will never have to guess again second how to start a podcast in 2021."}, {"type": "sentence", "content": "I will be happy to hear from you and would love to see a response with a link to your own Spotify podcast."}], "topic": "marketing", "uuid": "88836c297d49dbf1df3e5ba7a1cd224d1a15830f57451a239705bde7", "link": "https://medium.com/writers-blokke/what-is-a-podcast-and-how-can-you-start-a-podcast-for-free-a2f5beb140e7"}