{"title": "How I Overcame My Fears To Become a More Confident and Assertive Person", "data": [{"type": "image", "content": "https://miro.medium.com/max/12480/0*ncVXPMxxwCTykomK"}, {"type": "sentence", "content": "If I met a version of myself from five or even three years ago, I would not recognize the older version. I know that sounds quite clich\u00e9 but I do mean it. For a long time, I was shy and awkward; my fear of rejection prevented me from connecting with new friends."}, {"type": "sentence", "content": "I did not advocate for myself or network particularly well. I wanted people to like me and I didn't want to bear the burden of their criticism. I had trouble asking people that I knew, friends and colleagues for help. I worried about expressing myself in different meetings."}, {"type": "sentence", "content": "Just over three years ago, I hopped on a flight to Ireland. I applied for a graduate neuroscience program in a country that I'd never visited. I didn't even know anyone that went to my new university let alone lived in the country. The new environment forced me to adapt to my challenges."}, {"type": "sentence", "content": "I grew and developed into a more confident and assertive person. Stepping out of my comfort zone, improving my emotional regulation, and learning more about the people around me. Despite being a neuroscientist, I only recently began practicing evidence-based self-improvement."}, {"type": "sentence", "content": "I've broken these psychological tricks into step-by-step nuggets of practical information. Hopefully, something in this guide will resonate with you and lead you to confidence."}, {"type": "subtitle", "content": "Mastering Emotional Regulation"}, {"type": "sentence", "content": "To grow as a person, we need to learn more about our emotions. We need to understand what makes us vulnerable, what events lead to the onset of emotions, and how to react. Two of the earliest models of emotion are extremely useful in this case."}, {"type": "subtitle", "content": "Models of emotion"}, {"type": "sentence", "content": "The first is the James-Lange theory, developed by psychologists William James and Carl Lange in the late 1800s. They theorized that our body first responds to an event or situation. The changes in our physiology then make us feel a specific emotion."}, {"type": "sentence", "content": "Coming across an angry bear, for example, my fight or flight response would initiate. My pupils would dilate, my heart rate and breathing would speed up. According to the James-Lange theory, this physiological reaction would make me feel scared."}, {"type": "sentence", "content": "Decades later, psychologist Walter B. Cannon and his graduate student, Philip Bard, developed another theory. We respond to a particular event with the emotion itself. Only afterward would we have the physiological reaction."}, {"type": "sentence", "content": "Coming across this same angry bear, I would fear for my life. Let's face it, bears are huge and scary from a few feet away. My fear would then trigger my physiological fight-or-flight response."}, {"type": "sentence", "content": "These models are both important to keep in mind but in no way completely explain our emotions or biology. There are a lot of other vulnerabilities we can and can't change that affect our reactions."}, {"type": "sentence", "content": "Factors that we can't completely control include physical ailments or genetic dispositions, past trauma, or other people's behaviors. We can control our sleep schedule, the quality of the foods we eat, and how we react to our emotions."}, {"type": "subtitle", "content": "Regulating our emotions"}, {"type": "sentence", "content": "The next step towards confidence was understanding my emotions. For example, I feared others not liking me or judging me negatively. This prevented me from engaging and speaking with new people. My reaction involved avoidance while my body activated its fight or flight response. I wanted to change this, but how?"}, {"type": "sentence", "content": "Over a long period, I practiced using opposite actions. The tactic of opposite actions simply means to look at how you feel urged to respond, identify whether that urge fits the facts of the situation, and then choose your response rather than just flowing along with the urge."}, {"type": "sentence", "content": "I knew that my responses to these emotions were unhealthy and that they held me back from participating in public events. The next time I felt this fear, I had a few strategies to tackle it. Rather than avoiding conversation with a new person, I would engage. No matter how awkward, anxious, or afraid I felt."}, {"type": "sentence", "content": "Additionally, I wanted to change the way my body responded. I practiced breathing slowly, to help calm my nerves while I participated in these activities. As I also worked on staying active and healthy, I became a more confident communicator."}, {"type": "sentence", "content": "Let's take networking as an example. Joining different entrepreneurial Zoom chats, I'd face this anxiety with opposite actions. I feel anxious and nervous that I'd make a fool out of myself. Rather than keeping silent and withdrawing I take a few slow, deliberate breaths to calm my nerves."}, {"type": "sentence", "content": "I introduce myself during the breakout session, ask other people in the group questions, and even follow up after the event. Opposite actions show me that these fears and anxieties don't need to hold me back."}, {"type": "subtitle", "content": "Practice and Master a Skill"}, {"type": "sentence", "content": "The next step to becoming more confident was learning to do something very well. Learning these skills helps imbue you with an internal sense of confidence. It helps us realize that there's more to us than how well we communicate or how often we succeed in school and work."}, {"type": "sentence", "content": "It doesn't matter what it is, because finding something you like doing will bring you meaning. I would go to my favorite spot on a small lake, feeding pigeons and ducks with birdseed. I practiced patience as I sat still so that birds would come near me. It gave me meaning knowing that I could form small temporary bonds with other living beings."}, {"type": "sentence", "content": "I also worked on my coffee brewing skills, buying some new equipment. I mastered the perfect filter brewed coffee. I felt like I could do anything, whenever I diligently brewed my cup. I shared my love of coffee by brewing some for anyone and everyone I came across. This also helped spark communication with other people in my life."}, {"type": "sentence", "content": "Learning, practicing, and mastering hobbies are stepping stones towards confident communication. When we immerse ourselves in these hobbies, we also immerse ourselves in the communities around them. With the internet, this can also include people you connect with online through Discord, Facebook, and Twitter."}, {"type": "sentence", "content": "I'd find myself confidently speaking and sharing my insights about coffee with relative strangers who also shared this interest. I was confident in myself and barely noticed that I was making small talk with strangers. I could then take this feeling and this confidence, and talk with strangers about something else in a different context."}, {"type": "subtitle", "content": "Do Public Speaking, Even if You Don't Want To"}, {"type": "sentence", "content": "The next step for me was learning that I could do something new, that used to scare me. I worked on my public communication skills, stepping out of my comfort zone to talk about science. In our institute, we had a strong community outreach program. Anytime I had an opportunity, I would volunteer."}, {"type": "sentence", "content": "Normally, I was afraid of speaking to groups of people that I knew, let alone strangers. Starting my public communication three years ago, I would run workshops for kids. I walked children and parents through a giant inflatable gut, explaining the digestive system. Before long, I signed up for more adventurous volunteering gigs."}, {"type": "sentence", "content": "In my final year in Ireland, I performed a stand-up comedy about my science in pubs. I also participated and won a public speaking competition where I explained a scientific concept in three minutes to a general audience. By this point, I gained a brand new skill and became more confident in my communication abilities. This confidence would carry over to other areas of my life."}, {"type": "sentence", "content": "Since I knew I was an excellent communicator, I felt like I could assert myself. When I communicated with colleagues, bosses, or supervisors, I asked for what I needed. I had the skills to face much of the social anxiety that had been holding me back. But I still had a little bit more to learn."}, {"type": "subtitle", "content": "Understanding Your Goals and Values"}, {"type": "sentence", "content": "Even though I knew how to be more assertive, sometimes I didn't know what I wanted. Being confident and assertive doesn't mean so much if you aren't sure what you want. I had to ask myself the difficult questions about what I valued and what I wanted to get out of my education."}, {"type": "sentence", "content": "I hadn't thought about alternative paths towards meaning besides staying in academia. Worse yet, I wasn't having so much fun by the end of my graduate school experience. Rather than focusing on careers or jobs, I thought about the things that I valued."}, {"type": "sentence", "content": "I am focused on improving mental health for students and communicating science. I want to keep up good connections with my friends, even those an ocean away from me. I want to explore the world and spot animals from a safe distance. These are the values that everything else will fit into. Each of these values can be broken down into specific goals that you can pursue."}, {"type": "sentence", "content": "How can we communicate these goals or needs step by step? It takes a while to figure out how these values relate to your day-to-day life. How do I craft conversations within my network that will help me live by these values? I can make small goals that serve different values."}, {"type": "sentence", "content": "Take the example of my friends that no longer live in the same city or country. I value these connections, so I make a mental note to catch up with my friends. If I see someone's picture pop up on Facebook or I'm otherwise reminded of them, I'll send them a message or schedule a phone call."}, {"type": "sentence", "content": "I make a goal of catching up with at least one or two friends every single week. This makes it very easy to follow this value across my day-to-day life. It takes some practice to turn this into an automatic reflex, and after a while, it's practically automatic."}, {"type": "sentence", "content": "For another example, I needed to develop professional partnerships to learn about starting a business. This is necessary so I can live by one of my values, which is improving student mental health. I can break down networking and conversations into distinct goals."}, {"type": "sentence", "content": "By researching people that I schedule meetings with ahead of time, I can prepare tailored questions based on their expertise. I turn this day-to-day conversation with a business mentor into a goal that relates directly to my values."}, {"type": "subtitle", "content": "Practice Effective Communication"}, {"type": "sentence", "content": "Communication is a two-way street. When I expected others to read my thoughts or ideas, I was disappointed. The truth is other people can't read my mind, nor should they be able to. After all, half of the conversation comes from me anyways."}, {"type": "sentence", "content": "If I wanted a friend to know I was upset at them, I would need to tell them. Similarly, I appreciated the same level of candor from my friends. I practiced as I communicated with more and more people, using a stepwise method. Later, I could become assertive even with managers or supervisors."}, {"type": "sentence", "content": "Here are the not-so-tricky secrets to effective communication. In the case of an unreasonable deadline, I could come to a supervisor and colleague. Before my self-development phase, I wouldn't bring up this challenging deadline. I would simply agree and work towards carrying it out, even if I'd need to stay up all night to do it."}, {"type": "sentence", "content": "Now I communicate my goals and needs more effectively. The unreasonable deadline will be challenging and prevent me from living by more important values. An extra week wouldn't make any grand differences in the universe. The way to get others to respect me more is to assert myself in this situation."}, {"type": "sentence", "content": "First, I make sure to regulate my emotions. If I am anxious or afraid, I can counteract it through opposite actions. This lets me describe the situation to my supervisor in detail, using only facts. Using the word I and omitting adverbs, I explain my predicament."}, {"type": "sentence", "content": "\"I am unable to complete the project by the deadline because X, Y, Z. This will lead to undue stress and a lower quality of work.\" Often, the other person might not agree, might ignore or belittle your opinion."}, {"type": "sentence", "content": "You need to avoid volatile emotions and hold steady to assert this issue. Keep repeating and reasserting yourself until the person agrees to negotiate. At this point, you can ask the other person to suggest a solution. For example, you ask them to suggest another reasonable deadline, given the situation. This puts the ball in their court."}, {"type": "sentence", "content": "Part of being confident and assertive is knowing that you might need to negotiate. At the end of the day, you have a goal or change you want to make through the conversation. Here I want a better deadline so I would be amenable to agreeing to a five-day extension instead of a seven-day extension."}, {"type": "sentence", "content": "Remember to play it fair, listening to the other person's point of view. You can practice active listening, asking them to elaborate on their points. At the end of the conversation, you'll be confident that you haven't destroyed a relationship. You will gain self-respect by sticking to your goals and values. For me, practicing being assertive over a few years made it almost automatic."}, {"type": "subtitle", "content": "Realize Everyone Isn't Constantly Judging Your Actions"}, {"type": "sentence", "content": "There are a lot of fears and communication myths that influence our behaviors. Even if these myths aren't obvious, we can break them down and debunk them. What are the emotional consequences of specific actions or stimuli? Looking at my justification for these feelings helped me break them down. Specifically, I looked at two ways that I justified some aspects of my social anxiety."}, {"type": "sentence", "content": "Justification #1: If you assert yourself, other people won't like you. Underlying this pernicious thought is the idea that you need to do things for others. That your wants and needs are less important than everyone else's. It implies the only way that other people will appreciate your company is if you are a doormat."}, {"type": "sentence", "content": "People appreciate you for more than just your agreeableness. Part of a strong friendship is being able to respectfully disagree or compromise. Part of ensuring a healthy relationship is knowing that others can't read your mind. You have to speak up if something is wrong, otherwise, you might begin to brew resentment."}, {"type": "sentence", "content": "Justification #2: If I do X badly (i.e. dancing) others will remember my failure. Yes, embarrassing yourself is a one-way stop towards losing the respect of ending a friendship. Other people will remember and use these mistakes against you."}, {"type": "sentence", "content": "This was my social anxiety speaking and yelling. I had to learn to accept that yes, I might look silly on the dance floor but I would also have a lot of fun. The truth of the matter is people have short memories of other people. After all, nobody lays awake at night cringing at something a friend did. Everyone is overly critical of their appearance and actions. In reality, no one will remember and hey, they might think you look like a lot of fun."}, {"type": "subtitle", "content": "Give People the Benefit of the Doubt"}, {"type": "sentence", "content": "You sent someone a message a few hours ago but you still haven't received a response. Do you get anxious and think about whether or not you did something wrong to the person?"}, {"type": "sentence", "content": "Often my mind would jump to these unfounded conclusions. In reality, I failed to realize that other people have lives too. They get busy, they forget to send messages, they're human. Other people have their desires, motivations, wants, and needs. I realized that if they didn't answer the text, it had nothing to do with me."}, {"type": "sentence", "content": "It took me years of practice to nail this one down. It takes a long time to get comfortable with this uncertainty. All I can tell you is to provide someone the benefit of the doubt that you'd want them to give you."}, {"type": "subtitle", "content": "Conclusion and Takeaways"}, {"type": "sentence", "content": "Becoming more confident and assertive will help you live a more meaningful life. I developed from a very anxious, unsure person to becoming a more fulfilled version of myself. It wasn't quick and it wasn't easy but these psychological tricks helped me improve myself. To summarize:"}, {"type": "sentence", "content": "Good luck on your self-improvement journey, hopefully, you find the same success that I found."}], "topic": "leadership", "uuid": "88bede71e21490226ab6d07583c05336955ce654b8a7c33fbac6738b", "link": "https://betterhumans.pub/how-i-overcame-my-fears-to-become-a-more-confident-and-assertive-person-8cba919a0351"}