{"title": "Cultivating Mindfulness in the Midst of a Messy Family", "data": [{"type": "subtitle", "content": "MEDITATION"}, {"type": "sentence", "content": "Nobody knows you better than your family - including which of your buttons to push, and when."}, {"type": "sentence", "content": "One of the common reasons many people practice meditation and mindfulness is to access moments of peace and calm among the people and places that bring stress. Having the ability to return to a place of center when faced with a fight or flight response can help you make decisions that can save relationships and salvage moments. That skill is never more important than when you are with your family!"}, {"type": "sentence", "content": "We've all been there. A family holiday dinner barely gets to the second course before you are blindsided by the judgmental comment of an aunt or the egging-on of a cousin."}, {"type": "sentence", "content": "When you face those moments of stress and distraction with your family, there are a few meditation practices that can help you withstand stress, and choose the higher path. So before your next family dinner, practice this meditation mantra - rather than throwing that chicken leg at your uncle's head."}, {"type": "subtitle", "content": "A Mindfulness Mantra for a Messy Family Moment"}, {"type": "sentence", "content": "Next time, when the family stress starts to get the better of you, steal a moment away with this short but effective meditation - that will defuse the ticking time bomb in you and help you enjoy the moments with those closest to you."}, {"type": "sentence", "content": "#1. To begin, pick a posture that finds you in an upright position. Make sure to feel the firm ground below you, and slowly let your mind wander up from your tailbone to your head. Allow your spine to elongate and relax each muscle of your lower back, upper back, shoulders, and neck. Take deep breaths in and out, and if your mind begins to wander away at any point, return to the rhythm of your breath."}, {"type": "sentence", "content": "#2. Once your mind settles and you relax, capture a thought of a time when you gave away a sense of sarcasm, anger, or judgment to someone else. Allow yourself to feel each and every emotion that comes to your mind, noticing how you feel when it arises. As you notice this emotion, speak this mantra out loud or in your mind along with your breath: \"They are worthy, they are loved.\""}, {"type": "sentence", "content": "#3. As the emotion you are feeling meets the mantra, allow your mind, body, and soul to work through each feeling. If your mind begins to wander or stray, bring it back to your breath and your mantra, \"They are worthy, they are loved.\""}, {"type": "sentence", "content": "#4. After several minutes of allowing the mantra and the emotions to rise and settle, bring to mind a moment of love and joy that you had with a family member. In the same way, speak the mantra over that thought, \"They are worthy, they are loved.\""}, {"type": "sentence", "content": "#5. Practice this mantra, and allow your mind to bring it up when you are faced with a difficult or stressful situation with a family member or friend. Watch and notice how the emotions rise and see if they settle in a similar way as during your meditation. With time, you'll be amazed at how you can learn to love moments with your family - even in the middle of the mess!"}, {"type": "subtitle", "content": "Growing With Mindfulness Is A Journey"}, {"type": "sentence", "content": "As with any meditation or mindfulness technique, the goal is to allow your mind, heart, body, and soul to find a sense of presence in the midst of stress. However, this meditation shouldn't be confused with a sense of self-righteousness or fake piety, nor should it keep you in an abusive situation."}, {"type": "sentence", "content": "Mental health is a journey that should be taken with a trusted counselor, and I encourage you to travel this road with transparency and openness with a qualified individual. With the right help, you can ensure that you grow with love and hope."}, {"type": "sentence", "content": "Thanks for reading and have a nice day!"}], "topic": "mindfulness", "uuid": "88c38500e776d97de78efbd80f3aa595dc81c6bf5ba812d6234e5eec", "link": "https://medium.com/mental-health-and-addictions-community/mindfulness-meditation-for-a-messy-family-3303f11b1a7c"}