{"title": "The Case for Preventative Mental Health", "data": [{"type": "sentence", "content": "Mental health does not discriminate. Depression strikes the rich as it does the poor. Anxiety doesn't care what kind of car you drive or what kind of house you own. Schizophrenia doesn't care about your favorite TV show. There is nothing unique about you or me that confers us with protection."}, {"type": "sentence", "content": "But we still think that it can't happen to us. It won't happen to us. People like me don't get post-traumatic stress disorder. People with rich social lives like me can't feel isolated from the rest of the world. People who succeed like me don't need to take antidepressants or anxiolytics. You are somehow stronger or better because you can bottle up your feelings."}, {"type": "sentence", "content": "This line of thinking lead to decades of stigma around mental health. It leads to years of us ridiculing celebrities in the public spotlight. It leads us to believe our mental health was something to hide. Underneath these pernicious beliefs lies a value judgment. That people facing mental health challenges are somehow less worthy. That mental health is a sign of weakness."}, {"type": "sentence", "content": "Here, you might disagree. You would argue that this is not the case at all. While it's not explicit, this belief shapes many aspects of our life and our world. Teachers and professors are often dismissive of students' mental health concerns. In many places, psychotherapists aren't covered by health insurance. Representations of mental health in the media are inaccurate and sometimes downright harmful."}, {"type": "sentence", "content": "Many regions haven't caught up with the new profession of psychotherapy which is less costly than an appointment with a psychologist or psychiatrist. In Ontario, while all residents receive provincial health insurance, it doesn't cover licensed psychotherapists."}, {"type": "sentence", "content": "At the very least, we need to recognize that mental health challenges can arise in anyone. We need to do a better job of implementing preventative mental health measures. After studying neuroscience as the graduate level, I decided to tackle the issue of mental health through entrepreneurship."}, {"type": "subtitle", "content": "We Aren't Taught the Proper Skills for Coping and Resiliency"}, {"type": "sentence", "content": "Did you learn about anxiety and depression early in life? Do you know what obsessive-compulsive disorder is? Or better yet an intrusive thought?"}, {"type": "sentence", "content": "A startling 94% of students reported intrusive unwanted thoughts and impulses. From early on in life, we're told to smile or not worry. We aren't told that these thoughts and worries are normal. What might these thoughts look like? I draw these thoughts and impulses from my own experiences as well as those of my friends."}, {"type": "sentence", "content": "Simply telling someone not to worry or smile will not make these feelings go away. The psychological sciences bring us many techniques to mitigate these feelings and worries. Beyond mindfulness and meditation, other forms of therapy are also accessible and beneficial."}, {"type": "sentence", "content": "Running repeating loops of rumination or trying to suppress these thoughts doesn't work. Therapists would advocate a different approach. Practicing how to be aware of your thoughts without drawing your attention to them. Developing a practice where you can distract yourself if you are unable to let the thought pass."}, {"type": "sentence", "content": "If we aren't taught these skills early on in school, how can we develop healthy, resilient habits? How can we understand when we need to seek help? Without training, how do we expect our educators to provide us with helpful advice? We can't develop healthy habits from the get-go because we aren't taught how to do it. We aren't taught about intrusive thoughts, anxiety, or depression. We aren't taught how to deal with them effectively."}, {"type": "sentence", "content": "Schools and universities don't design curriculums with mental health in mind. Many students do struggle with their mental health. Tight deadlines, unapologetic grading curves and back-to-back-to-back exams don't help. All this stress leads to a lack of sleep and poor diet, which can cause a terrible feedback loop. Often, resources are inadequate or difficult to access immediately."}, {"type": "sentence", "content": "In my undergraduate and graduate universities, there was always a long waitlist for accessing counselling services. There was little understanding of the systematic issues that pile up with the stressors of being a student. Without resilience and coping skills, we become more susceptible to mental illness. It's easy to see that something's broken."}, {"type": "subtitle", "content": "Societal Norms That Do Not Value Mental Health"}, {"type": "subtitle", "content": "On toxic work culture"}, {"type": "sentence", "content": "In the current economy, we are told that we need to hustle. Some people even advocate getting into business during a pandemic. If we replace our sleep with coffee and Ritalin, we too can succeed. We tie our value and self-worth to how hard we work and how much we earn. How many streams of passive income are you generating?"}, {"type": "sentence", "content": "Corporations obsess over the perfect, connected work culture. This of course leads to a charge towards productivity. Employees armed with emails, Slacks and Zoom meetings work diligently at home, ignoring the pandemic around them. We are fixed to our screens and our phones, anticipating a work email at night. France literally passed a law freeing employees from out-of-hours emails."}, {"type": "sentence", "content": "This toxic work culture values us for our work. We can sometimes get ahead by working long nights and sacrificing our sleep and health. We are encouraged to always be on and hustle for the next paycheck and the next income stream."}, {"type": "subtitle", "content": "On toxic productivity"}, {"type": "sentence", "content": "A ridiculous productivity hack emerges from the bowels of Silicon Valley at least once per year. Often, like dopamine fasting, these trends revolve around myths and misunderstandings in science. More dangerous is the new trend of biohacking, people taking health into their own hands. Everything from downing unregulated supplements and unproven brain-boosting drugs, to injecting yourself with gene-editing technology."}, {"type": "sentence", "content": "We will go out of our way to try and boost our productivity just a little bit. We want to work longer, focus better, become smarter. Nowhere does mental health make an appearance in this hierarchy of health goals. We are quick to sacrifice it for the change of becoming 2% more productive."}, {"type": "sentence", "content": "We gamified everything to increase our productivity, even gamifying it. We can become obsessed with unhealthy metrics, driving us down a rabbit hole of self-destruction. We will need to urinate in bottles and defecate in bags just to meet corporate quotas. Toxic productivity does not give a second thought about our mental health. These unhealthy practices increase stress until a person breaks."}, {"type": "subtitle", "content": "On media representation"}, {"type": "sentence", "content": "There are few good depictions of mental health in television and movies. Crime shows and detective films tend to have schizophrenic killers. Other shows discuss and portray obsessive-compulsive disorder as cute and quirky. Rarely do we get protagonists that struggle with their mental health in a real way."}, {"type": "sentence", "content": "We are past the days where mental health breakdown is a joke. The media and many fans ridiculed Brittney Spears after she had a mental breakdown. You might think we are past the time where we make fun of people for their mental health. Yet when basketball players like Kevin Love or Demar DeRozan open up about depression, a subset of fans is still in disbelief. After all, how can the rich and famous have problems?"}, {"type": "sentence", "content": "I've outlined the lack of mental health skills and habits we learn early in life. Emerging bright-eyed from university, we meet the working world. We are encouraged to sacrifice our mental health for wealth and success. We don't know how to recognize our problems and we don't seek help. We look down or avoid the schizophrenic man on the subway or the lady talking to herself in the grocery store."}, {"type": "sentence", "content": "There is a problem that needs fixing. It instills a false belief that we are free from mental illness. That we are special. It doesn't happen to regular folks like us."}, {"type": "sentence", "content": "We need to reshape the way we see mental health. It needs to be incorporated into our societal norms and beliefs, from the bottom up. I think the future of mental health involves preventative education. We can't get to this future soon enough."}], "topic": "mental-health", "uuid": "8e891b7d57a1f4caa06e0477ba71a70b72c0b87074d2cfa61e43dcc5", "link": "https://medium.com/invisible-illness/the-case-for-preventative-mental-health-a2f42dce35f1"}