{"title": "Who Was the Best Soviet Physicist?", "data": [{"type": "image", "content": "https://miro.medium.com/max/4024/1*Y08i2cq4wBSzlN8sKqZErg.png"}, {"type": "sentence", "content": "It's not always possible to choose the best one in the field. However, in the 70-year period of the USSR, one physicist distinguished himself among all others based on his research, sharp intellect, and his contribution to physics in the Soviet Union and worldwide. Because of his ways of doing things and extremely low error rates, he is idolized among physics students, while due to his insightfulness, he is highly respected among scientists."}, {"type": "sentence", "content": "For most people who knew him, he was witty, ruthless, eccentric, and arrogant. Very few knew his gentle side. He had a very simple criterion for good scientific work - it must explain something puzzling. Once he said:"}, {"type": "sentence", "content": "He received the Nobel Prize in 1962 for the theory of superfluidity, but his research covered all branches of theoretical physics, ranging from fluid mechanics to quantum field theory. He is best known for his monumental work, the 10-volume series of books about theoretical physics written in the span of over 40 years, which he co-authored with his student. These books are sometimes referred to as 'scientific bibles'."}, {"type": "subtitle", "content": "So, who was the mysterious Soviet physicist?"}, {"type": "sentence", "content": "Lev Davidovich Landau was born in Baku, Azerbaijan, in 1908, in a Jewish family. His father was an engineer, his mother was a physician and he had a two years older sister. Landau was a child prodigy in math, learning calculus at 13. He graduated from the Leningrad (Saint Petersburg) State University with a degree in theoretical physics when he was just 19 years old."}, {"type": "sentence", "content": "While working on his Ph.D., due to his promising early achievements of introducing density matrix in quantum mechanics (he did this independently, unaware of John von Neumann who did it first), he got a six-month fellowship to visit universities abroad. Being fluent in German and French since childhood, during this time he met Albert Einstein at Berlin University, the founders of quantum mechanics - Max Born in G\u00f6ttingen and Werner Heisenberg in Leipzig."}, {"type": "sentence", "content": "He met another Soviet physicist Pyotr Kapitsa in Cambridge, where he was working under the founder of nuclear physics, Ernest Rutherford. After visiting Copenhagen and working with Niels Bohr for only a month, Bohr's approach to physics highly influenced him, and he always considered himself Bohr's student since. Bohr also managed to arrange another scholarship for Landau so he could stay in Europe longer."}, {"type": "sentence", "content": "While visiting different universities, Landau was offered jobs several times. An optimistic, patriotic and self-aware, young Landau declined all the offers, saying that he would return to his own country and he would create the best science in the world. Upon returning to the Soviet Union in 1932, he started working as a professor, initially at the Institute in Kharkiv in today's Ukraine. In 1934, he was awarded a Ph.D. without submitting the dissertation. A year later, he was promoted to the rank of a professor."}, {"type": "image", "content": "https://miro.medium.com/max/5334/1*Vp-6THa6q1JE5MFcKo1OCw.png"}, {"type": "subtitle", "content": "Imprisonment in 1938"}, {"type": "sentence", "content": "After five years in Kharkiv, he went to Moscow. He got a job as the head of the theoretical physics department of the Moscow Institute, led by Pyotr Kapitsa. His departure wasn't only due to scientific reasons. The Great Purge of perceived political opponents by Stalin and the secret police NKVD from 1936 to 1938 was focused also on the Kharkiv Institute. There, 16 leading Soviet scholars were falsely arrested and some of them were killed, including great Soviet experimental physicist Lev Shubnikov. Because of his travels and international connections, the threat for Landau to be arrested as \"the enemy of the people\" was quite real."}, {"type": "sentence", "content": "In response to the situation, Landau coauthored a leaflet comparing Stalinism with Nazism and Fascism. The text was given to the anti-Stalinist group of students to be distributed before Labour Day, a massive public holiday in the USSR. Part of the text says:"}, {"type": "sentence", "content": "Unbeknownst to him, Landau was followed by the secret police as he went to Moscow, and after writing the leaflet, he got arrested and fired from the Institute. He was held in prison for one year. Both Pyotr Kapitsa and Niels Bohr wrote to Stalin asking for Landau's release so he could continue with his research. Kapitsa, working on low-temperature liquid helium insisted he needed Landau's help to understand the phenomena observed and he personally vouched for Landau's behavior. Landau was eventually released, but he was forbidden to travel abroad or keep any contact with his international colleagues."}, {"type": "sentence", "content": "Another co-author of the leaflet, also a physicist from the same Institute, was sentenced to 20 years of hard labor in Gulag and was amnestied only after Stalin's death. The case against both of them was dropped in 1990, 22 years after Landau's death."}, {"type": "subtitle", "content": "Most important contributions to physics"}, {"type": "sentence", "content": "During his trip abroad, Landau calculated the diamagnetic response of metals opposing the magnetic field which is three times smaller effect than the usual paramagnetic behavior when the medium gets magnetized. This work published in 1929 was the only article he coauthored with physicists from abroad."}, {"type": "sentence", "content": "While in Kharkiv, in 1937 he came up with the theory of the 2nd order phase transitions. The theory phenomenologically explains how material goes from non-magnetic to ferromagnetic under the magnetic field, or how the superconducting transition in materials happens. The generalized theory can explain all types of phase transitions in nature, including the phase transition from water to vapor when heated."}, {"type": "sentence", "content": "Three years after he was released from prison, in 1941, he formulated the theory of the new phenomena of superfluidity observed in liquid helium at extremely low temperatures below 2.17 K. This work brought him a Nobel Prize in physics in 1962. Kapitsa, who started working on low-temperature physics of materials including liquid helium and introduced Landau to this field, got a Nobel Prize in 1978."}, {"type": "sentence", "content": "In 1946, he made a contribution to plasma physics. He predicted the effect of decaying oscillations in the gas of heated ions or electrons. The effect can be illustrated by analogy to surfers (electrons of the gas) riding on water waves (oscillations). If the surfer's speed is slightly less than the speed of the waves he will eventually be caught and pushed along the wave with the wave losing energy, while a slightly faster surfer will be pushing on the wave as he moves uphill and the surfer will be losing energy. In plasma, there are always more slow particles than fast ones, so on average, the wave is always losing energy in the interaction with plasma particles. The phenomenon is named Landau damping and was observed 20 years later."}, {"type": "image", "content": "https://miro.medium.com/max/2000/0*yc-8XDd-mFSU1H2a.png"}, {"type": "sentence", "content": "In 1950, together with Vitaly Ginzburg, he established the theory of superconductivity based on Landau's theory of second-order phase transitions. The theory gives the way to calculate the order parameter and the superconducting current. Based on their theory, all superconductors can be classified into two types, depending on how the superconducting state is destroyed under a magnetic field. In the superconductors of the first type, known as the conventional superconductors, the magnetic field abruptly destroys superconductivity. The superconductors of the second type, on another hand, have a cross-over between the superconducting and normal state. This transient state was discovered experimentally seven years later."}, {"type": "sentence", "content": "In 1957, Landau, exploring the interacting conducting electrons explained the behavior of most metals at low temperatures, naming his theoretical model Fermi liquid theory."}, {"type": "subtitle", "content": "Landau as a group leader"}, {"type": "sentence", "content": "In 1946, Landau formed his theoretical group. The group's weekly colloquium served as the major discussion center for theoretical physics in Moscow, especially as up until 1955 foreign physicists were not allowed to travel to USSR."}, {"type": "sentence", "content": "Each week, Landau chose a dozen of recently published papers from all branches of physics and assigned them to different people to be prepared for the next week. The meetings when the papers were presented were very interactive and harsh. Those who didn't stand up to Landau's standards were mercilessly savaged and sometimes even banished from participating in future seminars."}, {"type": "sentence", "content": "If some promising young student wanted to join Landau's research group, he had to pass a notoriously comprehensive and difficult exam, called somewhat ironically 'theoretical minimum'. It included everything that Landau considered elementary for a young theoretical physicist."}, {"type": "sentence", "content": "The exam consisted of passing eight courses in physics and a course in mathematics. The difficulty of the exam was, in part, due to the lack of graduate-level textbooks. In order to learn for the exam students were usually reading and studying whatever they could put their hands on, including the research articles. Even though the questions repeated from time to time, candidates approached the problems creatively and from different angles, depending on the resources they had available to them."}, {"type": "sentence", "content": "The tradition of administering the Landau's exam is still alive, the full test now consists of 11 independent topics, and the list of people who passed the exam since 1961 is listed on the website of the Moscow Institute."}, {"type": "subtitle", "content": "Car accident and death"}, {"type": "sentence", "content": "In 1962, Landau got into a bad car accident with an oncoming truck. He was severely injured and spent two months in a coma. Dozens of Soviet physicists pulled international connections to procure the drugs and supplies needed to save his life. Landau woke up from the coma and recovered. However, his injuries prevented him from accepting the 1962 Nobel Prize in person, and a month later the award was for the first time awarded to someone in the hospital."}, {"type": "sentence", "content": "The anecdote witnessed by the psychologist testing for the potential brain damage after the injury depicts his humor even in this stage:"}, {"type": "sentence", "content": "Landau's scientific creativity never came back to him after the incident and he never fully returned to scientific work. He died in 1968 from complications of the injuries sustained in the car accident, at the age of 60."}, {"type": "subtitle", "content": "His legacy"}, {"type": "sentence", "content": "Landau's biggest legacy is possibly his ten-volume series of books on theoretical physics. It is rumored that Landau composed a lot of these books in his head while in prison. However, almost all of the actual writing of the early volumes was done by his student and collaborator Evgeny Lifshitz, and the books are remarked to be:"}, {"type": "sentence", "content": "The first eight volumes were finished in the 1950s. The last two volumes were written in the early 1980s. Despite books being written on the advanced level suitable for the graduate-level study, it is estimated that a million volumes of the series were sold by 2005."}, {"type": "sentence", "content": "Landau is also remembered by his scale on which he graded the most famous physicists. He came up with a logarithmic scale from zero to five, so physicists with rank one are 10 times better than those with rank two, and so on. Based on this, the higher the rank is, the less valuable the physicist is."}, {"type": "image", "content": "https://miro.medium.com/max/8994/1*896UFcVFYnJoVhU-ovX6iw.png"}, {"type": "sentence", "content": "On this scale, he put on top Isaac Newton at 0 and Albert Einstein at 0.5. They are followed by few people at rating 1 - his influencer and mentor Niels Bohr who came up with the theory of the atom, the founders of quantum mechanics Dirac, Schrodinger, Heisenberg, Bose, and nuclear physicist Fermi. He rated himself initially as 2.5 and then he later improved it to 2."}, {"type": "sentence", "content": "The scale remained popular in the physics community and few other physicists were added, Richard Feynman who developed quantum electrodynamics was rated with rank 1, and nuclear physicist Hans Bethe who came up with the theory of stellar nucleosynthesis at rank 1.5. Landau's rank was improved to 1.5."}, {"type": "image", "content": "https://miro.medium.com/max/1750/1*SE_grPJwEUEPV9ICZUko-A.jpeg"}], "topic": "science", "uuid": "916062169ddc3bea23f15f61ef018239e5028968ce1cdd07e2afefa5", "link": "https://historyofyesterday.com/who-was-the-best-soviet-physicist-d164dfb4145b"}