{"title": "Classification on Diabetes Data set", "data": [{"type": "sentence", "content": "Using Classification models on Pima Indians Diabetes Data set"}, {"type": "sentence", "content": "The goal of my project is to predict whether a patient has diabetes or not using supervised classification. Diabetes is a chronic disease that occurs when the pancreas are unable to produce Insulin thus resulting in high level sugars to not be broken down by the body thus resulting in damage to organs and tissues."}, {"type": "sentence", "content": "The data set used is the Pima Indians Diabetes dataset. It has 9 features that will be used to tune the model:"}, {"type": "sentence", "content": "Link to data set: https://www.kaggle.com/uciml/pima-indians-diabetes-database"}, {"type": "subtitle", "content": "Exploratory Data Analysis"}, {"type": "sentence", "content": "We begin with importing required libraries and storing the data csv file onto a data frame"}, {"type": "image", "content": "https://miro.medium.com/max/1192/1*CSRTSBHacSJf0DPLvMYyYA.png"}, {"type": "image", "content": "https://miro.medium.com/max/1776/1*AHjyjJ9wRVHiFDuIT1T4dA.png"}, {"type": "sentence", "content": "We can observe that all values are numerical except Diabetes which is 1 for positive and 0 for negative. Now using histograms to visualize the different classes and the values they contain"}, {"type": "image", "content": "https://miro.medium.com/max/1472/1*6RqBpl2ONZoEmG_XW-r85A.png"}, {"type": "sentence", "content": "Since there are multiple values at 0 except columns like PedigreeFunction and Age. The only acceptable one can be pregnancy. So I will try to change those values to NaN to give us a better visual idea."}, {"type": "image", "content": "https://miro.medium.com/max/1488/1*4b_wRTVD7sh6mlS0mPd4ww.png"}, {"type": "sentence", "content": "Plots show that Diabetes is skewed towards 0. So there are multiple entries of people with no diabetes"}, {"type": "image", "content": "https://miro.medium.com/max/1582/1*pW907-ziU2_CyV7FOBr34w.png"}, {"type": "subtitle", "content": "Statistical Analysis"}, {"type": "sentence", "content": "We will be doing statistical analysis to give us an idea of the mean, standard deviation, outliers in the data set. This will also help us in creating correlation matrices to determine which features heavily factor in prediction of diabetes."}, {"type": "sentence", "content": "We will be using:"}, {"type": "image", "content": "https://miro.medium.com/max/1924/1*-eRaYFrJkAJNp_d6ZdsOFQ.png"}, {"type": "sentence", "content": "So we can see that columns like Skin Thickness and Insulin have values that are much further from the mean which indicates the presence of outliers. So we will be using a series of Box Plots to visualize them."}, {"type": "image", "content": "https://miro.medium.com/max/1266/1*Zi53aTrxAwG_2dEztjcTZQ.png"}, {"type": "subtitle", "content": "Correlation Analysis"}, {"type": "sentence", "content": "Correlation Analysis is a statistical method for investigating the relationship between two numerical variables. We can do that by computing the Pearson's correlation coefficient, which measures the strength of the linear relationship between two variables."}, {"type": "sentence", "content": "It is defined as following:"}, {"type": "sentence", "content": "\u03c1X,Y=cov(X,Y)/\u03c3X\u03c3Y"}, {"type": "sentence", "content": "The coefficient can only take values between -1 and 1:"}, {"type": "sentence", "content": "In order to visually investigate the correlation among all the features of our data set, I will display the heat map of the correlation matrix"}, {"type": "image", "content": "https://miro.medium.com/max/1218/1*RYbRrqursXSindL5tuLP2g.png"}, {"type": "sentence", "content": "As we observe not much correlation between features except for some values that are greater than 0.5 The features are:"}, {"type": "sentence", "content": "Observing these correlations using scatterplot"}, {"type": "image", "content": "https://miro.medium.com/max/1690/1*4gv2d1JGoR2mee137gLVJQ.png"}, {"type": "sentence", "content": "As we can see, there is a positive linear relationship between Insulin, Glucose and BMI, SkinThickness. So these factors will play an important role in determining the Diabetes in a person"}, {"type": "subtitle", "content": "Data Pre-Processing"}, {"type": "sentence", "content": "We will start by splitting our data into 80% Training set and 20% Testing set. For this we will use sklearn train_test_split. This is a function that does the splitting for us. We just have to specify the test size which is 0.2 or 20% and random state which means that every time the data set is split, it uses different values in each split."}, {"type": "sentence", "content": "As we have seen during the EDA , our data set contains many Null or missing values and so to deal with them,"}, {"type": "sentence", "content": "The two frequently used solutions are:"}, {"type": "sentence", "content": "Choosing to replace these values with median since the training set is small"}, {"type": "sentence", "content": "Normalizing the data"}, {"type": "sentence", "content": "Standardizing data consists of centering the data and scaling each feature to unit variance:"}, {"type": "sentence", "content": "xij=(xij \u2212\u03bcj)/\u03c3j"}, {"type": "sentence", "content": "This way, all the features are brought on the same scale"}, {"type": "sentence", "content": "Since our data set is small, we will be using two techniques to artificially sample our data set in order to avoid Over fitting. It occurs when either the data set is too small or the model is too complex. I will be comparing the difference in accuracy's using base data set and sampled data sets. Since our data set contains only 768 values, we will be using these techniques to sample them. These techniques also help in balancing the class imbalance since we saw from our previous graphs that there are many more people who got diabetes not detected as those who did. While this may be helpful in real world, but not when it comes to model training. Imbalance may lead to skewness in training and cause over fitting."}, {"type": "subtitle", "content": "Principal Component Analysis"}, {"type": "sentence", "content": "Principal Component Analysis is an unsupervised machine learning algorithm for reducing the dimensionality of the dataset."}, {"type": "sentence", "content": "It works by projecting the original dataset into a lower-dimensional space. The basis of this space is composed by a set of Principal Components that represent the directions where there is the most variance in the data. All the Principal Components are also orthogonal each other, so the correlation among the reduced features is minimized, and so, as a consequence, the redundancy of the information."}, {"type": "sentence", "content": "The algorithm consists of the following steps:"}, {"type": "sentence", "content": "In order to optimal number of reduced features, let's first check the amount of variance explained by each of the Principal Components"}, {"type": "image", "content": "https://miro.medium.com/max/980/1*ZCHi9aBoi80AIDUMwVPSXQ.png"}, {"type": "sentence", "content": "We can see that the higher the number of Principal Components retained, the higher is the variance preserved, but it is also higher the number of features after applying PCA."}, {"type": "sentence", "content": "So we reduced our data set dimensionality from 8 columns to 6 columns"}, {"type": "image", "content": "https://miro.medium.com/max/478/1*OO2sMyU4S1Z0FsZM4YDITA.png"}, {"type": "subtitle", "content": "SMOTE: Synthetic Minority Oversampling Technique"}, {"type": "sentence", "content": "The Synthetic Minority Oversampling TEchnique is an oversampling approach in which the minority class is oversampled by creating synthetic data samples. In particular, it works by taking each minority class sample and introducing synthetic data samples along the line segments joining any/all of the k minority class nearest neighbors."}, {"type": "sentence", "content": "Synthetic samples are generated in the following way:"}, {"type": "image", "content": "https://miro.medium.com/max/2528/1*-MH89idu3EBu9uhxGBjStA.png"}, {"type": "subtitle", "content": "Classification"}, {"type": "sentence", "content": "I will experiment with two classifiers and decide which one would be best to use."}, {"type": "sentence", "content": "I used the following classifiers:"}, {"type": "sentence", "content": "For each classifier I will fit three different models: one using the original dataset, one using the dataset balanced by SMOTE and one using the dataset reduced with PCA."}, {"type": "sentence", "content": "In order to properly select the hyperparameters for each classifier I will use a GridSearch 5-fold Cross-Validation approach, which allows to estimate which are the hyperparameters that give the best generalized results in a more reliable way than just trying several hyperparameters' configurations using only the training set and a validation set."}, {"type": "sentence", "content": "The 5-fold Cross-Validation consists of the following steps:"}, {"type": "sentence", "content": "The GridSearch 5-fold Cross-Validation consists of applying the 5-fold Cross-Validation algorithm explained before for each of the possible configurations of hyperparameters that we want to test. As a result, the mean validation score is obtained for each parameter setting and the one that gave the best results is chosen."}, {"type": "sentence", "content": "Given the class imbalance, I decided to use different validation scores depending on the type of dataset used:"}, {"type": "sentence", "content": "Finally, after having fitted the models using the hypermaters' configurations suggested by the GridSearch 5-fold Cross-Validation, I will evaluate them by having them make predictions on the data samples of the test set."}, {"type": "sentence", "content": "In order to properly evaluate each model I will use several metrics, which are defined through the following values:"}, {"type": "sentence", "content": "The metrics that I will use are the following:"}, {"type": "sentence", "content": "Each of those metrics provides different information about the performance of a classifier: Accuracy is usually a good metric when dealing with balanced datasets while the other ones are more suitable when there is a class skew or when there are differential miss classification costs, like in our case."}, {"type": "subtitle", "content": "1. K-Nearest Neighbors"}, {"type": "sentence", "content": "k-Nearest Neighbors is a simple Machine Learning algorithm for classification."}, {"type": "sentence", "content": "The learning phase consists only of storing the training set."}, {"type": "sentence", "content": "Then, in order to predict the class for a new data point, the algorithm finds the closest data points to the data point that we want to classify in the training set, its nearest neighbors, and assigns to it the class to which belong the majority of them."}, {"type": "sentence", "content": "The number of nearest neighbors that the algorithm considers in order to predict a class is chosen by the user through the hyper-parameter k."}, {"type": "sentence", "content": "Choosing the right value of k is crucial to find a good balance between over fitting and under fitting:"}, {"type": "sentence", "content": "The hyper-parameters that I will test using the Grid-Search Cross-Validation are the following:"}, {"type": "image", "content": "https://miro.medium.com/max/1736/1*Uq-Q1PXFo3MgmzR0s6DdLA.png"}, {"type": "sentence", "content": "Evaluating the model"}, {"type": "image", "content": "https://miro.medium.com/max/1248/1*k4KD0LJ8K9j02jQOwBwcgQ.png"}, {"type": "image", "content": "https://miro.medium.com/max/814/1*9P7vnC6goXTHtgvB7vmFqA.png"}, {"type": "sentence", "content": "kNN trained with the original dataset and the one reduced with PCA provided similar results: they both scored an acceptable overall Accuracy and Precision scores. Their downside is that, with a very low Recall score, they miss over 40% of the people with positive diagnosis, which is not acceptable in our case."}, {"type": "sentence", "content": "Instead, kNN using SMOTE provides a lower overall Accuracy and a lower Precision score but, with the highest Recall score, it is the one that misses the lowest number of people with diabetes, which makes this classifier the most suitable for our purposes among the three."}, {"type": "sentence", "content": "The learning curve shows that both the training score and the validation score increase with the number of samples of the training set but it seems that using more than 350 samples does not improve the performances of the classifier as both the scores remain almost steady."}, {"type": "image", "content": "https://miro.medium.com/max/1050/1*Z-BWGp_51_jqiGNhxvcpBw.png"}, {"type": "subtitle", "content": "Decision Tree"}, {"type": "sentence", "content": "The Decision Tree is a particular kind of classifier which is represented by a tree of finite depth. Every node of the tree specifies a test involving an attribute and every branch descending from that node matches one of the possible outcomes of the test."}, {"type": "sentence", "content": "Classifying an istance means performing a sequence of tests, starting with the root node and terminating with a leaf node, which represents a class."}, {"type": "sentence", "content": "Decision Trees are induced from a training set using a top-down approach, from the root to the leafs, by recursively binary spliting the predictor space. The attribute selected to perform each split is the one that partitions the training set into subsets as pure as possible."}, {"type": "sentence", "content": "The most popular measures of purity are:"}, {"type": "sentence", "content": "The hyper-parameters that I will test with the Grid-Search Cross-Validation are the following:"}, {"type": "image", "content": "https://miro.medium.com/max/2366/1*hAB6TYuHuGQe8-RJzQilEg.png"}, {"type": "image", "content": "https://miro.medium.com/max/1276/1*vRoQc467mky2IU8xFVbyVQ.png"}, {"type": "image", "content": "https://miro.medium.com/max/940/1*_Zb9_O46tIQi6FD7zcYMxQ.png"}, {"type": "sentence", "content": "As we can see, the only classifier that scored acceptable results is the one trained with the original dataset, which is the best among the three."}, {"type": "image", "content": "https://miro.medium.com/max/1022/1*41Y1YrISMsNWF4Etc_LQ5w.png"}, {"type": "subtitle", "content": "Final Comparison between the two models"}, {"type": "image", "content": "https://miro.medium.com/max/806/1*ybfAdblntylGsFlfpo91CQ.png"}, {"type": "sentence", "content": "From the final results we can see that reducing the dataset using PCA did not improved the performances of any of the classifiers. On the other hand, balancing the dataset using SMOTE provided better results with kNN."}, {"type": "sentence", "content": "We can conclude that using kNN with SMOTE yields a better accuracy and a recall score. So it is more efficient in predicting diabetes in patients"}, {"type": "subtitle", "content": "Experiments"}, {"type": "subtitle", "content": "Challenges Faced"}, {"type": "subtitle", "content": "View Source Code"}, {"type": "subtitle", "content": "References"}], "topic": "data-science", "uuid": "9199b7dd507bdc489fa3b046b8d79a008793d8110e8323aee7428ac8", "link": "https://shonit2096.medium.com/classification-on-diabetes-data-set-fe0d133d7821"}