{"title": "Stop Gaslighting People with Mental Disorders", "data": [{"type": "image", "content": "https://miro.medium.com/max/10368/1*oVRr4W9MG80fr044vKPGFw.jpeg"}, {"type": "sentence", "content": "After years of therapy, my doctors and I found I have bipolar disorder, (complex) PTSD, and ADHD."}, {"type": "sentence", "content": "Yes, it's a lot. And hell yeah, my conditions sometimes affect my ability to function in society."}, {"type": "sentence", "content": "But no, I'm not incapable of reason. I'm not incapable of fairness. I'm not incapable of making my own decisions and judgments, especially when it comes to my own life."}, {"type": "sentence", "content": "Mental health stigma often paints people with the same disorders I have as either rage-filled animals that must be kept under control or feeble-minded five-year-olds."}, {"type": "sentence", "content": "Mix that stigma in with racism and/or sexism, and you often get people belittling you and every single word you say. In some of my articles, I am open about the fact I struggle with mental health. I usually get one or two comments on my articles, particularly the ones where I focus on white supremacy, where my mental health issues are used against me - suggesting I'm unable to determine whether something is racist."}, {"type": "sentence", "content": "The funny thing is, I was diagnosed with C-PTSD partly because of people like them invading my personal life and gaslighting me into disbelieving my own reality. It's a good thing there's a \"block\" function on Medium."}, {"type": "sentence", "content": "Those who have mental disorders are especially susceptible to psychological abuse and gaslighting because we already question our reality very frequently."}, {"type": "sentence", "content": "Gaslighting is always deliberate. Some people use gaslighting techniques so that they can make their partner's/friend's/family member's condition worse - so that they can maintain control over the relationship."}, {"type": "sentence", "content": "But I try to see the best in people. I believe the majority of people might use gaslighting techniques not knowing they are making the condition worse. They believe they are trying to help by keeping their loved one \"in check.\" They might also believe all the negative stigmas associated with mental disorders and mental illnesses and are afraid of the other person's reactions."}, {"type": "sentence", "content": "Either way, it's all about controlling the other person. Intentions are irrelevant in the end. What are relevant are the devastating results."}, {"type": "sentence", "content": "\"You're imagining things. You shouldn't be so mad about it.\""}, {"type": "sentence", "content": "\"They didn't mean it like that. You know you have the tendency to be too sensitive.\""}, {"type": "sentence", "content": "\"You're being too dramatic. Did you take your medication today?\""}, {"type": "sentence", "content": "\"I'm not the only one who thinks you're crazy!\""}, {"type": "sentence", "content": "What a way to be supportive; lie about events, invalidate valid feelings, question their reactions instead of trying to understand them, and isolate them by setting up the illusion that a bunch of people is against them."}, {"type": "sentence", "content": "I recognize people might feel the need to lie or mislead a person with a mental disorder because they're afraid of their reactions. There's this particular stigma against people with bipolar disorder that they're violent and abusive. The reality is, only 11-16 percent of people with bipolar disorder have had a violent episode."}, {"type": "sentence", "content": "I'll admit that when I'm at my very, VERY worst (which is rare), my reactions can be out of proportion, but I'm not violent."}, {"type": "sentence", "content": "Lying to me (i.e. gaslighting) and invalidating me tend to not only make my reactions worse, but they shake up my already-shaky sense of reality, which throws me into a really bad episode."}, {"type": "sentence", "content": "It also breaks whatever trust I have in the other person and will cause an end to whatever relationship we had. I view people who do this as toxic to my mental health, and I typically get better when I part ways with them."}, {"type": "sentence", "content": "Saying things like the lines above might ease your own anxiety temporarily, but it's guaranteed to cause your loved one's condition to be worse, even if (or especially if) you manage to completely fool them."}, {"type": "sentence", "content": "And if you successfully convince them they're imagining things, they're too sensitive, they're too dramatic, or that \"everyone\" thinks they're crazy, they might start to solely depend on you to tell them what's real and what's not because they feel they can no longer trust themselves."}, {"type": "sentence", "content": "If you're a friend, family member, or a partner of someone with a mental disorder, first question what makes you anxious about it. What makes you think you need to keep them \"in check\" or control them? This need is most likely associated with stigmas and myths surrounding the conditions. Take the time to educate yourself."}, {"type": "sentence", "content": "But if you have done this gaslighting shit over a period of time, you should fully expect the person to leave you for their own health. Sometimes, things are beyond repair. Trust is one of those things."}, {"type": "sentence", "content": "For my fellow people with mental disorders, interacting with people and maintaining relationships tend to be extremely hard for us in general. And we need to worry about people messing with our minds because they're outright abusive jerks or because they're ignorant."}, {"type": "sentence", "content": "I offered advice to those who don't intend to make our conditions worse above, but again, the intention is irrelevant in the end. You need to do what's best for yourself."}, {"type": "sentence", "content": "Journaling is a common coping technique, but it can also help you navigate relationships and detect when a person is not good for you."}, {"type": "sentence", "content": "If you disclose your condition to somebody, pay attention to their reactions and their behavior and record it in your journal. People often start treating us differently if we tell them we have a mental disorder or a mental illness."}, {"type": "sentence", "content": "Pay attention to how they talk to you and how their words make you feel. If a situation arises where they seem to downplay situations and invalidate you, write it down. If you're able to see a therapist, read your journal to them, or read it to a person you trust to get their feedback."}, {"type": "sentence", "content": "If you start to see patterns that make your B.S. detector go haywire, consider dumping the person. Immediately."}, {"type": "sentence", "content": "It's sad if this is the result of sheer ignorance, but their ignorance is not your problem, nor is it your job to educate them. You deserve better than that. No matter the reason, my advice when it comes to gaslighting is to immediately walk, no, RUN away from them."}, {"type": "sentence", "content": "If you stick around, they are likely to repeatedly pull the same B.S. because it's easy for them. And you don't want to get to the point where you doubt yourself so much that you need to depend on a person who's actually gaslighting you to determine your reality."}, {"type": "sentence", "content": "I've had an abuser in my life whose gaslighting and psychological abuse techniques would have even impressed Donald Trump. I've also had people in my life who I believe were simply ignorant and felt they had to \"keep things under control\" when they were around me. At times, there were misogynoir undertones as well."}, {"type": "sentence", "content": "I left them all behind in the dust, and my conditions became much more manageable for it. Sometimes, saying \"screw you all\" and running away screaming is the sanest and healthiest thing you can do."}, {"type": "sentence", "content": "It would be great to live in a society that didn't try to scramble the brains of those of us whose brains work differently and/or have different levels of chemicals. A way in which we could start having that sort of world would be if people would work on their own prejudices and interpersonal relationships with those of us with mental health conditions."}, {"type": "sentence", "content": "But also, those of us with mental disorders need to learn to love and protect ourselves. Things won't change if we get stuck in unhealthy relationships where we have no mental autonomy - where we need to depend on others who are either ignorant or abusive."}], "topic": "mental-health", "uuid": "91d7387340f0244a87aea9e51096d787c1e79128c22035f41a6c6535", "link": "https://aninjusticemag.com/stop-gaslighting-people-with-mental-disorders-9dfc6ebcee6a"}