{"title": "I watch paint dry for a living. It's never boring - there's so much to look for.", "data": [{"type": "sentence", "content": "Matthew Risbridger is a research and development technician for AquaTec Coatings in Wrexham, Wales, where he tests how paints dry."}, {"type": "sentence", "content": "By Caitlin Tilley"}, {"type": "sentence", "content": "I was looking for a job in a laboratory because I was interested in science. I did Chemistry, Mathematics, History and Physics A Levels and this is my..."}], "topic": "science", "uuid": "92d4733d67d87c067f040e715f2986f9d4cd226f11eb5ac03dd653d1", "link": "https://medium.com/business-insider/i-watch-paint-dry-for-a-living-surprisingly-its-never-boring-33ee5a664ef2"}