{"title": "Build the Forest in Python Series: Red-Black Tree", "data": [{"type": "sentence", "content": "From the Binary Search Tree: Analysis, we know the tree height is the critical factor of binary search tree's performance. This article and the following article will implement one variant of the binary search tree that will keep the trees in balance: Red-Black Tree."}, {"type": "subtitle", "content": "Project Setup"}, {"type": "sentence", "content": "Follow the same style and assumption as other articles in the Build the Forest Series, the implementation assumes Python 3.9 or newer. This article adds two modules to our project: red_black_tree.py for the red-black tree implementation and test_red_black_tree.py for its unit tests. After adding these two files, our project layout becomes the following:"}, {"type": "sentence", "content": "(The complete code is available at forest-python)"}, {"type": "subtitle", "content": "What is a Red-Black Tree?"}, {"type": "sentence", "content": "A red-black tree variates the binary search tree with the self-balancing ability, and its node has one extra attribute: color, which can be either red or black. In addition to the binary-search-tree-property, a red-black tree also satisfies the following red-black-tree-property:"}, {"type": "sentence", "content": "The red-black tree ensures that no path is twice longer than other paths by constraining the node colors on any simple path from a node to its descendent leaves. In other words, a red-black tree is approximately balanced."}, {"type": "sentence", "content": "A typical red-black tree looks like the picture below."}, {"type": "image", "content": "https://miro.medium.com/max/1342/0*4wATZuh1mSxrFBJF.png"}, {"type": "sentence", "content": "A leaf node of a tree data structure usually refers to a node that does not have any child. However, we use NIL to indicate leaves for the red-black tree, and they are always black. Besides, leaf nodes do not hold any data and mainly for maintaining the red-black-tree-property purpose."}, {"type": "sentence", "content": "We use black height to indicate the number of black nodes from a node to the leaves (exclude the node if the node is black). The following picture shows the black height for each node."}, {"type": "image", "content": "https://miro.medium.com/max/1382/0*FpLo25GRZU8d42Pu.png"}, {"type": "sentence", "content": "Next to each node is the black height for the node, and the leaf nodes (NIL) have black height zero."}, {"type": "subtitle", "content": "Build Red-Black Tree"}, {"type": "sentence", "content": "As we did in the previous trees, this section will walk through the implementation and discuss some thoughts behind the implementation choices."}, {"type": "sentence", "content": "Since all the leaves are NIL and the root's parent can also point to NIL, when we implement a red-black tree, we can define one NIL node and let the root's parent and all the nodes supported to point to a NIL node point to the NIL node. So, the red-black tree shown in the previous section becomes the following:"}, {"type": "image", "content": "https://miro.medium.com/max/1042/0*Yc7bNm-B3BhMA1tf.png"}, {"type": "sentence", "content": "This way simplifies the implementation and saves space (i.e., only need one NIL node instance in the implementation)."}, {"type": "sentence", "content": "For simplicity, the NIL node will be omitted in the rest of the article, so the red-black tree above will look like the following (but in the implementation, the NIL node must be there; otherwise, it will violate the red-black-tree-property)."}, {"type": "image", "content": "https://miro.medium.com/max/962/0*LIUubsY1d-pfex0x.png"}, {"type": "subtitle", "content": "Node"}, {"type": "sentence", "content": "The red-black tree node is like the binary search tree node but has one more attribute - color."}, {"type": "image", "content": "https://miro.medium.com/max/564/0*ONhWrI6LF17yuykb.png"}, {"type": "sentence", "content": "Since the color must be either red or black, we can define it as an enum class."}, {"type": "sentence", "content": "Why use an enum?"}, {"type": "sentence", "content": "According to PEP-435, \"An enumeration is a set of symbolic names bound to unique, constant values. Within an enumeration, the values can be compared by identity, and the enumeration itself can be iterated over.\" It makes sense that we define the color attribute as an enum class because its value (red or black) is constant, and we can identify the color attribute and compare it. Also, an enum class provides more robust type safety. If we don't use an enum, we could define the color attributes as constant strings. However, the type checking tools (e.g., mypy) will not be able to check if a value is the color attribute or a regular string. The other alternative is to define the color attribute as a regular class or a dataclass like this:"}, {"type": "sentence", "content": "This method still has some drawbacks. For example, the underline type is still a string. We can compare it with any strings. Besides, a class is mutable. In other words, we can modify the Color class at runtime that contradicts the color's definition. Therefore, using an enum to define the color attributes makes the most sense. It increases the type safety and simplifies the implementation."}, {"type": "sentence", "content": "Red-black tree node"}, {"type": "sentence", "content": "Like the other binary tree nodes, we utilize the dataclass to define the red-black tree node."}, {"type": "sentence", "content": "Leaf node"}, {"type": "sentence", "content": "As mentioned in the red-black tree definition, we use NIL to indicate the leaf node, and it can be defined as simple as the following."}, {"type": "subtitle", "content": "Class Overview"}, {"type": "sentence", "content": "Like other types of binary trees in the Build the Forest project, the red-black tree class has similar functionalities."}, {"type": "sentence", "content": "Note that besides the common methods of all the binary trees, the RBTree class has some additional methods. _left_rotate(), _right_rotate(), _insert_fixup(), and _delete_fixup() are the helper functions to maintain the red-black-tree-property after insertion and deletion. Both insert and delete operations modify the tree; therefore, the operations may violate the red-black-tree-property. That's why we need these functions."}, {"type": "sentence", "content": "The leaf node is NIL, so the traversal routines (use None to determine if reach a leaf node) from Binary Tree Traversal do not work with the RBTree class (need to use Leaf to determine if reach a leaf node). Therefore, the RBTree class needs to provide its traversal routines."}, {"type": "subtitle", "content": "Insert"}, {"type": "sentence", "content": "Because the insert operation modifies the red-black tree, the result may violate the red-black-tree-property (This is also true for deletion). To restore the red-black-tree-property, we need to change some nodes' color and also update the red-black tree formation. The method to update a binary tree's formation is called rotation. The technique of fixing the violated red-black-tree-property comes from Introduction to Algorithms, and the idea of the red-black tree insertion can be summarized as the following:"}, {"type": "sentence", "content": "Since the new node is red, we can violate the red-black-tree-property - if a node is red, then both of its children are black, and we can fix the violation after the insertion."}, {"type": "sentence", "content": "We can implement the red-black tree insertion in a similar way to the normal binary search tree insertion."}, {"type": "sentence", "content": "One difference from the Binary Search Tree: Insert is that we use isinstance to check if a node is a normal Node or a Leaf instead of checking if it is None. That's because we have Leaf type for the leaf nodes and Node type for the regular nodes."}, {"type": "sentence", "content": "Once a new node is inserted into the red-black tree, we need to fix the broken red-black-tree-property. The following subsections will discuss using rotation and coloring to fix the broken red-black tree."}, {"type": "subtitle", "content": "Rotations"}, {"type": "sentence", "content": "The rotation operation is to change the red-black tree formation and also preserve its binary-search-properties. There are two types of rotations: left rotation and right rotation."}, {"type": "sentence", "content": "Left Rotation"}, {"type": "image", "content": "https://miro.medium.com/max/1122/0*sEJDDcoyMRd_6JOH.png"}, {"type": "sentence", "content": "The left rotation transfers the two nodes (x and y in the picture) from the top tree to the bottom tree of the picture and preserves its binary-search-tree-properties."}, {"type": "sentence", "content": "Note that the node x's right child cannot be a Leaf (i.e., NIL); It makes no sense to rotate a Leaf."}, {"type": "sentence", "content": "Right Rotation"}, {"type": "image", "content": "https://miro.medium.com/max/1122/0*k_OervkDED-hDGWL.png"}, {"type": "sentence", "content": "The right rotation is symmetric to the left rotation and can be implemented as the following."}, {"type": "subtitle", "content": "Fixup"}, {"type": "sentence", "content": "To restore the red-black-tree-property, we need to know which red-black-properties could be broken after an insertion."}, {"type": "sentence", "content": "The red-black-tree-property:"}, {"type": "sentence", "content": "For the 5 thproperty, the black height is still the same. The new node (as the color red) replaces a Leaf ( NIL), but its children are also Leaf ( NIL). Therefore, the black height property holds after the insertion."}, {"type": "sentence", "content": "Thus, only property 2 and property 4 could be violated due to the color of a new node is red. If the new node's parent is also red, property 4 is broken. Regarding property 2, it could be violated if a new node is the root or the root becomes red while fixing property 4. And we can fix property two by coloring it black at the end of the fixup routine."}, {"type": "sentence", "content": "Regarding fixing property 4, we can break it down to six cases (two three-case symmetrically). The six cases are determined by the location and color of the new node's parent and the parent's sibling."}, {"type": "image", "content": "https://miro.medium.com/max/3744/1*9fQh4_1K3FOxszr7567zIA.png"}, {"type": "sentence", "content": "Start from the new node ( fixing_node)."}, {"type": "sentence", "content": "Case 1"}, {"type": "sentence", "content": "Note that the new node's location does not matter. The following picture shows cases 1. The new node (7) is the left child, and 2. The new node (18) is the right child."}, {"type": "image", "content": "https://miro.medium.com/max/1382/0*5izkZYOQ8knj0M6z.png"}, {"type": "sentence", "content": "Case 2"}, {"type": "image", "content": "https://miro.medium.com/max/1522/0*xgDOE98Yy_rMWRK0.png"}, {"type": "sentence", "content": "Case 3"}, {"type": "image", "content": "https://miro.medium.com/max/2048/0*DuVCAj1lP5dMDw_j.png"}, {"type": "sentence", "content": "Case 4 (the same as case 1)"}, {"type": "image", "content": "https://miro.medium.com/max/1282/0*QoLbwS01nAtxMsUp.png"}, {"type": "sentence", "content": "Case 5"}, {"type": "image", "content": "https://miro.medium.com/max/1682/0*mfu1GmnZzbEGrMIU.png"}, {"type": "sentence", "content": "Case 6"}, {"type": "image", "content": "https://miro.medium.com/max/2048/0*GHbeDcj4shD7fLJb.png"}, {"type": "sentence", "content": "While fixing the broken red-black-tree-property for the fixing_node, the fixing process may cause the fixing_node's parent or grandparent (depends on the case) to violate the red-black-tree-property. When that happens, the fixing_node's parent (or grandparent) becomes the new fixing_node. Then we can solve it according to the six cases. Repeat this step until we reach the root. If the root becomes red (property 2 violated) after the fix operations, we can fix it by coloring the root black."}, {"type": "sentence", "content": "The picture below demonstrates the complete insertion operation to build a red-black tree."}, {"type": "image", "content": "https://miro.medium.com/max/1366/0*EyjsfQCBYyYZ87cb.png"}, {"type": "sentence", "content": "The implementation of the insertion fixup is shown below."}, {"type": "subtitle", "content": "Search"}, {"type": "sentence", "content": "The search operation is similar to the Binary Search Tree: Search, but we use Leaf ( NIL) to determine if we reach the leaf."}, {"type": "sentence", "content": "The search is implemented similarly to the binary search tree search function."}, {"type": "subtitle", "content": "Delete"}, {"type": "sentence", "content": "Similar to the red-black tree insertion, the deletion modifies the red-black tree, and the result may violate the red-black-tree-property. Therefore, we need to restore the red-black-tree-property after we delete a node."}, {"type": "sentence", "content": "The basic idea of the red-black tree deletion is similar to the normal Binary Search Tree: Delete. We have a transplant method to replace the subtree rooted at the deleting_node with the subtree rooted at the replacing_node. We also have three basic cases of deletion: no child, only one child, and two children. And, finally, we need to fix the broken red-black-tree-property."}, {"type": "sentence", "content": "Transplant"}, {"type": "sentence", "content": "The transplant method is modified from the Binary Search Tree: Delete, so it works appropriately for a red-black tree. The modification is that we use isinstance to check if a node is a normal Node or a Leaf instead of checking if it is None."}, {"type": "sentence", "content": "The overall delete procedure is like a normal binary search tree with some modifications."}, {"type": "sentence", "content": "Based on the delete procedure above, we can implement the delete method as the following."}, {"type": "sentence", "content": "Something to mention is that:"}, {"type": "sentence", "content": "Before restoring the violated red-black-tree-property, we need to know which red-black-properties could be broken during the delete routine."}, {"type": "sentence", "content": "The red-black-tree-property:"}, {"type": "sentence", "content": "Case 1: The node to be deleted has no child"}, {"type": "image", "content": "https://miro.medium.com/max/1822/0*KqGdh1QtEmmhfS9l.png"}, {"type": "sentence", "content": "If the color of the deleting_node is red, no red-black-tree-property is broken. If the deleting_node 's color is black, property 5 is violated."}, {"type": "sentence", "content": "Case 2: The node to be deleted has only one child"}, {"type": "sentence", "content": "Due to the red-black-tree-property, it is impossible that a red node has only one black child. It is also not possible that a black node has only one black child, either. Therefore, if the deleting_node has only one child, its color must be black, and the color of the replacing_node must be red."}, {"type": "image", "content": "https://miro.medium.com/max/1722/0*MF7DWuyY5rdYw8VS.png"}, {"type": "sentence", "content": "According to the picture above, if the deleting_node is black, property 4 and property 5 can be broken as well as property 2 if the deleting_node is the root."}, {"type": "sentence", "content": "Case 3: The node to be deleted has two children"}, {"type": "sentence", "content": "In this case, we do the following steps:"}, {"type": "sentence", "content": "After step 5, the color of the replacing_node is the same as the deleting_node, so no red-black-tree-property is broken. The only step that could break the red-black-tree-property is step 2. When we perform the transplant operation on the replacing_node, it ends up being either case 1 or case 2."}, {"type": "sentence", "content": "The following pictures demonstrate how deleting a node with two children may or may not violate the red-black-tree-property."}, {"type": "sentence", "content": "The case that the replacing_node is the direct child of the deleting_node."}, {"type": "image", "content": "https://miro.medium.com/max/1622/0*-FJ62vVPjIJFxPm3.png"}, {"type": "sentence", "content": "The case that the replacing_node is black and not the direct child of the deleting_node."}, {"type": "image", "content": "https://miro.medium.com/max/1574/0*abkXmZoSTkrHA8lp.png"}, {"type": "sentence", "content": "The case that the replacing_node is red and not the direct child of the deleting_node."}, {"type": "image", "content": "https://miro.medium.com/max/1122/0*qVMQI3a3pyUo8yrL.png"}, {"type": "sentence", "content": "Therefore, we can summarize the situation that we need to fix the broken red-black-tree-property."}, {"type": "image", "content": "https://miro.medium.com/max/3758/1*Ev9f8qqwSJw6vT3xHAZ-IQ.png"}, {"type": "sentence", "content": "The summary also implies that the red-black-tree-property still holds in the following situations."}, {"type": "sentence", "content": "The reasons are:"}, {"type": "subtitle", "content": "Fixup"}, {"type": "sentence", "content": "To fix the broken red-black-tree-property, we use the idea from Introduction to Algorithms, and the fixup procedure first fixes the property 5 (both black heights of each node from the node to leaves are the same) by introducing the concept of double-black and red-and-black. For the black heights, double-black and red-and-black contribute either 2 or 1, respectively. And we use the following icons to indicate double-black and red-and-black nodes."}, {"type": "image", "content": "https://miro.medium.com/max/664/0*PYyPHczQYYsnQXiz.png"}, {"type": "sentence", "content": "When we use the transplant function to replace one node with another node, instead of replacing the node, we keep both node's color, and we use double-black and red-and-black to indicate its color. Therefore, if the node to be deleted has less than two children, after the transplant function, the color of the replacing node becomes either double-black or red-and-black. If the node to be deleted has two children, the color of the leftmost node's replacement becomes either double-black or red-and-black when we use the transplant function to take out the leftmost node of the subtree rooted by the node to be deleted. For the sake of simplicity, we use fixing_node to indicate the node has color either double-black or red-and-black. Note that we don't really color the fixing_node as double-black or red-and-black in the code implementation. We just pretend the fixing_node had one extra black or red."}, {"type": "sentence", "content": "By doing so, the invalid black heights are solved, and the potential broken cases become the following:"}, {"type": "sentence", "content": "The node to be deleted has no child"}, {"type": "image", "content": "https://miro.medium.com/max/1604/0*dWGVL2ZG8v9RIfuv.png"}, {"type": "sentence", "content": "The node to be deleted has only one child"}, {"type": "image", "content": "https://miro.medium.com/max/1684/0*36Vx7-WlbLqOXIa-.png"}, {"type": "sentence", "content": "The node to be deleted has two children"}, {"type": "sentence", "content": "If the node to be deleted has two children, the node that takes the leftmost node's position breaks the red-black-tree-property."}, {"type": "sentence", "content": "The replacing_node is the direct child of the deleting_node."}, {"type": "image", "content": "https://miro.medium.com/max/1594/0*5Uy2UqbrHGBK1ezX.png"}, {"type": "sentence", "content": "The replacing_node is not the direct child of the deleting_node."}, {"type": "image", "content": "https://miro.medium.com/max/1508/0*zB-Ge3cCAbxqxhQE.png"}, {"type": "sentence", "content": "Because the color of the fixing_node is neither red nor black, property 1 is also broken. Now, we need to restore red-black-tree-property 1, 2, and 4."}, {"type": "sentence", "content": "If the color of the fixing_node is red-and-black, we can fix it by coloring it black. All broken red-black-tree-property are restored."}, {"type": "image", "content": "https://miro.medium.com/max/2048/0*DCyZEn7haFvjM442.png"}, {"type": "image", "content": "https://miro.medium.com/max/1508/0*j4TOj_Y9mtiqrLoZ.png"}, {"type": "sentence", "content": "The remaining broken situation is double-black. The fixup procedure for that can be broken down into four symmetric cases."}, {"type": "image", "content": "https://miro.medium.com/max/2048/0*0A1N7iljPQGWdpQv.png"}, {"type": "sentence", "content": "The cases are identified by the location of the fixing_node, the color of the fixing_node 's sibling, and the color of the sibling's children."}, {"type": "image", "content": "https://miro.medium.com/max/3716/1*7YxAOmP6SlZyIL4gTVXa-Q.png"}, {"type": "sentence", "content": "Start from the fixing_node."}, {"type": "sentence", "content": "Case 1"}, {"type": "image", "content": "https://miro.medium.com/max/2048/0*qpx2TSRxVu8cyNfz.png"}, {"type": "sentence", "content": "Case 2"}, {"type": "image", "content": "https://miro.medium.com/max/1482/0*ehH3u6nYbyomnooR.png"}, {"type": "sentence", "content": "Case 3"}, {"type": "image", "content": "https://miro.medium.com/max/2048/0*ohh88e0ALGO0IMIm.png"}, {"type": "sentence", "content": "Case 4"}, {"type": "image", "content": "https://miro.medium.com/max/2022/0*0OeNYQDX8UI_f5_N.png"}, {"type": "sentence", "content": "Case 5"}, {"type": "image", "content": "https://miro.medium.com/max/2042/0*tn0a-ED0V1rX-uuh.png"}, {"type": "sentence", "content": "Case 6"}, {"type": "image", "content": "https://miro.medium.com/max/1282/0*v6Lj40rZ9CNk8anX.png"}, {"type": "sentence", "content": "Case 7"}, {"type": "image", "content": "https://miro.medium.com/max/2022/0*UCZUKc9GycCc_XAF.png"}, {"type": "sentence", "content": "Case 8"}, {"type": "image", "content": "https://miro.medium.com/max/2048/0*cXD50DEq3iC-xsv5.png"}, {"type": "sentence", "content": "The following implementation summarizes the fixup procedures discussed above."}, {"type": "subtitle", "content": "Auxiliary Functions"}, {"type": "sentence", "content": "In addition to the core functions (i.e., insert, search, and delete), the red-black tree could have other useful functions, such as get the leftmost node, get the successor of a node, and get the height of a tree, whose implementations are similar to the Binary Search Tree: Auxiliary Functions but with some modifications."}, {"type": "subtitle", "content": "Get the Height"}, {"type": "sentence", "content": "To calculate the tree height of a red-black tree, we can recursively increment the height by one for each child's height as we did in Binary Search Tree: Get the Height. If a node has two children, we use the max function to get the bigger height from the children and increase the highest by one. The main difference is that we use isinstance to check if a node has a leaf or not."}, {"type": "subtitle", "content": "Get the Leftmost and Rightmost Nodes"}, {"type": "sentence", "content": "The red-black tree does the same thing as Binary Search Tree: Get the Leftmost and Rightmost Nodes to get the rightmost node of the given (sub)tree and the leftmost node of the given (sub)tree. Once again, we use isinstance to check if a node is a regular red-black tree node or a leaf."}, {"type": "sentence", "content": "Leftmost"}, {"type": "sentence", "content": "Rightmost"}, {"type": "subtitle", "content": "Predecessor and Successor"}, {"type": "sentence", "content": "The red-black tree does the same thing as Binary Search Tree: Predecessor and Successor to get a node's predecessor and successor."}, {"type": "sentence", "content": "Predecessor"}, {"type": "sentence", "content": "Successor"}, {"type": "subtitle", "content": "Traversals"}, {"type": "sentence", "content": "Because of the leaf nodes, we are not able to use the traversal functions we implemented in Binary Tree Traversal. However, the concept of traversal is the same. We only need a simple modification: use isinstance to check if a node is a regular red-black tree node or a leaf."}, {"type": "sentence", "content": "In-order Traversal"}, {"type": "sentence", "content": "Pre-order Traversal"}, {"type": "sentence", "content": "Post-order Traversal"}, {"type": "sentence", "content": "Note that the return type ( traversal.Pairs) is defined at traversal.py from Binary Tree Traversal."}, {"type": "subtitle", "content": "Test"}, {"type": "sentence", "content": "As always, we should have unit tests for our code as much as possible. Here, we use the basic_tree function in conftest.py that we created in Build the Binary Search Tree to test our red-black tree. Check test_red_black_tree.py for the complete unit test."}, {"type": "subtitle", "content": "Analysis"}, {"type": "sentence", "content": "As we discussed at Binary Search Tree: Analysis, we know the operation runtime of the binary search tree is based on the tree height. A red-black tree is a self-balancing binary search tree and has height at most 2 * lg (n+1) = O(lg n), where n is the number of nodes. (The proof can refer to Introduction to Algorithms Lemma 13.1). Therefore, the time complexity of a red-black tree can be summarized in the table below."}, {"type": "image", "content": "https://miro.medium.com/max/3712/1*SQX_jiccIPNttFxkdceyew.png"}, {"type": "subtitle", "content": "Examples"}, {"type": "sentence", "content": "Due to the self-balancing ability, Red-Black Tree is wildly used in software programs, including implement other data structures. For example, the C++ STL map is implemented as a red-black tree. This section uses the red-black tree we implement here to implement a key-value Map."}, {"type": "sentence", "content": "(The complete example is available at rbt_map.py)"}, {"type": "subtitle", "content": "Summary"}, {"type": "sentence", "content": "Although it is complicated to maintain the red-black-tree-property, its self-balancing ability makes the Red-Black Tree having better performance than the binary search tree. In many cases, keep a tree balanced is critical, so the red-black tree's complication is worthwhile. In the following article, we will implement another famous self-balancing tree, AVL Tree."}, {"type": "sentence", "content": "Originally published at https://shunsvineyard.info on May 1, 2021."}], "topic": "data-science", "uuid": "93176b10c832b06e9d8606a3d60f4419ff71b0eb464da131e0e60da1", "link": "https://medium.com/nerd-for-tech/build-the-forest-in-python-series-red-black-tree-ac59cf66d744"}