{"title": "The COVID-19 vaccine side effects to expect if you're in your 20s or 30s", "data": [{"type": "sentence", "content": "Young people have relatively strong immune systems that can prompt unpleasant reactions after a vaccine, including fevers, aches, and nausea."}, {"type": "sentence", "content": "By Andrea Michelson and Kelsie Sandoval"}, {"type": "sentence", "content": "Shoshannah Buxbaum, 30, said she felt pain in every single one of her joints the day after she got her second dose of the Pfizer..."}], "topic": "science", "uuid": "98b3868262bedbf5e36c90ba696c48407c38703c0a234371f59cf329", "link": "https://medium.com/business-insider/the-covid-vaccine-side-effects-to-expect-if-youre-young-ba1296e7759f"}