{"title": "5 Books Every Teacher Should Read", "data": [{"type": "image", "content": "https://miro.medium.com/max/10944/1*HZ2fcw3QA-LBt2Q6ZYolkA.jpeg"}, {"type": "sentence", "content": "As a teacher, you've already read more books than you care to remember and I dare say there are several from your undergraduate studies you're doing your level best to forget."}, {"type": "sentence", "content": "I'm willing to bet that many of those books you've devoured during your teaching career have been focused on education topics. Some of them have been great and have helped you break through to new heights in the classroom. Some have been a waste of time (just being honest, folks)."}, {"type": "sentence", "content": "And some have become dear friends that you return to year after year, providing you with new perspectives each time you dive into the pages."}, {"type": "sentence", "content": "I won't provide you with a list of books here that I'm sure you'e either already read or heard spoken of by so many other teachers that you feel like you've read them yourself. Instead, I'll offer you a few books that have become important to me personally that have helped bring fresh perspectives to teaching and leadership in schools."}, {"type": "sentence", "content": "Of course, this list is not comprehensive and I'll likely share more in the future but it's good to have a starting point."}, {"type": "subtitle", "content": "The War of Art by Steven Pressfield"}, {"type": "sentence", "content": "Written initially for the aspiring writer, The War of Art is essential reading for anyone who creates anything. Teachers are some of the most creative people I know, even though they may not be creative in the ways most familiar to society."}, {"type": "sentence", "content": "The War of Art is about the inner war we face between our creativity and resistance. It's a battle that rages inside every creative person, each with their own personal battlefield (in this case being school)."}, {"type": "sentence", "content": "The War of Art is a great read because it's short and accessible. It really highlights the crucial struggle between resistance and creativity, which any teacher will find helpful at some point in their teaching career."}, {"type": "sentence", "content": "This book is perfect for any teacher who creates content of any type. And yes, that includes your daily lessons."}, {"type": "sentence", "content": "The War of Art can help you start, stick with it, or get past that mental block that's been stopping you from writing for years. Pressfield has some great advice on how to overcome writer's (or teacher's) block as well as procrastination, something I'm sure you've dealt with many times over your career as a teacher."}, {"type": "subtitle", "content": "Meditations by Marcus Aurelius"}, {"type": "sentence", "content": "The collected personal memoirs of the last of the \"Five Good Emperors\", Marcus Aurelius, Meditations was initially written for Marcus himself. This book is one of the earliest examples of self-improvement work."}, {"type": "sentence", "content": "Especially when you consider the author was working on himself as he wrote!"}, {"type": "sentence", "content": "Meditations is chock full of wisdom that will make you a better teacher. A lot of the time, we have to navigate difficult situations and confront our own mistakes or shortcomings. This book can help us do just that with a healthy dose of perspective."}, {"type": "image", "content": "https://miro.medium.com/max/12000/1*VqNFpBEvzXmLRikeFYm1uQ.jpeg"}, {"type": "subtitle", "content": "A Calendar of Wisdom by Tolstoy"}, {"type": "sentence", "content": "This book is a collection of quotes from all over the world, organized by month. Tolstoy was an incredible writer with many novels to his name but he also had this little gem in him!"}, {"type": "sentence", "content": "For example, in the month of March: \"It's not what you've got that matters most; it's who you are.\""}, {"type": "sentence", "content": "As a teacher, you often face daily obstacles that can be overwhelming. Having a copy of this book on your desk, your phone, or your Kindle can give you a brief moment of inspiration when you need it most."}, {"type": "sentence", "content": "Make it a part of your daily reading habit, whether first thing in the morning or right before bed. The wisdom in this book can help you remain focused and brighten any dark day."}, {"type": "image", "content": "https://miro.medium.com/max/7860/1*y9rKSkDpxTAecFd0RctWHw.jpeg"}, {"type": "subtitle", "content": "The Obstacle is the Way by Ryan Holiday"}, {"type": "sentence", "content": "Facing numerous challenges since March of 2020 when the world shut down and schools closed, I believe every teacher needs to read this book."}, {"type": "sentence", "content": "The Obstacle is the Way by Ryan Holiday is a quick and powerful read that can be finished in an afternoon. This book will teach you how to use ancient Stoic philosophy to change your thoughts, overcome any obstacle, or achieve success against all odds."}, {"type": "sentence", "content": "The obstacles placed in front of teachers in the past year have caused many of us to rethink everything we've done in education. Some things we hated, some things we liked."}, {"type": "sentence", "content": "But we did them all to get through to our students in whatever way possible."}, {"type": "sentence", "content": "When faced with an obstacle, you need to find the right way through it without compromising your principles or goals."}, {"type": "sentence", "content": "The Obstacle Is The Way should be read by all teachers who want a practical guide on how to bounce back from adversity and make an impact in their careers."}, {"type": "image", "content": "https://miro.medium.com/max/13440/1*gR047_tNsLLv7P10SmE3jw.jpeg"}, {"type": "subtitle", "content": "The Road by Cormac McCarthy"}, {"type": "sentence", "content": "The Road is a post-apocalyptic novel set in America after an unnamed cataclysm."}, {"type": "sentence", "content": "The book tells the story of The Man who is traveling with his son across the wasteland of what was once America. It's not easy and it's often dangerous."}, {"type": "sentence", "content": "But it's worth the struggle because they have each other."}, {"type": "sentence", "content": "This is a book about the power of love and hope in an otherwise hopeless world."}, {"type": "sentence", "content": "Sometimes, as teachers, all we have to keep us going is love and hope. So, we \"carry the fire\" for our students, especially when they can't carry it for themselves."}, {"type": "subtitle", "content": "Your Recommendations"}, {"type": "sentence", "content": "What books would you recommend for teachers that don't necessarily fall in the \"education\" category? Leave your thoughts below!"}, {"type": "sentence", "content": "Subscribe to Insights from Educate for a midweek dose of professional learning with the latest news and research from the education industry."}, {"type": "image", "content": "https://miro.medium.com/max/1200/1*75X_AixoZXocR_3Irk_vEw.png"}], "topic": "education", "uuid": "9923b2fd0663eff205c32c1078e299c8ac71f0f078e85bcf0027ca9b", "link": "https://medium.com/educate-pub/5-books-every-teacher-should-read-e30666144fa3"}