{"title": "3 Ways to Find Flow in This 'On Auto Pilot' World", "data": [{"type": "image", "content": "https://miro.medium.com/max/6000/0*f957qtaxlT58af39"}, {"type": "sentence", "content": "We live in a culture of constant change, and yet, moving with that 'flow' feels increasingly difficult, at least for me."}, {"type": "sentence", "content": "These days, there's a bunch of science about how to get into flow state, and yet I find the best way really is to follow what you want to do and let your body and needs lead."}, {"type": "sentence", "content": "In a way, life forces us to flow with it: things happen and we respond. As humans, we're wired to respond to the environment. We all problem-solve and make adjustments as we move through the days."}, {"type": "sentence", "content": "But that sense of 'feeling in flow' feels further away than ever."}, {"type": "subtitle", "content": "1: Mindful Pause"}, {"type": "sentence", "content": "While you are reading these words, I'd like you to consider how you're doing it- * Do you say the words in your head, hear them spoken in your voice, see the letters appear in your mind? * While you're reading this, what are you thinking about? * What's just happened before you found this article, and have you planned what you'll do afterwards?* What's your environment like? Is it quiet and peaceful or are you re-reading this sentence three times because of the drilling noises from next door distracting you?"}, {"type": "sentence", "content": "Great. You've just spent a moment being 'mindful.' This is a state so many of us seek out, and is one of the key methods of connecting with daily 'flow.'"}, {"type": "image", "content": "https://miro.medium.com/max/11232/0*1R0vADqJgJYpaGPs"}, {"type": "subtitle", "content": "2: Create Transition Space"}, {"type": "sentence", "content": "Now think about your routines and the opportunities to be in flow throughout the day."}, {"type": "sentence", "content": "What I mean by this, is to consider the transitions between each to-do list item both on a physical level, but also in your mental space."}, {"type": "sentence", "content": "If you are able to plan your day, what tasks might go together to increase the 'flow' of your time and energy? In one case this might mean batching all of your email answering to 3 blocks of time a week. In another, this might mean that you write your book after a lunchtime walk because you know walking fires you up and inspires you."}, {"type": "sentence", "content": "Consider what works for you, and then apply those lessons to your life when you construct it."}, {"type": "subtitle", "content": "Can't think of any gaps? Here are a few places to start:"}, {"type": "sentence", "content": "- While the kettle boils- Sitting on the bus- Standing by the printer at work- Sat in a waiting room- Three advert breaks during your hour of TV programme is enough- In the bathroom you can do mental exercises (shower/toilet/washing your pet)- At the traffic lights- While doing chores- Walking around the supermarket/college/work"}, {"type": "sentence", "content": "You don't need to change everything about your life, but those little spaces are crucial to creating breathing room in a busy lifestyle. These are the moments which can give you clues to how you're connecting with 'flow'."}, {"type": "image", "content": "https://miro.medium.com/max/10202/0*kALeDKP_0ptNnn7R"}, {"type": "sentence", "content": "A little mindfulness can lead to rest in between tasks, recharging those batteries. Notice if you're dehydrated or hungry, and fuel yourself. Catch any unhelpful thoughts and just step back to ask \"is that true?\" or \"do I 100% believe that?\""}, {"type": "subtitle", "content": "3. The Check-In"}, {"type": "sentence", "content": "We spend so much of our time on autopilot, that this small practise of checking in can be the beginning of transforming our relationship with time, our actions, and those spaces we inhabit both mentally and physically."}, {"type": "sentence", "content": "This is similar to the mindful pause form earlier, but with a much more specific focus on your body and experience in this moment. Rather than exploring how life is as you read this, I want you to read each question and then pause to answer it. Really stop reading and consider how you feel while checking in."}, {"type": "sentence", "content": "Take a slow breath."}, {"type": "sentence", "content": "Over time, checking in with ourselves can be a simple yet powerful practise: catching overwhelm and obstacles before they pile up: both mentally and physically."}, {"type": "sentence", "content": "But this also puts us more \"in flow\" with our natural rhythms. It helps us to see that desire to eat chocolate comes from being emotional, or that we're actually thirsty when we crave that milkshake instead of dinner."}, {"type": "image", "content": "https://miro.medium.com/max/10368/0*moL5YtYesiRjsVfX"}, {"type": "subtitle", "content": "How To Merge the Check In and Pause"}, {"type": "sentence", "content": "- How do I feel?Emotionally. Physically. Spiritually.Am I Anxious or Calm?"}, {"type": "sentence", "content": "- What thoughts are going through my mind?Are they helpful or unhelpful?"}, {"type": "sentence", "content": "- How happy am I from 0-10 right now?"}, {"type": "sentence", "content": "- What could I do about this?What's within my control?"}, {"type": "sentence", "content": "- What do I want from today?How do I hope today will go? What's worrying me?"}, {"type": "sentence", "content": "- If I could warn people not to do something it would be:What am I most afraid of or what do I know will upset me?"}, {"type": "sentence", "content": "- What options do I have if things get difficult?Can I breathe, apologise, remove myself from the situation or delegate?"}, {"type": "sentence", "content": "- Can I feel my feet on the floor? Can I plant mental roots in the ground like a tree and rely on that metaphor to keep me rooted?"}, {"type": "sentence", "content": "These changes may sound so simple, but in this modern world, it's surprisingly difficult to actually be with ourselves, for the fear of suffering."}, {"type": "sentence", "content": "How often do you check in with the current moment, seeking that sense of flow? What do you notice on the days you check in and meet those needs before they become desperate?"}, {"type": "sentence", "content": "I know the impact it has for me. I feel supported in the flow of the day, and at least some level of control over how I feel, even if my environment is out of my hands."}, {"type": "sentence", "content": "Even if we only have 3 seconds to spare, spending those 3 seconds in the flow of being is a figurative breath of fresh air in a world where we often feel like we're suffocating."}, {"type": "image", "content": "https://miro.medium.com/max/10368/0*2SKMHi_Il-aQw6Ks"}, {"type": "subtitle", "content": "Will you take a few seconds to breathe?"}, {"type": "sentence", "content": "If you would like to reinvent your life from the roots of who you already are (and the psychology of how your brain already works) sign up for the free roadmap to reinventing yourself here."}, {"type": "sentence", "content": "Originally published at YourZenLife.com on December 14th, 2017 in the Bloom category. It has been updated and extended for publication here in 2021."}], "topic": "mindfulness", "uuid": "9ef505989e58cc8b8ed81f6f6bb9222332d1e96ee0f321da3031aa66", "link": "https://medium.com/change-your-mind/3-seconds-to-find-flow-in-this-on-auto-pilot-world-561ffa266128"}