{"title": "Starting your data science project with Metaflow? The MNIST use-case.", "data": [{"type": "sentence", "content": "The priority of data scientists simply lies in picking out the right features, building and deploying their models, they do not like to be particularly bothered about other aspects like model versioning, job scheduling, flow architecture, compute resources management, which is needed to make operationalizing data science successful."}, {"type": "image", "content": "https://miro.medium.com/max/1708/0*CprRdVOkOQpnxOha.png"}, {"type": "sentence", "content": "This is where Metaflow comes in"}, {"type": "sentence", "content": "Metaflow is an open-source tool by Netflix for managing data science workflows. It aims to boost the productivity of data scientists by allowing them to focus on actual data science work and by facilitating faster productionization of their deliverables."}, {"type": "sentence", "content": "If you are familiar with Airflow or Luigi then you would understand the function of Metaflow. It allows you to run your data science process in steps, so each step is a node in the process and the nodes are connected like a graph as seen below."}, {"type": "image", "content": "https://miro.medium.com/max/3064/0*hGC43sZro4zt5plb"}, {"type": "sentence", "content": "This system is called a DAG, Directed Acyclic Graph. In this hypothetical example, the flow trains two versions of models in parallel and outputs the highest accuracy score."}, {"type": "sentence", "content": "One other interesting attribute of Metaflow is that it ships with a lightweight service that provides a centralized place to keep inspect and track all your flow executions. Metaflow will use a local directory to keep track of all metadata on executions from your laptop. This metadata is called a Data Artifact."}, {"type": "sentence", "content": "You can use a local Jupyter notebook to interact with data artifacts from all your previous executions as well as currently running ones. However, deploying the Metaflow service alongside Amazon S3 as a datastore is helpful if you would like to share results with your peers and track your work without fear of losing any state."}, {"type": "sentence", "content": "As we proceed we would see an example of executing a flow with Metaflow and also inspecting data artifacts."}, {"type": "subtitle", "content": "Basic components of Metaflow"}, {"type": "sentence", "content": "A Metaflow Dag essentially consists of the flow, step and transition."}, {"type": "image", "content": "https://miro.medium.com/max/1420/0*ZWeLlLtG1c3y7ES-.jpeg"}, {"type": "sentence", "content": "There are 3 components around the flow:"}, {"type": "sentence", "content": "These components around the flow allow data scientists to resume a run, inspect run metadata, do hybrid runs and collaborate."}, {"type": "subtitle", "content": "Setting up Metaflow"}, {"type": "sentence", "content": "One can make use of Metaflow on both local and remote servers like AWS"}, {"type": "sentence", "content": "On local and remote server, one can easily install Metaflow by simply"}, {"type": "sentence", "content": "Or upgrade already installed Metaflow"}, {"type": "sentence", "content": "Now, one can prefer the remote option given the scale of the data and resource needed, or the local where fast interaction is required but the resource constraint would be there."}, {"type": "sentence", "content": "There is also the hybrid method to get the best of both worlds - local and remote - by switching easily between both servers. Metaflow snapshots all data and code in the cloud automatically. This means that you can inspect, resume, and restore any previous Metaflow execution without having to worry that the fruits of your hard work get lost."}, {"type": "subtitle", "content": "Starting your Data science/ Machine learning project - MNIST"}, {"type": "sentence", "content": "For this post, we will build a data science workflow for training a machine learning model using the MNIST data set."}, {"type": "sentence", "content": "MNIST dataset originally is a database of handwritten digits images but for this project, the image data has been converted to CSV format using its channels -RGB - as features in the dataset i.e. vectorized."}, {"type": "sentence", "content": "The data file contains the 60,000 examples and labels. Each row consists of 785 values: the first value is the label (a number from 0 to 9) and the remaining 784 values are the pixel values (a number from 0 to 255)."}, {"type": "image", "content": "https://miro.medium.com/max/1460/1*QDzN8SynVf7FePyQbxhTjQ.jpeg"}, {"type": "sentence", "content": "It would involve data extraction, data preparation, data split, model fitting and prediction and model evaluation."}, {"type": "image", "content": "https://miro.medium.com/max/2442/1*vgj8x7hT3ED9Y48Vsqq0Dw.jpeg"}, {"type": "sentence", "content": "The above graph can be represented in the code below"}, {"type": "image", "content": "https://miro.medium.com/max/1462/1*MCKwYWjpSDgbCXGIYGk96A.png"}, {"type": "image", "content": "https://miro.medium.com/max/1266/1*4qWBEuXV6Y5zJnlzs_3UtA.png"}, {"type": "sentence", "content": "Walking through each step in the graph"}, {"type": "sentence", "content": "The first step was to set the path to the MNIST data file and load the dataset into a Pandas data frame"}, {"type": "image", "content": "https://miro.medium.com/max/1296/1*m4j5KjG6Ma6ftRUw8HYW0g.png"}, {"type": "sentence", "content": "The second step was preparing the data set by extracting the features and the label from the whole dataset"}, {"type": "image", "content": "https://miro.medium.com/max/1316/1*P2KX8KYku91hiA04xqGxBw.png"}, {"type": "sentence", "content": "The next step was to split the data into train and test set in the ratio of 50:50"}, {"type": "image", "content": "https://miro.medium.com/max/1518/1*52eVQeYBjyG741bD7U7TQw.png"}, {"type": "sentence", "content": "Then we fit predict on the data for the Gaussian Naive Bayes model"}, {"type": "image", "content": "https://miro.medium.com/max/1326/1*kKcBPO5d7B8zdIhj4p1WMQ.png"}, {"type": "sentence", "content": "Next, we fit predict on the data for the random forest model"}, {"type": "image", "content": "https://miro.medium.com/max/1402/1*vg-kb83zCOdcAaQq6uVT8Q.png"}, {"type": "sentence", "content": "Here, we joined the two branches on which the classification models are running. We merged data artifacts from the two branches."}, {"type": "image", "content": "https://miro.medium.com/max/1292/1*nFphSGxHanvunOk2KO4ZfA.png"}, {"type": "sentence", "content": "Then we evaluated the model"}, {"type": "image", "content": "https://miro.medium.com/max/1262/1*VW-rlcG_QIwozg6s-chcnw.png"}, {"type": "sentence", "content": "And ended the run"}, {"type": "image", "content": "https://miro.medium.com/max/1180/1*Q1KktXXuZQpLQkmrRMtclg.png"}, {"type": "sentence", "content": "See full the full code base below"}, {"type": "sentence", "content": "See the result of flow run"}, {"type": "sentence", "content": "We can see that the Random Forest model performed better than the Gaussian Naive Bayes model with a score of 93.6% compared to 56.7%."}, {"type": "sentence", "content": "With Metaflow, we can also inspect our flow i.e. check the list of flow, the number of runs, the latest run, the list of steps and the data artifact at each step. This particularly helpful when debugging your flow."}, {"type": "sentence", "content": "The error usually appears in this form"}, {"type": "image", "content": "https://miro.medium.com/max/1622/1*P-kR4i0-099pJr_7vQ0vFg.png"}, {"type": "sentence", "content": "Below, you can inspect your flow in this manner, this could be done through a Jupyter notebook or your CLI. We are using Jupyter notebook for this project."}, {"type": "image", "content": "https://miro.medium.com/max/1600/1*CkmQz8Yr6gXuuN4DQMA3Qw.png"}, {"type": "image", "content": "https://miro.medium.com/max/1602/1*d6sKdBn6W7mY9RxOl4be4g.png"}, {"type": "sentence", "content": "So we covered understanding of Metaflow, its basic components, an example a flow execution using MNIST dataset and inspecting data flow"}, {"type": "sentence", "content": "Hope it was informative. Do share."}, {"type": "sentence", "content": "Cheers"}], "topic": "data-science", "uuid": "9fbc5980c5368f932bafb063aa6c68b54905339758aee996d1e91d3c", "link": "https://ayotomiwasalau.medium.com/starting-your-data-science-project-with-metaflow-the-mnist-use-case-44e3b3ad6ec3"}