{"title": "Can You Really Increase Writing Productivity with Dictation?", "data": [{"type": "subtitle", "content": "Writer's Toolkit"}, {"type": "image", "content": "https://miro.medium.com/max/12000/0*m2-UpLl4r8noNKnm"}, {"type": "sentence", "content": "Listen to an audio version at the end."}, {"type": "sentence", "content": "If you're like me you've read stories about people who speed through article writing by dictating. I've always viewed those people with a bit of skepticism. Quite frankly putting words on a page via dictation feels like typing with my toes."}, {"type": "sentence", "content": "As a matter of fact, I'm dictating this story. I have a timer running to see how long it takes. I've already stopped and started four times. I've brainstormed six different titles. And I must admit I'm excited that I now have two paragraphs completed. Woo hoo."}, {"type": "subtitle", "content": "First, the reality"}, {"type": "sentence", "content": "I started this experiment because I have a vision problem that is likely to cause productivity issues for me as a writer during the next few months. I've spent several hours researching the problem of using speech to text, but the research itself is a problem because text to speech translators are both cumbersome and expensive."}, {"type": "sentence", "content": "The reality for those with low vision is that while the options are less than ideal, they may mean the difference between reading and writing or not. The definition of low vision, by the way, is a vision problem that can't be corrected with glasses or contacts and impedes daily activities, particularly reading and writing."}, {"type": "sentence", "content": "There are some virtual reality options that look intriguing for those with low vision, but they also are quite expensive. And while I'm unbelievably thankful that my low vision problem will be resolved in a short amount of time (with luck and a skilled surgeon), the entire situation has made me far more aware of the accessibility of my writing. I hope reading this will make you more aware as well."}, {"type": "sentence", "content": "Not that long ago, audio narrations were available on selected stories here on Medium. That seems to have fallen by the wayside. You always have the option to add a narrated podcast version to your stories, however. That's my plan going forward."}, {"type": "subtitle", "content": "The tools I'm using for my writing dictation experiment"}, {"type": "sentence", "content": "After some research and trial and error, I decided the easiest option was the Microsoft Word app on my iPhone. Why not use the free choice of Google Docs, you ask?"}, {"type": "sentence", "content": "The choice came down to two deciding factors, the first being that Word has the built-in read-aloud option even in the iOS app. The Docs app relies entirely on the built-in read-aloud function on the phone, called Voiceover, which I struggled with."}, {"type": "sentence", "content": "Because I'm a heavy editor, I didn't feel like I could get through the entire process of writing, editing, and polishing my work without relying on a good read-aloud function. My goal is to shorten visual screen time as much as possible."}, {"type": "sentence", "content": "The second deciding factor was that Docs, along with every other writing app I tested, including my favorite organizational tool, OneNote, relied on the microphone built into the phone's keyboard. I played with that microphone in all those apps and had quite a bit of difficulty using simple command functions like backspace or delete. The Word app has its own microphone with far more flexibility and intuitive command functions."}, {"type": "subtitle", "content": "Tips for getting started"}, {"type": "sentence", "content": "I found the hardest part was learning to speak naturally rather than in short choppy phrases. To combat that, I did some reading aloud of my past work. It seemed to help - almost like warming up the way a singer would."}, {"type": "sentence", "content": "At first, I tried sitting in an easy chair to do the dictation, but I soon figured out that sitting at my desk where I normally write made the flow feel more natural."}, {"type": "sentence", "content": "The other thing I tried was dictating while I did mundane tasks like folding laundry. That seemed to work well so I suggest giving that a try if you're struggling to get words on the page."}, {"type": "sentence", "content": "By the way, within the Word app, I discovered that changing the settings to turn off auto punctuation made the whole process simpler. It took me a little while to get used to saying the words period or comma, but I felt more in control and gained accuracy."}, {"type": "sentence", "content": "I also realized that basic punctuation options are on the Word dictation screen as shortcuts. I learned I could reach over with my thumb to add a comma, a period, question mark, exclamation point, space, new line, or backspace with one stroke without leaving the dictation screen."}, {"type": "subtitle", "content": "Pitfalls"}, {"type": "sentence", "content": "I'd written over 500 words before realizing I'd broken my own rule by not starting with a template."}, {"type": "sentence", "content": "Rather than attempt to ramble around for a thousand or so words, start by scribbling out a structure - something I should have done from the start. You wouldn't give a speech without notes, would you? Same thing."}, {"type": "sentence", "content": "The other thing to watch out for is the tendency to edit as you speak. Since we're aiming at improved productivity, try to speak everything you're thinking within the structure you created. Then you can backtrack to start your editing and polishing stages, much the same as you would if your fingers were doing the work."}, {"type": "sentence", "content": "I also noticed how easy it is to become distracted when you don't have a screen to stare at. Counteract that with some isolation and maybe even closing your eyes while you speak."}, {"type": "sentence", "content": "My final bit of advice for the dictation itself is to speak clearly. The Word app's dictation feature was more accurate than I expected, and I quickly figured out which consonants I was slurring that caused the most mistakes."}, {"type": "subtitle", "content": "The editing and polishing process"}, {"type": "sentence", "content": "For those without vision difficulties, the editing and polishing processes would not be any different from what you normally do. For my purposes, I need to spend the least amount of time looking at a screen as possible. That's why I wanted the read-aloud function built into the Word app. It became my first editing step. Normally, I would have saved it for the polish stage."}, {"type": "sentence", "content": "I listened for clarity and smoothness as well as for repeated words, with the number one goal of making sure I answered potential reader questions."}, {"type": "sentence", "content": "After listening to the story several times and making appropriate edits, the final steps before publication involved checking punctuation and capitalization issues that cropped up purely because of dictation. For those, I switched to a larger screen."}, {"type": "subtitle", "content": "Takeaways"}, {"type": "sentence", "content": "I spent roughly two hours researching apps and tools. That's about normal for me on a story like this. The writing process itself took me 43 minutes via dictation. The editing process using read-aloud on my phone, then switching to a larger screen to prepare the story for publication took another twenty minutes."}, {"type": "sentence", "content": "So, the question remains, do I feel like this will improve productivity? In my present situation, it most definitely will. Whether I would recommend it to other writers on an ongoing basis remains to be seen. It definitely provides a new method for getting words on a page and sometimes that's a creative stimulus we need."}, {"type": "sentence", "content": "Keep up with Writer's Toolkit here and on Facebook."}], "topic": "productivity", "uuid": "a05cd64ddeee4195c4e8ee061db55f524788e319a546acec171f1b9c", "link": "https://writingcooperative.com/can-you-really-increase-writing-productivity-with-dictation-fc0929f21cc0"}