{"title": "A Prose For a Peaceful Mind", "data": [{"type": "image", "content": "https://miro.medium.com/max/10944/1*F8ntADrjP6MJsrAmnPkZfg.jpeg"}, {"type": "sentence", "content": "You stay on the 'harmony' street. What an apt name for a street where the houses are made with love and trust and not just wood and glass."}, {"type": "sentence", "content": "It's a beautiful moony night. You put on your nightcap, grab the keys and go out for a stroll. It is always safe on harmony street."}, {"type": "sentence", "content": "The moonlight is subtly flirting with the sidewalks. Illuminating them enough to find your way to the beach nearby."}, {"type": "sentence", "content": "You cross your arms across your chest and walk slowly with a smile. There is a blissful silence today which is broken at unruly breaks by street crickets."}, {"type": "sentence", "content": "But you don't mind them at all."}, {"type": "sentence", "content": "Within minutes, you turn to your left and reach the garden archway. The archway is a beautiful piece of rot iron decorated with fragrant flowers like the Lillies and orchids. You draw a deep breath in and walk through the archway and towards the beach."}, {"type": "sentence", "content": "On both, your sides, luscious beds of roses are eager to get your attention. Their struggle makes the air around you more fragrant than ever."}, {"type": "sentence", "content": "You reach the steps leading to the beach. But pause and take in the view in front of you. It doesn't look like a beach at all."}, {"type": "sentence", "content": "You join too. Stepping on the cold sandstone steps, you realized you're not wearing slippers. That brings you closer to nature and you love it."}, {"type": "sentence", "content": "You walk down the steps and place your bare feet on the sand. A giggle was about to escape but you silenced it. You are enjoying the tingly feeling beneath your skin."}, {"type": "sentence", "content": "You walk with honor on the welcoming sand that has spread itself like a red carpet."}, {"type": "sentence", "content": "You find a perfect spot that is a little away from the water but not too far. You are careful not to interrupt its performance."}, {"type": "sentence", "content": "You immerse yourself in the heavenly tunes created by the love-making of the moon and the waves. This experience is made more special by the caressing breezes. The windy breeze ensures to tuck away a strand of hair that was disturbing you. You spend hours under the stars being mesmerized by nature's concert."}, {"type": "sentence", "content": "You go back home with a heart filled with peace and contentment and slip into a deep slumber dreaming of the beach, waves, stars, and the moon."}, {"type": "sentence", "content": "Hope you have a good night \ud83c\udf03"}, {"type": "sentence", "content": ""}, {"type": "sentence", "content": ""}, {"type": "sentence", "content": "This prose was written on a moony night when sleep was playing hide & seek with me. I was trying to go to sleep by imagining a serene place that would calm my racing mind."}, {"type": "sentence", "content": "And when I did, it looked something like this. I don't know if I did justice to the description or not but I tried to recreate the scene I fantasized about in my mind. Of course, that didn't help me sleep but surely gave me a new story idea."}, {"type": "sentence", "content": "Thank you for reading. :)"}], "topic": "fiction", "uuid": "a50b057749f6d93726ed28634caf3ec1e03b93ee14bd95a76de53adc", "link": "https://medium.com/long-term-perspective/a-prose-for-your-peace-of-mind-aa003e4e9e0a"}