{"title": "How to Pull in Readers with an Opening Story", "data": [{"type": "image", "content": "https://miro.medium.com/max/1200/0*WHjFtS6J2bI8l5qu.png"}, {"type": "sentence", "content": "Newsletters, online articles, books - even full-length courses - explain how to write fiction that's got engaging character development, conflict, plot lines, and resolution. But what about content writers? We, too, are storytellers."}, {"type": "sentence", "content": "Sure, you can open a post or article or letter in plenty of other ways: with a shocking statistic. With a quote from a celebrity or expert. With a summary statement."}, {"type": "sentence", "content": "But stories are an especially enticing way to open articles, blog posts, web pages, appeal letters, sales letters, email campaigns - even grant applications. A story allows you to paint a picture of a flesh-and-blood human. You can use a story to introduce a character with a problem and follow that person's steps to the outcome. Plus, anecdotal stories can be as short as a one-sentence snippet or as long as several paragraphs."}, {"type": "sentence", "content": "Can you tell it's one of my favorite ways to hook a reader?"}, {"type": "sentence", "content": "Yet I've discovered a problem with using a story as a hook: my zeal. If I'm not careful, I overwrite. Soon, the story bleeds onto the second page of my manuscript and I'm too far off point to get back. Other content writers struggle with the same issue. There's no question that we content creators need guidance for writing short stories - especially stories that hook a reader."}, {"type": "sentence", "content": "You can rein in your inner taleteller while inspiring your readers at the same time. Use these tips for writing short stories that hook readers and keep them reading the rest of your content."}, {"type": "subtitle", "content": "1. Choose one vignette"}, {"type": "sentence", "content": "Your opening story is an example. Don't let it become your article's centerpiece."}, {"type": "sentence", "content": "Let's say you're writing an article that will explain how to leverage volunteer experience in job applications. You decide to open with a story about Martha, who volunteered at her local schools for a decade while she was raising her children. Now, she wants to re-enter the workforce."}, {"type": "sentence", "content": "You've got a lot of information about Martha. Go ahead and pour it onto the page. It's your first draft, after all. After you've described the dozens of picnics and fundraisers and field days that Martha organized - and the thousands of dollars she raised for the school - ask yourself, \"What is one vignette that best describes Martha's experience?\""}, {"type": "sentence", "content": "Review your notes. Choose one scene from Martha's story. Just one! Do that and you've got your opening story."}, {"type": "sentence", "content": "\"Once the last parent had dropped off oatmeal raisin cookies, Martha quickly re-arranged the bake sale table - just as she had dozens of times over the last decade. Then she swiftly calculated how much profit the private school could make from this bake sale. It was her last as a volunteer before she started her full-time job as a development officer in the advancement department.\""}, {"type": "sentence", "content": "Martha's story has done its job to hook your readers and raise their curiosity. And you didn't take a whole page or even two paragraphs to do it. You used just 3 sentences. You got to point right away. All the other Martha content that you accumulated in the process? Save it for another piece."}, {"type": "subtitle", "content": "2. Choose one pivot point"}, {"type": "sentence", "content": "Once you paint a quick picture with your story, it's time to transition to the rest of your piece. This is a danger zone. The temptation is to stay with Martha and describe her struggles to find job openings, her efforts to write and re-write her resume, and her panic before interviews. If you wade through Martha's entire journey, you'll fall into a common trap: you'll end up with a profile article rather than a content story."}, {"type": "sentence", "content": "Instead, leave Martha's mess behind. Write a transition sentence that moves from the specific (Martha) to the general (those who want to leverage volunteer experience into a paying job.)"}, {"type": "sentence", "content": "\"Martha is a good example of the thousands of Americans who have used their volunteer work as a launching pad into the workforce. You can be one of them.\""}, {"type": "sentence", "content": "Now you're set to move into the rest of your article."}, {"type": "subtitle", "content": "3. Choose a tie back"}, {"type": "sentence", "content": "You've completed your article and it's time to close. Don't miss out on the double-whammy that your opening story can provide. Tie back to your opening hook. This stylish technique frames your article, blog post, email, or chapter with a tidy twist and a cherry on top."}, {"type": "sentence", "content": "The trick here is to choose one bit or one detail about the story and reveal it at the end. Just one! Let's go back to Martha and use her own words to tie a bow on your article."}, {"type": "sentence", "content": "\"I'm doing the same kind of work that I loved doing as a ten-year volunteer,\" said Martha. \"And I'm making a good salary that will help me save for our kids' college funds. I've never felt more fulfilled.\""}, {"type": "sentence", "content": "Notice that you didn't disclose Martha's salary in your opening story. You saved that tidbit for this closing punch. Her story shows what's possible and gives your readers a motivating send-off."}, {"type": "subtitle", "content": "Pick and choose"}, {"type": "sentence", "content": "You've got a great little story and you're chomping at the bit to use it in your content. The story is rich with action and emotion. You've got multiple angles to offer your readers. Its message inspired you."}, {"type": "sentence", "content": "Before you start writing, strengthen your backbone and open your eyes to see possible storytelling traps. Then pick and choose from your story's luscious details. Use specifics that work best for your piece."}, {"type": "sentence", "content": "Do that and you won't head off on pages of rabbit trails. Instead, your story will inspire others as it has for you, too."}, {"type": "sentence", "content": "Kathy Widenhouse offers tips and tutorials for writers at www.nonprofitcopywriter.com."}, {"type": "image", "content": "https://miro.medium.com/max/980/0*NIQ0Nc1o2LY6kVMd.png"}, {"type": "sentence", "content": "You just read another exciting post from the Book Mechanic: the source for writers and creators who want to make more work that sells and sell more work they make."}, {"type": "sentence", "content": "If you'd like to read more stories just like this one tap here to visit"}], "topic": "freelancing", "uuid": "a62274b601b37ed1af7009784315697cebdd3a36ffa290ca3a59c9f3", "link": "https://medium.com/the-book-mechanic/how-to-pull-in-readers-with-an-opening-story-d5d970b493f0"}