{"title": "10 Ways To Defeat Business Failure And Flourish In Hard Times", "data": [{"type": "sentence", "content": "The mentality you have is a crucial component of overcoming business failure. It all starts with a desire to adapt and a flexible, optimistic mindset. \"To progress is to adapt; to be great is to change often,\" Winston Churchill emphasized this critical aspect. Company failures are a fact of life. Whether or not we succeed after a setback is determined by how we handle defeat."}, {"type": "sentence", "content": "Colonel David Sanders, the founder of KFC, is an example of a successful business owner who can teach us a lot (Kentucky Fried Chicken). With only $105 in his pocket, this financially shaky retiree crisscrossed America in search of an investor for his fried chicken company. He was turned down. He went on with his plans, though, armed with an optimistic outlook for improvement. Finally, someone recognized his value and decided to invest in him, and KFC was born. When he was 74, he sold the business for $2 million."}, {"type": "sentence", "content": "Follow these ten guidelines to keep the company on a solid footing and ready to withstand any storms that threaten to derail it."}, {"type": "subtitle", "content": "#1 - Adopt a Forward-Looking Mentality"}, {"type": "sentence", "content": "Start with a vision before you plan out your company. Make a mental note of the dream. Build your business plan using it as a guide."}, {"type": "sentence", "content": "And if your company is already up and running, you can still plan ahead. What are your objectives for your company? What do you want the business to be like in the next few months and years?"}, {"type": "sentence", "content": "Your vision may include the following to assist you in making your decision:"}, {"type": "sentence", "content": "This is not a definitive list. You can make your vision as big or as small as you want it to be. The most important thing is to make it feasible and attainable."}, {"type": "subtitle", "content": "#2 - Conduct Frequent SWOT Analyses of Your Business System"}, {"type": "sentence", "content": "A SWOT (strengths, limitations, opportunities, and threats) report examines the company's internal and external aspects."}, {"type": "sentence", "content": "This exercise will help you figure out which places are working and which aren't. Here's how each part of a good SWOT analysis is broken down:"}, {"type": "sentence", "content": "Make a list of your observable strengths and weaknesses before beginning your SWOT review. Consider where you want your company to go in the future. Take a look at where you are right now. Use the findings of your SWOT review to build a list of goals you want to achieve and a strategy for achieving them."}, {"type": "subtitle", "content": "#3 - Manage Cash Flow Efficiently"}, {"type": "sentence", "content": "Your company will inevitably dry up and die if you don't have a steady cash flow. If you don't have money coming in, you won't be able to pay the bills. To begin, create a cash flow forecast so you can see how much money is coming in and going out. Remember that this is just a prediction, but it will provide you with information about your financial future."}, {"type": "sentence", "content": "Sending out invoices on time, taking deposit payments in advance, paying bills on time, and quickly following up with customers who fall behind on payments are all important aspects of effectively handling the cash flow."}, {"type": "subtitle", "content": "#4 - Believe In Yourself and Prepare for the (Inevitable) Bad Times"}, {"type": "sentence", "content": "When confronted with unforeseen personal challenges that cause tension, the mind becomes jumbled. Your self-esteem could plummet, affecting how you regard yourself."}, {"type": "sentence", "content": "That's the advice of David Christensen, a legal lawyer who has helped people deal with debt problems."}, {"type": "sentence", "content": "Establish resilience to protect yourself. Recognize that life is not without its difficulties. Make an objective assessment of the situation. Instead of ignoring the issue, speak with a trusted friend or family member. Don't be too harsh on yourself, and keep trusting that you will conquer your challenges. Surround yourself with the right people to support you. Don't give up hope."}, {"type": "subtitle", "content": "#5- Perseverance, Determination, and a Positive Mindset Reign Supreme"}, {"type": "sentence", "content": "It's not easy to run a company. Anyone who tells you otherwise is lying. About half of all companies collapse within the first five years, according to the Small Business Administration. You will, however, make it in the business world. Accept the fighter mentality and refuse to become a statistic in the book of company failures."}, {"type": "subtitle", "content": "#6 - Keep Your Customers at the Heart of Your Business"}, {"type": "sentence", "content": "According to Gartner figures, 20% of a company's customers account for 80% of its sales. Your company's success stories revolve around loyal customers. Including them in the production of new products, marketing campaigns, and business strategies. Share their case studies, think about what they have to say, take in their suggestions (both positive and negative), and make them feel significant."}, {"type": "sentence", "content": "Starbucks, the world's largest coffee shop chain, understands the value of a positive customer experience. Potential employees are vetted for their positive attitudes, interest in the customer, and eagerness to fulfil their needs when they are hired. The business is not afraid to spend time and money to have the best possible customer service experience."}, {"type": "subtitle", "content": "#7 - Embrace Failures as Short-Term Setbacks"}, {"type": "sentence", "content": "Forbes called Bill Bartman one of the world's richest people in 1997, but he once lost $3 billion. He didn't, though, wallow in self-pity."}, {"type": "sentence", "content": "We've all been told that failure is awful. As a result, when we lose, we are tempted to give up and throw in the towel. Intelligent leaders, on the other hand, use failure as a stepping stone to get out of trouble. When faced with defeat, understanding their challenges will help you stay motivated."}, {"type": "sentence", "content": "Consider what went wrong and how to solve the problem that led to the loss. Learn from your mistakes and proceed with caution the next time. Take inspiration from others who have tried and struggled several times before achieving their goals."}, {"type": "subtitle", "content": "#8 - Set Smart Goals and Develop Achievable Strategies to Attain Them"}, {"type": "sentence", "content": "Make a list of your goals. This will help you see your targets more clearly and make it easier to work toward them. To stay oriented, use the SMART goal-setting method:"}, {"type": "subtitle", "content": "#9 - Invest in an Advisor or Mentor and Draw From Their Expertise"}, {"type": "sentence", "content": "Seek the advice of a company mentor or counsellor. To assist your company's development, tap into their wealth of knowledge and personal experiences."}, {"type": "sentence", "content": "It's difficult to operate a company on your own. When faced with a challenge, entrepreneurs need motivation, direction, and reassurance. Mentors have faced similar challenges and know how to assist you. They'll give you sound advice, constructive criticism and introduce you to the right people."}, {"type": "subtitle", "content": "#10 - Take Sensible Risks and Step Out of Your Comfort Zone"}, {"type": "sentence", "content": "Taking a conservative business risk does not imply gambling without regard for the consequences. Consider the choices carefully, weigh them, and put them to the test."}, {"type": "sentence", "content": "Let's say you want to experiment with a new marketing plan that costs 20% more than your current campaign. Try it out first for a smaller investment in a trial run. If it works, invest more capital in this new approach."}, {"type": "sentence", "content": "When your emotions are running high, don't take any chances. Be realistic, and talk to your coworkers, friends, or family about your plans. At the end of the day, you'll have to take calculated risks and expand your business's comfort zone. But first, make the most of your intelligence, insight, and experience."}, {"type": "subtitle", "content": "Final Thought"}, {"type": "sentence", "content": "It's not the end of the world if your company is struggling. You will face challenges along the way, but you will also discover ways to solve them. Someone, somewhere, has been through what you are going through. Learn from their experiences and apply what you've learned to your own business success."}, {"type": "sentence", "content": "This article is for informational purposes only not all information will be accurate. This should not be considered Financial or Legal Advice. Consult a financial professional before making any significant financial decisions."}], "topic": "startups", "uuid": "a672e122d0f6f8b80dcf57e761054cf3ea415bad34d6c93c9a382286", "link": "https://themakingofamillionaire.com/10-ways-to-defeat-business-failure-and-flourish-in-hard-times-7bff5075542f"}