{"title": "Mindful Journaling with Day One App: A Comprehensive Review", "data": [{"type": "sentence", "content": "Journaling is one of the core habits of successful, driven and productive people. It enables you to log your successes, your failures, your thoughts, your day in general. You can then use this log to draw powerful learnings from your experiences and grow stronger."}, {"type": "sentence", "content": "I always have physical journal I write in, which I take mostly everywhere I go with me. But for daily logging and to ensure a consistent practice, I journal digitally. Digital journaling has a lot of advantages: your content gets automatically organised by date, time, or even by location, themes... You can use templates, which help you structure your content in the same way every time. You can carry 10 years of journaling on a USB stick, while you would need boxes and boxes to carry 10 years of physical journals."}, {"type": "sentence", "content": "I've tried many different way of journaling digitally. A simple text document in Textedit for Mac, Standard Notes, Ticktick... I even still use an old netbook I have with a lightweight Linux version installed on it, and I type in Leadpad. But the one app that as helped me the most with my practice of digital journaling is Day One. I first learned about it in an article from "}, {"type": "sentence", "content": ""}, {"type": "sentence", "content": "This article will introduce you to Day One if you don't know about it yet. If, on the other hand, you're already familiar with it, then read on to make sure you learn about all the features of this awesome app."}, {"type": "subtitle", "content": "End to end encryption"}, {"type": "sentence", "content": "One of the main reasons I chose the Day One App to journal digitally over other alternatives is because it uses end-to-end encryption. This means that your data is securely encrypted from your laptop to the Day One servers, and back the other way when you retrieve data from the app."}, {"type": "sentence", "content": "The big downside though, is that the encryption key is paired with your Apple ID. You have to sync the app with your Apple ID in order to be able to back up anything to the cloud, there's no way around it. I'm personally not a fan of using Apple ID given their disregard for respecting their users' private data."}, {"type": "sentence", "content": "Therefore, I only store my journals locally, on my laptop. It doesn't mean they're not encrypted anymore, and you still need a password to access the app. It just means that it doesn't sync on the cloud, so I can't access my journal on my phone for instance. That's completely fine by me, given that I don't journal on my phone."}, {"type": "subtitle", "content": "Understanding the structure"}, {"type": "sentence", "content": "Day One is mainly sold as a journaling app, but a \"library for your journals app\" would be a more accurate description. It's not just one journal, it's many. In fact, you can have as many journals as you want in premium mode, exactly like your book shelf in your bedroom, or your personal library."}, {"type": "sentence", "content": "Inside those journals, you will have your entries. That's the stuff your write everyday, every week, month... Those show separately inside of Day One, in each journal:"}, {"type": "image", "content": "https://miro.medium.com/max/600/1*O5SQEJBvpapC4n1wkyJUCg.png"}, {"type": "sentence", "content": "Finally, inside those entries, you'll find your content. Your content will usually be made of text, but it can also be images, links, embedded documents, locations..."}, {"type": "image", "content": "https://miro.medium.com/max/3800/1*f8HSFxKh9K51qH9HFtvEbA.png"}, {"type": "sentence", "content": "Here is an image to summarise it all:"}, {"type": "sentence", "content": "The beauty of Day One is that it makes everything organised naturally. Whenever you open your digital journal to write in it, everything you type will be made searchable, by content type, by text, by date... That's one of the big advantages over physical journaling, where things can get messy really quickly, unless you're a fan of things like journaling art (extremely time consuming but fun):"}, {"type": "image", "content": "https://miro.medium.com/max/1800/1*xSlcimT0yH2HY3w2FIb9tA.jpeg"}, {"type": "subtitle", "content": "The views"}, {"type": "sentence", "content": "In order to navigate through this content structure we just talked about, you'll want to use the different views offered to you by Day One. You can find the view options in the top bar of the app (desktop):"}, {"type": "sentence", "content": "We'll go through these from left to right."}, {"type": "subtitle", "content": "1. Vertical timeline"}, {"type": "image", "content": "https://miro.medium.com/max/600/1*O5SQEJBvpapC4n1wkyJUCg.png"}, {"type": "sentence", "content": "Your entries are displayed in a chronological order, from most recent at the top to least recent at the bottom. It's like a basic list view."}, {"type": "subtitle", "content": "2. Media"}, {"type": "sentence", "content": "This shows only the medias you've uploaded to your journal. For most users, this will be pictures, photos. They're also displayed from most recent to least recent, and when you click on one, the content panel updates with the entry where the media can be found:"}, {"type": "image", "content": "https://miro.medium.com/max/1600/1*dyu40sM_eVhOCK76ToYDiA.gif"}, {"type": "subtitle", "content": "3. Location"}, {"type": "image", "content": "https://miro.medium.com/max/800/1*3yKjcNoKR2xC_KnyUSITbw.png"}, {"type": "sentence", "content": "We'll get to adding extra data to your journal entries in a while, but for now, just know that you can decide to add your physical location to everything you write in your journal. In this view, you'll be able to see all your journal entries on a map."}, {"type": "subtitle", "content": "4. Calendar"}, {"type": "image", "content": "https://miro.medium.com/max/800/1*KWd2reeHiKX4UQI77AzbjQ.png"}, {"type": "sentence", "content": "This view shows you your entries on a normal calendar view. I use this view the most because it gives me a good overview of how consistent I am with my journaling. A blue square means one entry or more for that day. An orange square means the day is currently selected in the calendar, and its entries will show in the right content panel. A red square highlights the current day."}, {"type": "subtitle", "content": "The editor"}, {"type": "sentence", "content": "The editor is the heart of Day One. It is found in the right panel, and it is where you write all your entries and decide how they look, what extra information you want to add to them."}, {"type": "subtitle", "content": "The 3 bottom menus"}, {"type": "image", "content": "https://miro.medium.com/max/488/1*2W5xv1krUhFhHt2hDy3Nlw.png"}, {"type": "sentence", "content": "We'll go through those from right to left"}, {"type": "sentence", "content": "1. Formating"}, {"type": "sentence", "content": "You get about as many formatting options in Day One as you would in any basic text editor."}, {"type": "image", "content": "https://miro.medium.com/max/500/1*xy5TtkQAPH6uwP1FC9Ousw.png"}, {"type": "sentence", "content": "Here is an example entry using a lot of different formatting options in Day One:"}, {"type": "sentence", "content": "You can also access some of the most commonly used editing options by highlighting a bit of text:"}, {"type": "image", "content": "https://miro.medium.com/max/700/1*zxJRKjRfnMeNVfw34sb3Bg.png"}, {"type": "sentence", "content": "One more thing: Day One comes with a nice checkbox formatting option, which you can actually check off. Handy for one-the-go checklists:"}, {"type": "image", "content": "https://miro.medium.com/max/2464/1*C3gf9_54SxqcOdbFWtRWvQ.png"}, {"type": "sentence", "content": "2. Attachments"}, {"type": "image", "content": "https://miro.medium.com/max/600/1*22cPDMRwrUuWfRZXoaNXmQ.png"}, {"type": "sentence", "content": "We touched upon this option when we mentioned the location view earlier on. With this menu, you can add all kind of attachments and metadata to your current entry. Metadata is an extra set of information that describes and gives information about other data. In this case, your data is your entry, and your metadata can be any of things like:"}, {"type": "image", "content": "https://miro.medium.com/max/660/1*4-wmt9NW-kDVU7n-2enB4Q.png"}, {"type": "sentence", "content": "You can also attach extra data to your entry, like PDF documents, or photos and videos:"}, {"type": "image", "content": "https://miro.medium.com/max/660/1*jfKI2K14j63ZM-_sGvX07A.png"}, {"type": "sentence", "content": "3. Tags"}, {"type": "sentence", "content": "You can also tag your entry, if you want to find it even more easily next time you look for it. I like to use tags for feelings and states of mind, and I can have them all lined up in the tag menu, right next to the attachment menu:"}, {"type": "image", "content": "https://miro.medium.com/max/900/1*WUys6s5ilwvpIGZdYEp1YQ.png"}, {"type": "subtitle", "content": "Templates"}, {"type": "sentence", "content": "Back to the attachment menu. The last option is there is Templates, and it's one of my favourite ones."}, {"type": "image", "content": "https://miro.medium.com/max/660/1*XI8ZyMZAlWlr4T7iyqYPuA.png"}, {"type": "sentence", "content": "I use this option to quickly load my Daily review and Weekly review templates. Instead of having to always type my prompts and questions, I can load them up in one click and start filling up the answers."}, {"type": "sentence", "content": "Creating a template is not the most intuitive thing to do in Day One, and the option could definitely be improved. You first have to write what you want your template to look like yourself, in the normal text editor. Then, copy that, and head over to the Day One menu > Preferences..."}, {"type": "image", "content": "https://miro.medium.com/max/1992/1*z6Wmp5xunjSC9m7QeCDh2A.png"}, {"type": "sentence", "content": "From there, click on Templates (first item from the right), create a new one, and paste your content there."}, {"type": "image", "content": "https://miro.medium.com/max/1992/1*9dpds9AVJTS4RNAzaCza-g.png"}, {"type": "sentence", "content": "You can give your template a name, enable it only on a specific journal, and tag it. Once you're done, hit save. From now on, your template will appear in the template menu at the bottom of the editor:"}, {"type": "image", "content": "https://miro.medium.com/max/800/1*i_K53z88A7FqqJqIv0YUVQ.png"}, {"type": "subtitle", "content": "Filters"}, {"type": "sentence", "content": "Filters are pretty easy to understand in Day One. Whatever filter you choose to enable in the Filter menu will be reflected in the different views we covered in the second chapter of this article."}, {"type": "sentence", "content": "Here is an example. If I choose to filter my content and only display the entries tagged \"dailyreview\", I'll do it like this:"}, {"type": "image", "content": "https://miro.medium.com/max/1600/1*_Sp4NRPlqQff2atWilG-sQ.gif"}, {"type": "sentence", "content": "When I switch over to any view mode, an extra top bar will appear to inform me that I'm filtering the content based on specific criteria:"}, {"type": "image", "content": "https://miro.medium.com/max/800/1*Vvp_Z_dZisiAVxJeZUz0Og.png"}, {"type": "sentence", "content": "Additionally, I can choose to apply my filtering options only to a specific journal, or to all entries:"}, {"type": "image", "content": "https://miro.medium.com/max/632/1*YHUU7tm4DpbSHnZTZdHZeg.png"}, {"type": "subtitle", "content": "Reminders"}, {"type": "sentence", "content": "Like any habit you're trying to build up, journaling is easy to forget. If you don't use any calendar or time management productivity app yet, the chances you won't be consistent with your journaling are pretty high. Thankfully, the team over at Day One thought about that possibility, and they came up with a nice little reminder option. You'll find it by heading over to the Day One menu > Preferences > Reminders (fourth option from the left):"}, {"type": "image", "content": "https://miro.medium.com/max/2000/1*YykZ7JmyJng-qgB6uTK9wQ.png"}, {"type": "sentence", "content": "From there, you can add a reminder by clicking on the \"+\" button. You can customise the message from the reminder, and most importantly the time and frequency of that reminder."}, {"type": "image", "content": "https://miro.medium.com/max/1916/1*Yg4LZZr1F4gp52LNdanbcQ.png"}, {"type": "sentence", "content": "The important thing to understand here is that the reminder you set will be clickable, and it will take you straight to a fresh, newly-created journal entry. With that in mind, Day One needs to know in what journal to store that entry, and based on what template. For me, that's the true power of reminders. I don't even have to create an entry, go to the bottom text editor menu and select my template. It's all automatic, and I can even have predefined tags for my reminder entry. Super powerful."}, {"type": "subtitle", "content": "The daily prompt"}, {"type": "sentence", "content": "When nothing is active or selected in Day One, you will see that screen in the right content panel:"}, {"type": "image", "content": "https://miro.medium.com/max/2786/1*82Id3ItHl-63H71ZLorsUg.png"}, {"type": "sentence", "content": "Along with your journaling stats, you will get a nice little journaling prompt, in case you're lacking inspiration. It's a great relevant option, and you'll be surprised sometimes at how the prompt actually relates to your day."}, {"type": "subtitle", "content": "Self explanatory options"}, {"type": "sentence", "content": "In the top right corner of the text editor window (content panel), you have those 2 options:"}, {"type": "sentence", "content": "The 3 dots enable you to edit, share or export your current entry. You can also open it in an external app. The compatibility and import process to all of these apps will vary."}, {"type": "image", "content": "https://miro.medium.com/max/800/1*Lsbhz2kUCrxuTZf_84OWzQ.png"}, {"type": "sentence", "content": "The squares icon next to those 3 dots detach the text editor from the rest of the app and move it to a new window, giving you the option to full screen, for full focus:"}, {"type": "image", "content": "https://miro.medium.com/max/1600/1*K5m-tunLwKJAh8AAbtLO-g.gif"}, {"type": "sentence", "content": "The magnifying glass near the view options in the top bar gives you the option to search across all of your content inside of Day One."}, {"type": "image", "content": "https://miro.medium.com/max/700/1*SpoH7-oNh68tLHkYjBH4Mw.png"}, {"type": "sentence", "content": "Finally, the first option from the left in the top bar is used to display or hide the side bar:"}, {"type": "image", "content": "https://miro.medium.com/max/1600/1*jl_9Gy7XUIqAZxBqhIPsvA.gif"}, {"type": "sentence", "content": "There you have it. I hope this article helped you get a better grasp of everything you can use Day One for. For me, the 2 best things about it are templates, and the fact that all my journal entire automatically get organised by date. Before that, my journaling was a mix of Textedit files lost on my hard drive, and random entries in my physical journal."}, {"type": "sentence", "content": "I highly encourage you to start journaling digitally. If you decide to try Day One for yourself, feel free to let me know what you think of it in the comments below!"}, {"type": "sentence", "content": "Want more tips and tricks on productivity? I interviewed 50 experts on the subject and made a 150+ page guide out of the project. This is road-tested advice from real people who get things done. Get it for free here."}], "topic": "productivity", "uuid": "a8fd42761431e832b89cd70bb0d30d5095604487b931ba3ec39905aa", "link": "https://medium.com/mind-cafe/mindful-journaling-with-day-one-app-a-comprehensive-review-480ff5dd1163"}