{"title": "Artificial Intelligence - A Boon Or Bane For Our Next-Generation?", "data": [{"type": "subtitle", "content": "Will the Development of Artificial Intelligence harm or benefit Humankind?"}, {"type": "sentence", "content": "This article critically analyzes the role of artificial intelligence when it comes to the education of children. It first speaks about the advantages of artificial intelligence. It then looked at various concerns concerning artificial intelligence and concluded by saying what we require is to balance when it comes to artificial intelligence."}, {"type": "subtitle", "content": "First up, let's try and understand what are some of the advantages when it comes to Artificial Intelligence."}, {"type": "sentence", "content": "Let's say, for example, Our Generation, the 90s or the 80s or the 70s; you had to get some information. What do you do? You go to the library; you actually go to the faculty member; you speak to your teachers and inquire about that information. But in the present situation, we have to sit right in front of the system, Google the information, go to YouTube, visualize that particular video, and assimilate that particular knowledge. So what we are witnessing is the fourth industrial revolution where Internet penetration has gone so deep that every person would learn at the touch of a mouse button. This is serving as educative advantages and knowledge purposes. Still, at the same time, it also means that the privacy of a particular person and about this article concerning children is also getting violated."}, {"type": "subtitle", "content": "Now, let's see what Artificial Intelligence majorly helps in for Children."}, {"type": "subtitle", "content": "What does this intelligent tutoring system mean?"}, {"type": "sentence", "content": "Let's say, for example, there is one of the students of about three or four years of age, a small kid. It is just starting pedagogy or the learning skillset. It is trying to understand what an alphabet is, how numbers have to be added. So when it comes to artificial intelligence and its tools, a new methodology can come up so that this particular student understands what an alphabet is, what a number is. So what we are actually inculcating is an intelligent tutoring system. So the tutoring system is for the children. So what we are coming up with is different tools and techniques so that the child understands what an alphabet is, what an animal is, and different kinds of concepts. So what we have as an advantage is that the student will be able to understand better. It would be able to create an imaginative skill. It would be able to enhance the Problem-Solving abilities. It will have different approaches to a particular problem, and it also brings in curiosity to that particular student or that particular child. So these intelligent tutoring systems will help in different approaches of solving a particular problem so that the child can develop cognitive development skills. Apart from this, we have different types of artificial intelligence toys in the market as well. These toys have their own personality invoice. They offer myriad types of services, and at the same time, they enhance literacy, provide social skills and language development."}, {"type": "sentence", "content": "While this particular artificial intelligence tool can make sure all these advantages and merits are met, there are concerns, as these artificial intelligence tools have a limited framework to govern them. Since the international laws are not governing them, since they're not governed by the local state or the central laws, it means these children are kept unwatched. As a result, they get used to fake news, conspiracy theories, hype, online bullying, hate speech, and the likes of these social media."}, {"type": "subtitle", "content": "What are we speaking about?"}, {"type": "sentence", "content": "We are speaking about the negative impact of artificial intelligence. When artificially powered algorithms are written, Students and children are addicted to these social media platforms. Eventually, they see that this particular video or this particular digital platform is the reality where they create their own perceptions, which is away from the reality existing in the real world. As a result, they become digitally addicted. They create a perception that is totally wrong or may not be real. Apart from this, some students go on an online platform. They chat with several people as well. During this particular chat window or the conversation, a few people might be posting anonymously as children, but they are not children. They have camouflaged themselves. They are in disguise as well. They fabricated their identities, and during this particular conversation, there can be identity theft as well. When there is identity theft, or this particular child is addicted to chatting, there might be information leaks, which can be disastrous for the children. So these are some of the issues when it comes to artificial intelligence, Internet penetration in children."}, {"type": "subtitle", "content": "So what does this article trying to convey?"}, {"type": "sentence", "content": "Yes, we cannot live in a world without digital penetration and Internet connectivity. So what we have to provide to the student is digital penetration. According to UNICEF and the International Telecommunication Union, as many as two-thirds of the world's children do not have access to the Internet at home. Because of this particular data, we can conclude that so many children will not get the advantages of Internet penetration and artificial intelligence."}, {"type": "subtitle", "content": "So what is the article looking at?"}, {"type": "sentence", "content": "The article is looking at expanding the horizons of Internet penetration. So the global community, the national government, will have to take the responsibility to ensure that every student and most numbers of students are provided this affordable Internet penetration and digital connectivity to get the advantages of this particular stream. At the same time, to make this a successful program, we have the UN Committee on the Rights of the Child, which adopted General Comment 25 to implement the Convention on Child Rights and fulfill all child rights in the digital environment."}, {"type": "sentence", "content": "So there have been some goals that have been set in the Sustainable Development Goals as well, and when it comes to the national level, we have the national policy for children, which can be expanded for the digital space. These are supposed to be taken so that there is an expanse of digital connectivity on one side. On the other side, we also have to ensure that there is a misuse of artificial intelligence, there are concerns of privacy. Some people are stealing away the children's data, which can harm a particular child a group of children. As a result, what we require is to create child-safe digital spaces."}, {"type": "subtitle", "content": "So what are we Supposed to do?"}, {"type": "subtitle", "content": "Conclusion"}, {"type": "sentence", "content": "So all these initiatives should be taken at the global and the national level. So in the future, what we require is the multilateral, multistakeholder approach where the government, the private sector, the bodies which are building it, and the parent all come together so that the advantages of artificial intelligence is ultimately surrendered to the children given to the children for the knowledge up-gradation. Still, at the same time, the misuse of artificial intelligence is ultimately brought to an end. So what we require is to galvanize the international community and ensure that there is only an ethical perspective, ethical use of artificial intelligence for the next coming generation."}], "topic": "artificial-intelligence", "uuid": "a9bc01f048b4efafd2b1dbf315874056b0cc1b60c340a83a76c5c8b5", "link": "https://blog.devgenius.io/artificial-intelligence-a-boon-or-bane-for-our-next-generation-60464c32afce"}