{"title": "Credit score and GDP: a master class in how using bad measurements gives you terrible results", "data": [{"type": "subtitle", "content": "Economics is a belief system, not a science, wielding the wrong tools for the job"}, {"type": "image", "content": "https://miro.medium.com/max/10068/1*-XNhJNB__ZZZBvFMldPkXg.jpeg"}, {"type": "sentence", "content": "One way to build something wildly awful is to use the wrong measuring tools. Even the most skilled carpenter in the world will be incapable of building something wonderful if you take away his ruler and replace it with a thermometer. It can be a crazily accurate thermometer, but it will still be measuring the wrong thing to get the job done."}, {"type": "sentence", "content": "So let's imagine that what you're measuring is the economy. If you revisited political discussions about the economy from the 1930s, you would find them refreshingly unfamiliar. You would hear questions like \"how well is the economy serving the needs of people living within it?\" Governments responded to the Great Depression by building, not by cutting. America instituted its first income tax, and with that money they built a mighty infrastructure of bridges, dams, roads, parks, schools, and libraries, and created an old age pension. Imagine how the right would react if public schools and libraries didn't exist and you proposed creating them with tax dollars today."}, {"type": "sentence", "content": "We need to measure the macro - the big picture - and the micro - the individual parts. The way we measure the macro economy is with GDP. If growth gets faster, we call it good news, and if it slows down, we call it bad. Who cares that we're using up the resources of the planet a lot faster than it can produce them, guaranteeing that we'll run out? Growth is modern economics' holy grail. The biggest pile of money in human history must grow ever larger. It is the dominant collective aspiration of our era."}, {"type": "sentence", "content": "But Gross Domestic Product simply adds together every time that money changes hands. It can't tell the difference between good news and bad news. Making vaccines, building homes, having babies, and transitioning to clean energy sources grows GDP. Increasing cancer rates, homes burning down, acrimonious divorces, and oil spills grow GDP, too. Your city building a beautiful new recreation centre two blocks from your house gets counted in the plus column, and if a train carrying toxic waste derails in your backyard, your misery goes in the plus column, too. When billionaires get even better at driving the former middle class into crushing poverty, GDP goes up. Our civilization cannot survive if we keep pretending that more effective parasitism is success. GDP was never actually intended to serve as a measure of whether the economy was doing well in the first place, and the reason is obvious: because growth in GDP isn't necessarily good news for you, and can easily happen at your expense. GDP ignores a ton of things that are genuinely valuable and important, like unpaid child care, volunteer work, community well being, and a clean environment. It's also blind to the value of our time, so if your wage gets cut in half and you suddenly have to work twice as many hours to bring home the same pay check, it makes zero difference to measurements of GDP."}, {"type": "image", "content": "https://miro.medium.com/max/4096/1*L8x2GC7HFmcGcqskHAzt4A.jpeg"}, {"type": "sentence", "content": "On the economic micro level, we look at people as individual economic units, which is an awfully limiting way to look at human beings. Although the idea is finally starting to slip out of vogue, economics has long told us that people always behave rationally in all of their financial decisions, maximizing the benefit to themselves with every transaction using a complex internal calculus. We call this vision of always-greedy humanity Homo Economicus, but that's not the way real people behave, nor would it be healthy even if it were possible or true."}, {"type": "sentence", "content": "When we measure people in the economy, we do so using credit scores, which are every bit as counterproductive a measure as GDP. Your credit score - a number assigned to you which you likely never get to see - determines whether or not you can get a credit card or a mortgage and shapes the interest rate you'll pay on a new house or car. It plays a role in whether a landlord will rent to you, and how big a deposit they will ask. In effect, it's a shorthand measure of whether or not you should be considered economically trustworthy. On the surface, it makes excellent sense to have some way to identify who is and isn't reliable in order to know the risks of entering into contracts with them. Dig a little deeper, and you can see how this measure, too, works against our best interests."}, {"type": "sentence", "content": "Generally, we can agree that avoiding debt is good business. If I can pay cash for my groceries instead of pulling out my credit card, I avoid the possibility of paying interest on that purchase. Someone with a high income who can pay outright for your used car is surely less of a risk than someone who can't scrape the cash together but promises to pay later, which is what all forms of credit amount to. But not in the world of credit scores. Your income and savings have no impact on your credit score whatsoever, and paying off your debts and cutting up your credit cards can actually hurt your credit score. Avoiding debt in a world where you need a credit score is rendering yourself invisible, and taken to mean that you can't be trustworthy."}, {"type": "sentence", "content": "The system is designed to encourage debt. That's part of why the average American dies with $62,000 of debt after a lifetime of hard work, despite working 137 more hours per year than workers in Japan, 260 more hours per year than the Brits, and 499 more hours per year than the French. Americans are the most overworked people on Earth, but they still can't get ahead."}, {"type": "image", "content": "https://miro.medium.com/max/12000/1*Q-fwF5DPf0s1GEkI_jdxMA.jpeg"}, {"type": "sentence", "content": "If as a civilization we want to encourage financial stability, why do we use a measure that specifically encourages people to take on debt for everything from convincing utility companies to hook up a gas line to our new home to helping set the price of an insurance policy? Simple: because the economic model as it stands now isn't about encouraging or creating financial stability. For generations, economics has quite deliberately been about encouraging and maximizing profitability, and pushing people into a state of crisis is highly profitable, just not to them. For predatory lenders and billionaires, who have an undue level of influence on the people who set economic policies, the simple truth is that there is more profit to be made from sick people than from healthy ones, from broken families than from happy ones, and from people backed into a corner by debt serfdom than from economically stable ones."}, {"type": "sentence", "content": "So using bad tools for measuring the economy isn't strictly about creating terrible results for everyone, it's about creating terrible results for you and I in whatever way is most convenient for the vampires on top of the heap. If it prevents effective discussion about things not having to be like this, or better yet, seems to make a more equitable economic approach virtually unthinkable, it is actually serving a very deliberate purpose: keeping your throat exposed."}], "topic": "economy", "uuid": "aa9d4c5de5ff9eabb9012cc24682cd110383ccff52a81d9b038bdb33", "link": "https://sustainablesong.medium.com/credit-score-and-gdp-a-master-class-in-how-using-bad-measurements-gives-you-terrible-results-452d5e8d4ce6"}