{"title": "6 Actionable Methods to Make Your Way Through Self-Criticism", "data": [{"type": "sentence", "content": "The constant harsh self-criticism is crippling. The fear of not performing up to the mark traps us. Instead of moving ahead, we freeze."}, {"type": "sentence", "content": "It paralyzed me too."}, {"type": "sentence", "content": "I had endless drafts I kept on editing. Sometimes I jumped from one topic to another. I had countless stories to share."}, {"type": "sentence", "content": "But my inner critic slithers its head upwards and bit me endlessly. It took me five months to post my first long article. I took matters head-on to set my inner critic straight."}, {"type": "sentence", "content": "I found out instead of encouraging me to write more, I fanned my fears. Crazy! Isn't it?"}, {"type": "sentence", "content": "Self-criticism affects us all. We all judge ourselves, our actions, or words. The silent voice of judgment discourages us. It reasons you are not enough. This inner critic is one of the hush-hush enemies that hinder your growth."}, {"type": "sentence", "content": "The vital instinct of the primitive brain is survival. It looks out for dangers. The inner critic's primary function is to protect the body from outside threats and inner psychological balance."}, {"type": "sentence", "content": "But this self-criticism can be catastrophic. Even in a relaxed environment, the mind does not cease to over-analyze the seemingly innocuous things."}, {"type": "sentence", "content": "'You can't follow your passion. You don't have it inside to make it big. You are not good at studies or profession. You lack genuine friends. You look fat and ugly. You are a loser.'"}, {"type": "sentence", "content": "This constant chatter of self-depreciation impairs physical and emotional well-being, affecting relations as well. It leads to procrastination, low self-confidence, anxiety, fear, frustration and creates roadblocks to uncover your full potential."}, {"type": "sentence", "content": "With some diligence, it is possible to overcome destructive self-criticism."}, {"type": "subtitle", "content": "#1. Be Aware of Your Inner Critic"}, {"type": "sentence", "content": "The first step to overcome inner criticism is to be aware of it."}, {"type": "sentence", "content": "The fear of publishing my drafts hid in plain sight. I conveniently ignored my long list of drafts until I became true to myself. That was the turning point for me. Even in the face of fear, I know what I had to work on."}, {"type": "sentence", "content": "Without knowing the problem, you can never solve it. Scientists have inferred that the human brain thinks about a whooping 6000 thoughts per day."}, {"type": "sentence", "content": "The thinking process is automatic. Most of the time, you are unaware of these thoughts. No one can know the series of thoughts racing."}, {"type": "subtitle", "content": "How to be aware of your inner critic:"}, {"type": "sentence", "content": "Psychology reveals that a regular thinking pattern generates a specific emotional wave. Be aware of the emotional burst. It can come as anxiety, fear, guilt, shame."}, {"type": "sentence", "content": "Identifying your genuine feelings helps you cope efficiently. Next time when an intense wave of emotions plague you:"}, {"type": "sentence", "content": "You can refer to the previous journal entries to understand your emotions in a better way. You can also figure out the frequency and sensitivity with which the inner critic gets triggered."}, {"type": "sentence", "content": "Awareness of thoughts can help you respond better while dealing with the primitive thought process in your flight and fight mode."}, {"type": "subtitle", "content": "#2. Be Compassionate - Treat Yourself Like a Child"}, {"type": "sentence", "content": "Whenever I feel sad about something, I literally embrace myself. I feel safe in my arms. I don't have to explain anything. I allow the love to flow from me to me."}, {"type": "sentence", "content": "Just as you are compassionate for someone you care about, be kind and patient with yourself too. Lovingly accept your flaws and gently guide the self."}, {"type": "sentence", "content": "After years of research, Kristin Neff, a world-renowned expert on self-compassion, has deduced:"}, {"type": "sentence", "content": "Allow yourself to fall. You can rise and try again. Be considerate and kind when you beat yourself up for minor reasons."}, {"type": "subtitle", "content": "How to be self-compassionate:"}, {"type": "subtitle", "content": "#3. Create a Gap Between the Critic and You"}, {"type": "sentence", "content": "Psychologists have inferred that distance self-talk reduces emotional reactivity. The gap helps to dissociate from the feeling of victimhood and understand the situation in a better way."}, {"type": "sentence", "content": "When I am aware of my inner war, I silently retreat and observe negative talk bombardment. I watch my internal conflict. Instead of saying, \"I can't write properly. I can't go out of my comfort zone. I am such a loser.\""}, {"type": "sentence", "content": "I suggest, \"Look, 'Masala' is bashing herself for not being a perfect writer. She thinks she is not good enough.\""}, {"type": "sentence", "content": "When I feel overwhelmed by inner critic bashing, I step inside the role of a caring mother. I respond, \"Sometimes it is important to grow outside the comfort zone. It is helpful. You never know what lies outside your circle. It might even surprise you. Let us take baby steps and do one thing at a time. Then we will see how it goes.\""}, {"type": "sentence", "content": "Instead of an actor, I first become a spectator and (if required) then a mother to myself."}, {"type": "sentence", "content": "The mind can create an overwhelming wildfire of thoughts. Experiencing the gap can dawn a remarkable clarity. There is a great significance given to this gap in spirituality as well. In a profound sense, it paves the way for spiritual awakening."}, {"type": "subtitle", "content": "How to create a gap between yourself and your inner critic:"}, {"type": "sentence", "content": "By creating a gap, you realize you are not the thought process. You have the independence to choose and respond rather than be a slave of simmering Masala."}, {"type": "subtitle", "content": "#4. Replace the Critical Language with an Accurate and Practical Relevance"}, {"type": "sentence", "content": "When emotions overwhelm, you easily flow with them, too."}, {"type": "sentence", "content": "Scientific studies have proved that over-analyses lead to mental blockages. It also affects mental health."}, {"type": "sentence", "content": "Many times, 'Masala' bogged me down with its constant background negative chatter. The drag was too much to bear. Because of the pressure, I procrastinated. The fear of writing shitty posts acted like a bear trap. I could not wiggle out of it."}, {"type": "sentence", "content": "The fear sounded alien when I sat down to write with the willingness to learn the writing process. A head-on collision with the fear made me free from my thought process. To sit with it and the zeal to cut through my crippling fear helped me."}, {"type": "sentence", "content": "Self-critic swamps you with a heavy density of emotions, drowning the peace. There is an enormous difference between entertaining a specific belief and the fact. When you segregate yourselves from the situation, you see the bigger picture."}, {"type": "sentence", "content": "You understand yourself and empathize with others when you don't become attached to your own stories."}, {"type": "subtitle", "content": "How to replace critical language:"}, {"type": "sentence", "content": "If your situation involves others, intently listen to them. Listen to understand, not to answer back. Open your heart while listening."}, {"type": "sentence", "content": "You will notice everyone struggles with their problems and their unique 'Masalas.' When you understand others, your actions stem from kindness and compassion."}, {"type": "subtitle", "content": "#5. Release the Repetitive Negative Talk"}, {"type": "sentence", "content": "Often we drown in our heartaches. For a new start, we brush it off under the carpet. But the suppression does not help. The density of negativity trails us for long."}, {"type": "sentence", "content": "Scientific research points out that suppressing negative emotions in daily life is likely to yield a more negative emotional experience that lingers afterward."}, {"type": "sentence", "content": "Don't run from this negativity. Instead, acknowledge it."}, {"type": "sentence", "content": "It took me five months to be aware and overcome my fear of publishing. Rejections from major publications added fuel to my self-critic. I was desperate to write. I had many stories."}, {"type": "sentence", "content": "But the constant inner nagger impaled me. Once I accepted its rough talks in all its crudeness, I became relaxed to move forward."}, {"type": "sentence", "content": "Your 'Masala' creates immense density by repeating negative talks thousands of times. Recognize the negative emotions brimming inside."}, {"type": "subtitle", "content": "How to release inner negativity:"}, {"type": "subtitle", "content": "Another technique:"}, {"type": "sentence", "content": "If done regularly, these techniques provide an outlet. Free yourself from the negativity that you unknowingly suppress."}, {"type": "subtitle", "content": "#6. Practice Mindfulness"}, {"type": "sentence", "content": "Mindfulness is not something esoteric. It is a way of living. Mindfulness anchor you in the present moment. When you are in the past or the future, self-critic echoes - judging/blaming self or anxious for future events."}, {"type": "sentence", "content": "I am practicing mindfulness for years. It has helped me to be aware of my reactions and decisions. By being present here and now, fears don't bite me as often as they used to."}, {"type": "sentence", "content": "Being mindful of your acts leads to living in the present. Life is unfolding in this 'Now.' But the mind fantasies about the future or sad about the past. By centering yourself, you effortlessly navigate through life situations."}, {"type": "subtitle", "content": "How to practice mindfulness:"}, {"type": "sentence", "content": "Start from 10 minutes of mindfulness practice. Gradually expand it to include in everyday activity."}, {"type": "sentence", "content": "By including your five senses, mindfulness becomes easy to practice."}, {"type": "sentence", "content": "This activity slows you down. Society has trained you to speed your way in life. The real magic lies in slowing down. Bask in life's every color. Slowing down means slowing your critic as well."}, {"type": "subtitle", "content": "Takeaways"}, {"type": "sentence", "content": "Remember, you are listening to yourself, 24x7. Make that blabbering into something more constructive."}, {"type": "sentence", "content": "Create a distance between you and your inner leg-puller. Look at things and situations objectively. Release the weight of negative emotions. Be mindful and compassionate."}, {"type": "sentence", "content": "Take baby steps, pragmatically. Do not hide your unique light. Accept your imperfections and plan accordingly to move towards greater heights."}, {"type": "sentence", "content": "It is never too late to be your best version. Celebrate yourself!"}], "topic": "productivity", "uuid": "ad0b892c1185a5df50c41132d1671c032ceb296352f3e84ff5c726af", "link": "https://medium.com/the-ascent/6-actionable-methods-to-make-your-way-through-self-criticism-aa88814e2f4d"}