{"title": "How to Write Without Discipline", "data": [{"type": "image", "content": "https://miro.medium.com/max/4800/1*vpjNi14na_Fhuem9EBslCQ.jpeg"}, {"type": "sentence", "content": "There is a widespread myth that writing requires willpower, inner strength, and grit. Writing must be hard. If you were only disciplined enough, you'd get your writing done no matter what."}, {"type": "sentence", "content": "That's actually not true. In fact, relying on willpower can backfire. Organisational psychologist Benjamin Hardy explains in his book Willpower Doesn't Work that willpower is like a muscle that requires constant flexing: \"It's a finite resource that depletes with use. As a result, by the end of your strenuous days, your willpower muscles are exhausted.\""}, {"type": "sentence", "content": "Imagine yourself in this situation - and if you're a writer, I bet you've been there just like I have:"}, {"type": "subtitle", "content": "Situation 1"}, {"type": "sentence", "content": "You get up in the morning, read your emails, check social media - and now it's time to get writing. But you can't bring yourself to open your writing project. You get annoyed with yourself. You go back to checking social media. You wish you had more discipline. The same thing happens the next day. And the next. Daily writing becomes an unreachable ideal that only the 'toughest' writers can reach - and you get the nagging feeling that you aren't one of them."}, {"type": "subtitle", "content": "Situation 2"}, {"type": "sentence", "content": "You want to finish multiple writing projects, and your plate is overflowing. You feel that with the right willpower you'd manage them all. But you're unsure where to start; you're struggling to decide on the best time to write; you wonder why you can't focus. You feel that you could be a more productive writer- if only you had the inner strength."}, {"type": "sentence", "content": "The problem is, the more you beat yourself up and let the negative self-talk take over, the harder it is to bring up the motivation to write. That's why the myth of willpower can actively work against you and push you into procrastination or even writers' block."}, {"type": "sentence", "content": "Here's what you need to know."}, {"type": "sentence", "content": "There's nothing wrong with you if you lose momentum after a few hours of writing in the flow, or if you have troubles getting started. It's simply how the willpower muscle works. You may have depleted it earlier in the day, or in the last few days."}, {"type": "sentence", "content": "That's why recent books about habit formation have questioned the focus on willpower and discipline. Says psychologist Benjamin Hardy in Willpower Doesn't Work: \"Want to change? Then change your environment. Stop the willpower madness already.\""}, {"type": "sentence", "content": "What you really need is a writing environment that removes the need for willpower."}, {"type": "sentence", "content": "You need a system where your writing location, tasks, and times are pre-decided. When you pre-decide your writing behaviour, you make it easy for yourself to write. Instead of facing countless decisions about how to start, or bringing up the discipline to ignore constant distractions, everything is already decided and set up. You just follow your own plan."}, {"type": "subtitle", "content": "How to design your writing environment"}, {"type": "sentence", "content": "There are many ways to design your writing environment - all you need is a bit of curiosity and the willingness to play. It may take an hour, a day, a few weeks, but it will pay off. Remember, when you pre-plan your writing behaviour and habits, you invest time upfront in yourself, and you remove the need for willpower in the long run."}, {"type": "sentence", "content": "In his book Deep Work, Cal Newport recommends the following strategy to get into the deep work zone easily and regularly:"}, {"type": "sentence", "content": "Below are seven steps that show how this can work for writers."}, {"type": "subtitle", "content": "1. Separate goal setting and writing time"}, {"type": "sentence", "content": "By separating the writing from the goal setting, you allow yourself to be in either 'planning mode' or 'writing flow.' Planning requires less energy and should ideally not take away from your precious writing time. Also, it's easier to start writing when your goals are written on a piece of paper on your desk already. In fact, bestselling author and coach Steven Kotler writes in The Art of Impossible that setting goals when you're already in the writing flow can backfire because the chemicals in your brain are 'on a high' and you will find anything and everything exciting, no matter if it fits your bigger goal."}, {"type": "sentence", "content": "Mark a specific day and time in your calendar when you will set your goals for the year, the month, the week, and the day ahead. Here are three strategies that I follow:"}, {"type": "sentence", "content": "It's OK if your goals are initially too big. You can always course-correct and improve your goal-setting practice over time. The important part is that you develop goal-setting as an activity that you value equally as writing itself."}, {"type": "subtitle", "content": "2. Plan your writing time and location"}, {"type": "sentence", "content": "Research shows that when you write down the exact time and location for your habit, you are more likely to follow through. Otherwise, you leave it to yourself to have the discipline at any point of the day to ignore distractions and start (and starting is often the hardest part for writers)."}, {"type": "sentence", "content": "No matter if you have a full day, weekend, or only a morning to write, it is always helpful to think about 'writing slots' or 'sprints' when you schedule your writing. Put specific chunks in your calendar (e.g. 90 minutes) with a clear end in sight, and leave time for breaks to recover in between. Prof. Rowena Murray has found that, even if you have a whole day of writing, it important to break it up. \"By carving your thinking and writing into small 'snacks', your brain will be working on your writing project while you are not writing,\" Murray writes in her book Writing for Academic Journals."}, {"type": "sentence", "content": "I usually schedule my writing times on Sundays for the whole week ahead. First, I check my google calendar for free time (no day job, no childcare, no appointments), then I print out my weekly planner sheet and color in all my writing times in orange, and stick it above my desk."}, {"type": "sentence", "content": "Find what works for you. When you get up in the morning, all you have to do is check your writing schedule (and the goals you've set beforehand), and you're ready to go."}, {"type": "subtitle", "content": "3. Design an energy-proof schedule"}, {"type": "sentence", "content": "If you want to write without willpower, you need to know your energy patterns. Scheduling your writing during high-energy times will help you get into the flow easily. Writing becomes effortless. In contrast, when you are exhausted, you need maximum willpower to write, and you might exhaust that muscle quickly and get frustrated."}, {"type": "sentence", "content": "There's a simple way to keep track of your high-energy patterns. Try this exercise for about three days:"}, {"type": "sentence", "content": "I use highlighters to mark these energy and productivity levels: green (most energetic and no distractions); yellow (moderate focus and energy); red (exhausted and low concentration). As an alternative, you can also mark your energy patterns with A (most energetic), B (moderately focused), and C (low-energy times), as Prof. Joli Jensen recommends in Write No Matter What."}, {"type": "sentence", "content": "Whichever way you mark your energy patterns, the idea is to move future writing into green or A slots and to protect these as sacred slots as much as possible. Also, try to start going to distraction-free locations that help you concentrate at these times."}, {"type": "sentence", "content": "And here's a long-term tip: Re-track your energy patterns every few months. Life changes, circumstances shift. Keep tracking yourself regularly to notice what works best for you, and then adapt your writing system to it. Writing during high-energy times and in distraction-free locations will ultimately remove the need to bring up daily willpower."}, {"type": "subtitle", "content": "4. Remove distractions and obstacles beforehand"}, {"type": "sentence", "content": "Your ultimate goal is to remove distractions and obstacles before you start writing so that you don't have to bring up the willpower to resist them constantly. Your brain spends active energy on 'ignoring' your surroundings and distractions. Use this energy to write instead."}, {"type": "sentence", "content": "Make a list of what distracts you from your writing. This is highly individual, but here are some distractions I have identified for myself:"}, {"type": "sentence", "content": "Having realised this, I now turn my phone on 'airplane mode' during writing sprints, block mornings off for writing, instruct my kids to knock once and go away if I don't answer (the last one doesn't always work...). Whatever your distraction list looks like, start with one and remove it before you start writing. Then build it up over time by adding more, so you don't need the willpower to battle them constantly."}, {"type": "subtitle", "content": "5. Plan how you will celebrate your writing wins"}, {"type": "sentence", "content": "You can boost your motivation by celebrating your writing wins. Productivity coach Dan Sullivan calls it measuring the gain, not the gap."}, {"type": "sentence", "content": "Dedicate time at the end of your writing day to write a list of at least three things you've achieved - and then reward yourself. Here are examples of small and big wins:"}, {"type": "sentence", "content": "Anything where you have gained progress or learning counts as a 'win.'"}, {"type": "sentence", "content": "The hardest bit - for me - is to actually reward myself. I have to actively plan ahead of what this will look like, otherwise, I'll skip it. On my reward list are usually snacks, a walk, a hot bath, a new notebook, watching a movie, buying myself a ticket to a writers' event. You can see more examples in my writing tracker online where there is a specific column to enter how you will reward yourself."}, {"type": "sentence", "content": "BJ Fogg writes in his book Tiny Habits that the best way to make lasting change and acquire productive habits is to focus on the positive emotions from having achieved something. Celebrating your writing wins does exactly that. You're more likely to stay motivated without needing to rely on willpower."}, {"type": "subtitle", "content": "6. Design moments to 'recover and reset'"}, {"type": "sentence", "content": "Build the feeling of a fresh start into your writing day as often as you can. Each new writing sprint can be a clean slate. Each morning is a new chance to tackle a difficult scene in your novel. Each lunch is a chance to stop and reflect on your goals. Every time you change location from the kitchen table to a cafe gives you a reset to boost your energy levels and hone creative ideas."}, {"type": "sentence", "content": "Make a list of five ways you can easily re-set, such as:"}, {"type": "sentence", "content": "Make your own list and build deliberate moments of reset into your schedule. This way, you are less likely to run out of steam or think 'I had a bad start, now the whole day is lost.' The simple act of novelty, making a small change, will give you a little boost and help you to start fresh instead of getting frustrated about losing your discipline to write."}, {"type": "sentence", "content": "And here's why a reset works especially well in combination with a short (30-90 minutes) recovery break - which is why I call it 'recover and reset.'"}, {"type": "sentence", "content": "Working without breaks means that you have to bring up the immense discipline to keep going when your body is already exhausted. Says Cal Newport in Deep Work, \"Regularly resting your brain improves the quality of your deep work.\" Writing expert Joanna Penn confirms in her book Productivity for Authors that \"Rest and relaxation are part of creativity. You're not being lazy, you're filling the creative well.\""}, {"type": "sentence", "content": "What is an ideal recovery for writers? Steven Kotler says in The Art of Impossible that low-grade physical activity works best, and I've found this to be true. Good examples for recovery breaks are:"}, {"type": "sentence", "content": "Netflix bingeing, internet browsing, social media or hard-core exercise regimes do not work as well for recovery."}, {"type": "sentence", "content": "To build this into your writing system, look at your list of reset ideas and recovery activities and combine them into 'recover and reset breaks.' Add these as slots to your weekly schedule just as you plan your goal-setting and writing sprints."}, {"type": "subtitle", "content": "7. Build in external accountability"}, {"type": "sentence", "content": "If you want to create a daily writing routine, build in accountability from other people on a regular basis. You are essentially pooling willpower as a group to keep each other in check. You can join a writers' group or find an accountability buddy. Some groups meet once a week and discuss their progress. Others write live together on zoom. You might even start your own group (some tips are here)."}, {"type": "sentence", "content": "Writers' groups are also a great way to share your routines with others. Tell others which parts of your writing system work, and which don't. Your community will support and motivate you to find your best writing environment. No need for willpower or battling through this on your own."}, {"type": "sentence", "content": "I recommend the following strategies to make the most of writers' groups:"}, {"type": "sentence", "content": "Here are a few places to join free online communities for writers, all of which have live writing sessions on Zoom:"}, {"type": "sentence", "content": "Mostly academic writers:"}, {"type": "sentence", "content": "Business writers:"}, {"type": "subtitle", "content": "Bonus tip: Adjust when necessary"}, {"type": "sentence", "content": "Remain flexible with your writing system. The moment you start stressing about sticking to it meticulously, you are wasting energy. Life changes, and you can trust yourself to adjust your writing environment accordingly. The trick is not to create a rigid system but to have clarity on your goals and schedule and re-design the path when necessary."}, {"type": "sentence", "content": "The most important point I'd like you to take away is that writing doesn't have to rely on willpower and discipline. Instead, work on your individual routines and rituals that get you into the flow."}, {"type": "sentence", "content": "I'll leave you with a quote from academic writing guru Prof. Rowena Murray:"}, {"type": "subtitle", "content": "Download my checklist \"Writers' Goal Setting in 10 Steps\" here \u2192"}], "topic": "productivity", "uuid": "ad4423790a116fad718b9a4227f970b3f410e7f14ed6aaa7cde852ce", "link": "https://writingcooperative.com/how-to-write-without-discipline-2d3e9fe0868f"}