{"title": "Apple Wants You to Learn How to Start Podcasting In 2021", "data": [{"type": "image", "content": "https://miro.medium.com/max/9726/0*yeZIvzn25GsjIhUR"}, {"type": "sentence", "content": "When I watched Apple's Spring Loaded event, waiting for the details of its new iMac lineup, it caught my attention when Tim Cook announced Apple Podcasts Subscriptions."}, {"type": "sentence", "content": "The next chapter of podcasting happens now that Apple wants to regain lost territory from Spotify. The next battleground for consumer attention is what will be in between our ears, audio."}, {"type": "sentence", "content": "To creators, it is another way to reach audiences, and it is the best time to learn how to start podcasting."}, {"type": "subtitle", "content": "How to start your own podcast Tutorial"}, {"type": "subtitle", "content": "What Is a Podcast?"}, {"type": "sentence", "content": "In simple terms, a podcast is like a radio show you listen to through an app on your mobile phone. The most popular apps are Spotify and iTunes."}, {"type": "subtitle", "content": "Step 1: Plan your podcast."}, {"type": "sentence", "content": "The first thing you need to do is plan your podcast. Think about what your podcast will be about, who your guests will be, and the topics you'll cover."}, {"type": "sentence", "content": "First, it helps plan out how much time you dedicate to recording, editing, and preparing your podcast."}, {"type": "sentence", "content": "Consider calling up your contacts and asking them to co-host your podcast. Once you have a solid idea of the things you'll be covering, you can begin looking for potential guests."}, {"type": "sentence", "content": "Talk to podcasters who have already launched their podcasts. Reach out to podcasters who are building their podcasts. Email podcasters directly using the contact form on their websites. In some cases, you can find podcasters over a private Discord channel."}, {"type": "sentence", "content": "A podcast's content is designed to go wide and cover a wide range of topics. In the same way, bloggers and video content producers plan their content. The same goes for podcasting."}, {"type": "sentence", "content": "If you are a blogger, follow the same rule about content as you start your podcast. It is the most important thing when it comes to blogging. It's not just about creating a blog. It's about creating a blog that people want to read and engage with. It's about creating helpful and informative blog posts that are interesting and funny, and engaging."}, {"type": "sentence", "content": "When creating your podcast, you should familiarize yourself with the following key elements; If you've ever recorded a podcast before, then you're familiar with the standard tools and software your producers use."}, {"type": "sentence", "content": "It's essential to think about what operating systems, podcast hosting apps, and recording software your guests use."}, {"type": "sentence", "content": "When planning your podcast, you should sketch out concepts like themes, character sketches, and production style guides."}, {"type": "sentence", "content": "You'll need to plan out each week's episodes and determine the best recording locations and strategies for attracting guests. Ultimately, when you nail down your production schedule and start creating your podcast, you'll have everything you need to turn it into a podcast."}, {"type": "subtitle", "content": "Step 2: Create a podcast title and description."}, {"type": "sentence", "content": "\"Your podcast's title is the first thing people will see when they're searching for podcasts. It's the biggest marketing opportunity you have for your show. Make sure it's short, descriptive, and easy to remember.\" - Podcasters' Studio."}, {"type": "sentence", "content": "My first advice? Treat your title like an email subject line. For me, podcast titles are almost always the first thing people see when they search for podcasts."}, {"type": "sentence", "content": "Most first lines of titles are both bland and impossible to read. That's my one big piece of advice for all podcasters: keep your title brief, to the point, and easy to remember."}, {"type": "sentence", "content": "Challenge yourself to spend ten minutes preparing your title and not more than twenty minutes posting or promoting your podcast. Even if you have created an outline for your podcast, re-read the outline before writing your actual title. Then, rewrite your title according to those changes."}, {"type": "sentence", "content": "A lot of podcast hosts will tell you that their podcast titles are far too long. I agree with those same hosts."}, {"type": "sentence", "content": "Long podcast titles are like building up to an interview with a figure skater - once that intention has been planted, the audience is finally more than willing to hear your pitch."}, {"type": "sentence", "content": "According to Google intent-based ads, the vast majority of podcast searches are made through the podcast host's interface, not the search engine ads."}, {"type": "sentence", "content": "Many podcast hosts will tell you to keep it as brief and descriptive as they do in their podcasts."}, {"type": "subtitle", "content": "Step 3: Record your first podcast episode."}, {"type": "sentence", "content": "So, you've found the perfect niche and have a few blog posts under your belt, but you've never recorded a podcast before."}, {"type": "sentence", "content": "Luckily, we're going to walk you through the easy process of recording your first podcast episode."}, {"type": "sentence", "content": "Podcast hosting is relatively straightforward. The hardest thing about podcast hosting is choosing your podcast topic. With millions of podcasts out there, finding the right one can be overwhelming."}, {"type": "sentence", "content": "I'm going to outline the basic steps necessary to find your podcast topic so you can get started quickly and efficiently."}, {"type": "sentence", "content": "I've heard people say that choosing a podcast topic is like choosing a language. Generally speaking, there's a single common way people approach it: topic by topic."}, {"type": "sentence", "content": "You write down each topic you want to cover, rank them in a list, and then organize them into buckets of 4 or 5."}, {"type": "sentence", "content": "I still remember being in University. My professor asked me the infamous question, \"Which one of these topics are you the most excited to talk about?\" While my answer was undoubtedly top of the list, I found my professor more interested in the students' rank order of preference."}, {"type": "sentence", "content": "Simply put, you want to pick one common topic subject you're interested in and organize it into a perspective or topic bucket."}, {"type": "subtitle", "content": "Step 4: Edit your podcast episode to perfect it."}, {"type": "sentence", "content": "Once your podcast episode is recorded, you'll want to edit it. The editing stage is one of the most crucial parts of the podcasting process because it's where you'll put the final polish on your show."}, {"type": "sentence", "content": "Editing is also where you'll ensure that your audio is as attractive as it can be. After you've recorded your episode, make sure to read through the entire post-production process."}, {"type": "sentence", "content": "These are some of the main steps you'll want to run through to create a polished episode:"}, {"type": "subtitle", "content": "Podcast hosting"}, {"type": "sentence", "content": "Many hosts put effort into getting a mic and streaming software, but they may find that the process of launching their podcast isn't as smooth as they expected."}, {"type": "sentence", "content": "You may have even exceeded hosting expectations and run into unexpected production challenges."}, {"type": "sentence", "content": "Things like: Pre-release polls and focus groups can test out show features and potential themes for podcasts."}, {"type": "sentence", "content": "They can help you figure out what will resonate with your listeners and should be part of your podcast production process."}, {"type": "sentence", "content": "However, you won't get this type of feedback from your fellow podcasters. So, before you launch your podcast, make sure you conduct some research on the best way to get feedback from your audience."}, {"type": "sentence", "content": "A self-hosted podcast can make it easier to have a central creative vision for your podcast, but it can leave your content open to interpretation and misinterpretation."}, {"type": "sentence", "content": "A post-production check is essential to help ensure your audience understands your podcast's direction."}, {"type": "subtitle", "content": "When is the best time to start your podcast?"}, {"type": "sentence", "content": "Yesterday is my short answer. The next best time to start your podcast is today. An unreleased perfect podcast episode is worse than a podcast episode that is already out there."}, {"type": "subtitle", "content": "Podcasting Platforms - Apple vs. Spotify"}, {"type": "sentence", "content": "Both Apple and Spotify are aggressively pursuing content creators. It is up to you which one to choose."}, {"type": "sentence", "content": "Remember that there are over a billion iPhones. Each one is your possible listener. Spotify has over 155 million paying subscribers."}, {"type": "sentence", "content": "Both podcasting platforms are making it easy from creation to accepting payments if you want your podcast to be paid."}, {"type": "subtitle", "content": "Final Thoughts"}, {"type": "sentence", "content": "As a content creator, never has it been this easy to create content and release it to the public, from blogging to video content and now audio content."}, {"type": "sentence", "content": "It is better to try and fail than not do it at all, so go out and record your first podcast episode."}, {"type": "subtitle", "content": "Further Readings"}], "topic": "marketing", "uuid": "ae55ee9a5f4ed4a6f9cb905a81baae5a78be54485312b95cf7dc22c5", "link": "https://medium.com/illumination-curated/how-to-start-podcasting-6335b4b392b0"}