{"title": "When You Carry Your Phone Everywhere, Here Are 5 Things You Lose", "data": [{"type": "image", "content": "https://miro.medium.com/max/9326/1*1xwDy8GEVo5udlFksg0VuQ.jpeg"}, {"type": "sentence", "content": "If you're like most people nowadays, I bet you carry your phone almost everywhere. I also bet that much of the time, you might also be staring at its screen, scrolling, scanned, typing, or \"liking.\""}, {"type": "sentence", "content": "First, does any of this sound like you?"}, {"type": "sentence", "content": "When standing in line at the grocery store, do you pull out and paw your phone?"}, {"type": "sentence", "content": "When heading into the bathroom, is your phone clutched in hand to do something mindless on its screen while on the toilet?"}, {"type": "sentence", "content": "When lying on the grass in the park, do you keep pulling out and looking at your phone?"}, {"type": "sentence", "content": "When pausing the T.V. show because your partner goes to the bathroom, do you take out and scroll through your phone?"}, {"type": "sentence", "content": "While cooking dinner, when not stirring or slicing, are you staring at your screen?"}, {"type": "sentence", "content": "When eating dinner, are you scrolling through some app or reading something on your phone?"}, {"type": "sentence", "content": "While brushing your teeth, are you looking at your phone?"}, {"type": "sentence", "content": "If all of the above, and more, sounds like you, here's some of what you are likely missing out on."}, {"type": "subtitle", "content": "Opportunity for Deep, Reflective, Creative Thought"}, {"type": "sentence", "content": "When busy working your day job, or socializing with friends, or watching television, or reading a book, (insert any sort of daily activity here that occupies your mind and time), you do not have the chance to relax into your wandering, reflective thoughts."}, {"type": "sentence", "content": "Yet, there will be moments of pause sprinkled throughout your day, for this chance. When you're in the bathroom. When you're cooking. When standing in line at the store. When laying in bed waiting for your partner who is in the bathroom. After your workout when lying on your mat for ten minutes."}, {"type": "sentence", "content": "Yet, when you are always reaching for your phone in these brief moments of openness and filling them with scrolling and reading on your screen? You lose out on a lot."}, {"type": "sentence", "content": "You lose the chance to just sit, think, and let your mind wander. This can then mean missing out on the solution for a problem you've been pondering, then coming to mind. It means not letting yourself venture into the corners of your mind to really think about your day, your feelings, your relationships, and the important things in your life presently."}, {"type": "sentence", "content": "Are you happy with the choices you're making? Who you are at present? Where is it you want your life to go? What is important to you? Are you behaving in accordance with this? You cannot know any of this if you never allow for these moments of pause and if you're always filling them with screens and distractions."}, {"type": "sentence", "content": "The screens snatch away and rob you of this chance for meandering, open thought. They close the moment and your mind off, narrowing it to zoning out on the screen in front of you, stealing the moment."}, {"type": "sentence", "content": "If you do this all the time, in most or all free moments? Well, then you have zero free moments to actually think deeply about anything."}, {"type": "sentence", "content": "And this is not a good thing for mental health. In fact, studies have shown that people who purposefully allow for and leave spaces open in their day to just think, let their minds wander, and do nothing but ponder, are more creative, calmer, and mentally healthier. These people tend to know themselves way better and solve problems more efficiently too."}, {"type": "sentence", "content": "Stop always reaching for and looking at your screen in moments of pause and openness during your day. Instead, let yourself think and your mind dive deep into thought. You will notice this feels different and most likely in a good way."}, {"type": "subtitle", "content": "Noticing Details and Fleeting Moments In Real Life"}, {"type": "sentence", "content": "A certain kind of look exchanged between two people. The way a cardinal's body puffs up just so when he or she chirps. An important though brief moment of body language that happens. A certain scent in the wind. The way the waiter or waitress glanced at you. A passing color in the sky. An interesting interaction between two strangers you pass on the street. An endearing facial expression on your dog as they examine a bush or smell something specific. The way your lover looks at you. Squirrels frolicking in the park. Interesting people watching. Experiencing a place and truly immersing yourself in it totally for an hour or two."}, {"type": "sentence", "content": "All of this is important, and you miss it when you're constantly scrolling through Instagram or Facebook, which isn't real life and is, instead, a highly edited, filtered, airbrushed, curated, false life."}, {"type": "subtitle", "content": "Your Relationships"}, {"type": "sentence", "content": "We routinely pick our screens over people nowadays."}, {"type": "sentence", "content": "We text on a keyboard rather than paying full attention to the person in front of us."}, {"type": "sentence", "content": "We glance at notifications, missing part of what the person in front of us is saying."}, {"type": "sentence", "content": "We feel our phone vibrate from our pocket and wonder, who is it? This, yanking us out of the real live connection happening right in front of us."}, {"type": "sentence", "content": "We place our phones on the table while talking with a friend, glancing at the device continually and reading texts in the middle of our friend's story."}, {"type": "sentence", "content": "Imagine if, when sitting with a friend over tea, I pulled a book from my purse, opened it, and began reading. Right in the middle of my friend telling me a story. I held up a finger abruptly and said, \"hold on, I just want to check this and read what happens at the end of this page.\" That would be so weird and so rude. My friend would rightly be aghast and confused, would feel dismissed and insulted."}, {"type": "sentence", "content": "We do this all the time with our phones."}, {"type": "sentence", "content": "Sherry Turkle, who has written a few books about this very topic, found in her research that even the mere presence of a phone chips away at the connection between two people. For example, if I set my phone on the table while eating dinner with a friend, even if I don't \"check it,\" my friend subconsciously feels less likely to confide in me, because he or she knows that at any minute, I might be reaching for my phone in the middle of them telling me something."}, {"type": "sentence", "content": "Even \"just grabbing your phone for a moment\" and telling your friend, \"sorry, I just need to check this,\" fractures the connection and makes your companion feel dismissed."}, {"type": "sentence", "content": "We opt to text instead of call, to talk on Zoom instead of putting in the effort to meet in person, to \"like\" something of our friend's on social media rather than reach out directly to ask them about it. We let screens keep us separate with convenience and laziness."}, {"type": "sentence", "content": "Our obsession and attachment to our phones cause hurt feelings, a sense of lesser connection, and interruption to our relationships, to the relationship happening right in front of us."}, {"type": "subtitle", "content": "Quality Sleep (Which is Connected to Quality Health)"}, {"type": "sentence", "content": "According to Matthew Walker, Pd.D. and author of Why We Sleep, looking at lights like those from a laptop, television, or cell phone even just two hours before bed often tricks our bodies into feeling more awake and messes with our circadian rhythms. This can disrupt your body's ability to sleep deeply and soundly throughout the night. Why does this matter?"}, {"type": "sentence", "content": "-Routinely sleeping less than seven hours a night demolishes your immune system, more than doubling your risk of cancer"}, {"type": "sentence", "content": "-It's a major factor in whether or not you will develop Alzheimer's disease"}, {"type": "sentence", "content": "-Inadequate sleep-even just moderate reductions for one week- disrupts blood sugar levels so significantly that it puts your body in pre-diabetic levels"}, {"type": "sentence", "content": "-Not getting enough sleep increases the likelihood of coronary arteries becoming blocked and brittle, setting you on a path toward cardiovascular disease, stroke, and congestive heart failure"}, {"type": "sentence", "content": "-Sleep disruption further contributes to all major psychiatric conditions, including mental illness, depression, anxiety, and suicidality"}, {"type": "sentence", "content": "-Too little sleep swells concentrations of a hormone that makes you feel hungry, while simultaneously suppressing a companion hormone that otherwise signals food satisfaction"}, {"type": "sentence", "content": "-If attempting to diet and not getting enough sleep, this is futile since most of the weight lost will be lean body mass and not fat"}, {"type": "sentence", "content": "-The shorter your sleep, the shorter your life span"}, {"type": "sentence", "content": "-The World Health Organization (WHO) has now declared a sleep loss epidemic throughout industrialized nations"}, {"type": "sentence", "content": "-One person dies in a traffic accident caused by drowsiness every single hour in the US. Further, vehicular accidents caused by fatigue exceed those caused by alcohol and drugs combined"}, {"type": "subtitle", "content": "Your Self Esteem (Possibly)"}, {"type": "sentence", "content": "Simply Google \"social media and depression\" and you'll get a lot of hits, including scholarly articles on the topic. While, of course, we cannot quite make the correlation that \"self-esteem is impacted negatively from social media use,\" since this will not be an automatic thing for everyone, there is a strong link."}, {"type": "sentence", "content": "Think about it: spending much of your day scrolling through photos of people you know (and people you don't) with seemingly perfect bodies (at least, way better than yours), with top-notch wardrobes, with enviable lives and relationships, and who eat meals and go on trips that look like something out of a magazine. Of course, you will feel lacking after this. Even if you don't consciously think you do, there's still a good chance you do, just a little bit."}, {"type": "sentence", "content": "Phones are not all bad. There is a lot of good that comes with cell phones. Being able to reach out to someone quickly in an emergency. Staying in touch with people who live hundreds of miles away. Sharing photos and keeping friends updated on stuff in your day-to-day life, when you otherwise wouldn't be able to."}, {"type": "sentence", "content": "But we misuse them a lot and all the time."}, {"type": "sentence", "content": "This is causing problems in our relationships, with our mental health, our democracy, the rapid decline of wisdom (while misinformation spreads like wildfire), with our memories, and more."}, {"type": "sentence", "content": "Want to change your life for the better? Change your relationship with your phone. Ditch it. Leave it in another room entirely during your evenings or weekend afternoons and evenings. Turn off notifications, since you don't really need to see work notifications or emails after hours (unless you're, like, a brain surgeon or something). Keep it on silent. Make a pact with yourself to only check your phone once every, say, four hours when it's not during working hours (aka, evenings and weekends). We got along just fine before cell phones. In many ways, probably a lot better. So, to improve your life and relationships, strongly consider moving your behavior back in this direction."}], "topic": "mindfulness", "uuid": "af5cb1f0ca3d836320294ee17750a263dcf8acedfc4a854ffbad3702", "link": "https://medium.com/curious/when-you-carry-your-phone-everywhere-here-are-5-things-you-lose-8f3df767f6c"}