{"title": "Love \"Is\" Selflessness", "data": [{"type": "image", "content": "https://miro.medium.com/max/7296/1*eA4DyYa7LjHKxuG3mMLekw.jpeg"}, {"type": "sentence", "content": "For three and a half days during a silent zoom retreat called,\"The End of Separation\"I sit."}, {"type": "sentence", "content": "I watch my breathmy thoughtsmy feelings"}, {"type": "sentence", "content": "All arise and pass awayUnbiddenImpermanent"}, {"type": "sentence", "content": "In the middle of the first sessionInsight drops in, with inviolable clarityNo ordinary words these.They say,\"Love is Selflessness.\""}, {"type": "sentence", "content": "I gasp involuntarily, feeling the truth pierce me."}, {"type": "sentence", "content": "For at once the words point to more than simple altruistic kindnessThe words seek to illuminate a complete lack of self-centeredness entirely - as in There is no selfThere is no other."}, {"type": "sentence", "content": "***"}, {"type": "sentence", "content": "In between sessionsduring this \"at home\" retreatI cookI cleanI ponder Love"}, {"type": "sentence", "content": "My beloved hadtroubling test resultshours before we went on retreat"}, {"type": "sentence", "content": "His heart readingswere \"abnormal,\" they said.I could have told them that - But not scary abnormalwonderful abnormal"}, {"type": "sentence", "content": "A heart that beats to its own drummerA heart that swept the likes of me up in its embrace so many years agoAnd still doesA heart whose beating I treasureAlong with the breath that fuels it"}, {"type": "sentence", "content": "I care for him lovingly, selflessly even, but there is still suffering"}, {"type": "sentence", "content": "We almost argued the second nightMaybe I was clingy, jealous, controllingMaybe neither of us recognized the underlying fear"}, {"type": "sentence", "content": "He woke in the middle of the night from painWe huddledYour chest?I askedMaybe, he said,but it feels more like a spear in my side."}, {"type": "sentence", "content": "I googled heart attack and spear in the sideand brought him a warmed buckwheat pillowThe pain passed."}, {"type": "sentence", "content": "We lay awakeside-by-sideI noticed his breathmoving in and outthe breath of anotherthe breath of my beloved"}, {"type": "sentence", "content": "Back on retreatI sit And investigateThrough direct experienceMy objective world"}, {"type": "sentence", "content": "We work with An appleWe separate our direct experienceinto the five sense fields plus the thought field."}, {"type": "sentence", "content": "The apple is:a visual phenomenon that disappears when I close my eyesa taste phenomenon when I bite ita smell phenomenon when I sniff ita sound phenomenon when I thump ita physical sensation phenomenon when I touch ita thought phenomenon when I label it"}, {"type": "sentence", "content": "I linger eyes closedholding the appleI cannot tell where I end and the apple beginsThere are no boundariesWithout the idea that the apple is separate from me, I can investigateAm I the apple too?"}, {"type": "sentence", "content": "This experiment is a preludeto the heart of the retreat"}, {"type": "sentence", "content": "Just as we break down our experience of the appleWe look at the label of \"self\"and the nature of suffering amid great impermanenceWe investigate who we think we areour thoughts, feelings, emotions, body"}, {"type": "sentence", "content": "And we notice that these all come and goand yetStill I amEver-presentUnchanging"}, {"type": "sentence", "content": "Just like thesea of awarenessinto which these myriad things arise and pass away"}, {"type": "sentence", "content": "\"Look.\"our teachers encourage,\"Is there anything,anything at allthat exists outside awareness?\""}, {"type": "sentence", "content": "That night I look"}, {"type": "sentence", "content": "I don't find anythingBut I notice the breath of anotherarising in exactly the same sea of awarenessas mine"}, {"type": "sentence", "content": "This ever-presentunchangingsea of awarenessIs it me?"}, {"type": "sentence", "content": "I am floodedthrough and through with Love - a Love that is comprised of nothing butAwareness itselfInfinite"}, {"type": "sentence", "content": "But this infinite love startles me, scares me"}, {"type": "sentence", "content": "A slew of thoughts arise."}, {"type": "sentence", "content": "If this Lovethat feels like meis boundary-less,like the apple,Then There really is no I and other"}, {"type": "sentence", "content": "No other to comfortNo other to adoreNo other to be the object of my devotion"}, {"type": "sentence", "content": "My heart cries with heartfelt longing. Will I miss the breath of another?"}, {"type": "sentence", "content": "Shhhh,Love whispers,Everything's okay"}, {"type": "sentence", "content": "That is the yearning for union with the Beloved - The longing for Home."}, {"type": "sentence", "content": "And, home is here, nowcloser than even the next breath"}, {"type": "sentence", "content": "\"One,not two\"Remember?"}, {"type": "sentence", "content": "Love reminds me of the secret words we whisper to each other"}, {"type": "sentence", "content": "Home is here, nowEver-presentUnchanging"}, {"type": "sentence", "content": "Home is Love unfolding"}, {"type": "sentence", "content": "And Love is Selflessness."}, {"type": "sentence", "content": "***"}, {"type": "sentence", "content": "Thanks for sitting with me. \u00a9 Marijke McCandless 2021"}], "topic": "mindfulness", "uuid": "b0eccc21426ee51b60bdb9f1e808b28018cc1496cc000ab2dd231c07", "link": "https://medium.com/scribe/love-is-selflessness-4d7d2fa82bba"}