{"title": "How Can Young Entrepreneurs Stop Freaking Out so Much and Save Up Their Energy?", "data": [{"type": "image", "content": "https://miro.medium.com/max/2508/1*M_KRLQFhyYaWCEC_Npy05Q.jpeg"}, {"type": "sentence", "content": "In 1992 my business partner and I quit our cushy jobs and started a business out of my hot, windowless attic space in my loft."}, {"type": "sentence", "content": "We had little money and no safety net. And if we failed, we'd have to file personal bankruptcy. Or worse, face the humiliation among our peers who said we were idealistic and na\u00efve to think we could start a business in a town already full of stiff competition."}, {"type": "sentence", "content": "The first three jobs we counted on for startup revenue fell through, one by one. And walking this daily tightrope between survival and risk weighed on my mind incessantly."}, {"type": "sentence", "content": "While I had the drive and ambition of ten diesel locomotive engines, I worried about running out of steam and money before we even got our business down the tracks. And when things didn't go as planned or expected - as they're prone to do in business - I'd freak out."}, {"type": "sentence", "content": "My freakouts weren't audible or visible to most people. Instead, they rolled my face muscles into creased wrinkles, burned a hole in my gut, and kept me from sleeping at night."}, {"type": "sentence", "content": "No amount of meditation, Buddhism, breathing exercises or 16-malt Scotch could relieve this daily anxiety. But then I met my mentor, Gene, during a lecture."}, {"type": "subtitle", "content": "My mentor"}, {"type": "sentence", "content": "Not only was Gene my hero, but a legend in my industry. As the founder of an international business enterprise with six global offices worldwide, Gene was the most generous, ethical, and captivating leader I'd ever met. And I was lucky enough to not only become friends with him but have him serve as a board of advisor of our firm."}, {"type": "sentence", "content": "When I met Gene, he was in his early sixties, yet he had the energy, enthusiasm, and playfulness of a 30-year-old. But even today, at 92, Gene still walks to his Manhattan office every day, makes a bunch of calls to his Fortune 500 clients, checks in with his younger partners around the globe, and keeps everyone laughing."}, {"type": "sentence", "content": "And he does all that with a sense of style, steadiness, and stoicism."}, {"type": "subtitle", "content": "Work is a privilege"}, {"type": "sentence", "content": "Gene has enough money now to retire and live life comfortably on the beach. But he considers working a privilege, not the dreaded burden or obligation that many ascribe to it."}, {"type": "sentence", "content": "Gene started his business in a one-room studio apartment in New York City. And like my partner and I, Gene didn't come from money, nor did he have any safety nets to protect him if one of the hundred crises he faced in his nearly 50 years of running a business crushed him."}, {"type": "sentence", "content": "While Gene is a fountain of knowledge, what I was most interested in learning from him was how he kept his head together during the trials and tribulations of building a successful business."}, {"type": "subtitle", "content": "Will we make it?"}, {"type": "sentence", "content": "Somewhere in the back of all entrepreneurs' minds is this dripping wet worry and puddle of doubt of \"Will we make it?\" This constant anxiety creates an adrenaline rush that can make founders feel like a pack of wild animals is chasing them."}, {"type": "sentence", "content": "And this fear releases all kinds of fight-or-flight chemicals that are only supposed to kick in occasionally - not every day. But it's not healthy to have this energy emptied out of you every day, nor is it a fulfilling way to live and work."}, {"type": "sentence", "content": "To get on top of this daily stress, I studied how Gene handled the pressure and occasional trials of a founder. Listed below are some of the great pearls of wisdom I extracted from Gene's leadership approach."}, {"type": "subtitle", "content": "Know when to power down"}, {"type": "sentence", "content": "Like the old EF Hutton commercial said, when Gene talks, people listen. When he walks into a room or onto a stage to give a lecture or presentation, he projects an image of authority, leadership, and calmness."}, {"type": "sentence", "content": "But Gene is also funny. His wit and use of self-deprecating parables about his life pull people into his message and move them down a well-thought-out path of where he wants them to land."}, {"type": "sentence", "content": "This perspective is Gene onstage."}, {"type": "sentence", "content": "But when Gene goes offstage and offline, he knows how to conserve his energy and power down his emotions, reactions, and responses. He doesn't get too excited by anything and or overwhelm himself with needless worrying."}, {"type": "sentence", "content": "In those offline moments, Gene talks less and listens more. He saves his energy for when he needs it. It took me a while to learn how to power down, but it left me with so much more energy to use on game days."}, {"type": "subtitle", "content": "Every day can't be a freakout"}, {"type": "sentence", "content": "A business is a system for creating value by solving problems - internally and externally. But the more success a company enjoys, the more problems they'll encounter and have to solve. And learning how to stay calm in the storm is an essential skill for leaders to master."}, {"type": "sentence", "content": "Gene likens leadership in business to diving. Freaking out underwater when there's a problem makes nothing better. It only uses up vital oxygen in the tank and floods your vision."}, {"type": "sentence", "content": "Gene learned to numb himself to the crisis, maintain a steady hand, and think creatively about problems."}, {"type": "subtitle", "content": "You're going to make mistakes"}, {"type": "sentence", "content": "Many young entrepreneurs believe if they work hard, do their homework, and prepare for all issues; they won't make mistakes. But as the old Scottish proverb says, \"even the best-laid plans of mice and men often go awry.\""}, {"type": "sentence", "content": "And like football, leaders are going to make mistakes, have passes intercepted by their competitors, and drop the ball. The key is not to beat yourself up about the fumble or even dwell on the interceptions too long. Instead, focus your energies on recovering from errors."}, {"type": "sentence", "content": "Gene has told me dozens of stories where he and his partners lost money, found themselves in legal predicaments, and got scammed by cunning business sharks. He's endured near financial ruin during several recessions and survived an aggressive mutiny in his firm by a corrupt junior partner."}, {"type": "sentence", "content": "But Gene never beats himself up too much about these mistakes. Instead, he quickly forgives himself for the error in judgment and moves on to the next play."}, {"type": "sentence", "content": "When I got screwed over early in my career by a close friend/client who knew his business would file bankruptcy, I couldn't forgive myself for not seeing it coming and demanding a bigger deposit upfront. But when Gene asked me what our annual \"bad debt\" is, I told him around 5%. And he reminded me that 5% is much better than most companies that run at a 10%-15% bad debt ratio."}, {"type": "subtitle", "content": "You'll never have enough staff"}, {"type": "sentence", "content": "One of the demanding challenges young startups face is handling all the work and problems when you don't have enough staff. Many entrepreneurs beat themselves up for not having sufficient funds to hire more people."}, {"type": "sentence", "content": "But Gene has reminded me no matter the size of the business - 1 person to 1000 - a successful company should always run lean with slightly less staff needed to get the job done."}, {"type": "sentence", "content": "\"Why?\" I asked."}, {"type": "sentence", "content": "Like the airlines, overbook your seats and workload so that when customers cancel or change flights - as often happens in business - you won't get stuck in a holding pattern, over-staffed, and losing money. But if you try to match your staffing levels perfectly with your workload, you'll find your business is running at 90% of its performance capacity."}, {"type": "sentence", "content": "Are there times when you get 110% overbooked? Yes! But they happen less often than the under-bookings. And when you get super busy, you'll learn a lot more about what your team and system can do when faced with a challenge."}, {"type": "subtitle", "content": "No one is irreplaceable"}, {"type": "sentence", "content": "Many entrepreneurs wear themselves out worrying about whether an employee is happy and will stay loyal to the business. But Gene reminds me that finding staff and leaders takes many years and will always fluctuate."}, {"type": "sentence", "content": "When you create the illusion that someone is irreplaceable, your business now works for that employee instead of the other way around."}, {"type": "sentence", "content": "Gene lost two of his founding partners to unexpected illness and death, which seemed like the firm's end. But the business continues to reach new heights, even without those key leaders."}, {"type": "sentence", "content": "A better way to think about your company and build a scalable business is to make sure everyone is replaceable, including the founders. Being able to do this means you have the right systems and training in place to make your business more like a franchise that can grow and expand wherever market opportunities exist."}, {"type": "subtitle", "content": "Leadership is not a democracy"}, {"type": "sentence", "content": "Many people say Gene would've made a great senator or president. He has a very egalitarian style about him and always reaches out to the quiet folks in the back of the room."}, {"type": "sentence", "content": "But Gene doesn't believe democracies work in companies. He learned the importance of having a clear chain of command and a \"buck stops here\" final decision-maker from his time in the Navy."}, {"type": "sentence", "content": "Gene believes many young startups make the mistake of running their companies like a utopian democracy or a clubhouse with their friends. This approach to leadership damages the decision-making ability of businesses and frustrates hardworking employees because of the inefficiencies and visionless compromises that come with it."}, {"type": "subtitle", "content": "Take your time"}, {"type": "sentence", "content": "When I was in my late-30s, I'd sometimes confess to Gene about my frustrations of not feeling I'm where I should be in my career."}, {"type": "sentence", "content": "Amazingly, Gene didn't start his own business until he was 48. Yet, he became one of the most respected leaders in his industry and put together an incredible portfolio of game-changing, award-winning business successes."}, {"type": "subtitle", "content": "Every day is practice"}, {"type": "sentence", "content": "Gene reminded me regularly that the first 20 years of my career were just practice games to get me ready to compete in the Super Bowl games of my industry."}, {"type": "subtitle", "content": "Learn how to lose"}, {"type": "sentence", "content": "Gene has taught me that losing from time to time is part of the game of business. No matter how talented, disciplined or convicted you are, you will not win every game."}, {"type": "sentence", "content": "Whether it be Tiger Woods, Mohammed Ali, Serena Williams, or Tom Brady, leaders have to learn to take the losses in stride and get back up to compete another day."}, {"type": "sentence", "content": "However, many young entrepreneurs are so tough on themselves when they lose even one deal. But learning how to lose with grace and move on is vital to long-term success and sanity."}, {"type": "subtitle", "content": "Find a mentor"}, {"type": "sentence", "content": "I'm not sure where my career would be without the insights and wisdom I gained from Gene. And I encourage young entrepreneurs to find an older, wiser mentor who's been through the trials and tribulations of starting a company and building a successful business."}], "topic": "leadership", "uuid": "b2d4d427009442d1baa25c0d3849b85de57f507af87c89bfbbc37942", "link": "https://entrepreneurshandbook.co/how-can-young-entrepreneurs-stop-freaking-out-so-much-and-save-up-their-energy-4c47349cd88"}