{"title": "You Need to Call Yourself an Entrepreneur (Even Though it Sucks)", "data": [{"type": "sentence", "content": "Anytime I hear someone refer to themselves as an entrepreneur, solo-preneur, or any variation of a preneur, I instinctively tense up. Maybe it's because I can only think of the Spongebob episode where he and Patrick try to sell chocolate as entrepreneurs, or maybe it has something to do with my deep-rooted hatred of \"business.\""}, {"type": "sentence", "content": "That's right. I'm a self-employed writer who hates business. And it's not that I'm above selling my writing as a product or that I value artistic integrity above all else; I'm entirely comfortable being a \"sellout\" if it means I can pay rent and put food on the table. It's just that... marketing makes me feel dirty, and not in the fun way. Business only brings negative connotations of back-stabbing guys in suits with nice watches and fancy cars."}, {"type": "sentence", "content": "Business and marketing make me think of a guy who sells you a bag for your chocolates, bags for your chocolate bags, and wraps himself in bandages claiming to have bones made of glass and paper made of skin-okay, so maybe Spongebob affected my perception more than I realized."}, {"type": "sentence", "content": "I'm the kind of person who always winced at the thought of working a 9 to 5, wearing a tie, and carrying a briefcase. From the time I could start working until last week, I worked in restaurants. I never imagined myself as a \"business man.\" For a while, I never imagined myself as much of anything, really."}, {"type": "subtitle", "content": "Self-Labeling and When to Kill Yourself (Metaphorically)"}, {"type": "sentence", "content": "In college, I studied journalism for a year, realized I didn't care much about \"the issues\" at the time, and then switched majors to screenwriting. The shift from the \"professional\" world of journalism to the \"creative\" endeavor of screenwriting made a correlating shift in my mindset."}, {"type": "sentence", "content": "Now that I was telling personal, creative stories that were supposed to mean something, I was a more raw, vulnerable writer. I started drinking a lot, showing up to class hungover, procrastinating, and wearing button-up shirts with sloppily rolled-up sleeves and the top undone. I wanted to look like a young Hemingway or Bukowski - or what I imagined they looked like at least. I wanted an \"I don't give a f*ck\" attitude while still producing good work like a modern messiah of the tortured artist."}, {"type": "sentence", "content": "In short, I was an asshole. The persona I created contrasted sharply with my natural tendencies as a person, and I came to hate myself. But I was so wrapped up in this persona that I didn't realize it. So I continued to drink, and loathe myself, and seek validation from other people until I wound up alone and had to finally face the person I'd become. I didn't recognize him."}, {"type": "sentence", "content": "College is a time of major change for anyone, and I think it's normal for us to be different people between the ages of sixteen and twenty-two. The problem wasn't that I had changed; it was that I'd tried to turn myself into something I wasn't. I gave myself a label - funny drunk writer - and tried desperately to conform myself to it. When I failed to become it, I crafted a new label for myself:"}, {"type": "sentence", "content": "Loser."}, {"type": "sentence", "content": "When you give yourself a negative label, you create a self-fulfilling prophecy. No matter how many other people told me I was great, well-liked, or impressive, I saw myself as a failure. An unlovable loser. Then I approached every situation in my life with that mindset, and it should come as no surprise that, for a long time, I accomplished little."}, {"type": "sentence", "content": "It took \"fixing\" myself - which is to say, adopting positive habits and changing my mindset - to understand that I had been the one holding myself back. But, if anything, the experience also taught me the importance of labels - especially the labels which we apply to ourselves."}, {"type": "sentence", "content": "In The Subtle Art of Not Giving a F*ck, author Mark Manson references Buddhism, saying that it \"argues that your idea of who 'you' are is an arbitrary mental construction and that you should let go of the idea that 'you' exist at all; that the arbitrary metrics by which you define yourself actually trap you.\" He puts this in a section aptly called \"Kill Yourself.\""}, {"type": "subtitle", "content": "\"I came here for business advice,\" I hear you saying. \"This is getting pretty sad.\""}, {"type": "sentence", "content": "Don't worry. This relates back to business."}, {"type": "sentence", "content": "When we understand the strength with which self-labels influence us, we can see why a word like \"entrepreneur\" suddenly becomes so important, even when we hate it. It conjures up images of a specific type of person: A young Type A personality who is relentlessly driven, pushing their product and trying desperately to compete in the business world so they can earn money."}, {"type": "sentence", "content": "Everyone wants money to some degree - at least enough to survive comfortably - but we all hate to admit it because doing so seems shallow and capitalistic. Especially as part of a generation that obsesses over tiny houses and van life, the pursuit of classic monetary gains exists in harsh opposition to the liberal, stressed-out-but-wannabe-carefree nature of most millennials."}, {"type": "sentence", "content": "And as a Type B personality, the word \"entrepreneur\" is incongruous with my most basic tendencies. A successful entrepreneur, we're told, must \"stay hungry and ambitious.\" They must be relentless, meticulous, time urgent, and aggressively driven towards a goal - AKA, a Type A personality."}, {"type": "sentence", "content": "How, then, could I be successful as an \"entrepreneur\" when those words are antonyms to how I would describe myself?"}, {"type": "sentence", "content": "Now the conversation becomes one about semantics, which always goes over well. Our perception of what makes an entrepreneur is fueled by a cultural understanding of what that word means - a meaning shaped and distorted by media and shifting cultural philosophies. But the actual definition of the word is simply:"}, {"type": "sentence", "content": "A person who organizes and manages any enterprise, especially a business, usually with considerable initiative and risk."}, {"type": "sentence", "content": "The keywords here are \"any enterprise.\" Entrepreneurship and business are so often lumped together that we think of them as the same, but broadening that definition and looking at it from the level of an enterprise opens up a lot of possibility for our perception of an entrepreneur."}, {"type": "sentence", "content": "Think of an artist's online store, for example. The artist is selling a product and likely managing and organizing the store themselves. Their enterprise is their art. The artist is an entrepreneur."}, {"type": "sentence", "content": "But if we were playing a word association game, it's likely that hearing the word \"artist\" would make you think of the word \"struggling.\" Our cultural impression is, once again, muddying the waters. We don't consider it scummy when an artist charges for their work which is, if being sold, a product, but we scoff at someone who is \"starting a business\" and refers to himself as an entrepreneur because we interpret that their goal is only money-influenced. As if selling art is not also money-influenced."}, {"type": "sentence", "content": "Like I said, everyone wants money even if they don't want to admit it."}, {"type": "subtitle", "content": "I'm Calling Myself an Entrepreneur Even Though I Hate It"}, {"type": "sentence", "content": "I hate the word \"entrepreneur,\" yet I technically am one. I work for myself and my clients. I manage and organize an enterprise, which is my writing. I quit my full-time job and took considerable risk. My choices reflect the definition, even if my personality type doesn't."}, {"type": "sentence", "content": "Just like referring to myself as a \"loser\" for many years eventually turned me into one, so too has coming to the understanding that I am an \"entrepreneur\" slowly shifted my mindset. But my hatred of the word also makes me feel, for lack of a better word, icky when I tell people I'm an entrepreneur - which, in fact, I never do."}, {"type": "sentence", "content": "\"I'm freelance writing full time,\" is what I say."}, {"type": "sentence", "content": "Still, I'd like to be an entrepreneur. I would like to be driven, meticulous, and relentless. And if I made money along the way, that would be cool too. So despite my distaste, I've started referring to myself as just that: an entrepreneur."}, {"type": "sentence", "content": "It's what we - the creative independents of the wellness generation - have to do. It's the self-label that will lead us towards the most success because, as much as we hate to admit it, our writing, art, music, handmade crafts, homegrown vegetables, recipe books, films, photos, whatever-it-is is our enterprise."}, {"type": "sentence", "content": "Entrepreneurship, I'm learning, isn't another wordy for \"a scam\" or a toxic embodiment of the (thankfully) dying \"hustle culture\" that used to surround the self-help community; it's a word that offers us the freedom to live lives that leave us happy and fulfilled."}, {"type": "subtitle", "content": "Find Your Reason For Doing What You're Doing, Then Build Your Business"}, {"type": "sentence", "content": "In a piece from the New York Times, a group of entrepreneurs share their experience turning their passions into careers - none of which fit the standard mold of \"entrepreneurship.\" In fact, a number of them didn't even intend to start a business but saw the potential for it as their hobby grew into something more."}, {"type": "sentence", "content": "One woman, Sonia Murga, survived being shot in the head, left her restaurant job, and became a designer of denim jackets. What she said struck a particularly resonant chord with me:"}, {"type": "sentence", "content": "The why of doing something is just as important as the how, but it often goes overlooked. I went to school for writing not because I wanted to be a writer - at eighteen, at least, I didn't know for sure - but because writing was the only applicable skill that I felt I had leaving high school. I studied journalism because it seemed like a more stable career path than creative writing, and then I switched to screenwriting because I hated journalism."}, {"type": "sentence", "content": "I never stopped to ask myself why I was doing any of it in the first place."}, {"type": "sentence", "content": "It wasn't until my mental health problems reached an unfortunate coda culminating in a horrible panic attack that I realized my why: I want my writing to help people - people who feel like me and who are just as confused and scared as I was."}, {"type": "sentence", "content": "Yes, I'm running a business, but I'm doing it selectively and carefully. I only work with clients whose priorities align with my own. I try to bring people up rather than putting them down. I practice what I preach."}, {"type": "sentence", "content": "And I'm not perfect. I'm still going to get a lot of things wrong. But finding my why has allowed me to find comfort in calling myself \"an entrepreneur\" because my purpose is clear now. I'm not just \"getting paid to write,\" I'm doing something that helps other people and fulfills me."}, {"type": "sentence", "content": "Being an entrepreneur might not be as bad as I thought."}], "topic": "startups", "uuid": "b3a49bfe56171723348e62704f98208367c3538de5b0c61d95895293", "link": "https://medium.com/swlh/you-need-to-call-yourself-an-entrepreneur-even-though-it-sucks-3ca542fb179e"}