{"title": "On Slowing Down Time, Procrastination, and Mindfulness", "data": [{"type": "sentence", "content": "Here are three unusual ideas that you should ponder upon and start your week on the right foot!"}, {"type": "subtitle", "content": "#1"}, {"type": "sentence", "content": "Even though we're mostly at home for the past year, we feel starved for time."}, {"type": "sentence", "content": "Why? Well, there are many reasons - FOMO that lead to burnout because you take more than you can handle; Blurry work boundaries that make relaxation impossible; Being continuously distracted; An overwhelming anxiety to get things done."}, {"type": "sentence", "content": "But you can handle this by building \"micro-habits\" to help you in times of overwhelm."}, {"type": "sentence", "content": "Here are 14 habits. Here are 10 more. And 11 more. I can go on and on. Even if you pick one of them you'll be more relaxed and calm every day."}, {"type": "subtitle", "content": "#2"}, {"type": "sentence", "content": "Procrastination doesn't really exist. When you procrastinate there are only a few ways to fix it:"}, {"type": "sentence", "content": "These two steps alone make your brain want to do the hard things. Stop fighting with your brain and work with it."}, {"type": "subtitle", "content": "#3"}, {"type": "sentence", "content": "Think about this quote by Eckhart. Ask yourself what it means and share your answer with me in the comments."}, {"type": "sentence", "content": "Until next time,ShivendraReinvent Yourself | Bend Reality | Medium | LinkedIn"}, {"type": "subtitle", "content": "Want to see the complete archive and/or subscribe? Click here :)"}], "topic": "mindfulness", "uuid": "b84952954372a6025ce5c4813b147bcf7dd877a3de103cdc1751d36b", "link": "https://shivendramisra.medium.com/on-slowing-down-time-procrastination-and-mindfulness-d6c07d5cac03"}