{"title": "Meet the Backpacker Kayaking Around Europe", "data": [{"type": "subtitle", "content": "Travel. Mindful Traveling."}, {"type": "image", "content": "https://miro.medium.com/max/11684/0*LSnS7GdIOx-KQeh2"}, {"type": "sentence", "content": "Sergi Basoli, a man from Barcelona, Spain whose thirty-three years of age has taken him to many places, has a story to tell like none-other."}, {"type": "sentence", "content": "It all started after graduating with a Bachelor's degree in Mechanical Engineering. He was immediately presented with the opportunity to start a very nice job while he worked on his Ph.D."}, {"type": "sentence", "content": "But that was the part that scared him."}, {"type": "sentence", "content": "Another three years of working and studying. Another three years of getting used to his comfortable environment. Another three years that he would miss out on something he could never get back; and that thing was time."}, {"type": "sentence", "content": "Sergi enjoyed his life before his travels, but he wanted something more. Something that he could do on his own. For himself."}, {"type": "sentence", "content": "\"You hear so many solo travelers talking about these kinds of trips so nicely and beautifully - so much enlightenment. I wanted to try it.\""}, {"type": "sentence", "content": "So, Sergi did just that. He chose an alternative life path."}, {"type": "subtitle", "content": "Where he started"}, {"type": "sentence", "content": "His story started in 2011 when he decided to take a long-term trip around the Iberian Peninsula. During which, he traveled over 3,600 kilometers."}, {"type": "sentence", "content": "But here's the unique thing about Sergi's travels; he does it all by sea - by means of a single paddle."}, {"type": "sentence", "content": "That's right, 3,600 kilometers along the entire coast of Spain and Portugal in a kayak! What's even more amazing? The 2011 trip was only the beginning for Sergi."}, {"type": "sentence", "content": "Following that trip, he thought to himself, 'O.K., you have to do another big trip with this kayak.'"}, {"type": "sentence", "content": "Now, he's amidst a new trip in which he started back in 2013 from Barcelona."}, {"type": "sentence", "content": "Over the past four years, he's taken the slow ride. Racking well-over 5,000 kilometers and totaling near 10,000 kilometers paddled altogether."}, {"type": "subtitle", "content": "Where is he now?"}, {"type": "sentence", "content": "During this trip, he opted to go in the opposite direction of his first route."}, {"type": "sentence", "content": "His journey has taken him along France to Monte Carlo; crossing into Italy and making it down to Tuscany. Then, from Tuscany, he made a nine-hour crossing to the Tuscan Archipelago where he explored Corsica and Sardinia."}, {"type": "subtitle", "content": "Finding a travel companion"}, {"type": "sentence", "content": "He even found a travel companion along the way! In Alghero of Sardinia, he picked up a rescue dog."}, {"type": "sentence", "content": "He named her Nirvana and she's picked up the title of \"SailorDog\" along the way."}, {"type": "sentence", "content": "It is obvious Nirvana has found a loving owner in Sergi. And people Sergi meets along the way seem to love her, too!"}, {"type": "sentence", "content": "While the two were in Naples, they had become a big enough story in the city to be awarded a medal."}, {"type": "sentence", "content": "She's had a lot more experiences with Sergi, as well."}, {"type": "sentence", "content": "This kind of companionship is rare. It requires the right dog; that's for sure! And Sergi has found the perfectly-behaved dog."}, {"type": "sentence", "content": "They've had many more cool experiences with each other, but Sergi's favorite time to have her around is in the tent and on the beaches. He says her being there with him is a 'very nice sensation and she's great company'."}, {"type": "subtitle", "content": "Continuing the journey"}, {"type": "sentence", "content": "To get back to the mainland, he had to backtrack to Corsica, then, back to Tuscany. Afterward, traveling all the way down the Italian Peninsula to Sicily. Around Sicily and all its little islands before taking a ferry to the island of Malta."}, {"type": "sentence", "content": "While he was in Malta, a friend of mine had met Sergi, told me his story, and I knew I had to hear it myself."}, {"type": "sentence", "content": "After touring Malta and its sister island, Gozo, for a while - experiencing culture I haven't even experienced after two years of living on this island - he headed back to Sicily via ferry which is where he is today."}, {"type": "subtitle", "content": "A typical day"}, {"type": "sentence", "content": "A typical day for Sergi and Nirvana goes like this:"}, {"type": "sentence", "content": "There are no schedules or itineraries onboard their kayak."}, {"type": "sentence", "content": "Occasionally, they get opportunities that they can't pass down."}, {"type": "sentence", "content": "Sergi doesn't limit the number of times he beaches the kayak. After all, there's a new culture to be found at every beach."}, {"type": "sentence", "content": "Sergi says the two sea companions will travel anywhere from ten to thirty kilometers per day."}, {"type": "sentence", "content": "It has been an insane adventure for Sergi full of so many stories it'd take ages to tell them all. I was so interested in hearing more about his story that I had to ask him some questions that were on my mind."}, {"type": "subtitle", "content": "Budget and funding for Sergi"}, {"type": "sentence", "content": "Now on his fifth season at sea (typically lasting from May to December), I wondered how he managed to budget for and fund his travels."}, {"type": "sentence", "content": "Sergi said he used all his money he had saved up on his first big trip. He had to start watching the way he travels to sustain the lifestyle he had chosen."}, {"type": "sentence", "content": "He believes if he kept a list of his expenses, it'd total around two-hundred Euros per month."}, {"type": "sentence", "content": "At some point, in 2014, Sergi began to realize he was running low on funds. He had to come up with something creative to make money on-the-go."}, {"type": "sentence", "content": "He was attracting the interest of so many people every time he landed on a beach - he had to use that to his advantage."}, {"type": "sentence", "content": "He'd sell his work to people who stopped and took time to talk with him."}, {"type": "sentence", "content": "Sergi also partnered with NGO, Oceana, the largest international ocean conservation and advocacy organization in the world."}, {"type": "sentence", "content": "Sergi collaborates with them to bring about consciousness of the marine life in the Mediterranean, and how human activities such as overfishing impact us all."}, {"type": "sentence", "content": "In collaboration with Oceana, Sergi has vowed to clean up each beach that he lands on. If you'd like to donate to Sergi's mission so that he can continue to clean up the Mediterranean, visit his Facebook page. He said he'll even send you a personalized postcard featuring his SailorDog, Nirvana!"}, {"type": "subtitle", "content": "Learning on the way"}, {"type": "sentence", "content": "From what it seems, however, Sergi prides himself on not a minimalistic lifestyle which is something I strongly resonate with."}, {"type": "sentence", "content": "He said one habit he has when he starts to run out of funds is to fish more."}, {"type": "sentence", "content": "Upon learning from experiences, he's become a more knowledgeable person and traveler. He constantly reminds himself:"}, {"type": "sentence", "content": "He has to learn many things on his own. As is often the case while traveling, sometimes you're forced to handle what you think you can't."}, {"type": "sentence", "content": "Did he get advice from anyone along the way?"}, {"type": "sentence", "content": "Speaking about kayaking, but also about traveling in general, it's all about using common sense and being patient."}, {"type": "sentence", "content": "He finds it better to go about life a little bit unprepared."}, {"type": "subtitle", "content": "Where did Sergi's inspiration come from?"}, {"type": "sentence", "content": "He's an inspired man with an adventurous soul, and it's been that way for as long as he can remember."}, {"type": "sentence", "content": "He paused for a moment to collect his thoughts."}, {"type": "subtitle", "content": "What are some sides to this lifestyle that aren't on display?"}, {"type": "sentence", "content": "As rad as his Instagram gallery makes this lifestyle seem, there are definitely some pitfalls and some things from home that he misses. It's true; sometimes you can't have the best of both worlds."}, {"type": "sentence", "content": "And then he mentioned that reoccurring thought I still get on my own journey."}, {"type": "sentence", "content": "I was relieved not to be the only one living an alternative lifestyle that feels this pressure. He says when you're feeling this pressure, you need to go out and do it."}, {"type": "subtitle", "content": "Any advice?"}, {"type": "sentence", "content": "I could tell by the tone of his voice that he had heard these worries from other people far too often - maybe had even asked himself the same questions before."}, {"type": "subtitle", "content": "Where's the end destination?"}, {"type": "sentence", "content": "In 2011, he had to rush to make it home before winter hit. He never contemplated extending his trip into the next kayaking season."}, {"type": "sentence", "content": "This winter, instead of ending his trip, he will simply pack the kayak up, spend Christmas at home, then return to wherever he was to continue the journey."}, {"type": "sentence", "content": "What a cool dude."}, {"type": "sentence", "content": "Thanks, again, Sergi, for taking the time to let me share your story. I look forward to following your journey to Greece - or wherever you end up! Stay safe and happy travels!"}, {"type": "sentence", "content": "Want to know more? Shoot me an email or send me a message on social media!"}, {"type": "subtitle", "content": "Join my FREE 5-Module Medium Crash Course for Early Success!"}, {"type": "sentence", "content": "If you found this article engaging, hit the clapper button to help me out."}, {"type": "subtitle", "content": "Connect with Me:"}, {"type": "sentence", "content": "Work with Me // Newsletter // LinkedIn // Twitter // Facebook // Pinterest"}, {"type": "sentence", "content": "Originally published at https://www.adamcheshier.com/ on March 22, 2021."}, {"type": "subtitle", "content": "Read More:"}, {"type": "sentence", "content": "My Biggest Financial Mistake was Graduating from College Why following the conventional path isn't always the safest bet."}, {"type": "sentence", "content": "15 Life Lessons I Learned From My Boldest Decision Ever Written 5 years ago, each lesson has withstood the test of time."}, {"type": "sentence", "content": "4 Ways to Grow Into a Real Traveler The travel that you won't find on an Instagram feed."}, {"type": "image", "content": "https://miro.medium.com/max/2700/1*SKwELdEBKcKsuEW5XX6-jw.png"}, {"type": "sentence", "content": "Sign up for our newsletter to stay informed with up-to-date curations from our editors:\ud83d\udc47"}, {"type": "sentence", "content": "We now offer exclusive writing services for our members. Discover how you can take advantage of our editing services and more."}], "topic": "travel", "uuid": "b9620d0ec744c08869f2237e22f54237637ea9b5342b6a61f540d3d7", "link": "https://medium.com/world-travelers-blog/meet-the-backpacker-kayaking-around-europe-5eee75434f71"}