{"title": "4 Powerful Ways to Combat Depression That Don't Involve Drugs", "data": [{"type": "image", "content": "https://miro.medium.com/max/12766/1*C2kgpRj88eDpem_cXqS31g.jpeg"}, {"type": "sentence", "content": "The COVID-19 pandemic and the resulting economic challenges have had a marked effect on people's mental health. During the pandemic, over 40% of adults have reported symptoms of anxiety or depression, according to recent reports for the first two weeks of March, 2021 (KFF Health, 2021). Many adults also report specific negative impacts on their mental health and well-being, such as difficulty sleeping or eating, increased alcohol consumption or substance use, and worsening chronic conditions, due to worry and stress over the coronavirus. As the pandemic wears on, more and more people are experiencing situations linked to poor mental health outcomes. Available research also points to much higher rates of depression among young people in the last year (Howlett, bottoms, Chater, et al., 2021)."}, {"type": "sentence", "content": "Advice taken from experts in cognitive behavioral therapy suggest that we find ways to increase our contact with positive, pleasurable, rewarding activities that align with our goals. They stress that while you may not feel like doing these activities because you're already feeling sad or anxious and stressed, doing them anyway can brighten your mood and prevent you from slipping further into depression or anxiety."}, {"type": "sentence", "content": "Choose specific activities you can do each day, even for just a few minutes, do them even when you don't feel like it, and notice how much doing them improved your thoughts or feelings. Scheduling pleasant activities is a therapy technique often used to treat individuals with a variety of mental health conditions, including depression and anxiety."}, {"type": "sentence", "content": "Some evidence-based behaviors you might consider during COVID-19 restrictions (and beyond) to lift your mood include:"}, {"type": "sentence", "content": "1. Exercise."}, {"type": "sentence", "content": "Research is clear that aerobic exercise, including jogging, walking, cycling, gardening, and dancing can reduce anxiety and depression. Any kind of movement is linked to improvements in positive emotions. There is clear evidence for the effectiveness of exercise to support adults living with depression in the literature, and exercise may be a promising and acceptable intervention for young people living with depression (Howlett et al., 2021)."}, {"type": "sentence", "content": "2. Serve others."}, {"type": "sentence", "content": "Research shows that helping others can trigger the release of brain chemicals that help us feel good. Even a small bit of service can pull us out of our own funk. Baraz and Alexander, for example, talk about \"helpers high\" in their article in Greater Good Magazine. They say this about serving others:"}, {"type": "sentence", "content": "\"I think it's a very human thing to want to serve. It feeds something in the soul. If people look honestly, living their values counts more than money. If you're not aligned with your values it eats at you. When you are, something in you grows and comes alive. Each one of us has our own hidden purpose inside, and needs to uncover it and give it wings. Service is one of the things that gets us in touch with that most natural and true part of ourselves.\""}, {"type": "sentence", "content": "Baraz and Alexander (2010) explain that making a positive difference in people's lives is one of the best feelings you can know."}, {"type": "sentence", "content": "3. Read."}, {"type": "sentence", "content": "Decide to read a good book instead of \"vegging out\" on TV or electronics. Reading a book is associated with less stress and more positive psychological outcomes in several studies, which researchers say could help prevent you from feeling worse."}, {"type": "sentence", "content": "A 2009 study, for example, found that reading is a simple, effective method for reducing stress (Rizzolo, Zipp, Stiskal, & Simpkins, 2009). In fact, just 30 minutes of reading lowered participants' blood pressure, heart rate, and feelings of psychological distress just as effectively as yoga did (Rizzolo et al., 2009). Reading can reduce stress levels by up to 68%, even more than listening to music or going for a walk (Whiteman, 2017)."}, {"type": "sentence", "content": "Whiteman (2017) suggests that not only can reading slow cognitive decline, improve sleep, enhance social skills, and boost intelligence, it can also reduce stress. He says: \"Reading can transport us to another world, providing escape from life's everyday stresses, at least temporarily,\" and it can offer some real benefits for health and well-being."}, {"type": "sentence", "content": "Destress Monday advises that it only takes six minutes to immerse yourself in a story and reduce your stress levels. \"On Monday, start your week off in an entirely different universe before getting into the daily grind,\" they suggest. The simple act of reading slows down our heart rate and relaxes our muscles."}, {"type": "sentence", "content": "An added benefit: Reading also increases your emotional intelligence and empathy as you get inside the heads and lives of the story's characters. \"So, if stress is making you feel a little bit hostile towards people, reading might actually help you be nicer!\""}, {"type": "sentence", "content": "3. Chat with a friend."}, {"type": "sentence", "content": "Social support is often identified as a key component of strong psychological health. Social support involves having a network of family and friends you can turn to in times of need. Such relationships play a critical role in how you function in your day-to-day life."}, {"type": "sentence", "content": "Friends are an essential element in preserving mental health. They can provide acceptance and help you maintain a positive state of mind. Many times, however, when people feel down, they don't feel like interacting with others, and they tend to isolate. Research tells us that it's when you're depressed that it's most important to keep friendships intact."}, {"type": "sentence", "content": "Numerous studies show that social support helps buffer the negative effects of stress and depression in people from all walks of life (e.g., Brown, Wilson, Sweeney, & Van Horn, 2020; Matvienko-Sikar, Pope, Cremin, Carr, Leitao, Olander, & Meaney, 2020; Robinson & Weiss, 2020)."}, {"type": "sentence", "content": "Given that COVID-19 and related restrictions are linked to adverse mental health outcomes in general populations, including anxiety and depression, we cannot underestimate the power of social support as a stress-reduction component."}, {"type": "sentence", "content": "The bottom line"}, {"type": "sentence", "content": "Being intentional about filling our days with positive behavioral activities like exercise, serving others, reading, or chatting with friends may not be a cure-all for the intense sadness or anxiety that plagues many Americans right now, but it can definitely help. Research proves it!"}, {"type": "sentence", "content": "References"}, {"type": "sentence", "content": "Baraz, J., & Alexander, S. (2010, February 1). The helper's high. Greater Good Magazine. Retrieved from https://greatergood.berkeley.edu/article/item/the_helpers_high"}, {"type": "sentence", "content": "Brown, A., Wilson, D. K., Sweeney, A. M., & Van Horn, M. L. (2020). The moderating effects of social support and stress on physical activity in African American women. Annals of Behavioral Medicine, 55, 376-382."}, {"type": "sentence", "content": "Howlett, N., Bottoms, L., Chater, A., Clark, A. B., Clarke, T., David, L., Irvine, K., Jones, A., Jones, J., Mengoni, S. E., Murdoch, J., Pond, M., Sharma, S., Sims, E. J., Turner, D. A., Wellsted, D., Wilson J., Wyatt, S., & Trivedi, D. (2021). A randomized controlled trial of energetic activity for depression in young people (READY): A multi-site feasibility trial protocol. Pilot and Feasibility Studies, 7(6), 1-19. DOI: https://doi.org/10.1186/s40814-020-00734-7"}, {"type": "sentence", "content": "KFF.org. (2021). Adults reporting symptoms of anxiety or depressive disorder during COVID 19 pandemic. Retrieved from https://www.kff.org/other/state-indicator/adults-reporting-symptoms-of-anxiety-or-depressive-disorder-during-covid-19-pandemic/?currentTimeframe=0&sortModel=%7B%22colId%22:%22Location%22,%22sort%22:%22asc%22%7D"}, {"type": "sentence", "content": "Matvienko-Silar, K., Pope, J., Cremin, A., Carr, H., Leitao, S., Olander, E. K., & Meaney, S. (2020). Differences in levels of stress, social support, health behaviours, and stress-reduction strategies for women pregnant before and during the COVID-19 pandemic, and based on phases of pandemic restrictions, in Ireland. Women and Birth. DOI: https://doi.org/10.1016/j.wombi.2020.10.010"}, {"type": "sentence", "content": "Rizzolo, D., Zipp, G. P., Stiskal, D., & Simpkins, S. (2009). Stress management strategies for students: The immediate effets of yoga, humor, and reading on stress. Journal of College Teaching & Learning, 6(8), 79-88."}, {"type": "sentence", "content": "Robinson, S., & Weiss, J. A. (2020). Examining the relationship between social support and stress for parents of individuals with autism. Research in Autism Spectrum Disorders, 74, 1-10. DOI: https://doiorg/10.1016/j.rasd.2020.101557"}, {"type": "sentence", "content": "Whiteman, H. (2017, October 13). Five ways reading can improve health and well-being. Huffpost. Retrieved from https://www.huffpost.com/entry/five-ways-reading-can-imp_b_12456962"}], "topic": "mental-health", "uuid": "babc5ec057aa279a7d570ac0ad8323a96b747b7bd1b4139626fba303", "link": "https://labarberarobin.medium.com/4-powerful-ways-to-combat-depression-that-dont-involve-drugs-33aebc3612e2"}