{"title": "Marketing Mailbag: I want a freelance marketing gig, but I don't know where to start. Help?", "data": [{"type": "image", "content": "https://miro.medium.com/max/6000/1*ZuAqcWiUYlhLo4JAI34kuQ.png"}, {"type": "subtitle", "content": "\"Every time I try, I end up scrolling through Upwork and giving up.\""}, {"type": "subtitle", "content": "Advice from Veronica Wood Querales and Emily Vasquez:"}, {"type": "subtitle", "content": "Veronica Wood Querales, freelance marketing consultant at Into The Woods Marketing"}, {"type": "sentence", "content": "Good for you for deciding to do this, that's the first step done! As you have already discovered, the hardest part is deciding what to do next. Looking at how other people have started freelancing should be approached with caution as you don't always know their background. You need to create your own path based on your own circumstances. And I know - that's not easy when the internet is full of advice."}, {"type": "sentence", "content": "That being said, I suspect all freelancers would say that you need to be resilient and determined to get your first client. But once this happens, the rest will follow. My advice? Stop researching, and just start doing the work. Use this time to discover the type of clients you want to work with, and what services you want to offer. I recommend two ways to do this:"}, {"type": "sentence", "content": "Firstly, tell everyone you know that you are available for freelance work. And I mean everyone - your family, your friends, your ex-colleagues, the people at your gym, your kid's school, your book club. You get the idea. Either hand out business cards or pin them to noticeboards, or post on your favourite social accounts. Do this repeatedly. Somebody will know somebody who needs a freelancer."}, {"type": "sentence", "content": "And secondly, reach out to non-profits and local startups and offer your services either reduced, or for free, or a skill swap, in exchange for recommendations and examples for your portfolio. Here, you need boundaries: you do not want to make a habit of working for free and you shouldn't devalue what you, or other freelancers do. Do it for a good cause, and once you have an example or two, that's all you need."}, {"type": "sentence", "content": "At this stage, you need to be able to prove expertise. And to do this, you need practice, recommendations, testimonials and feedback. You are far more likely to get this from somebody who already knows you, or a mutual contact, than from a freelance marketplace. Plus, if you are just starting out, it's not ideal to trial your new service with a stranger on the internet."}, {"type": "sentence", "content": "I did these exact two things and it's how I launched my business. My first freelance work was pro bono for a domestic violence charity which proved to me that I could be a freelancer, and gave them some much-needed marketing support. They gave me a testimonial and work for my portfolio. I then posted on LinkedIn offering my services and my first clients were an ex-colleague, a friend of an ex-colleague and a friend's previous boss. And it's grown from there."}, {"type": "sentence", "content": "Good luck and keep going!"}, {"type": "subtitle", "content": "Emily Vasquez, Freelance Content Marketing Strategist"}, {"type": "sentence", "content": "I just made the leap from a full-time marketing role at an agency to freelancing full-time, so I totally understand that feeling of overwhelm. Coming into this, I knew that websites like Upwork and Fiverr wouldn't be what I'm looking for. The wages on those websites are pretty low and typically better suited for beginners - not for those with a strong marketing background."}, {"type": "sentence", "content": "As an introvert, I was worried about how I was going to find new clients and \"sell myself,\" but it has actually turned out great! I'm a content marketing strategist and writer and have made nearly 30k in my first three months without using Upwork or Fiverr."}, {"type": "sentence", "content": "Here's how I built a steady stream of clients with ongoing work quickly:"}], "topic": "marketing", "uuid": "bb10bbb1df8322104fabf899a29da92756cbf20329022227d7b976ae", "link": "https://bettermarketing.pub/marketing-mailbag-i-want-a-freelance-marketing-gig-but-i-dont-know-where-to-start-help-6cf75baa0ac2"}