{"title": "Linear Algebra Fundamentals for Data Science", "data": [{"type": "image", "content": "https://miro.medium.com/max/2896/1*QaYLbXfsgd2YrTyWrUmF0w.jpeg"}, {"type": "sentence", "content": "The goal of this article is to provide content for beginners who wants to understand enough linear algebra to be comfortable with certain data science concepts. You can get lost in the detailed mathematics and derivation and learning them would not help as much! I went through that journey myself and hence decided to write this comprehensive guide. So warm up and let's go!"}, {"type": "subtitle", "content": "Article Structure:"}, {"type": "sentence", "content": "1. Why learn Linear Algebra?"}, {"type": "sentence", "content": "2. Scalars, Vectors, Matrices and Tensors"}, {"type": "sentence", "content": "3. Some Terms in Linear Algebra"}, {"type": "sentence", "content": "4. Eigen values and Eigen Vectors"}, {"type": "subtitle", "content": "1. Why learn Linear Algebra?"}, {"type": "sentence", "content": "Why should you spend time learning Linear Algebra when you can simply import a package in Python and build your model? It's a fair question. So I would like to present a scenario to showcase why learning Linear Algebra is important, if you are learning Data Science and Machine Learning."}, {"type": "sentence", "content": "Think of this scenario:"}, {"type": "image", "content": "https://miro.medium.com/max/3820/1*qkWnkpgWkmJsnG7jewHwbA.jpeg"}, {"type": "sentence", "content": "What do you see when you look at the image above? You most likely said a dog -not too difficult. But, if I ask you to write that logic so that a computer can do the same for you - it will be a very difficult task (to say the least). Now, how would a computer store this image? You probably know that computers of today are designed to process only 0 and 1. So how can an image such as above with multiple attributes like color be stored in a computer? This is achieved by storing the pixel intensities in a construct called Matrix."}, {"type": "sentence", "content": "The overall data (image) can be seen as matrix. So any operation which you want to perform on this image would likely use matrices on the back end which is a part of linear algebra."}, {"type": "sentence", "content": "Furthermore, with an understanding of Linear Algebra, you would also be able to code algorithms from scratch and make your own variations to them as well. Now, this should be motivation enough to go through the material below to get you started on Linear Algebra."}, {"type": "subtitle", "content": "2. Scalars, Vectors, Matrices and Tensors"}, {"type": "sentence", "content": "The study of linear algebra involves several types of mathematical objects:"}, {"type": "sentence", "content": "Scalars: A scalar is just a single number, all numbers we know from algebra are referred to as scalars in linear algebra. For instance, the number [12] is a scalar."}, {"type": "sentence", "content": "What this looks like in python, we would use the NumPy functionality since they are optimized for such operations:"}, {"type": "image", "content": "https://miro.medium.com/max/900/1*x30Lo5Hq4dgxkABDjE6xnw.jpeg"}, {"type": "sentence", "content": "Vectors: A vector is an array of numbers. Vectors are used in science to describe anything that has both magnitude and a direction. They are usually drawn as pointed arrows, the length represents the vector's magnitude."}, {"type": "image", "content": "https://miro.medium.com/max/600/1*GytILsl_Bcp6y_2_4omK-g.gif"}, {"type": "sentence", "content": "If you only have magnitude, but not direction, then you are talking about scalars. Once you give the scalar some direction, it becomes a vector."}, {"type": "sentence", "content": "There are two types of vectors row vectors like [2,3,4] and column vectors like in the image below. Often, we are interested in the number of elements a vector contains. We refer to that number as the length of a vector. The row vector we just used as an example has a length of 3. Similarly, the column vector in the image has a length of?...you guessed it, 2."}, {"type": "image", "content": "https://miro.medium.com/max/1600/1*hBLI_5bZFpts_vt4h_3qRA.png"}, {"type": "sentence", "content": "Implementation in python, we would use the NumPy functionality since they are optimized for such operations:"}, {"type": "sentence", "content": "Matrix: A matrix is a collection of numbers ordered in rows and columns. Like this one, on the image right above. This matrix contains the numbers 1,2,3,4. Each of this values is an element of the matrix. So our matrix has a total of 4 elements. Generally, rows are denoted by 'i' and column are denoted by 'j'. The elements are indexed by 'i'th row and 'j'th column."}, {"type": "sentence", "content": "As a data scientist, you are using matrices all the time, but you probably don't know that (just yet). Any dataset you've used in the past can be thought of as a matrix - a rectangular array of numbers - rows and columns to be more specific."}, {"type": "sentence", "content": "Implementation in python:"}, {"type": "sentence", "content": "Tensors: Tensors are simply a generalization of the concepts we have seen so far. A tensor can be thought of as a collection of matrices and is easily understood as a multidimensional array."}, {"type": "sentence", "content": "Here's what this looks like in python:"}, {"type": "sentence", "content": "The shape of this tensor is a (2,2,3). This means the tensor contains 2 matrices, 2x3 each. Let's manually create a tensor now:"}, {"type": "sentence", "content": "The example above defines a 2x3x3 tensor as a NumPy ndarray. This means the tensor contains 2 matrices, 3x3 each. Now we have seen that tensors are a generalization of matrices and are represented using n-dimensional arrays. Tensor even appears in the name of Google's flagship machine learning library: \"TensorFlow\"."}, {"type": "subtitle", "content": "3. Some Terms in Linear Algebra"}, {"type": "subtitle", "content": "Eigen values and Eigen Vectors"}, {"type": "sentence", "content": "Eigen has some different meanings in German. The simplest means characteristics. So when we talk about Eigen values and Eigen vectors of a matrix, we are talking about finding the characteristics of the matrix."}, {"type": "subtitle", "content": "- What are they good for?"}, {"type": "sentence", "content": "Remember the cute dog picture at the beginning of this article? When you looked at the picture and identified it as a dog, what are some of the key information (principal components) you used to call it out as a dog? Is it not body, face, legs etc information? These principal components can be seen as eigen vectors with each one of them having their own elements."}, {"type": "sentence", "content": "Eigen vectors and Eigen values are the back bone of the Principal component analysis algorithm, an algorithm used to reduce dimensionality while training a machine learning model."}, {"type": "subtitle", "content": "Conclusion"}, {"type": "sentence", "content": "That's it for some basic essence of linear algebra for data science, if you have made it this far, give yourself a pat on the back."}, {"type": "subtitle", "content": "References"}, {"type": "sentence", "content": "[1] https://www.deeplearningbook.org/contents/linear_algebra.html"}, {"type": "sentence", "content": "[2] https://ocw.mit.edu/resources/res-18-010-a-2020-vision-of-linear-algebra-spring-2020/videos/index.htm"}], "topic": "data-science", "uuid": "bb6e4053bba4e050d9af546e55e7e8dd14fe1e916dedaaaff9bec1a8", "link": "https://fortune-uwha.medium.com/linear-algebra-fundamentals-for-data-science-28f2f1789044"}