{"title": "Standardized Testing in a Pandemic", "data": [{"type": "image", "content": "https://miro.medium.com/max/11520/1*JD5EZPEpSbfa-Ubvfml3Vw.jpeg"}, {"type": "sentence", "content": "It is testing season in education. Across the country, students, having survived the pandemic, are now sitting for standardized testing in their classrooms."}, {"type": "sentence", "content": "It has been such a weird year; my district has been face-to-face since August. We have had a virtual option for the few students who opted for that, but for the most part, my classes have been normal in number. Both students and teachers have been wearing masks all year long and as teachers we have been tasked with the constant cleaning and sanitizing, trying to ensure social distance, all of those pandemic sorts of things. We have had to manage kids on quarantine and try keep them caught up (I currently have about ten kids on quarantine)."}, {"type": "sentence", "content": "In relation to past years, this school year has been unprecedented and exhausting for both students and teachers."}, {"type": "sentence", "content": "Kids have had to deal with unemployed parents, stressors at home because of this, schedule disruptions, the constant, unrelenting fear of becoming exposed to Covid-19, and countess other factors that have added additional stress to their lives."}, {"type": "sentence", "content": "And so here is a standardized test intended to measure .... what exactly? How much you have learned this year? What the gap in learning might be because we did not get to test you last year? Whether you are ready to move on to the next grade?"}, {"type": "sentence", "content": "Add into this equation that we started school two weeks late; we were out one week for an ice storm, we had a hurricane, your teacher may have been out for weeks either in quarantine or with the virus, and we are testing five weeks early because we have to have time to make up tests for kids who are in quarantine."}, {"type": "sentence", "content": "What exactly are we measuring here?"}, {"type": "sentence", "content": "And is it fair? To anyone?"}, {"type": "sentence", "content": "Are we going to measure virtual students in the same way that we measure in-person students? Will we use this data to measure teacher performance? Will it count in the school performance score equation? Or are we just measuring to see \"where students are\" academically?"}, {"type": "sentence", "content": "Nobody really knows."}, {"type": "sentence", "content": "As a veteran educator, I can tell you exactly where my students are without this three-day exam. They are sitting in my classroom, wide-eyed behind their masks. They are tired. Many aren't sleeping well. Some have lost family members to this virus. They are struggling to understand the relevance of ELA standards in a pandemic world. They eat their lunches from plastic baggies, individually packaged. They are lathered in hand sanitizer and have their temperature checked at the entrance of each classroom. Their computers are wiped down all day long; they can't share pencils, pens, markers, or other materials. Some classrooms have plexiglass barriers or homemade shower curtain barriers."}, {"type": "sentence", "content": "It is a lot to ask of any kid right now."}, {"type": "sentence", "content": "Whether the student is in first grade or tenth grade, what they need right now is grace, patience, and structure. What they don't need is the added pressure of a high stakes test."}], "topic": "education", "uuid": "bbd1293222fc2fae34f5ebdf4ad97eaaa6a980a10b9d64e44196e26c", "link": "https://medium.com/age-of-awareness/standardized-testing-in-a-pandemic-93fa77b7a342"}