{"title": "What Factors Cause Stock Price Changes", "data": [{"type": "sentence", "content": "Recently, I stumbled upon a dataset on Kaggle regarding over 200 financial statistics of over 3800 companies. I've always wanted to know if stock price changes were related to the financial data of the underlying companies and if so which factors were more important. However, I had a low amount of optimism to start this project with as I knew that stock price changes were probably not closely related to any underlying companies because if there was a simple equation that could tell if a company's stock price would go up or down, there would be no need for analysts and strategists at the numerous competing financial firms (hedge funds and public equity holdings) that exist. While the dataset had info from 2014-2019, I decided to start my study by analyzing the 2014 data."}, {"type": "image", "content": "https://miro.medium.com/max/1976/1*pZVZRqmIUKkj6kGdo20Sag.png"}, {"type": "sentence", "content": "To be able to analyze the dataset properly, I did some preprocessing and cleaned up the data. The main thing I did though was to add two columns, PRICE VAR [%] and Class, with the first representing the stock price change percent from 2014 to 2015 and the second representing the binary data of whether a stock price increased or not with 1 representing an increase and 0 representing a decrease (or prices that stayed the same)."}, {"type": "sentence", "content": "As I was quite unclear how to approach the data, I decided to use multiple models ranging from linear regression to logistic regression to decision trees and finally to ensemble methods."}, {"type": "sentence", "content": "Starting with the easiest model, linear regression, I decided to test out specific factors and tried to find if they had correlations with the company's stock price changes. However, this ended up a massive failure as factors such as revenue growth, operating profit growth ended up not having almost any correlation with the stock price change. As can be seen in the diagram below, the RSME was very big despite all the values being small as they were all mainly between 0 and 1 (percent change). It was clear that there was no direct correlation between any of the factors and the stock price change"}, {"type": "image", "content": "https://miro.medium.com/max/2588/1*uZtkVlVumdDaH4uumJsPGA.png"}, {"type": "sentence", "content": "Now that I knew that linear regression was not going to work, I needed to figure out which factors had the greatest impact on the model and work on investigating more about those factors. Using a lasso model, I was able to figure out which factors had the greatest coefficient (I tried using ridge as well but it doesn't work out with models with numerous factors like the one I was working with)."}, {"type": "image", "content": "https://miro.medium.com/max/672/1*NjB--IfISHEcKRfKNf52ug.png"}, {"type": "sentence", "content": "Interestingly enough, I found out that the factors that had the greatest coefficients (Real Estate and Energy) were related to the one non-numeric data I had in the dataset-Sector. A new question now popped into my mind. If Sector has a possible influence on stock price change, would companies in a specific sector have a similar stock price change (industries usually do well or bad at the same time)."}, {"type": "image", "content": "https://miro.medium.com/max/4292/1*l3LvX-m5U4ji8E8nx9AMxA.png"}, {"type": "sentence", "content": "Using logistic regression, I would proceed to check if this question I had was true. In this model, I would be trying to sort companies into class (0 or 1) based on the companies sector. The result was surprising and there seemed to be some sort of relation between sector and class."}, {"type": "image", "content": "https://miro.medium.com/max/2624/1*KRoMTsNrdcLr5nDrZ1XFnQ.png"}, {"type": "image", "content": "https://miro.medium.com/max/2652/1*mf78w5znhssfz2o38cqlPw.png"}, {"type": "image", "content": "https://miro.medium.com/max/2296/1*hnNNEGb9LoUFcFGQph4ZnQ.png"}, {"type": "sentence", "content": "The main takeaway I got from this logistic model and my study on the Sectors was that although the individual sectors were relatively different their distribution in regard to each other stayed the same. For example, the graphs on the left show that although the four different growth factors are all very different, the distribution of the sector means are very similar, illustrating the importance of sectors and how companies from specific sectors relate to one another. This idea that companies in the same sectors are relatively similar is pretty believable as stocks of the same industry are often compared and therefore it would make sense for them to have similar data. Additionally, during a year macro and global changes often affect individual sectors and it would make sense that the macroeconomic changes in 2014 caused specific industries to do better while others do worse."}, {"type": "sentence", "content": "Now that I had a better understanding of the impact of Sector on Stock Price Change, I wanted to take a look at the factors excluding Sector. I proceeded to do this by producing a decision tree model. Using a decision tree of 5 levels, I was able to create a model that had an accuracy of 0.66 for the training data and 0.62 for the testing data. In the confusion matrix below we can see that the model is good at predicting a company's class (stock price change 0 or 1). However, it is not that great at labeling companies with a stock price that went up with a significant number of stocks that were classified as false negative."}, {"type": "image", "content": "https://miro.medium.com/max/1884/1*ocl0CY_04pj5LRQrqvabKA.png"}, {"type": "sentence", "content": "The reason I decided to use a decision tree of 5 levels was that after the 5th level, the model started overfitting and it was apparent that the testing data was doing significantly worse than the training data. At the 5th level, the model was able to develop a decent model that I would consider to be relatively successful as it is better than the dummy model that produced an accuracy of 0.58."}, {"type": "image", "content": "https://miro.medium.com/max/2192/1*PsVic_Nh265fElGsKOCYEA.png"}, {"type": "image", "content": "https://miro.medium.com/max/1748/1*uPwetxCeLSbRA7ECxeTQYw.png"}, {"type": "sentence", "content": "As can be seen from above, the decision tree was able to illustrate the most important factors and by using a feature importance model, I was able to find that the three most important factors were Deposit Liabilities, Invested Capital, and capitalExpenditureCoverageRatios."}, {"type": "sentence", "content": "However, while the decision tree model had pretty good accuracy, I wanted to see if using ensemble models would produce a model with an even higher accuracy. What are ensemble models you may ask? Ensemble Learning is building a prediction model by combining the strengths of a collection of simpler base models. My ensemble algorithm here will aggregate the predictions made by each individual base model and produce a single output prediction."}, {"type": "sentence", "content": "There are many different ensemble methods, and the ones that I used include both average bagging and boosting methods. To my surprise, both generic bagging and random forest bagging produced bad results. However, it can be sort of expected to not improve the previous decision tree model by much as all it does is average out models built on different sets of training data and having inconsistent training data was not the main problem I had with the previous models."}, {"type": "image", "content": "https://miro.medium.com/max/1508/1*IiZBQTuX7rMspboKYy7f5A.png"}, {"type": "image", "content": "https://miro.medium.com/max/1448/1*UQyhh2ytF4RlHcxV35dHtQ.png"}, {"type": "image", "content": "https://miro.medium.com/max/1952/1*5oiXtTFRyONs3ZwGoHVayA.png"}, {"type": "sentence", "content": "As can be seen from the classification report on the right the models have an incredibly bad recall and this creates a lot of false negatives. However looking at the other statistics, the bagging model is not as bad as it seems but it is clearly not as good as the decision tree model."}, {"type": "sentence", "content": "After investigating bagging, I moved on to boosting including models such as AdaBoost, Gradient Boosted Trees and XGBoost."}, {"type": "sentence", "content": "AdaBoost is a boosting algorithm that begins by assigning equal weights to all observations but based on the first set of predictions it starts to adjust the weights to increase for misclassified observations and reduced for correctly classified observations. This update keeps on going until we have a relatively accurate model. In comparison to bagging, it got a better recall of 0.43 compared to 0.41 of the boosting models."}, {"type": "sentence", "content": "Gradient Boosted Trees is another boosting algorithm but unlike Adaboost it re-weighs observations based on the prediction performance through residuals errors of the preceding models. Similar to Adaboost it has a recall of around 0.43 but in terms of its precision, it is way lower in comparison to the boosting models."}, {"type": "sentence", "content": "XGBoost is a boosting method that uses the gradient boosting (GBM) framework and is well known to provide better solutions than other machine learning algorithms. With a training data RMSE of 0.469583 and testing data RMSE of 8.410056, the XGBoost seems to have created a pretty error-free model that gives us a good idea of which factors have the most significance."}, {"type": "image", "content": "https://miro.medium.com/max/6356/1*SOFyVxCmrbSlNBGWhgey0g.png"}, {"type": "image", "content": "https://miro.medium.com/max/1936/1*3ML6LJ16IwbeUpkVAREUMQ.png"}, {"type": "sentence", "content": "As can be seen from the feature importance variables, Deposit Liabilities is the most important factor and most of the other variables have a significantly lower influence (with many having a value of 0.0). This is an interesting point because in an earlier study regarding the random forest model (including Sectors), Deposit liabilities was also the top variable when we looked at the feature importance for that model."}, {"type": "sentence", "content": "I also wanted to figureeout whether these factors are related to one another to ensure that we are not duplicating data."}, {"type": "image", "content": "https://miro.medium.com/max/3104/1*LA8Wx0paLMuh39mUSYlMww.png"}, {"type": "sentence", "content": "The heatmap above shows the top 15 most important factors and how they relate to one another. It is interesting that most of them have no relation to one another. However, Deposit Liabilities does have a 0.92 correlation with Tangible Asset Value. This is interesting as asset and liabilities are the two most fundamental statistics that a company has as it shows what the company is currently worth. Maybe there is some reasoning why both deposit liabilities and tangible asset value have something to do with the stock price change, as a company with a good balance sheet may seem safer to investors and become more desirable leading to an increase in the stock price of a company."}, {"type": "sentence", "content": "The last model I used was a voting classifier combining the best models that I have encountered and combining them together with a hard vote. In hard voting, we use majority voting to combine results from all the models and choose the outputs (0,1) for all values. In this model, we use an ensemble of RandomForestClassifier, Support Vector Machine, and Logistic Regression. In the end, we get a combined accuracy score of 0.65 which is quite good compared to the other models we have used before."}, {"type": "sentence", "content": "In conclusion, although, this study doesn't really give us any concrete evidence of any relationship between a company's financial factors and its stock price change, it gives us a better understanding of what factors have a higher than the normal correlation with stock price change."}, {"type": "sentence", "content": "After using data science models ranging from linear regression and logistic regression to decision trees and ensemble methods such as XGBoost, my study has found that Sector and Deposit liabilities have the greatest influence on stock price change. Many of the other factors have a close to 0 relations with stock price change. Most of the stocks that belong in one sector, seem to have similar financials and similar growth. This makes sense as this is why PE comparisons are often made between companies in the same industry. In regards to deposit liabilities my theory is that because investors are loss aversive, they focus a lot of attention on the companies' liabilities to the bank as it represents the company's independence from giant financial investors such as banks."}, {"type": "sentence", "content": "The most interesting question that this project has allowed me to understand is why stock prices are not correlated with the respective company's financials. Through my experience as an avid investor and through doing this study, I have realized that a company's price on the stock market is not determined by financials and crunched by numbers, it is instead determined by the judgments of investors. And as long-term thinkers, investors don't invest based on current financial numbers but instead on future numbers. Investors may instead focus their attention on politics, macroeconomics, and long-term trends that have longstanding effects on the future of specific industries/sectors."}, {"type": "sentence", "content": "The reason why the finance industry is so challenging is that there is no formula to allow for profit in the stock market. There is no guarantee for success and there is no investment without some sort of risk. This project has allowed me to have a better understanding of this concept and I hope to be able to continue doing this sort of data science project on the stock market and see if my hypothesis regarding the effects behavioral psychology and macro global trends have on stock price change is correct."}, {"type": "sentence", "content": "To see the code behind this study: https://chrislim1234.github.io/Final_Project_Lim_Chris.html"}, {"type": "sentence", "content": "To see my other data science work: https://chrislim1234.github.io/"}, {"type": "sentence", "content": "Kaggle Dataset: https://www.kaggle.com/cnic92/200-financial-indicators-of-us-stocks-20142018"}], "topic": "data-science", "uuid": "bc78ddbe856bd2528d34cb4c74aa49c654ebfa538e06d62c52ca39e7", "link": "https://chrislim190047.medium.com/what-factors-cause-stock-price-changes-3ce9e2d01ae2"}