{"title": "Not all tr", "data": [{"type": "sentence", "content": "Not all trauma lives out in the open. Sometimes, our trauma hides deep - in the places of accidental hurt we didn't realize we had. Are you stumbling at the final hurdle? Do you keep falling for toxic relationships, or the wrong opportunities? Believe it or not, your accidental trauma may be a root cause. Discover how some of the most common accidental traumas might be holding you back from getting where you want to be in life."}], "topic": "mental-health", "uuid": "bd464a0e4cb864add1e5e8b3773da9f821288eba3be524c2c4d51f6d", "link": "https://ebjohnson.medium.com/not-all-trauma-lives-out-in-the-open-835afab88c78"}