{"title": "Build an Impressive Resume (While Living Out Your Dreams)", "data": [{"type": "sentence", "content": "The internet is polarized about how young people should spend the first several years of their careers. There's one side that insists you should spend your twenties traveling the world, living your dreams, and postponing any big responsibilities and career moves until you're closer to 30. You're only young once, after all. Don't settle down before you have to."}, {"type": "sentence", "content": "The other side says to put your head down. Find a career. Start investing. Make big professional moves while you're young so that time and compounding can work their magic. Make the right career moves now to set yourself up for a fulfilled life doing work you enjoy."}, {"type": "sentence", "content": "Both roads sound pretty compelling. So, which one is right for you?"}, {"type": "sentence", "content": "I'm nearing the end of my twenties. I turn 29 in a few months. Looking back, I feel like I achieved the best of both options. Somehow I split the difference, managing to fulfill many lifelong dreams, while developing a serious career along the way."}, {"type": "sentence", "content": "In the past decade, I spent close to two years traveling the world, visiting Europe, Central America, and many US states across several multi-month trips. I moved to my dream city (Austin, of course), married the love of my life, and attended backstage some of the largest festivals and concerts in America. Meanwhile, I became an in-demand expert in my field as a SaaS copywriter, consulting for respected companies and writing for top-tier publications. I earn a good living doing what I love."}, {"type": "sentence", "content": "In other words, I took the middle lane. I believe you can build an impressive resume while simultaneously living out your dreams. These lifestyles are not mutually exclusive. But achieving both won't happen by accident, either. The key is to find the intersections where professional opportunities overlap with your curiosities and desires."}, {"type": "sentence", "content": "These opportunities aren't obvious on the surface. In fact, they're often so subtle, and so unique to your own desires, that they're hard to name unless you've performed them yourself. That's why for this article, I'm going to give five examples of this overlap from my own life and career. Hopefully these inspire you to find your own version of these opportunities."}, {"type": "subtitle", "content": "1. Score your dream creative job by volunteering at a nonprofit or startup"}, {"type": "sentence", "content": "All my life I wanted to be a writer. Immediately after high school, I spent two years volunteering at a local nonprofit as their only marketing writer. I covered my bills working blue collar jobs. Meanwhile, in my spare time I wrote everything for this nonprofit, from website copy to blogs to ghostwritten newsletters from the founder."}, {"type": "sentence", "content": "That experience quickly sparked referrals and paid work. When I finally decided to go all-in as a freelance copywriter, I had years of portfolio pieces to show my first clients."}, {"type": "sentence", "content": "I believe you could do the same thing with blogging, photography, acting, and editing. Volunteering for people and causes you believe in is a shortcut to building a career in these competitive creative fields."}, {"type": "subtitle", "content": "2. Meet your heroes (and build your network) by helping people promote their products and ideas"}, {"type": "sentence", "content": "I've had the privilege of meeting some amazing people over the years. Many of them were people I respected years before I met them, leaders in their respective industries. I didn't meet these folks at meet-and-greet conferences with a handshake and a photograph. No, almost all of these conversations took place because we worked together. I found ways to leverage my writing to help them accomplish their goals."}, {"type": "sentence", "content": "Here are a few ways I've achieved this:"}, {"type": "subtitle", "content": "3. Put on the events you want to attend"}, {"type": "image", "content": "https://miro.medium.com/max/2400/1*-zSD-2b9T5LkeD7UYgl3xg.jpeg"}, {"type": "sentence", "content": "I used to freelance in live event logistics. That means I worked behind the scenes on tours, conferences, and concerts across the country. These gigs often paid me to attend major concerts backstage, including shows like Rihanna, Drake, and The Cure. I got to put on events like SXSW and go on tours like Vans' Warped Tour."}, {"type": "sentence", "content": "If you live in or near a major city, it's usually not hard to find these opportunities online. Search event center websites or gig-related job boards like Craigslist. Major events require the contribution of a lot of people. And since these events only last a day or week, these companies rely heavily on short-term contract labor to bring events to life. Often you'll get paid $15 or more per hour, plus get free admission to your favorite events."}, {"type": "sentence", "content": "And once you make a couple connections with hiring managers, you'll likely get invited back again and again to work future events. I haven't staffed an event in a few years, but these gigs easily sparked some of my favorite memories of my twenties. And as a cherry on top, working events can quickly add a scroll-stopping section to your resume."}, {"type": "image", "content": "https://miro.medium.com/max/1708/1*7GxaK5HCAc8os4Vmh4xYSQ.png"}, {"type": "subtitle", "content": "4. Learn and practice in public"}, {"type": "sentence", "content": "One of the most rewarding things I've done for my career is writing and publishing often. Not only has it allowed me to practice a craft that I love, but writing is a hobby that's opened more professional doors than anything else in my career."}, {"type": "sentence", "content": "Even if you don't consider yourself a writer, there's still a lot of value in sharing what you're learning in public. I believe it's one of the best ways to expand your network and showcase your skills, all while satisfying your deep internal desire to create. You can write on a personal blog, find guest blogging opportunities, or even publish consistently on social media."}, {"type": "image", "content": "https://miro.medium.com/max/2374/1*_z1iTPPDx2ip9MYAbrTEZA.png"}, {"type": "subtitle", "content": "5. Backpack with a mission"}, {"type": "sentence", "content": "Travel is a joy to some people, and a total pain to others, especially when we're talking about long-term trips. I ventured on several multi-month trips to Central America throughout my teenage years and twenties. And one of the first trips even made it onto my resume."}, {"type": "sentence", "content": "I was still volunteer writing for the nonprofit when two friends and I decided to take a backpacking trip through Central America. The nonprofit worked extensively in that part of the world, so my friends and I floated the idea of partnering with the organization to do a research trip on their behalf. The founder loved the idea. Our two-month backpacking adventure doubled as a research trip that helped the founder and board make important decisions for the future of the organization."}, {"type": "image", "content": "https://miro.medium.com/max/2400/1*JZnAakDMgx6eCvlPzZi5qQ.jpeg"}, {"type": "sentence", "content": "A few years later, as my wife and I were planning a long travel trip across Europe and Central America, an entrepreneur friend almost sponsored some of our travel. He had a project that required long-term travel, and for a few months he considered hiring us to perform that work on his behalf. This never panned out, but easily could have."}, {"type": "sentence", "content": "Long-term travel is a huge value-add to certain companies and nonprofits. But it's hard to find employees willing to leave their homes for long stretches of time. If you're willing to do a little work alongside your trip, you can literally turn long-term travel into a paid vacation - or at least an opportunity to meet amazing people around the world on behalf of a cause you believe in."}, {"type": "subtitle", "content": "For fun and profit"}, {"type": "sentence", "content": "There exists a narrow path where career opportunities overlap with your deepest aspirations. When you discover activities along this fine line, it almost feels like cheating the system. You get to make meaningful strides in your career, while living experiences most people would pay for."}, {"type": "sentence", "content": "It's possible to live your dreams and meet your heroes, all while building career capital that you can leverage for years. The overlap can be subtle. And there's an argument to be made for not mixing work and play. But from my experience, some of the most fulfilling and adventurous things you can do at the beginning of your career involve spinning hobbies into professional pursuits."}, {"type": "sentence", "content": "It all just makes me wonder what adventures I'll get away with in my thirties... Something tells me that the best experiences are still ahead."}, {"type": "sentence", "content": "Enjoy this article? Sign up for my newsletter, The Craft & Business of Writing, for weekly tips about freelancing."}], "topic": "freelancing", "uuid": "c0d2adafdc26f3354d375b1aabce74e4ec4393333b58f8c6f1f8000f", "link": "https://medium.com/swlh/build-an-impressive-resume-while-living-out-your-dreams-c2a03426ccb0"}