{"title": "How To Ask For Design Feedback: 10 Top Tips", "data": [{"type": "image", "content": "https://miro.medium.com/max/3840/1*aU-fgm-dHHlxmwWhU7Aovg.png"}, {"type": "sentence", "content": "The best way to improve the effectiveness of your designs is to always be seeking quality design feedback. I say quality design feedback, specifically, because not all feedback is created equal."}, {"type": "sentence", "content": "Receiving quality feedback is very important for all designers, including graphic designers, web designers, product designers, and UX/UI designers, as well as other types of creative professionals. High quality feedback provides designers with an alternative point of view, which will ultimately help them improve both their current and future design projects."}, {"type": "sentence", "content": "Decent feedback is an especially important currency for designers. On an ideal team, there is ongoing collaboration between key stakeholders, including developers, designers, product managers, and clients. In order for projects to be successful, constructive routes for feedback must exist between everyone involved."}, {"type": "sentence", "content": "Like any other important conversation, a design feedback session can turn into a hurtful experience all too easily when there is a lack of empathy, or when the process is not well defined, or when egos get in the way of progress. Therefore, it's essential that all involved to master the art of good communication."}, {"type": "sentence", "content": "Here are a few tips for how to ask for feedback in a way that helps you get high-quality input that can move your project forward."}, {"type": "subtitle", "content": "1. State the goal of the project"}, {"type": "sentence", "content": "It's impossible to give high quality design feedback on something when you don't know what it is, or what it aims to be. Always begin by stating the goal of your project."}, {"type": "sentence", "content": "Design project goals can be defined as the purpose you set for your design, that will result in both the activity and feeling needed, in order to help users move towards their goal."}, {"type": "sentence", "content": "Good design goals are user goals or business goals, communicated as behavioral goals. For example, a business goal might be to \"increase the number of subscribers,\" leading to the behavioral goal \"get more people to submit the signup form\"."}, {"type": "sentence", "content": "Whatever the goals for your project, be sure to state them upfront."}, {"type": "subtitle", "content": "2. Present the problem, not the solution"}, {"type": "sentence", "content": "Be sure that your feedback session is centered around the problem your design is trying to solve, rather than the possible solution. This will help to keep the discussion open."}, {"type": "sentence", "content": "For example, saying \"I think this button should be orange\" doesn't offer any information about the problem. Instead, try saying, \"We need this button to stand out. What do you think?\" This is more likely to lead towards a collaborative conversation about different potential designs."}, {"type": "sentence", "content": "By focusing on the problem, you'll likely also get less subjective feedback based on people's personal preferences. You can also focus on similar questions like, \"How will people use this?\" or \"How will this solve the initial problem?\""}, {"type": "subtitle", "content": "3. Announce the type of feedback you want"}, {"type": "sentence", "content": "After sharing the goal of your project, and the problem you're solving, it's also good practice to tell people the goal of your design feedback session."}, {"type": "sentence", "content": "Just as writers ask for various kinds of feedback (like commenting, editing, and proofreading) designers can request different types of critique too."}, {"type": "sentence", "content": "For example, depending on the stage of a project and the problems you're tackling, you could be looking for:"}, {"type": "sentence", "content": "Usually, of course, all kinds of feedback are welcome. But in some cases, like when you're stuck on something very specific, it can be frustrating to have to field a much broader set of comments."}, {"type": "sentence", "content": "You can also avoid this by guiding your feedback session in a very organized way: get feedback piece-by-piece, with each one relating back to your overall goal for the session."}, {"type": "image", "content": "https://miro.medium.com/max/3840/0*B_2YDK9EfAnaUZmv.png"}, {"type": "subtitle", "content": "4. Control the environment by using the right tools"}, {"type": "sentence", "content": "If you're seeking feedback remotely by sending your mockups to a mentor, team member, or client, using a project management or team collaboration tool can be especially helpful."}, {"type": "sentence", "content": "My favorite tool for design feedback currently is Miro. The app allows you to easily ideate, organize insights, and create end-to-end design flows. With Miro you can share mockups, get feedback, and gather approvals all in one place and in real-time."}, {"type": "sentence", "content": "You can also seamlessly add Sketch, InVision, Adobe Creative Cloud and more to your Miro workflow through integrations."}, {"type": "sentence", "content": "Miro allows you to easily share your work through presentation mode and high resolution exports of board content. By controlling the environment of your designs in an app like this, collecting and tracking feedback becomes 10x more organized, and effective."}, {"type": "subtitle", "content": "5. Limit the options"}, {"type": "sentence", "content": "A great way to get specific, actionable design feedback is to limit the number of choices available."}, {"type": "sentence", "content": "For example, if you're unsure about the color of a button, but know there are only three appropriate colors in your brand's color palette or design system, display only those three options, and make it clear that other possibilities aren't available for that project."}, {"type": "sentence", "content": "Limit the number of designs you ask for feedback on as well. Don't overload your reviewer with too many items for a single discussion. Instead, focus on quality over quantity. Use approaching deadlines as a guide for deciding which pieces to ask for feedback on."}, {"type": "image", "content": "https://miro.medium.com/max/3840/0*7aj01GLDh2SoTKk3.png"}, {"type": "subtitle", "content": "6. Provide data to support your design decisions"}, {"type": "sentence", "content": "Referring to data gathered from testing or from a live product is a surefire way to get informed feedback. Data can prove the effectiveness of a design in a way that subjective opinion cannot."}, {"type": "sentence", "content": "Use quantitative data to define, and qualitative data describe. Both types of data are necessary to paint a complete picture. For example, suppose that you're redesigning your software company's free trial experience."}, {"type": "sentence", "content": "To fully understand the impact of a redesign, highlight quantitative data from before and after the redesign, like action-completion rates, conversions from free to paid accounts, and so on."}, {"type": "sentence", "content": "If you've conducted user research and testing, showcase any qualitative data available when discussing design decisions with your reviewer. Paired with personas, qualitative data will make sure that design feedback stays centered around user stories."}, {"type": "sentence", "content": "Remember, without supporting data your design might be weak-but without a story, your design could be meaningless."}, {"type": "subtitle", "content": "7. Provide multiple opportunities for feedback"}, {"type": "sentence", "content": "Don't fill design \"feedback\" sessions with your own thoughts or defenses of your design decisions."}, {"type": "sentence", "content": "Leave space for your reviewer to provide their honest feedback. You must ensure that the reviewer feels both comfortable giving you candid critique, and has multiple opportunities to provide feedback on each topic."}, {"type": "sentence", "content": "Coming back to a topic later on-after discussing the project in its entirety-can give both you and your reviewer a new outlook. Similarly, offering enough time to pause between topics and allowing for feedback to organically conclude, will help the review process."}, {"type": "image", "content": "https://miro.medium.com/max/3840/0*_M3sXdc_0GNU5Tt6.png"}, {"type": "subtitle", "content": "8. Ask specific questions, and then ask 'why.'"}, {"type": "sentence", "content": "Many people want to know specific questions to ask during a design feedback session. Here are some of the things Designlab UX Academy students are encouraged to ask during group critiques:"}, {"type": "sentence", "content": "Then, once your reviewer has given you their unique point of view, prompt them to take it a step further by asking, \"why?\" and if necessary, \"why?\" a few more times too."}, {"type": "subtitle", "content": "9. Ask them what they don't like"}, {"type": "sentence", "content": "While you should obviously understand what others do like about your design, be sure to also capture what they do not like."}, {"type": "sentence", "content": "This is kind of like that interview question \"How could our company could do better?\" This question makes it so that constructive criticism is almost required in order to properly provide an answer-after all, everything can be improved."}, {"type": "image", "content": "https://miro.medium.com/max/3840/0*WUOO_zptpGi7T5MS.png"}, {"type": "subtitle", "content": "10. Accept feedback gracefully"}, {"type": "sentence", "content": "Above all else, the best way to get helpful design feedback is to always accept it gracefully-both praise and critique. A guaranteed way to not get helpful feedback in the future is to come off as argumentative or too defensive when offered constructive criticism."}, {"type": "sentence", "content": "While receiving constructive criticism can be ego-bruising, it's important to receive it with tact and grace. Here are some tips on handling constructive criticism:"}, {"type": "sentence", "content": "Whether you're in design school, working on a design team, or design freelancing for clients, asking for design feedback is an integral part of any good design process."}, {"type": "sentence", "content": "Ensuring that feedback is high quality, through these helpful tips, is what will make your designs truly succeed."}, {"type": "sentence", "content": "Ready to up your UX design game? Check out our courses!"}, {"type": "sentence", "content": "Originally published at https://trydesignlab.com."}], "topic": "design", "uuid": "c166da1b0bc2eb937c2994fd921f1689e74d03f807f06b5556216060", "link": "https://trydesignlab.medium.com/how-to-ask-for-design-feedback-10-top-tips-c352d84b94de"}