{"title": "Making An FPS In A Custom Engine - How Hard Could It Be?", "data": [{"type": "sentence", "content": "Through this article, I would like to share my experience working on a very ambitious student project as well as my takeaways. There is also a production trailer here that you can check out!"}, {"type": "sentence", "content": "But first, here's some background about the project"}, {"type": "sentence", "content": "This game idea was for my final student project at DigiPen where students from the tech and design courses come together to make a game in 6 months, which is 2 semesters. The game will also need to be created in a custom engine built from the ground up by the tech students."}, {"type": "sentence", "content": "Right off the bat, our team of 10, 7 programmers and 3 designers, wanted to make a game that will push the envelope and challenge ourselves."}, {"type": "sentence", "content": "Additionally, I took on the role of Design Lead which meant I had to make decisions that push the game in the right direction as well as coordinate with the tech team to ensure the engine is able to support the design of the game."}, {"type": "sentence", "content": "So the journey to make The Defiant, the name of our game, began. The first challenge was to figure out how to make our game unique from other first-person shooter games, as well as making it work well in a cooperative setting. After much brainstorming, we had an idea."}, {"type": "sentence", "content": "Elemental Combinations"}, {"type": "sentence", "content": "The player can shoot 1 of 3 elements at any one time, but they are able to swap to another element by pressing a button. When an enemy is hit by an element, it is primed. When a primed enemy is hit with another differing element, an elemental combination is activated."}, {"type": "sentence", "content": "These elemental combinations are effects that make combat much more efficient for the players, such as causing an explosion that damages all enemies in the blast radius through combining the fire and electricity element."}, {"type": "sentence", "content": "It may be more difficult to activate these elemental combos in solo play. Hence, it encourages you to play this game with a friend, where both of you can communicate with each other to effectively activate these combos."}, {"type": "subtitle", "content": "Were we too ambitious with this game idea?"}, {"type": "sentence", "content": "In short, yes. Here's why."}, {"type": "sentence", "content": "1. We have never made a first-person shooter game before."}, {"type": "sentence", "content": "The main problem here is that we could not have a good gauge on how long making a game in this genre will take. Why is this so? The reason is simple, we do not know the challenges that this genre comes with. This also means that we do not know the workarounds as well as what we need to focus on in order to make a shooter feel good."}, {"type": "sentence", "content": "The consequence of this was a lot more time spent on learning and researching. A lot of effort was also put into refining all the rough edges that our game had due to the inexperience we have with this genre."}, {"type": "sentence", "content": "2. We barely designed combat scenarios in previous projects"}, {"type": "sentence", "content": "In our time in school, we have done numerous projects but very few focused on combat scenarios. Additionally, we have been working on 2D games all along."}, {"type": "sentence", "content": "Being the level designer on the team meant that I had to quickly learn how to build 3D spaces alongside learning how to design engaging combat scenarios."}, {"type": "sentence", "content": "3. First time making a full 3D game"}, {"type": "sentence", "content": "As mentioned, we have been building 2D games and now we are transitioning into 3D. It is a huge challenge to suddenly have an additional axis to worry about."}, {"type": "sentence", "content": "In a 2D game, the player is able to easily see what you have placed in the level as it is right there on the screen."}, {"type": "sentence", "content": "In a 3D first-person view, there is a chance that the player completely misses what you want them to see, which causes a lot of problems such as the player being lost and not knowing where to go."}, {"type": "sentence", "content": "4. No artists on the team"}, {"type": "sentence", "content": "If you play first-person shooter games like Call of Duty or the Borderlands series, you will know that aesthetics play a huge part in the overall experience. This meant that we had to make the game not only play well but also had to make it look good."}, {"type": "subtitle", "content": "Challenges Faced During Development"}, {"type": "subtitle", "content": "Difficulties of implementing gameplay in custom engine"}, {"type": "sentence", "content": "The designers started prototyping the mechanics and gameplay gyms in Unity while the tech team worked on getting Forge, our custom engine, up and running."}, {"type": "sentence", "content": "While getting a good prototype out was beneficial for the team to have a vision of the game, we overlooked the difficulty of recreating the same feel in Forge."}, {"type": "sentence", "content": "As Unity is a commercial engine, it comes with a lot of tools and quality of life features that allow us to push out content in a short amount of time."}, {"type": "sentence", "content": "This is not the case in a custom engine."}, {"type": "sentence", "content": "As the engine has to be built alongside the game, it is expected that the engine will not be very stable nor will it have the quality of life features early on. This meant that a task that would take minutes in Unity can take 1 or 2 hours in Forge."}, {"type": "sentence", "content": "For example, having a multi-select and duplicate feature will save so much time when building levels. As we did not have that early on in Forge, creating levels was a very tedious task."}, {"type": "sentence", "content": "However, I was determined to find a workaround for this problem in order to maximize the limited time that we had. Through Unity's FBX exporter, I found my solution."}, {"type": "image", "content": "https://miro.medium.com/max/1596/1*QV9ScWxBaIpO4_oxONzIIA.png"}, {"type": "sentence", "content": "I built the level in Unity, then exported the whole level, chunk by chunk, into separate FBX's which I then imported into Forge. This saved me countless hours of building and iterating on the levels."}, {"type": "sentence", "content": "While this issue will not be a problem if you are not using a custom engine, it is always good to know the limitations of your technology. This will allow you to better plan the best way to go about building your game."}, {"type": "subtitle", "content": "Camera Angles"}, {"type": "sentence", "content": "The game was not initially meant to be a First-Person Shooter. Instead, the intended camera view was an angled top-down camera similar to that of Diablo 3."}, {"type": "sentence", "content": "However, we soon felt that using this camera view is not the best at learning how to design 3D games as it does not showcase the 3D space very well."}, {"type": "sentence", "content": "We then explored Third-Person and First-Person camera views as those are the ones that AAA games usually adopt. Through researching, we learned why each camera angle is chosen over the other and how this choice directly impacts the player experience."}, {"type": "sentence", "content": "Apart from the player experience, the main reason we chose first-person over third-person is that lesser animations are required for a first-person view."}, {"type": "sentence", "content": "For anyone who is interested, this Gamasutra article by Caleb Compton provides a thorough insight on what kind of player experience each camera angle will provide."}, {"type": "subtitle", "content": "Making shooting feel good"}, {"type": "sentence", "content": "If there is one thing that is absolutely vital to a first-person shooter, it is that the experience of shooting the weapons needs to feel amazing. This can be achieved through numerous layers of feedback whenever the shoot button is pressed."}, {"type": "sentence", "content": "It was quite late until Forge was able to support the implementation of these crucial feedback layers. The main ones that hurt the shooting experience early on were the visual feedback of firing the weapon."}, {"type": "sentence", "content": "Despite that mountain of challenges we faced, I am proud to say we were able to make our shooting experience feel good to the point where players enjoyed just running around the level and shooting enemies."}, {"type": "subtitle", "content": "Creating engaging combat scenarios"}, {"type": "sentence", "content": "As the Level Designer in the team, this responsibility was mine to undertake. As mentioned earlier, I did not have much experience in this area but I saw it as a good challenge for me to improve my skills as an LD."}, {"type": "sentence", "content": "The feedback received from the first few designs was that players were acting without intention and were simply doing things because they had no other choice or paths. Simply put, the levels were very linear."}, {"type": "sentence", "content": "I then studied more levels by playing different first-person shooter games to see how their levels flow and provide options for the players. I also consulted my lecturer on how to craft better combat scenarios and he shared with me some useful tips that I can adopt."}, {"type": "image", "content": "https://miro.medium.com/max/3840/1*Nvbv3-jXaSmfPmPIRxBFRw.png"}, {"type": "sentence", "content": "The levels then went through dozens of iterations and playtesting until it finally felt and played right. This is simply the nature of designing levels, you come up with a plan at the start and the end result is completely different from what you had imagined in the first place."}, {"type": "subtitle", "content": "Creating art assets as non-artists"}, {"type": "sentence", "content": "We had planned to do a low poly art style to make it easy for us to model and texture assets, but that plan blew up when our instructor laid down the criteria of a realistic art style."}, {"type": "sentence", "content": "Now we had to add on learning the PBR pipeline to the pile of stuff we already have to learn."}, {"type": "sentence", "content": "For those unfamiliar with what PBR is, Physically Based Rendering (PBR) is a computer graphics approach that seeks to render images in a way that models the flow of light in the real world."}, {"type": "sentence", "content": "This basically meant that our efforts needed to create art assets just got doubled."}, {"type": "subtitle", "content": "COVID-19"}, {"type": "sentence", "content": "This will not come as a surprise to anyone, but COVID-19 made the development of this project 10x harder than it should have been. The team spent most of the development time apart which was very detrimental to communication."}, {"type": "sentence", "content": "In a normal working environment, if we needed to talk to each other, we simply walked over to the person and engage them. In the case of this project, we spent most of the time communicating through texts which really slowed down the communication between us."}, {"type": "sentence", "content": "On days that the team was together, progress skyrocketed. While it ground to a snail's pace when we were apart. So we took advantage of the days when we were together to push out as much content as possible. We also communicated any issues we have been facing as well as come to a solution on how to overcome them."}, {"type": "subtitle", "content": "Takeaways"}, {"type": "image", "content": "https://miro.medium.com/max/7680/1*ixGXfELpfA-vm2YIePtlog.png"}, {"type": "sentence", "content": "After 9 grueling months, The Defiant's development journey came to an end. While it may not have been the most perfect project, the lessons learned throughout this journey have helped me grow so much as a designer."}, {"type": "subtitle", "content": "Scope your projects"}, {"type": "sentence", "content": "This is the most important step before starting any project. We as designers need to scope the project well. Here are some things to consider before moving ahead with an idea for your project."}, {"type": "sentence", "content": "After considering all these, you will have a much better sense of whether it is a good idea to push ahead with. While pushing the envelope will help to take your game to the next level, it would be wise to not bite off more than you can chew."}, {"type": "subtitle", "content": "Study the genre you are trying to make"}, {"type": "sentence", "content": "This is super important in ensuring your game feels like it belongs to that genre. Many times, we as young designers say we want to make a game of this genre and simply start making it based on what we feel."}, {"type": "sentence", "content": "Oftentimes, this can lead to the game feeling out of place as it is missing very crucial features that make the game feel whole."}, {"type": "sentence", "content": "In the case of a first-person shooter, it requires:"}, {"type": "sentence", "content": "Imagine a first-person shooter where these features feel lackluster. It wouldn't feel much of a first-person shooter right?"}, {"type": "subtitle", "content": "Wrapping Up"}, {"type": "sentence", "content": "If you have read up to this point, I am very grateful. I hope that you have learned a thing or two from my experience and have a better understanding of how a first-person shooter game is developed."}, {"type": "sentence", "content": "The most important thing I would like all of you to remember is to scope your projects and understand the importance of studying the genre you are making. This will truly help make your games better as well as make your development journey much smoother."}], "topic": "gaming", "uuid": "c170d9be6da2e786f850356b9263e1a6c8a346558793b13cb9b3de65", "link": "https://medium.com/codex/making-an-fps-in-a-custom-engine-how-hard-could-it-be-552eb75fc7c9"}