{"title": "A Minty-Fresh Solution: Using a Menthol-Like Compound to Activate Plant Immune Mechanisms", "data": [{"type": "sentence", "content": "A menthol-like compound was found to boost the expression of genes that protect crop species from pest-related damage"}, {"type": "sentence", "content": "Certain chemicals can activate the innate defense mechanisms of plants, and researchers at the Tokyo University of Science are working on ways to use such chemicals as alternatives to harmful agricultural pesticides. These researchers have found that a compound derived from menthol can boost the expression of defense-related genes in soybeans, corn, peas, and other crop species. This finding may pave the way to green agricultural technologies that shield crops from pests while minimizing damage to the environment."}, {"type": "image", "content": "https://miro.medium.com/max/8960/1*Vq_VVI0CYMGq1hDd4DuJwQ.jpeg"}, {"type": "sentence", "content": "Although plants may look fairly inactive to casual observers, research into plant biology has shown that plants can send each other signals concerning threats in their local environments. These signals take the form of airborne chemicals, called volatile organic compounds (VOCs), released from one plant and detected by another, and plant biologists have found that a diverse class of chemicals called terpenoids play a major role as airborne danger signals."}, {"type": "sentence", "content": "Past studies have shown that soybean and lima bean plants both release terpenoid signals that activate defense-related genes in neighboring plants of the same species, and this chemically induced gene activation can help the plants protect themselves from threats like herbivorous pests."}, {"type": "sentence", "content": "In recent years, scientists have realized that the capacity of these chemical signals to boost plant defense mechanisms could make them useful pest control tools for agriculture and horticulture. One such scientist is Prof. Gen-ichiro Arimura of the Tokyo University of Science, Japan. Prof. Arimura notes that \"the development of agricultural technology to date has been largely reliant on the use of pesticides and chemical fertilizers, which has resulted in environmental pollution and the destruction of ecosystems.\" As a greener alternative to pesticides, terpenoid signaling molecules may help farmers continue their production of vital foodstuffs while lessening the associated environmental costs."}, {"type": "sentence", "content": "In pursuit of this goal, Prof. Arimura and his colleagues chose to investigate the terpenoid compound menthol, which is derived from mint leaves and can activate plant immune systems. The aim of this project, which the researchers describe in an article recently published in the journal Plant Molecular Biology, was to develop compounds that are structurally similar to menthol but improve upon menthol's ability to activate plant immune systems. The researchers therefore experimented with chemically modifying menthol by attaching amino acids, which are a structurally diverse set of compounds that living cells use to construct proteins. In total, the researchers synthesized six different menthol derivatives with attached amino acids."}, {"type": "sentence", "content": "The researchers then tested the resulting menthol derivatives to see whether the modified compounds could outperform unmodified menthol at activating plant defense mechanisms. To do this, they treated soybean leaves with either menthol or one of the six menthol derivatives to see which of the derivatives, if any, could outclass menthol itself at boosting the expression levels of two defense-related soybean genes after 24 hours of exposure. The found that only one of the modified compounds bested menthol, and this compound is called valine menthyl ester, or \"ment-Val\" for short."}, {"type": "image", "content": "https://miro.medium.com/max/1396/1*505KBuzAOxlvUdSMza8vZw.jpeg"}, {"type": "sentence", "content": "The researchers found that spraying soybean leaves once with a ment-Val solution boosted expression of the defense-related genes for three days, and a second spraying on the fourth day worked to boost the expression of those genes again. These findings suggest that ment-Val could provide sustainable pest control for farmers growing soybeans. Further experiments showed that ment-Val also increased the expression of defense-related genes in other crops, including peas, tobacco, lettuce, and corn. Ment-Val also proved to be quite stable under various conditions, which suggests that farmers would probably not lose the compound to degradation during storage."}, {"type": "sentence", "content": "Overall, these results suggest that ment-Val could be extremely useful as an alternative to the chemical pesticides that so many farmers rely on. Prof. Arimura notes that spraying ment-Val may be an effective way \"to reduce pest damage to soybeans and other crops.\" He has applied for a patent on ment-Val's use as a crop protection agent, and he predicts that the commercialization of ment-Val \"will generate billions of yen in economic benefits through its usage by companies operating in the fields of horticulture and agriculture.\" He also notes that ment-Val's anti-inflammatory properties could make it useful for human medicine."}, {"type": "sentence", "content": "The future is certainly going to be exciting for research into menthol derivatives like ment-Val!"}, {"type": "sentence", "content": "Reference"}, {"type": "sentence", "content": "Title of original paper: An amino acid ester of menthol elicits defense responses in plants"}, {"type": "sentence", "content": "Journal: Plant Molecular Biology"}, {"type": "sentence", "content": "DOI: 10.1007/s11103-021-01150-y"}, {"type": "sentence", "content": "About The Tokyo University of Science"}, {"type": "sentence", "content": "Tokyo University of Science (TUS) is a well-known and respected university, and the largest science-specialized private research university in Japan, with four campuses in central Tokyo and its suburbs and in Hokkaido. Established in 1881, the university has continually contributed to Japan's development in science through inculcating the love for science in researchers, technicians, and educators."}, {"type": "sentence", "content": "With a mission of \"Creating science and technology for the harmonious development of nature, human beings, and society\", TUS has undertaken a wide range of research from basic to applied science. TUS has embraced a multidisciplinary approach to research and undertaken intensive study in some of today's most vital fields. TUS is a meritocracy where the best in science is recognized and nurtured. It is the only private university in Japan that has produced a Nobel Prize winner and the only private university in Asia to produce Nobel Prize winners within the natural sciences field."}, {"type": "sentence", "content": "Website: https://www.tus.ac.jp/en/mediarelations/"}, {"type": "sentence", "content": "About Professor Gen-ichiro Arimura from Tokyo University of Science"}, {"type": "sentence", "content": "Dr Gen-ichiro Arimura is a Professor in the Department of Biological Science and Technology within the Faculty of Advanced Engineering at TUS, Japan. After completing his postgraduate education at the Hiroshima University Graduate School, he worked in the field of plant biology for several years before moving to TUS in 2013. A senior and well-respected researcher, he has more than 110 publications to his credit. His key research interests include plant biotechnology, ecology, and biochemistry."}, {"type": "sentence", "content": "Funding information"}, {"type": "sentence", "content": "This work was funded by the Japan Society for the Promotion of Science; the Japanese Ministry of Education, Culture, Sports, Science and Technology; the Japan Science and Technology Agency; the Fuji Foundation for Protein Research; and the Nagase Science and Technology Foundation."}, {"type": "sentence", "content": "Media contact"}, {"type": "sentence", "content": "Tsutomu ShimizuEmail: mediaoffice@admin.tus.ac.jp"}], "topic": "science", "uuid": "c226e50b44f2fc6b39b7741148b4163776befc43ce6df4e7656caedc", "link": "https://tokyouniversityofscience.medium.com/a-minty-fresh-solution-using-a-menthol-like-compound-to-activate-plant-immune-mechanisms-ffeeaba93f54"}