{"title": "Tuscan Morning", "data": [{"type": "image", "content": "https://miro.medium.com/max/9504/1*lwZqjUZtbGBfHZgpo_QqhQ.jpeg"}, {"type": "sentence", "content": "The window stood wide open and bright morning sun fell in wide stripes across the tiny room. The smell of coffee and fresh pastries floated in on a gentle breeze. Slowly opening her eyes, Jessica was greeted by gauzy curtains fluttering a cheerful \"good morning.\""}, {"type": "sentence", "content": "Swinging her legs off the bed and placing both feet on the cool tile floor, she stretching her arms toward the ceiling, feeling her spine pop and crack back into place. Noticing the billowing curtains, she whispered \"Good morning to you, too!\""}, {"type": "sentence", "content": "From her side of the bed, Jess could see the rooftops of neighboring buildings. The view was truly amazing, it was one of the reasons she'd picked this villa and this room, in particular."}, {"type": "sentence", "content": "With low peaked roofs, the tall stucco houses formed a jagged terrain with their terracotta roof tiles laying in straight lines, looking like freshly plowed fields. Over the past few days, Jess had only seen a few cars, another reason this village was appealing. Bicycles and scooters fit with the slow pace in this part of Italy."}, {"type": "sentence", "content": "Usually, she hopped right out of bed. But today, she was enjoying an unhurried morning, waking up in a bed that looked like a storm-tossed sea of white sheets and pillows. Sitting here in the quiet, her mind went to last night, playing it out bit by bit. She closed her eyes, remembering."}, {"type": "sentence", "content": "They'd had a simple dinner at a rustic ristorante just a block from where they were staying. Dinner was followed by passionate slow dancing and soft kisses. Finally, holding each other close, they walked back to their room in the centuries-old villa. Thinking of it made Jessica's heart swell."}, {"type": "sentence", "content": "And now Jess watched the smooth rise and fall of her lover's slow even breaths and felt a contentment she'd never known before. With a slight movement, the full length of a leg escaped from under the covers, exposing a thigh to calf Japanese dragon, tattooed on a leg muscled as only runner's legs are."}, {"type": "sentence", "content": "Jess noticed her hair-tie almost hidden under a pillow. It must have slipped off during last night's love-making. A sharp clatter of dishes and silverware coming from the piazza below brought Jess out of her thoughts. Picking up the hair-tie, she gathered her long hair into a loose ponytail and pulled on a t-shirt as she walked to the window."}, {"type": "sentence", "content": "Looking down from her window on the second floor, she saw a young woman in the piazza. She was whistling as she set up tables and umbrellas for the day. Stacks of chairs were separated and placed two to a table."}, {"type": "sentence", "content": "Jessica felt amazing. She was in Tuscany with the person she loved most in life. She woke up to clean air, a cool breeze, and a clear head. This was exactly where she wanted to be at this moment. This was exactly where she needed to be."}, {"type": "sentence", "content": "Jessica's stomach rumbled as she slipped on her Levi's and tennis shoes. Quietly closing the door behind her, she walked down the narrow staircase to the street. In just a few steps she would order her favorite Italian breakfast, crunchy biscotti to be dipped in a foaming mug of caff\u00e8 latte."}, {"type": "sentence", "content": "Stepping onto the street, Jess could hear soft music coming from a nearby ristorante. She walked across the cobblestoned piazza, her feet keeping time with the music. The uneven texture of the ancient roadway was meditative and she realized then her surprise couldn't wait until dinner."}, {"type": "sentence", "content": "In just a few minutes, Jessica was carrying a tray of crunchy biscotti and two steaming bowl-sized cups of caff\u00e8 latte. There were no \"to-go\" containers in this small village. The waiters knew their patrons would always return the cups and plates later."}, {"type": "sentence", "content": "At the top of the staircase, Jess opened the door with a quiet click of the latch and a nudge of her knee. Viewing the still figure lying in bed, her heart felt like it would burst, she knew her change of plans was perfect."}, {"type": "sentence", "content": "She carefully set the tray down on a side table and walked across the room to her suitcase. Silently inching the zipper open, she took out a small box and set it between the two coffee cups. Then sitting cross-legged on the bed, she placed a light kiss on the now upturned face and whispered \"Babe, babe...good morning.\""}, {"type": "sentence", "content": "A sleepy voice replied \"Good morning, Jessi-girl. Did you get us coffee?\" As blue eyes squinted open, a broad smile spread across lightly tanned cheeks."}, {"type": "sentence", "content": "Jessica pointed to the breakfast tray, then picked up the box. With both hands, she held it to her heart. \"I was going to do this at dinner tonight. But, this morning is just so beautiful, I couldn't wait.\""}, {"type": "sentence", "content": "Alexa looked straight into Jessica's eyes and without speaking held up her index finger in a \"hold on a minute\" motion. She leaned over, slid open the nightstand drawer, and picked up a small velvet bag. Untying the gold braided cord she let the single object fall into her hand. Holding it out, she answered \"Yes, I'll marry you. Will you marry me?\""}, {"type": "sentence", "content": "Laughing, they slipped the rings onto each other's fingers then fell back onto the bed."}, {"type": "sentence", "content": "Breakfast would have to wait."}, {"type": "sentence", "content": "Sydney Duke Richey writes from the heart. Inspired by everyday experiences, her poems, haiku and non-fiction come from a slice of her life.Sydney lives in the Pacific Northwest with her husband."}], "topic": "fiction", "uuid": "c4e7eee433b8df7748cd331dc1f48445cd7d5452437db2486f31c359", "link": "https://psiloveyou.xyz/tuscan-morning-99391c2039fb"}