{"title": "What to Do When You Want to Do Literally Anything That's Not Your Day Job", "data": [{"type": "image", "content": "https://miro.medium.com/max/6048/1*TCCS7fPgS74LDkAZNNeLGQ.jpeg"}, {"type": "sentence", "content": "I've been having a heck of a day. The harder I'm trying to kick myself in the butt to do some work for my actual grown-up, adult, full-time job, the less I seem to get done."}, {"type": "sentence", "content": "I can't stop thinking about other things. Businesses I want to start. Paintings I want to make. Courses I want to take. Courses I want to create. Songs I want to write. Articles I want to write. It's driving me absolutely haywire."}, {"type": "sentence", "content": "I work full-time as a strategy manager, but it feels like this is just a mold I have to shrink my complete self into every day. I feel like I'm stuck being Bruce Wayne when every inch of my being is burning to break out into Batman (only way less cool). I've found that the issue is the constant fight between my two brains."}, {"type": "subtitle", "content": "Dueling for My Attention: Brian vs. Kenny"}, {"type": "sentence", "content": "The part of my brain that thinks about life in an objective, theoretical, and boringly analytical way (I call him Brian) knows I need to give my day job my full 100%, cause we need it to buy food from the supermarket."}, {"type": "sentence", "content": "My idiot monkey brain who hates cooking with instructions and is always down for a spontaneous drink (I call him Kenny) is like a kid. He just wants to play all the time: write blogs, make music, make art, watch course videos and go on walks. He most definitely does not agree with Brian. And honestly, I'm also not sure if I agree with Brian. He brings up some good points in favor of survival, but where's the fun in that?!"}, {"type": "sentence", "content": "As you can probably tell, I'm definitely a little torn on which direction to head in with my life. But for the time being, I know I like my job on most days, and going through ruts every now and then is just a part of life. With that, I've committed to getting better at focusing on my job for now when Kenny is trying his utmost to watch painting tutorials again."}, {"type": "sentence", "content": "These are the things that work best in regaining focus on what I should be doing."}, {"type": "subtitle", "content": "1. Tolerate No Bullsh*t from Kenny"}, {"type": "sentence", "content": "If you procrastinate your to-do list way too much for your liking, there's a good chance that Kenny, the childlike monkey brain, has just a little too much power. If you've wasted away your day that you should have spent on being a productive adult, Kenny was behind the steering wheel. Is that smart? Would you put a child behind the wheel? No. So Kenny needs to tone it down a notch."}, {"type": "sentence", "content": "Take back control. Your monkey side of the brain can fool around for a little bit, but it can absolutely not take over your entire day. Be strict and think long-term. If you keep procrastinating your tasks forever, where would you end up?"}, {"type": "subtitle", "content": "2. Pomodoro at Least Once"}, {"type": "sentence", "content": "Pomodoro, the technique where you focus for 25 minutes and then take a quick break, isn't great for me personally. I like to do longer chunks of focus time rather than being awoken from the zone every half an hour."}, {"type": "sentence", "content": "But if I'm having a particularly tough time getting things done on a certain day, it is the perfect way to trick your brain into thinking you're only going to do work for 25 minutes. Because you might."}, {"type": "sentence", "content": "The point here is to make it super easy for yourself to get a win. If even 25 minutes is a particularly long stretch for you, make it just 5 minutes. The key here is just to start up the momentum - once you have it, it will be much easier to keep it up."}, {"type": "sentence", "content": "Starting is always the most difficult, but if you keep in mind you'll only do it for just a few minutes, it becomes much easier."}, {"type": "subtitle", "content": "3. Give Kenny a Treat Every Now and Then"}, {"type": "sentence", "content": "If you go on a road trip, you don't let your toddler sit behind the wheel. But after hours' worth of driving, the kid may start yammering or crying. And that's completely understandable."}, {"type": "sentence", "content": "No kid likes to be sitting quietly strapped into a car seat the whole day, so every now and then, you'll stop, have a snack, let him watch cartoons to calm him down, and then the trip can peacefully continue."}, {"type": "sentence", "content": "It's the same thing with Kenny. You're going to have to give him something every now and then. If you've had a long focus block and you made some real progress in your projects, reward yourself."}, {"type": "subtitle", "content": "4. Create a Clear Roadmap"}, {"type": "sentence", "content": "I mentioned that most of the things that continuously steal my attention away from my day job are related to projects and things I want to start up in my personal life. They're all somehow tied into some greater goal of making the most out of my off-hours, whether it's by creating music, art, or potential businesses."}, {"type": "sentence", "content": "If the urge to pursue these is so big that you eventually want to substitute your day job with a side hustle or creative venture, it's key to have a game plan in mind."}, {"type": "sentence", "content": "Not only will this give you some grip on when you could potentially quit your day job, but it will also give you clarity on how much time you should spend in your off-hours to get to that point."}, {"type": "sentence", "content": "If you create a clear roadmap for your projects, two things will happen:"}, {"type": "subtitle", "content": "Final Thoughts"}, {"type": "sentence", "content": "I'm all for taking leaps, being courageous, and sticking it to the 9-5. I hope I'll get there sooner than later."}, {"type": "sentence", "content": "But if you're somewhat like me and are now in an awkward middle phase where you can't wait to start up your own businesses but also still like your day job, you'll have to commit to showing up focused and committed for your day job."}, {"type": "sentence", "content": "Who knows, it might be your last 9-5 ever. Enjoy it while it lasts."}], "topic": "productivity", "uuid": "c64d0fda4e7237407ff82cbc7deb3f8259d039b543047db4f697f712", "link": "https://medium.com/the-ascent/what-to-do-when-you-want-to-do-literally-anything-thats-not-your-day-job-2d5bbcb03b6d"}