{"title": "And So I Leave", "data": [{"type": "sentence", "content": "At dawn, I venture outOf our newly ended life togetherYou say you found someone newWho is better than me"}, {"type": "sentence", "content": "I hold in a sighNot letting it escape within your hearingTears prickle my eyesAnd so I turn my head away"}, {"type": "sentence", "content": "Feigning nonchalanceLike our breakup means nothing to meI stride from our home and into my new world"}, {"type": "sentence", "content": "Desolation has found a new homeWithin my soul spaceAs I load up my carI'm an emotional wasteland"}, {"type": "sentence", "content": "I don't know where it came fromYou're desire to leave meI thought we were happyAt least I was"}, {"type": "sentence", "content": "I am not so self-centeredTo think I've been blamelessBut at this momentI know nothing,"}, {"type": "sentence", "content": "Of what happed to end our hopesBorn from our high school romance Of growing old togetherAs was once our dream"}, {"type": "sentence", "content": "I wish I could sayThat I wish you wellAnd with your new partnerYou'll be happier than with me"}, {"type": "sentence", "content": "But I can't, and I don'tI want what will never happen, I knowI want us back together To rebuild our dreams"}, {"type": "sentence", "content": "But in my heartI knowThis will never beSo I leave our home, for the last time"}], "topic": "fiction", "uuid": "c74c3ea6e3e6f355bea75c3257591f44013cba45cc5d9c88ee413306", "link": "https://medium.com/the-lark/and-so-i-leave-f4bc8eb5c528"}