{"title": "Signal denoising using Fourier Analysis in Python", "data": [{"type": "sentence", "content": "We look into the basics of Fourier analysis and learn to apply it to the synthetic and real signals to remove noise"}, {"type": "image", "content": "https://miro.medium.com/max/4156/0*CUz52SiGv69AV4Bl.png"}, {"type": "sentence", "content": "Fourier analysis is based on the idea that any time series can be decomposed into a sum of integral of harmonic waves of different frequencies. Hence, theoretically, we can employ a number of harmonic waves to generate any signal."}, {"type": "sentence", "content": "In this post, we will use Fourier analysis to filter with the assumption that noise is overlapping the signals in the time domain but are not so overlapping in the frequency domain."}, {"type": "subtitle", "content": "Import libraries, create a signal and add noise"}, {"type": "sentence", "content": "We created our signal by summing two sine functions at different frequencies (50Hz and 120Hz). Then we created an array of random noise and stacked that noise onto the signal."}, {"type": "subtitle", "content": "Perform Fast Fourier Transform"}, {"type": "sentence", "content": "Numpy's function returns the one-dimensional discrete Fourier Transform with the efficient Fast Fourier Transform (FFT) algorithm. The output of the function is complex and we multiplied it with its conjugate to obtain the power spectrum of the noisy signal. We created the array of frequencies using the sampling interval ( dt) and the number of samples ( n)."}, {"type": "image", "content": "https://miro.medium.com/max/5172/1*RR88WQVQ9dxaVbpnTM8fzA.png"}, {"type": "subtitle", "content": "Filter out the noise"}, {"type": "sentence", "content": "In the above plot, we can see that the two frequencies from our original signal are standing out. Now, we can create a filter that can remove all frequencies with amplitude less than our threshold."}, {"type": "subtitle", "content": "Visualization the results"}, {"type": "image", "content": "https://miro.medium.com/max/5500/1*PCl40BUQYv-o7GG1Brl6oA.png"}, {"type": "subtitle", "content": "Real data denoising using power threshold"}, {"type": "sentence", "content": "I have a recording of the accelerometer data using the PhidgetSpatial Precision 0/0/3 High Resolution. I converted that into Miniseed format for easy analysis."}, {"type": "image", "content": "https://miro.medium.com/max/4900/1*7qWJ29CXo1-ISa64jQPRhQ.png"}, {"type": "subtitle", "content": "Obspy based filter"}, {"type": "sentence", "content": "Obspy made our task much easier by introducing the filter functions. Here, I made use of the Butterworth-Bandpass filter. For details about different kinds of filters, you can see its documentation."}, {"type": "sentence", "content": "In this example, I used a passband low corner frequency of 0.01 and a high corner frequency of 3 Hz based on the frequency spectrum obtained above."}, {"type": "image", "content": "https://miro.medium.com/max/3120/1*T08r6yoCbnkCUUk479ucbg.png"}, {"type": "subtitle", "content": "Conclusions"}, {"type": "sentence", "content": "In this post, we only used the basic kind of filter to remove the noise. With the advanced filter, we can have more control in the removal of the frequencies but the overall concept is very similar. In the next post, we will see how we can use wavelets to remove the noise."}, {"type": "image", "content": "https://miro.medium.com/max/4156/0*SonQsZq-OiULltJz.png"}, {"type": "sentence", "content": "Originally published at http://www.earthinversion.com on April 29, 2021."}], "topic": "data-science", "uuid": "c8f52a2d6164f07c9ce7b543277279820d24d44f2962beb9bd902313", "link": "https://utpalkumar.medium.com/signal-denoising-using-fourier-analysis-in-python-41733d280eb9"}