{"title": "Can You Make Money Writing About Anything?", "data": [{"type": "image", "content": "https://miro.medium.com/max/2400/1*56KF3Ihvx4I6D9PCRDp1Bw.png"}, {"type": "sentence", "content": "Is it possible to make money writing on any topic? Some writers wonder if an obscure topic can make money or if popular topics have already been oversaturated. When it comes to monetization, these aren't the right thoughts to focus on. You can make money writing about any topic, but the path to monetization is different based on the topics you select."}, {"type": "sentence", "content": "At its core, making money as a writer has three simple prerequisites."}, {"type": "sentence", "content": "#1: You write about a topic. This is simple enough."}, {"type": "sentence", "content": "#2: You attract an audience of people who care about that topic. If no one knows about your writing, you have no shot at making money from your craft. Growing an audience takes time, but the investment is well worth it."}, {"type": "sentence", "content": "#3: You have a way to monetize. Writing the best content doesn't ensure you get paid. You'll need a product or service to start making money."}, {"type": "sentence", "content": "The first prerequisite isn't the problem. It's the latter prerequisites. You first have to attract an audience for your content and then have a way to monetize it."}, {"type": "subtitle", "content": "Building Your Audience"}, {"type": "sentence", "content": "Regardless of what topic you write about, building an audience will take considerable time...especially if you want to become a full-time writer. Start by looking for writers who write about the same topic as you. If you can find a popular writer who writes about the same thing as you or something similar, there's proof in the concept."}, {"type": "sentence", "content": "Most people make the mistake of focusing on their audience numbers and using that as their measurement of growth. Getting 50 followers each week instead of 30 followers each week is seen as a big upgrade."}, {"type": "sentence", "content": "Getting a few extra followers each week isn't audience growth. Relationships are audience growth. Strive to build new relationships each day rather than passively waiting for your follower numbers to go up."}, {"type": "sentence", "content": "Not only should you build relationships with people in your audience, but you should also build relationships with writers in your industry. Many writers grow their audiences through collaboration. They'll promote each other's work, so their audiences cross pollinate with each other. Perform these types of partnerships with enough writers, and you can quickly scale up your platform."}, {"type": "sentence", "content": "As you grow your audience, you'll get a better understanding of what type of content they like the most. You can look at the data from your blog posts and book sales to determine which topics you should focus on for your brand."}, {"type": "subtitle", "content": "The Different Paths To Monetization"}, {"type": "sentence", "content": "Monetization is where things can get a bit hairy. Every writer has access to the same basic options, but some writers have access to more income streams than others."}, {"type": "sentence", "content": "Every writer can write blog posts with Google AdSense in the background and sell books. Some writers make a full-time income just from those two income streams, but it's a more challenging path versus incorporating additional income streams."}, {"type": "sentence", "content": "Creating training courses and services around your content and leveraging affiliate marketing (i.e., promoting products for a small commission per sale) are great ways to make additional income as a writer. Some writers make the majority of their income through these income streams and use their writing to gain visibility."}, {"type": "sentence", "content": "For some writers, it's clear how to leverage these income streams. A book about content marketing can easily be turned into a content marketing course."}, {"type": "sentence", "content": "For other writers, the path isn't as clear. A book about wizards may not have a viable path to a training course. For the less clear transitions, some creativity can get you past the finish line."}, {"type": "sentence", "content": "I know of several fiction authors who create courses about how to be a great fiction author. Although you can't create a training course about how to be a wizard based on the contents of your fiction book, some people will be impressed by your book and want to learn how they can write a fiction book as good as yours."}, {"type": "sentence", "content": "This can lead into tutorials about writing great fiction and the tools you use to optimize and publish your books (i.e., affiliate links for those resources). You can also teach people about your writing routines so they can write better and be more productive."}, {"type": "sentence", "content": "Any writer can make money writing on any topic, but you have to be flexible with your approach. The most successful writers spend more time marketing themselves than creating additional content. Not to say they don't write, but if they write an hour each day, they're likely marketing themselves for about 2 hours each day."}, {"type": "sentence", "content": "Most writers who don't make it only focus on writing. When you focus on marketing and monetization, you increase your chances of becoming a full-time writer later down the road."}, {"type": "sentence", "content": "Want to learn how to make money investing in the stock market? Join the \"Become A Better Investor\" newsletter today."}], "topic": "marketing", "uuid": "c93b46f5c7159a97cc1cab7c6ad960b67a71f3d3ec06637be46a248c", "link": "https://themakingofamillionaire.com/can-you-make-money-writing-about-anything-f05a4d9cb81f"}