{"title": "3 Practical Techniques to Obliterate Monotony in Freelance Writing", "data": [{"type": "image", "content": "https://miro.medium.com/max/1280/1*QMvO3SDOQew9cfHOY8oQng.jpeg"}, {"type": "sentence", "content": "Freelance writing can be an exciting job when you first start out on your journey. The clients are varied, the topics are diverse, and while you don't have the luxury of picking and choosing your projects (you should, actually), at least there's a lot of variety."}, {"type": "sentence", "content": "Fast-forward 3, 5, or 10 years and you feel you're stuck in a rut, covering the same companies, products, or subjects over and over. By now, it feels a lot like the \"job\" you were trying to get away from in the first place. You're bored, tired all the time, sleepy at the keyboard, and generally frustrated with how hopeless things look on the creative front."}, {"type": "sentence", "content": "But it doesn't have to be that way. I've been writing for 10 years now for different public-access platforms, members-only online publications, blogs, websites, eBooks, landing pages, marketing collateral, SEO sites, and even a print magazine or two. I've found that it is critical for full-time writers to keep themselves fresh and enthusiastic - and, most importantly, continually challenged."}, {"type": "sentence", "content": "Here, I offer 3 techniques that have worked wonders for me over the years. They will help you literally obliterate monotony and boredom, and I don't use that verb lightly."}, {"type": "sentence", "content": "All the advice you'll get here is from my own personal experience and experimentation. Of course, not all the techniques here will work for everyone but I recommend trying them out for a few weeks at least to see what works for you."}, {"type": "sentence", "content": "Let's get started..."}, {"type": "subtitle", "content": "Technique #1: Go above and beyond in your research"}, {"type": "sentence", "content": "Research is critical."}, {"type": "sentence", "content": "A lot of writers tend to read a few broad articles on a particular topic and then jump in and start writing about it. From my experience, that's like putting on paint without first using a primer. The paint will peel off quickly as the reader progresses through your article. They'll know that your research was perfunctory and your knowledge of the subject is minimal, at best."}, {"type": "sentence", "content": "To understand any topic so you can write in an engaging manner, you need to do your homework. That involves the following:"}, {"type": "sentence", "content": "Did I mention research is important? The extent to which you're willing to push the limits of your knowledge on a near-constant basis will determine your level of success. And it's not just in writing."}, {"type": "sentence", "content": "That, my friend, is the best way to permanently murder monotony and bury boredom as you write your way forward."}, {"type": "sentence", "content": "An expert will never become bored of her area of expertise because, once you reach a level of proficiency, a new passion - a second-wind passion - sets in to complement the one you might have initially had for that subject."}, {"type": "sentence", "content": "The reality is, no subject is boring. As one primary school teacher used to say: \"Only the boring become bored.\""}, {"type": "sentence", "content": "Think about that."}, {"type": "sentence", "content": "Being bored is a state of mind that fools you into thinking that the object of your focus is what's boring. It's actually on you!"}, {"type": "sentence", "content": "Whoa! What a paradigm shift!"}, {"type": "sentence", "content": "On the other side of that coin, any subject can be boring if you don't have a passion for it. For some, it's chemistry; for others, it's math. The trick is to become enough of an expert so that 'second-wind passion' can kick in."}, {"type": "sentence", "content": "To be honest, I'm dying to start writing about investing again. It's been three years since I left that platform but I've been keeping my 'learning engine' running. I recently decided to do something about it and get myself certified as a Securities Analyst. That's on my to-do list in 2021 and I'm going to get it done no matter what. I'm 45. Too old to start something new? Who cares? All that matters is that I do."}, {"type": "sentence", "content": "Believe me, if you gave me a task to write a 100,000-word eBook on earthworms, I will gladly take up the challenge today. If it pays what I ask, of course. And it's only because I know I'll become fluid on the topic in a matter of weeks, if not days. That passion will come, and it will sustain me through the end of that project... and the next, and the next..."}, {"type": "sentence", "content": "To summarize, if you're willing to dive into research, no topic will be boring and you'll never get into that rut of monotony ever again."}, {"type": "subtitle", "content": "Technique #2: Switch and cycle through multiple projects"}, {"type": "sentence", "content": "I've been writing for a well-known software company for the past three years. They have about half a dozen products that they upgrade once a year. Once I'd been with them for about a year, it started getting a little bit boring. Writing for software is one of the dullest tasks you can be assigned. But it's good money so I couldn't let it go."}, {"type": "sentence", "content": "Unfortunately, I couldn't expand my knowledge too much because I couldn't go outside the scope of their products. So Technique #1 wasn't very helpful."}, {"type": "sentence", "content": "Instead, what I did was to take up two more projects in two completely different niches - managing a relationship blog and creating content for landing pages. Of course, I had my other regular clients in business and technology but I needed something different. Something fresh."}, {"type": "sentence", "content": "The reason I looked for something vastly different from what I'd been doing thus far was that it would be a way for me to 'get distracted in a productive manner.' Every time the software writing would start putting me to sleep, I switched to starting or finishing another edit on the blog or work on a pending landing page."}, {"type": "sentence", "content": "This way, if I juggled at least three projects at any given time, I could conveniently switch my brain to multiple modes and cycle through them over the course of a working day."}, {"type": "sentence", "content": "I'd start the day writing on the boring project and switch after 20 to 30 minutes. I'd write three paragraphs, stop, get up, stretch, and start again on a different piece. I'd cycle through two or three other projects and get back to the software writing right before lunch for a final 30-minute session."}, {"type": "sentence", "content": "Do you know what the result of that was? Freedom from boredom! I was never bothered by monotony again."}, {"type": "sentence", "content": "I urge you to consider this as a viable way to avoid the drudgery of freelance writing because it's different from the technique where you take frequent breaks to help shrug off that sheer boredom of writing 10,000 words on something you have zero interest in."}, {"type": "sentence", "content": "This technique made me far more productive than I'd ever been so I knew I'd stumbled on something deeply valuable. I have used it ever since. Each time I get bored or sleepy because the topic is particularly somniferous, I use the old bait-n-switch technique to keep myself awake and alert."}, {"type": "sentence", "content": "Naturally, you have to be prepared to eventually return to that onerous task, but if you have multiple projects going on and you take turns hacking at each one for less than 30 minutes at a time, it solves your monotony problem."}, {"type": "sentence", "content": "More importantly, it also yields a different but equally desirable outcome. Since you're literally 'cycling' through several projects simultaneously, you tend to get all of them done faster. It takes the boredom out and, along with it, the urge to check your Instagram feeds or watch \"just a couple\" of cat videos on YouTube."}, {"type": "sentence", "content": "It's amazing to watch that happen. Projects that you dread starting suddenly get done on time - and without all the usual negativity."}, {"type": "sentence", "content": "The end result? More time, more money, less effort."}, {"type": "sentence", "content": "This is a powerful technique. Please try it and share your results with other readers, I urge you."}, {"type": "subtitle", "content": "Technique #3: Take that time off"}, {"type": "sentence", "content": "Time off work is essential to the sustainability of your creative energies. It's not an option. My very first freelance project was 400 articles on how to stop raccoons from getting into your trash cans. I kid you not. 400 SEO articles of 350 words each that had to be unique and pass Copyscape with a score of 100%."}, {"type": "sentence", "content": "All about the same topic."}, {"type": "sentence", "content": "Burn-out is a real thing."}, {"type": "sentence", "content": "The key is to listen to your body and obey it. If your body tells you it's time to stop for the day, stop. Unless you have a very urgent project, almost anything can be kept for the morning or a day later."}, {"type": "sentence", "content": "Do you think that'll cause issues with your clients? Not in my experience. If they know and trust you, they'll give you that space. Every client says that every piece of work is urgent. They know it's not, so use that leeway to give yourself some breathing space."}, {"type": "sentence", "content": "Just make sure you keep that trust by not misusing your freedom."}, {"type": "sentence", "content": "When you do get that time-off, use it to recharge your body and mind. Sleep is a great way to heal the body. Spending time with the family helps heal the mind and keep your focus on what's important. Too many freelancers I know use the \"I'm so busy\" sob story as an excuse so they won't have to do the chores at home, take care of the kids, or whatever."}, {"type": "sentence", "content": "Believe me, you're not fooling anyone."}, {"type": "sentence", "content": "Everyone is busy. If you're productive, you're busy. Do you mean to tell me you have less time than Jeff Bezos or Elon Musk or Tim Cook? Come on!"}, {"type": "sentence", "content": "Time management comes before anything else so learn to master it. In someone's famous words, \"plan your work and work your plan.\""}, {"type": "sentence", "content": "The previous technique of switching and cycling helps you get more done in a shorter period of time. That doesn't mean you load yourself up with even more work. Use that extra time to take your wife and son to dinner or have a date night with your exasperated girlfriend who's sick and tired of you postponing everything because of the ever-present deadline. Play with your daughter who's dejected about the fact that daddy doesn't have the time to spend with her."}, {"type": "sentence", "content": "Another great way to recharge is to just go out into nature. Take a walk, go for a drive down a lonely stretch of road, go to the beach. Wear your mask, sanitize, wash, maintain social distancing... do whatever's necessary to keep yourself safe but get out there."}, {"type": "sentence", "content": "Most important of all, learn to take care of your spiritual health. Spend time meditating on why you're doing this in the first place, why it's important to control your own life, and what your goals are. Spending just 5 minutes a day with your eyes closed - visualizing your immediate and long-term goals - can charge you up more powerfully than a six-pack of energy drinks. Spiritually speaking, of course, but spiritual wellbeing has a tendency to cascade down to mental and physical health as well."}, {"type": "subtitle", "content": "How Do You Know When You've Mastered These Techniques?"}, {"type": "sentence", "content": "I've outlined three very powerful techniques to help experienced writers stave off boredom and fight off monotony, but how do you know if they'll work?"}, {"type": "sentence", "content": "The truth is, you don't."}, {"type": "sentence", "content": "You'll have to take them at face value and trust me."}, {"type": "sentence", "content": "But when they start working, you'll know it."}, {"type": "sentence", "content": "Once you do start doing these three things, you'll soon realize that there's a change happening from deep within. No more writer's block. No more wondering how to craft an article or write a killer marketing piece. The creativity flows, and it's a magical experience."}, {"type": "sentence", "content": "Please try these three techniques and observe any changes, then come back and let other readers know what you experienced. Let's help each other \"do it write.\""}], "topic": "freelancing", "uuid": "c9ce171bafcb43f25d3781662beb877e0273f412c9f78bf55fa379fc", "link": "https://medium.com/swlh/3-practical-techniques-to-obliterate-monotony-in-freelance-writing-3d6f7f194d66"}