{"title": "I Never Thought I'd Lead In a Crisis. Here's the Technique That I Found Keeps Workers Engaged", "data": [{"type": "sentence", "content": "By Amy Leschke-Kahle"}, {"type": "sentence", "content": "This past year has tested companies, their senior management, and team leaders in ways that seemed unimaginable before. We're in the middle of a..."}], "topic": "leadership", "uuid": "057ae7774a403903e423d45e17e054a4967977570db87d9889cf9788", "link": "https://medium.com/fast-company/i-never-thought-id-lead-in-a-crisis-here-s-the-technique-that-i-found-keeps-workers-engaged-ab13fdc2812e"}