{"title": "Facebook and Microsoft Data Science SQL Interview Questions", "data": [{"type": "image", "content": "https://miro.medium.com/max/12000/0*Hyx0_pBV3omKQ8WF"}, {"type": "sentence", "content": "Data science roles at Facebook and Microsoft are highly competitive and difficult to land. Writing SQL on the job will cover 100% of the problems you're going to handle in practice. In this article, we'll walk through solving the data science SQL interview question from Microsoft and Facebook. We'll also give you some tips on how to approach the solution in such data science interviews."}, {"type": "subtitle", "content": "Data Science SQL Interview Question"}, {"type": "sentence", "content": "New And Existing Users Calculate the share of new and existing users. Output the month, share of new users, and share of existing users as a ratio.New users are defined as users who started using services in the current month. Existing users are users who started using services in the current month and used services in any previous month.Assume that the dates are all from the year 2020."}, {"type": "sentence", "content": "Question Link: https://platform.stratascratch.com/coding-question?id=2028"}, {"type": "subtitle", "content": "5-Step Framework to Solve this Interview Question"}, {"type": "sentence", "content": "This framework can be used for any data science SQL interview question. Here's a list of steps you should take when solving a question, whether on an interview or on the job."}, {"type": "subtitle", "content": "Data Exploration"}, {"type": "sentence", "content": "Table Schema:"}, {"type": "image", "content": "https://miro.medium.com/max/1814/1*--Zcaca6u2URh73AIyU0hA.png"}, {"type": "sentence", "content": "Dataset:"}, {"type": "image", "content": "https://miro.medium.com/max/1350/0*NQchVa6WTMMBeCgA"}, {"type": "sentence", "content": "As we explore the data, we can see that the 'time_id' is a date in YYYY-MM-DD so we can extract the month from this date field to find the users that used services in that given month."}, {"type": "sentence", "content": "The 'user_id' is a regular list of users and will be used to count the number of users that have used the service per month."}, {"type": "sentence", "content": "The 'event_type' is indeed a service type. We can ignore this column because we're considering all services. It's important to have stated that in the assumptions with the interviewer. If you were looking for specific events and services, you'd need to use this column in your solution. Luckily we don't have to as the solution would be much more complicated otherwise."}, {"type": "subtitle", "content": "Assumptions"}, {"type": "subtitle", "content": "Outline Approach"}, {"type": "sentence", "content": "Outlining your approach before you start coding is very important. The major benefit of typing out what your approach is to get a confirmation from the interviewer that these steps are correct. If the interviewer identifies a problem with your approach or with the logic then you can of course correct them before even writing any code."}, {"type": "sentence", "content": "Now, let's go through our approach for this data science SQL interview question:"}, {"type": "subtitle", "content": "Code in Increments"}, {"type": "sentence", "content": "Now, you should have the following steps in your approach. Code each one of them and build on top of your existing code and then check to see if the query will run each and every time you're adding logic to it. Here are the steps:"}, {"type": "sentence", "content": "Let's go through these steps."}, {"type": "sentence", "content": "1. Find the new users which are defined as users that have started using services for the first time."}, {"type": "sentence", "content": "We can find this by finding the minimum date from the 'time_id' column for each user, which gives me the date they started using services."}, {"type": "sentence", "content": "2. Calculate the count of new users by month by extracting the month from the date and counting unique users"}, {"type": "sentence", "content": "To aggregate users by month, we can use the date_part() function and pull out the month from the 'time_id'. Knowing that all the dates are within 2020 helps because I know that the months will all come from 2020. If we had several years in this dataset, we couldn't use date_part() because the months from different years would be mixed together. We'd have to use a to_char() function and aggregate the data by MM-YYYY."}, {"type": "sentence", "content": "3. Calculate all users (existing and new) for each month"}, {"type": "sentence", "content": "This will give us existing users once we subtract out the new users."}, {"type": "sentence", "content": "4. Join the two tables together by month"}, {"type": "sentence", "content": "5. Calculate user shares"}, {"type": "sentence", "content": "If we run this query, we now have the share numbers for new and existing users by month."}, {"type": "sentence", "content": "Output:"}, {"type": "image", "content": "https://miro.medium.com/max/1350/0*79g4u51knItb3nGM"}, {"type": "sentence", "content": "An important note here is that the calculation for existing users can be calculated by subtracting 1 from the share of the new users. Also, remember to convert the share calculation to a decimal or float data type before performing the division."}, {"type": "subtitle", "content": "Optimization"}, {"type": "sentence", "content": "A question that often gets asked is if there's a way to optimize the code. The interviewer is testing your theory behind SQL so you should say something even if there's no way to optimize the code."}, {"type": "sentence", "content": "Taking a look at our solution, there's no way to optimize this code any further."}, {"type": "sentence", "content": "Sometimes you can remove a join by using a case statement but it won't work in our approach because we need to identify the minimum date across the entire dataset and case statements would go row by row. So you need a subquery or CTE to perform that operation."}, {"type": "sentence", "content": "You also need to perform the same subquery/CTE operation to find all the users by month so we can't optimize that part of the code or the join of the two subqueries."}, {"type": "sentence", "content": "Even if there's no way to optimize the code but you still drop some knowledge on SQL, it would pass the interviewer's assessment of whether or not you know SQL theory."}, {"type": "subtitle", "content": "Conclusion"}, {"type": "sentence", "content": "This was a hard data science SQL interview question due to the fact that you're trying to find the first time a user has used a service. It's not always obvious to use the min() function as a way to identify new users. You're also using advanced SQL functions to extract date components like the month from a date field, which make the question more complicated. But it's necessary to learn how to manipulate dates in data science since most analyses have a date component."}, {"type": "sentence", "content": "The trick to this data science SQL interview question is using a framework to organize your thoughts as there are multiple steps. Once you lay out your assumptions, like knowing that all the dates are from 2020 and you're considering all services in your solution, the question becomes much easier to solve. All you need to do is organize your approach in logical and concise steps, and code it up."}, {"type": "sentence", "content": "Practice the framework and practice organizing your thoughts before coding, and answering complicated questions will become much easier."}, {"type": "sentence", "content": "Originally published at https://www.stratascratch.com."}], "topic": "data-science", "uuid": "087a1a980f5ee9918f7c8b4cf8c07f6d239242e1ea423cca1ab2a066", "link": "https://towardsdatascience.com/facebook-and-microsoft-data-science-sql-interview-questions-175a3e0fdf43"}