{"title": "A Cheating Scandal at the Naval Academy, a Cover-up at the Highest Level, and the Most Important Lesson for Any Leader", "data": [{"type": "image", "content": "https://miro.medium.com/max/1320/1*V0N8Lejt1gpFfbz_5vT2EQ.jpeg"}, {"type": "sentence", "content": "It might seem like doing the right thing when faced with difficult decisions comes easy to most people, but it can be one of the most challenging decisions you can make in my experience. It's easier to look at the small picture and worry about the consequences that'll only affect you."}, {"type": "sentence", "content": "When you take a step back, though, you'll realize a lot of the time, these decisions not only affect you but they affect the other people around you. It can seep into your relationships, it can impact someone you love, and affect your reputation as well as the way others perceive you."}, {"type": "sentence", "content": "In this article, I'll be going over how you can do the right thing and the three tips that helped me do the same when faced with a difficult situation."}, {"type": "sentence", "content": "I am going to do that through a personal story where my career was on the line and I was faced with a difficult decision. This defining moment changed everything for me, and it's the reason why I'm such an advocate for honesty, duty, and honor."}, {"type": "subtitle", "content": "A Cheating Scandal Is Discovered"}, {"type": "sentence", "content": "In 1992, when I was a senior in the United States Naval Academy, I was a Brigade Honor Staff Officer. The largest cheating scandal in the institution's history had broken out."}, {"type": "sentence", "content": "Among the brigade, two midshipmen, one an athlete on the varsity football team, decided to make some extra money by convincing a Petty Officer, who was the aid to the professor writing the exam, to help them obtain test answers. Their plan was to then sell it as study guides the students had, called the \"gouge.\" It was not uncommon to \"get the gouge\" for a test or project, however, it would normally contain similar test examples and on a rare occasion a single test question."}, {"type": "sentence", "content": "In this case, it turns out the gouge was the missing master copy of the final exams. After an anonymous email was sent to the electrical engineering department, two students who unknowingly used the gouge and cheated on the exam came forward to report the issue."}, {"type": "subtitle", "content": "Speak Up When You Can, Even to a Superior"}, {"type": "sentence", "content": "This launched an entire investigation, led by the NCIS (Naval Criminal Investigative Service). This examination soon uncovered that there were hundreds of Midshipmen implicated."}, {"type": "sentence", "content": "Realizing how big an issue this actually was, a few of my classmates and I went to the United States Naval Academy's Superintendent, Rear Admiral Thomas C. Lynch. The position is equivalent to the president of an American civilian university or its chancellor. We urged him that we needed to identify all of the cheaters. We told him we needed to utilize the Uniform Code of Military Justice and handle this using the Manual for Courts-Martial (MCM) - not the brigade honor board process because of its inherent perils."}, {"type": "sentence", "content": "The Admiral disagreed and instead ordered us to conduct honor trials for a much smaller subset of those implicated."}, {"type": "sentence", "content": "After we presided over 28 honor boards for the students, we found that many were guilty. When we showed the superintendent what the results were, he ignored the evidence and my advice and instead decided to let the guilty students off the hook - most on the varsity football team. This created an uproar across the brigade, an air of a cover-up, and set a perilous precedent. Especially since the two who originally reported the issue were among those terminated."}, {"type": "sentence", "content": "We later found out one of the midshipmen who were implicated, a star football player, was the son of a fellow teammate of the superintendent's, the Alumni Association head. It was clear to us on the honor committee that the superintendent, a former Navy football captain, intended to protect the football team from repercussions as well as his own reputation."}, {"type": "subtitle", "content": "In the Face of Scrutiny, Stick to Your Truth"}, {"type": "sentence", "content": "One of the students, who, like me, was an honor committee officer, went alongside his Army General dad to the Baltimore Sun and helped launch several articles about the scandal and how superintendent Admiral Tom Lynch tried to cover it up."}, {"type": "sentence", "content": "After graduation, as I was getting ready to go to my first duty station, I was ordered by the Secretary of the Navy to be at the Naval Academy to meet with legal representation in my dress-white uniform. When I arrived, I was met by JAG (Judge Advocate General) officers who were there to represent me."}, {"type": "sentence", "content": "I learned from them that instead of accepting responsibility, Admiral Lynch implicated me and tried to use me as the scapegoat. He justified that because my roommate was a football player, I was impartial to the football players who had gotten off."}, {"type": "sentence", "content": "I was being accused of fabricating this story and giving certain Midshipmen favor. I decided, then and there, that I needed to tell my side of the events."}, {"type": "subtitle", "content": "Sometimes Doing the Right Thing Means Taking a Stand"}, {"type": "sentence", "content": "After intense scrutiny by the Navy's inspector general, Vice Adm. David M. Bennett, I decided this was about more than me. My decision to do what was right would impact many others. So, I stood my ground and told my truth in the face of blistering questioning."}, {"type": "sentence", "content": "I defended our actions and explained the countless times we went to the superintendent and asked him to take a different course of action. I gave concrete information that painted a completely different story than the one the superintendent was portraying."}, {"type": "sentence", "content": "A few months later, I found out that Rear-Admiral Lynch was relieved of his duties and reassigned, and 133 guilty students finally faced the consequences of their actions. Admiral Bennett's report detailed mismanagement by the superintendent, countless delays, and lax oversight."}, {"type": "sentence", "content": "And even though I never got an apology, I realized what I did had an impact that was greater than I could have known. I just had to trust that what I was doing was the right thing, even if it was difficult to do at the time."}, {"type": "sentence", "content": "You'll be faced with many tough decisions in life, but it's all about putting your pride away and choosing to tell your truth authentically. It is how you approach them that defines you as a leader and how you show up under trying times."}, {"type": "subtitle", "content": "My 3 Tips for Facing a Difficult Situation and Doing the Right Thing"}, {"type": "sentence", "content": "This experience from the Naval Academy definitely made me a better leader. More importantly, it taught me always to put my core values first and stand up for what is right, not what may appear popular or the convenient thing to do."}, {"type": "sentence", "content": "Here are three tips from that experience that you can learn from:"}, {"type": "subtitle", "content": "Conclusion"}, {"type": "sentence", "content": "Facing a difficult situation in which you have to make a big decision can sometimes be paralyzing and it can bring on feelings of fear, rage, healing, or transformation. In a worst-case scenario, you finally feel good about the decision you've made, and all of a sudden, you're questioning even your own rationale and whether it was the right call to make."}, {"type": "sentence", "content": "In those heavy situations, though, the best thing to do is think of the others involved. This takes you out of your own head and into the shoes of the others around you. This decision will affect other people; it always does. It may impact people you love or care for deeply. So, try and look at the bigger picture and what your decision will do to others, and remember always to follow your intuition; it'll lead you to the right decision."}, {"type": "sentence", "content": "If you enjoyed this article, you can find the entire episode here on the Passion Struck Podcast."}], "topic": "leadership", "uuid": "0935b3d09bd62218de85facf7e1dd6cf21a6dcddecf7d98f37bf99d3", "link": "https://medium.com/the-ascent/the-naval-academy-a-navy-rear-admiral-and-the-most-important-lesson-for-any-leader-c0157320373d"}