{"title": "Long Beach Breakers Hotel Coming Back to Life", "data": [{"type": "image", "content": "https://miro.medium.com/max/1160/0*cmp8GArEmln0uZe4"}, {"type": "sentence", "content": "LONG BEACH, CALIFORNIA - Long Beach's long-closed landmark hotel on Ocean Blvd, will undergo a $150 million renovation. Built in 1926, and originally one of Conrad Hilton's original hotels, The Breakers served as a go-to destination in the early 20th century."}, {"type": "sentence", "content": "Set for completion in 2023, the 15-story hotel will include 185 guest rooms and suites, the town's only rooftop terrace with 360-degree seaside views, a jazz club and whiskey bar, a new pool on the third-floor terrace, and Long Beach's only luxury hotel spa, featuring nine high-end treatment rooms and a two-level fitness center. The famous Sky Room restaurant will reopen under the supervision of Michelin Star Chef Joe Isidori."}, {"type": "subtitle", "content": "Hotel Impossible"}, {"type": "sentence", "content": "Anthony Melchiorri, the television personality best known for helping struggling hotels find secure footing on the Hotel Impossible television show, is partnering with Long Beach-based development company, Pacific6 to bring The Breakers back to life nearly 35 years after it closed as a hospitality venue."}, {"type": "image", "content": "https://miro.medium.com/max/1160/0*Szu3yoT92Afb_ZQl"}, {"type": "sentence", "content": "Melchiorri's company, Argeo Hospitality, working with the Pacific6 team, plans to retain much of the charm of the building's exterior, the entrance columns, and the ornate ceilings in the lobby. Argeo offers resources and expertise in the hospitality industry under Melchiorri, whose experience includes working at The Algonquin Hotel, the Lucerne Hotel, and the Plaza Hotel early in his career. He is best known for transforming struggling hotel properties of all sizes into profitable businesses through improved facilities, services, and branding. This will be his first venture in hotel ownership."}, {"type": "sentence", "content": "Last year he produced a video asking Congress for assistance for the hospitality industry."}, {"type": "subtitle", "content": "Melchiorri had this to say about the Long Beach Breakers project:"}, {"type": "sentence", "content": "The hotel is within walking distance to many of the town's renaissance features, including the Convention and Entertainment Center, the restaurant district, and the Aquarium of the Pacific. Its proximity to the Port of Long Beach will make it an ideal stopover for cruisers embarking from the port, as well as those wishing to visit the charming island city of Avalon on Santa Catalina, via the nearby Catalina Express ferry."}], "topic": "travel", "uuid": "0981ff213ca1d732c7659d733065ce3d50fd715d05f0e8b682f969d5", "link": "https://medium.com/traveltruth/long-beach-breakers-hotel-coming-back-to-life-450400077d42"}