{"title": "Media Companies Are Dying - And Small Creators Are Killing Them", "data": [{"type": "image", "content": "https://miro.medium.com/max/12000/0*F25V5kOKZ1H0l37g"}, {"type": "sentence", "content": "*CLICK*"}, {"type": "sentence", "content": "I watched a 20 minute watch restoration video with zero music or talking. At dinner. With my parents."}, {"type": "sentence", "content": "All you could hear was the intermittent scraping of knives on ceramic plates and the occasional \"Wow!\" from me or my Mom."}, {"type": "sentence", "content": "It was absolutely fascinating, tantalizing, and satisfying."}, {"type": "sentence", "content": "As we watched, I had one overpowering thought.."}, {"type": "sentence", "content": "That thought led to another thought.."}, {"type": "sentence", "content": "That thought led to one final thought.."}, {"type": "sentence", "content": "The above video has 13,000,000 views. That is absolutely ridiculous that millions of people wanted to watch this boring ass 20-minute video with no talking or background music."}, {"type": "subtitle", "content": "Media Companies Are Losing Millennials"}, {"type": "sentence", "content": "\"Dad,\" I paused for a moment."}, {"type": "sentence", "content": "My Dad asked me if I liked Tucker Carlson. \"No,\" I said."}, {"type": "sentence", "content": "\"Why?\" my Dad asked."}, {"type": "sentence", "content": "\"Because I think he's a jerk,\" I replied, confident my parents could take my honesty (they could)."}, {"type": "sentence", "content": "Then I told him about how, as a viewer, I'm sick of TV show hosts on channels like Fox and CNN aggressively talking over their guests. I'd much prefer a long-form podcast where the host has some form of self control ala Russel Brand or, hell, Joe Rogan."}, {"type": "sentence", "content": "At dinner my parents and I were discussing the differences between my generation and theirs. \"Would your generation have stormed the beaches at D-DAY?\""}, {"type": "sentence", "content": "I mean, it's a hell of a question that's impossible to know. The media sure loves to make my generation look like a bunch of entitled wimps who only care about participation trophies. I asked my Dad the common question \"Who raised us, though?\""}, {"type": "sentence", "content": "My generation is just sick of the lying and fear-mongering."}, {"type": "sentence", "content": "According to a report on Rev.com, \"Millennials still watch traditional TV, but numbers are low compared to baby boomers and Gen X.\""}, {"type": "sentence", "content": "No shit. I don't want to watch Tucker Carlson spew venom from his mouth for an hour, I want to watch some dude restore an old watch, or learn about ASMR studios in Japan from ASMR Twix."}, {"type": "sentence", "content": "I watch an ungodly amount of Youtube every day. I listen when I'm driving, in the shower, playing video games, or having lunch. I'm always watching some video about investing, bitcoin, the NBA, or pop culture. Always."}, {"type": "subtitle", "content": "This Is What Happens When You Give Everybody The Power To Create Something"}, {"type": "sentence", "content": "TV stations used to hold a lot of power. Before platforms like Youtube, there was no way for the average Joe to create and distribute their content. Now anybody with a camera and editing software can film themselves restoring old PS1's and make boatloads of money."}, {"type": "sentence", "content": "This begs the question.."}, {"type": "sentence", "content": "Is it what we've been reading and watching from companies like Fox and CNN?"}, {"type": "sentence", "content": "Or is it, like, the videos of some bald guy fixing watches online? It's a fascinating question to think about."}, {"type": "subtitle", "content": "The Audience Gets To Decide Now"}, {"type": "sentence", "content": "The audience gets to decide what the best content is. Content consumption now resembles more of a free-market than an Oligarchy, and the free market is kicking the Oligarchy's ass."}, {"type": "sentence", "content": "A recent article on Forbes written by Sheena Scott reads:"}, {"type": "sentence", "content": "Apparently there's a shift happening in the U.K. where younger viewers aren't as interested in TV programs anymore."}, {"type": "sentence", "content": "Hell, my Mom sits on the couch and watches pimple popping videos instead of whatever's on TV every night. My Dad now knows how to react to messages inside Facebook's Messenger app."}, {"type": "sentence", "content": "What a time to be alive."}, {"type": "sentence", "content": "I watched Jake Paul knock out Ben Askren the other night. The \"Main Event\" started at 9 PM and for the first - I shit you not - two and a half hours, there was only one fight broadcasted."}, {"type": "sentence", "content": "The rest of the program was dedicated to a slap match refereed by Ric Flair, Snoop Dogg smoking joints, and various elderly rappers performing next to scantily clad women."}, {"type": "sentence", "content": "There was like two hours of music in this program, and by the time midnight rolled around I thought of jumping out of my friend's second story window to escape into the night."}, {"type": "sentence", "content": "But the very existence of an event like this proves my point:"}, {"type": "sentence", "content": "Jake Paul, a guy who got famous on Youtube, Main Event-ed a card that had guest appearances from Diplo, Ric Flair, Snoop Dogg, Justin Bieber, Ice Cube, and Too Short."}, {"type": "sentence", "content": "I'll say it again: What a time to be alive."}, {"type": "sentence", "content": "At the end of the day, audiences get to decide what they want to see. The younger generations increasingly don't care about what's on TV. Give us the restoration videos made by old farts."}], "topic": "social-media", "uuid": "0acf9126edcc273d09f93375bbf80863807549a2ffe245a12ee9c825", "link": "https://tomkuegler.medium.com/media-companies-are-dying-and-small-creators-are-killing-them-382d2c075fca"}