{"title": "Formatting Your eBook Using Kindle Create", "data": [{"type": "sentence", "content": "The road to self-publishing can be overwhelming especially when there are so many different aspects to look at. One major chunk of work involves formatting your manuscript so that it's readable on different devices. Not knowing where to start or how to join all the dots can be frustrating, so to make your life easier, I've put together a simple guide that explains this process and I also provide some insight based on the experience of going through this process myself."}, {"type": "subtitle", "content": "Preface"}, {"type": "sentence", "content": "This guide is catered toward formatting your eBook only. For paperback options, different steps might be involved. This guide is written on a Windows device, so the instructions might be Windows-specific in some cases, otherwise, most of the steps should be transferable."}, {"type": "sentence", "content": "This guide is structured in the following format:"}, {"type": "subtitle", "content": "Section 1: Formatting your manuscript using Word"}, {"type": "sentence", "content": "Before we jump into Kindle Create, let's ensure that the manuscript in Microsoft Word is well-formatted. This KDP article provides a fair bit of guidelines around formatting your eBook. In addition to that, here are some additional details and some recommendations based on my experience of going through the process myself."}, {"type": "subtitle", "content": "General formatting advise"}, {"type": "sentence", "content": "Formatting applied in Kindle Create is what will show up in Kindle, so, while you don't need to format your manuscript in Word (exception: indentation), I'd recommend you do if you're planning to create a PDF or an EPUB file using the same Word document to publish your eBook on other platforms."}, {"type": "sentence", "content": "Throughout the document, you would want to stick to only one font. A simple font like Arial or Times New Roman works great. The font size for your manuscript text can be set at 12px and chapter titles can be set at 16px."}, {"type": "subtitle", "content": "Book title, subtitle and author's name"}, {"type": "sentence", "content": "The first page of your manuscript should have the book title, subtitle (if one exists) and the author's full name (or pen name), each element on separate lines."}, {"type": "image", "content": "https://miro.medium.com/max/1472/1*WE8eRdTvoWXkrOUenA3HXQ.png"}, {"type": "sentence", "content": "Microsoft Word has quite a few built-in styles that you can use. This should be located in the Styles section of the Home tab in the ribbon. I'd recommend familiarizing yourself with what's available."}, {"type": "image", "content": "https://miro.medium.com/max/618/1*7RCajvVxpU5o60KEkw-Yzg.png"}, {"type": "sentence", "content": "For the book title, select the Title style, for the subtitle, select the Subtitle style and for the author name, you can also select the Subtitle style and potentially format the text to bold. Leave the font sizes as-is for this page."}, {"type": "subtitle", "content": "Page breaks"}, {"type": "sentence", "content": "When placing content on a new page, do not hit the Enter key until the cursor is finally on the next page. This only adds whitespaces and eventually, when your eBook will be viewed on a different device type, this content may not be on a new page anymore."}, {"type": "sentence", "content": "The correct approach is to use Word's page break option. Place your cursor at the start of the text you want on the next page. Click on Insert from the ribbon, and then click on Page Break. This will move the text to the next page. The GIF below shows these steps in action."}, {"type": "subtitle", "content": "Copyright text"}, {"type": "sentence", "content": "The copyright text block should be the second page of your manuscript. While this format - \u00a9 2021 John Smith. All rights reserved. - is enough, you might want an extended version of the copyrights text block. Have a look at this article for more examples."}, {"type": "image", "content": "https://miro.medium.com/max/1462/1*mIzSHwwbv9VY2p8oi4hHaw.png"}, {"type": "sentence", "content": "Apply the Normal style for the entire copyright text block, if not automatically applied."}, {"type": "subtitle", "content": "Chapter titles"}, {"type": "sentence", "content": "For all chapter titles, you would use the Heading 1 style. However, by default, the Heading 1 style isn't centre aligned."}, {"type": "sentence", "content": "As the KDP article suggests, it's easier to modify the existing Heading 1 style in Word, set the alignment to centre, and then apply it to all chapter titles. While you're at it, it might be best to also update the font, font size and font colour. The GIF below shows how to find the Modify Style window."}, {"type": "image", "content": "https://miro.medium.com/max/1512/1*8PrRw64PpnGbAO9VDPoPLw.gif"}, {"type": "subtitle", "content": "Manuscript body"}, {"type": "sentence", "content": "Just like we did for Heading 1, let's right-click the Normal style and modify it."}, {"type": "image", "content": "https://miro.medium.com/max/2028/1*WDBmJQZ4fvKf0nL9IV9ySA.png"}, {"type": "sentence", "content": "From the Format dropdown button at the bottom-left of the pop-up window, select Paragraph. In the Paragraph pop-up window, here are a few things you'd need to configure:"}, {"type": "subtitle", "content": "Table of contents"}, {"type": "sentence", "content": "I would recommend creating the table of contents using Word instead of Kindle Create for two reasons:"}, {"type": "sentence", "content": "Follow these steps to add a table of contents page to your manuscript. This goes after your copyright page and before the first chapter."}, {"type": "image", "content": "https://miro.medium.com/max/830/1*hzuba9GE6i2fgJHJqs85Mw.png"}, {"type": "image", "content": "https://miro.medium.com/max/1034/1*9kUX4vqgpCUR7KnFgnjk-g.png"}, {"type": "sentence", "content": "If you add a new chapter or move things around, click on the Update Table button located in the References tab. This will regenerate the table of contents for you."}, {"type": "image", "content": "https://miro.medium.com/max/816/1*uOIbbQnlwsjDfJcNAbYMTQ.png"}, {"type": "sentence", "content": "If you don't want 'Contents' itself to appear in the table of contents, select that block of text and hit the delete button so that your first chapter is the first item in the table of contents."}, {"type": "sentence", "content": "In a similar fashion, complete the formatting for the rest of the document and confirm it looks good before proceeding ahead."}, {"type": "subtitle", "content": "Section 2: Kindle Create"}, {"type": "sentence", "content": "Kindle Create is a standalone software provided by Amazon to help you format your eBook manuscript. Not only does it come with built-in themes that you choose from depending on the genre of your eBook, but it also comes with a previewer so you can view how your eBook would look on various device types."}, {"type": "subtitle", "content": "Installing the software"}, {"type": "sentence", "content": "The first step is to download the software from this page and install it on your computer. Once installed, search for Kindle Create and click on it to open it up."}, {"type": "image", "content": "https://miro.medium.com/max/200/1*NKIj5Xd0-JOB0iEgO6VmmA.png"}, {"type": "subtitle", "content": "Creating a project"}, {"type": "sentence", "content": "Click on the New Project From File button from this screen to create a new project."}, {"type": "image", "content": "https://miro.medium.com/max/1804/1*_MKKjD5iHkbyUXOeJlS8tQ.png"}, {"type": "sentence", "content": "For this guide, we'll assume the first option as our book type and then click on the Choose File button to upload the Word document we've been editing."}, {"type": "image", "content": "https://miro.medium.com/max/1788/1*VSM1Ka0oELrealNWgUJ_4g.png"}, {"type": "sentence", "content": "Depending on the size of the Word document, it may take a few moments for the import process to complete."}, {"type": "image", "content": "https://miro.medium.com/max/1786/1*e_iPAFu46nMMMk3eh0MUkQ.png"}, {"type": "sentence", "content": "Once the Word document is successfully imported, click on Continue to proceed ahead."}, {"type": "image", "content": "https://miro.medium.com/max/1792/1*ZqAPdD6GIcslkz8KQnvP9A.png"}, {"type": "sentence", "content": "Assuming you've applied the heading styles to all chapter titles, Kindle Create will try and automatically curate chapter titles for you. Don't worry if any chapter isn't on this list yet as this isn't the final structure of your eBook. For now, select what you want to keep and then click on the Accept Selected button."}, {"type": "image", "content": "https://miro.medium.com/max/574/1*-3yCoslZ0F2JISiDZz-7GQ.png"}, {"type": "sentence", "content": "Hooray! You've successfully imported your manuscript into Kindle Create."}, {"type": "subtitle", "content": "Navigating around"}, {"type": "sentence", "content": "Let's take a quick tour of Kindle Create before we jump into the formatting specifics."}, {"type": "subtitle", "content": "Formatting the first page"}, {"type": "sentence", "content": "Let's take a look at how we might go about formatting the first page of our manuscript using Kindle Create."}, {"type": "sentence", "content": "The GIF below shows these steps in action."}, {"type": "sentence", "content": "Congratulations, you've formatted your very first element in Kindle Create!"}, {"type": "sentence", "content": "Repeat the steps above for the subtitle and the author's full name. For the subtitle, select the Book Subtitle style and for the author's full name, select the Author Name style."}, {"type": "subtitle", "content": "Formatting the copyrights page"}, {"type": "sentence", "content": "Now, let's follow similar steps to format the copyrights page."}, {"type": "sentence", "content": "The GIF below shows these steps in action."}, {"type": "subtitle", "content": "Formatting the rest of the manuscript"}, {"type": "sentence", "content": "Fortunately, you don't have to select the contents of your entire manuscript and apply a general Body Text style - this is already done for you by default. Even the chapter titles should have the Chapter Title style applied already. How amazing is that?"}, {"type": "sentence", "content": "If you need the first paragraph of every chapter to have a drop cap style, for example, then you would need to manually make this update. In this case, select the first paragraph and then click on the Chapter First Paragraph style."}, {"type": "image", "content": "https://miro.medium.com/max/544/1*BFW4lME_qdBRu5H9mijlDQ.png"}, {"type": "sentence", "content": "The problem with hitting the Undo button is that it's only effective if you immediately change your mind. However, if you change your mind at the very end of formatting, hitting the Undo button will start to undo all changes made."}, {"type": "sentence", "content": "The problem with hitting the Clear button is that while it reverts the selected text back to Body Text, it also reverts additional formatting like indentation and margins, which you would have to then manually apply by clicking the Formatting tab in the Text Properties panel."}, {"type": "image", "content": "https://miro.medium.com/max/546/1*2NJ-qsGDOU-qyuMOz_qnfw.png"}, {"type": "sentence", "content": "Depending on your manuscript, you might also find other styles useful. Feel free to explore around a bit before finalizing the formatting of your eBook."}, {"type": "subtitle", "content": "Remember to always save your changes"}, {"type": "sentence", "content": "You're putting all that hard work in and you definitely do not want to lose your unsaved changes. Click the Save button (or keyboard shortcut CTRL+S) to save your changes. The first time you save, Kindle Create will create a folder in the desired location with all of the resources that Kindle Create needs. In that folder, you will find a file with the extension .kcb which stands for Kindle Create Book."}, {"type": "subtitle", "content": "Previewing your eBook"}, {"type": "sentence", "content": "Kindle Create comes with a built-in previewer. This allows you to see what your book will look like on different Kindle devices."}, {"type": "image", "content": "https://miro.medium.com/max/1658/1*NPClsU_3yZdyXqimuQsamw.png"}, {"type": "sentence", "content": "Clicking on the Preview button will open an Inspector window and a virtual device beside it with your eBook loaded in. Feel free to change the device type, device orientation, font style and size from the Inspector window to see how it would look like in the virtual device."}, {"type": "sentence", "content": "The Inspector window is loaded by default, but you'll also notice an additional tab at the bottom. Clicking on that tab will open up the Table of Contents window which will allow you to click and navigate to any location in your eBook."}, {"type": "image", "content": "https://miro.medium.com/max/574/1*xMHGaHX-3qFuNvzbKNKj7w.png"}, {"type": "sentence", "content": "Once you're satisfied, click on the huge cross icon on the top-right of the virtual device to close the previewer."}, {"type": "subtitle", "content": "Publish"}, {"type": "sentence", "content": "Assuming everything above looks good, it's now time to create a publishable file which we will then use to upload to Kindle Direct Publishing. Click on the Publish button on the top-right of the Kindle Create screen and choose a destination directory where this file will be placed."}, {"type": "sentence", "content": "Once the processing is complete, you should see a pop-up confirmation similar to the screenshot below. Click on the Show .kpf folder to view the file. Here, .kpf stands for Kindle Create Publishable File."}, {"type": "image", "content": "https://miro.medium.com/max/1790/1*2z-PKd0AF2F8cIJHzbd1Aw.png"}, {"type": "sentence", "content": "This folder should have a file with a box icon similar to the screenshot below. Your entire formatted eBook is condensed into this single file."}, {"type": "image", "content": "https://miro.medium.com/max/300/1*jNk7aqI4N4rwc0BrtTl1Ow.png"}, {"type": "sentence", "content": "Congratulations! You have learnt how to upload your Word document to Kindle Create, format your manuscript using Kindle Create, preview the eBook on various devices and also created a publishable file."}, {"type": "subtitle", "content": "Section 3: Kindle Direct Publishing"}, {"type": "sentence", "content": "I'd like to also outline the steps in Kindle Direct Publishing around uploading this .kpf file so you get an end-to-end view of the process."}, {"type": "sentence", "content": "You would start by clicking on the + Kindle eBook button from the Bookshelf page to create a new eBook."}, {"type": "image", "content": "https://miro.medium.com/max/1980/1*77ZCkT3oRTPcAXDSFz0-JA.png"}, {"type": "sentence", "content": "Next, you would fill up the details about your eBook as required. For the scope of this article, I'm not adding those steps here. Step two of this process is uploading the eBook content. In the Manuscript section, you should see an Upload eBook manuscript button, similar to the screenshot below."}, {"type": "image", "content": "https://miro.medium.com/max/2006/1*wFCTu7VUGJ98VBNk4xqlIg.png"}, {"type": "sentence", "content": "After clicking that button, you will be able to upload the .kpf file that you created earlier. Depending on the size of your manuscript, it may take a few minutes to process."}, {"type": "image", "content": "https://miro.medium.com/max/814/1*2c3heKXUx5qWk8dTWH5YOg.png"}, {"type": "sentence", "content": "Once your manuscript has been uploaded and processed, you should see a success message below the Upload eBook manuscript button."}, {"type": "image", "content": "https://miro.medium.com/max/1584/1*VavPeLztDqFExv462LDP9w.png"}, {"type": "sentence", "content": "At this stage, you have another shot at previewing what your eBook would look like on various devices. Scroll down to the Kindle eBook Preview section and click on the Launch Previewer button."}, {"type": "image", "content": "https://miro.medium.com/max/1832/1*GYRJrtX2GnDKrI1BE-08LA.png"}, {"type": "sentence", "content": "This will open up a web version of the previewer. The options on this screen and general functionality are similar to what you've looked at previously. Browse through and confirm that everything looks good."}, {"type": "sentence", "content": "A quick note on the Table of Contents dropdown: Clicking on Beginning takes you to the first page of the eBook and clicking on NCX View opens up the table of contents pop-up where you can navigate to other locations of the eBook. NCX View stands for Navigation Control file for XML View."}, {"type": "image", "content": "https://miro.medium.com/max/544/1*2LhZSc2yFOcoHaS_vOy4uQ.png"}, {"type": "sentence", "content": "Click on Book Details on the top-left of the screen to go back to the Kindle Direct Publishing steps."}, {"type": "subtitle", "content": "Alternatives to Kindle Create"}, {"type": "sentence", "content": "You don't have to use Kindle Create although it's recommended if you're publishing for Kindle devices. Amazon does support a few other eBook formats as well, as outlined here."}, {"type": "sentence", "content": "My thoughts on the alternative route would be to format solely using Microsoft Word deliberately avoiding the use of any complex Word-specific formatting. Then, using a file conversion software like Calibre, convert your Word file to EPUB. Most platforms accept your manuscript in EPUB file format, so you should be sweet. You can then upload this EPUB file into the standalone Kindle Previewer software to see how your eBook would look on various device types."}, {"type": "sentence", "content": "On another note, if you're creating a manga, there's something called Kindle Comic Creator. If you're creating an illustrated children's book, there's Kindle Kid's Book Creator. I have not used these last two tools myself but I'm sure the user guides on the linked pages provide sufficient instructions. You might find this flowchart handy if you're deciding on which tool to use for formatting your eBook."}, {"type": "subtitle", "content": "Conclusion"}, {"type": "sentence", "content": "Wow, that was a lot to take in, wasn't it? Hope you found that useful, though? Here's a quick summary of what we just looked at -"}, {"type": "sentence", "content": "That's it! Thanks for reading."}], "topic": "freelancing", "uuid": "0cd201940f8646404d9613e831730cfd45f0b7e3f8040d41f41ebad0", "link": "https://medium.com/the-brave-writer/formatting-your-ebook-using-kindle-create-ef984b6a75d1"}