{"title": "Breathe Slower - Live Longer", "data": [{"type": "sentence", "content": "How to make slow breathing a daily habit for life in 4 steps."}, {"type": "image", "content": "https://miro.medium.com/max/1280/1*tXEAFLIHhMHwoGKDrfrCAQ.jpeg"}, {"type": "sentence", "content": "\"The doctor wants to talk to you about the blood test,\" said the nurse worryingly. As I was sitting in the waiting room I felt close to having a panic attack. Heightened anxiety which I thought had long gone was creeping back in. What nasty disease have they found during this regular medical checkup? That's when I thought about using a box breathing exercise used by the Navy Seals to calm down and get focused before a mission. I tried the recommended breathing pattern of inhaling/holding breath/exhaling/holding breath. In about 5 min I started to feel better. \"How bad could it be? The previous checkup a year ago gave me an All Ok. There is probably a mistake with this blood test, \" I thought to myself. Surely enough it was a mistake. A repeat blood test was fine. This experience with a box breathing exercise however made me explore slow breathing in more detail."}, {"type": "sentence", "content": "Slow breathing means reducing the rate of breath from usual 12-20 breaths per minute to 5-7. This brings two primary benefits."}, {"type": "sentence", "content": "Here are the three interesting facts which I have come across studying this subject. You can judge for yourself if they are convincing enough to start practicing slow breathing."}, {"type": "sentence", "content": "Ok, let's assume that you now believe in the benefits of slow breathing. Does it mean that you will jump on this free health improving opportunity and start practicing it daily? Probably not."}, {"type": "sentence", "content": "Still, there are several things you could do to make slow breathing become a daily habit. Here are the 4 steps which will help. I have not invented them. I borrowed them from a great book, \"Tiny Habits\" by BJ Fogg. BJ Fogg is a behavioural scientist from Stanford University, who has studied the habit creation process for over 20 years. I tried these steps and they worked beautifully for me."}, {"type": "sentence", "content": "2. Find an anchor moment."}, {"type": "sentence", "content": "3. Make the behaviour you want tiny."}, {"type": "sentence", "content": "4. Celebrate instantly."}, {"type": "sentence", "content": "Some people, like myself, love to track progress objectively. That's where mobile apps come so handy. Some of them not only guide you with a breathing circle, they also help you to understand how your heart rate changes after a breathing session. Or how your HRV has changed and whether you have become calmer."}, {"type": "sentence", "content": "So far we have discussed that breathing exercises help to calm us. There are other types of breathing exercises. They get us energized, i.e after waking up, or increase our focus. They use different ratios of inhale and exhale intervals, as well as breath holds of different duration."}, {"type": "sentence", "content": "All of us are different, our bodies react differently to breathing intervals of different length. The unique feature of BreathNow is that you can use one of the standard breathing patterns as a base. Then create your own custom breathing pattern and fine tune it to suit your mind and body. By measuring heart rate changes and alertness right within the app. No additional sensors needed."}, {"type": "sentence", "content": "The app also has a powerful system of reminders. They help to create a habit of doing breathing exercises regularly. Then you can record your experiences in the journal. Also right within the app. Journaling has been scientifically proven to reinforce positive behaviours through reflection and instant celebration. Remember suggestions #3 and #4 from BJ Fogg?"}, {"type": "sentence", "content": "Finally, the app includes instructional videos with relaxing exercises which augment slow breathing: meditation, yoga, qigong, etc."}, {"type": "subtitle", "content": "References."}, {"type": "sentence", "content": "1. Marc A. Russo, Danielle M. Santarelli, Dean O'Rourke. The physiological effects of slow breathing in the healthy humans."}, {"type": "sentence", "content": "2. Patrick G McKeown. The Oxygen Advantage."}, {"type": "sentence", "content": "3. Steward Nicole, Niels A. Andersen. Control of breathing in the echidna (Tachyglossus aculeatus) during hibernation"}], "topic": "mindfulness", "uuid": "0f73333b520e339b64cf45475f8c8991338a6bd97605775183c42625", "link": "https://dmitri-konash.medium.com/breathe-slower-live-longer-c68bf5064fb1"}