{"title": "Derek Chauvin's guilty verdict will never bring me peace", "data": [{"type": "sentence", "content": "I live every day with the knowledge that my story could become George Floyd's family's story. It gnaws at my spirit in even the most banal of moments."}, {"type": "sentence", "content": "By Keyaira Kelly"}, {"type": "sentence", "content": "My father is a 6-4 Black man with a slight Southern twang. It rings out in a type of singsongy acoustic dance when he surprises me with a phone call or greets me after not..."}], "topic": "mental-health", "uuid": "11971002e18cebdce264600ab07dd1559365e3357e9defe3642e81f9", "link": "https://medium.com/insider/derek-chauvins-guilty-verdict-will-never-bring-me-peace-65e05aaa1081"}