{"title": "Relationships, like products, need to be designed", "data": [{"type": "sentence", "content": "Relationships are hard. They take time to grow and commitment to make them work. But relationships are also essential to great design work. As SVP of Platform User Experience at Salesforce, I've learned that design leaders are the designers of the relationships on our teams, with executives, and across our organization. It's one of the most important aspects of our work."}, {"type": "sentence", "content": "Over the last 22 years, I've created and delivered strategies, products, and services across various platforms in a multitude of industries and countries. These experiences have taught me volumes about how to be thoughtful and compassionate when fostering relationships. Here are a few things I've learned from my mistakes and triumphs in trying to build better relationships so design can thrive inside organizations."}, {"type": "sentence", "content": "3 ways you can cultivate relationships to design better products:"}, {"type": "subtitle", "content": "Prioritize difference when building teams"}, {"type": "sentence", "content": "We are naturally drawn to people with similar experiences and backgrounds, but that is not necessarily what is best for our teams. To stay nimble as industries shift, we need to prioritize candidates who may have \"less\" experience or unconventional backgrounds. We need to look for hires that challenge our ideas or ways of doing things. If we don't, we risk becoming stagnant and incapable of innovation."}, {"type": "sentence", "content": "Look for hires with \"less\" experience"}, {"type": "sentence", "content": "I'll never forget a moment about 11 years ago when I was in the Bay Area seeing a large tech client. I was leading a small design team tasked with rationalizing their design pattern library. Over a few days, we audited hundreds of interactions across their mobile and desktop UIs. When we reviewed the phone number input fields, I asked why they were split into three fields. The client said that was how phone numbers in the US were organized. As someone who grew up in the UK, I wondered, why should everyone be forced into this US-centric convention? Although the client said changing the fields would be too much work, I insisted that we look up some open-source code. We were able to solve the problem by the next release."}, {"type": "sentence", "content": "I was younger then and possibly more foolish, but also more courageous. I was also coming from a different culture and brought with me a different perspective. Altogether, this created an opportunity for me to solve problems differently."}, {"type": "sentence", "content": "Now, 11 years later, I've learned that we need people who have less experience, like my younger self, to come in and ask the basic questions again, challenge the status quo, and sketch new ideas. People who will ask the \"dumb\" questions that are actually not dumb."}, {"type": "image", "content": "https://miro.medium.com/max/2450/1*0f6AGkO7509VU3iOmpf1vA.jpeg"}, {"type": "sentence", "content": "Typically when we think of \"less\" experienced, we see a young person, but it's more about finding people who are not informed by years of working in the same industry, at the same company, or in the same cultural context (like me, all those years ago). Sure, they could be right out of high school, or they may be ten years your senior. Ultimately, it's about putting all these different people together in a room to ideate, challenge each other, and consider problems through different lenses. It's about finding fresh perspectives, a willingness to question norms around the ways things are done or ways of imagining."}, {"type": "sentence", "content": "When looking for \"less\" experienced hires, it's important to:"}, {"type": "sentence", "content": "Cultivate fresh perspectives"}, {"type": "sentence", "content": "I've found that the younger generation is learning how to create with a new set of tools like games and programs that help kids learn programming concepts and code. These creators can focus more on the outcome of using their tools rather than learning the tools themselves. This empowers them to just make cool stuff."}, {"type": "image", "content": "https://miro.medium.com/max/3200/0*KkCczgauQuodT8XQ"}, {"type": "sentence", "content": "Take my eight-year-old daughter as an example. I showed her GameSalad to make and \"code\" her own game. Within just a day, she had created her own game and launched it on a phone. It was a simple game, but at eight years old, she was able to make an object move around the screen and collect gems. It was phenomenal. I sat with her and helped at first but then she totally got it. I give it a month, and she's doing it on her own. In a short while, she'll be coming up with unique ideas, new stories, and games that she'll be building and deploying on her own."}, {"type": "sentence", "content": "The best way to keep imagination nimble is to infuse it with new ways of thinking, doing, being, and seeing the world. We need to identify characteristics in candidates who may not have all the formal certifications but have the creative spirit, analytical tendencies, or inquisitive personality to grow with a rich input of skills and capabilities."}, {"type": "sentence", "content": "When cultivating fresh perspectives, it's important to:"}, {"type": "subtitle", "content": "Extend the hand of collaboration across your organization"}, {"type": "sentence", "content": "Leaders need to extend the hand of collaboration to other teams within an organization. Take the basic premise of designing and building a new office block. Engineers, architects, and builders have to align as the building is conceived, as those plans are developed, and throughout the building process. They must collaborate to ensure the right aesthetic goals are met, the functional premise of its rooms and utilities work, and that it's constructed to code. To make a successful product (the office block), they must work well together."}, {"type": "image", "content": "https://miro.medium.com/max/2480/0*qDUq9UrkmkBCx14-"}, {"type": "sentence", "content": "In my work, design, product management, and engineering each bring a unique skill but are pursuing the same goal: building the best product for users. Therefore the value of each of their voices, ideas, and expressions of that role make for a more engaging and rich product development process and ultimately outcome for users. Often we conflate two important parts of our roles in large organizations. The first is the skills you have, and the second is the team you are on. For instance, a product manager has skills in writing compelling product requirements documents, pitching new product roadmaps, and managing the budget for a product. However, they also have the same role as the designer, delivering the best product for our users."}, {"type": "sentence", "content": "When extending the hand of collaboration, it's important to:"}, {"type": "subtitle", "content": "Advocate for the value of design with executives"}, {"type": "sentence", "content": "In the design community, we are all bought into the transformative power of design. We can agree that understanding users and their needs is essential to our product's success, but not all executives will be on the same page. This is why building relationships with executives who might not fully understand the value of design is pivotal in activating its power."}, {"type": "sentence", "content": "To build these relationships, effective storytelling is essential. A well-crafted narrative unlocks the value of design for non-designers, CEOs, and executives. As a design leader, it's my job to guide my teams to communicate the value of their work by telling the best possible story. And good storytelling means understanding your audience and identifying the elements that are most relevant to them."}, {"type": "image", "content": "https://miro.medium.com/max/2450/0*dT-a33D3Ggd75NHA"}, {"type": "sentence", "content": "Let's take great food as an example here. When a chef presents you with an intricate and delicious dish - do you want them to painstakingly describe every ingredient and step that went into that dish? Probably not, unless you happen to be a chef yourself. Similarly, executives and CEOs are not necessarily designers, and they do not want to hear about our fancy design process - they just want to find the best solution for the problem and run their business in the most efficient way possible."}, {"type": "sentence", "content": "Holding onto the north star helps tell a more clear story about the value and purpose of design work. It can be remarkably easy to sell a process, and many executives will take comfort in a well-structured approach. But focusing on process instead of outcomes can lead to problems down the line because, as we know, even the best plans change. When you think about articulating a project plan, it's essential to always start by reiterating the goal and outcome before talking about \"where are we on the plan\"."}, {"type": "sentence", "content": "So you see, it's design leadership's responsibility to consider the audience, narrow the message, and allow great concepts and solutions to shine through."}, {"type": "sentence", "content": "When advocating for the value of design with executives, it's important to:"}, {"type": "sentence", "content": "Relationships need to be cultivated with intention and compassion, so that shared ground can be found and generative connections can be established. If we don't carefully consider how we build our teams and engage within the broader organization, then we are stuck in the bubble of uniformity with little to no original thought and outcomes. And we run the risk of losing opportunities for innovation and ultimately fail to meet our users' needs."}, {"type": "sentence", "content": "Want to learn more about how design can help build better relationships between employees, customers, and communities? Check out our Relationship Design Trail on Trailhead."}, {"type": "sentence", "content": "Thank you Madeline Davis and Margaret Seelie for crafting this piece with me, you've brought eloquence and thoughtfulness to the topic that's been invaluable. Thank you to Justin Maguire for his leadership, mentorship and friendship over the years - I've learnt so much of what I know from you. Importantly thank you to my team who keep me in check, help me see the world from different perspectives and calibrate my own perception of what defines a great team. And finally, to my family; the no.1 team in my life in which we are all leaders from my 4 year old to my ailing 79 year old mother."}, {"type": "sentence", "content": "Learn more about Salesforce Design at www.salesforce.com/design."}, {"type": "sentence", "content": "Follow us on Twitter at @SalesforceUX."}, {"type": "sentence", "content": "Check out the Salesforce Lightning Design System."}], "topic": "ux", "uuid": "11e1a8959a1e776c2f2327e1d3bc9049cc264427faff831290487ae1", "link": "https://medium.com/salesforce-ux/relationships-like-products-need-to-be-designed-ef0c55debbea"}