{"title": "How To Spot Fake Kenzo Tiger Crewnecks - Real Vs Fake Kenzo Tiger", "data": [{"type": "image", "content": "https://miro.medium.com/max/1896/0*zpN3OPIQMaxPPJJh.jpg"}, {"type": "sentence", "content": "Wondering how to spot a fake Kenzo Tiger crewnecks? Then you are in the right place because we have prepared this article with the best spots you have to analyze in order to learn how to spot a fake Kenzo Tiger crewnecks."}, {"type": "sentence", "content": "In this guide, we will link real vs fake Kenzo Tiger crewnecks images in order for you to understand what we mean whenever we will point out at the flaws on the fake Kenzo Tiger crewnecks."}, {"type": "subtitle", "content": "How to spot fake Kenzo Tiger crewnecks"}, {"type": "sentence", "content": "The quickest way to spot fake Kenzo Tiger crewnecks is to inspect the wash tags - the fake items never get to the level of the legit ones."}, {"type": "sentence", "content": "Most of the time, the replica Kenzo Tiger crewnecks have their printing on the wash tags improperly font-weighted compared to the retail Kenzo Tiger crewnecks."}, {"type": "subtitle", "content": "Step 1: Check the wash tag of your Kenzo Tiger crewneck"}, {"type": "sentence", "content": "As we said previously, we consider the wash tag the most reliable sign to spot a fake Kenzo Tiger crewneck, and so, that's why we are inspecting the wash tag first on our guide on how to spot fake Kenzo Tiger crewnecks."}, {"type": "sentence", "content": "First of all, let's have a quick look at the real vs fake Kenzo Tiger crewneck image in order to spot the flaws on the fake Kenzo Tiger crewneck easier."}, {"type": "image", "content": "https://miro.medium.com/max/2000/0*Rrp9YRvkRexCekBg.jpg"}, {"type": "sentence", "content": "As you can see in the real vs fake Kenzo Tiger crewneck image above, we have pointed out three main flaws on the fake Kenzi Tiger item."}, {"type": "sentence", "content": "First of all, in order to spot a fake Kenzo Tiger Crewneck, you have to check the text which indicates the country oof manufacturing - in the middle side of the wash tag."}, {"type": "sentence", "content": "In the fake vs real Kenzo Tiger crewneck image above, you can see how the fake Kenzo item's \"Portugal\" text all around the lines of text is too thick compared to the text on the retail Kenzo item."}, {"type": "sentence", "content": "The second pointer in the real vs fake Kenzo Tiger crewneck image above, you can also see how the elements which tell you how to wash machine your crewneck, on the fake Kenzo item, are too thin, while on the legit Kenzo crewneck, the symbols are thicker."}, {"type": "sentence", "content": "Lastly, the third hand-emoji pointer in the fake vs real Kenzo Tiger crewneck image above shows you how the fake Kenzo item's wash tag has the Chinese text at the bottom looking too thin."}, {"type": "sentence", "content": "Keep in mind that there are many releases of the Kenzo Tiger crewneck, and your wash tag may be a little bit different than the one in the image above."}, {"type": "subtitle", "content": "Step 2: Look at the neck tag of your Kenzo Tiger crewneck"}, {"type": "sentence", "content": "As for the second step of the guide on how to spot fake Kenzo Tiger items, we are going to look at the neck tag of the real vs fake Kenzo Tiger crewnecks."}, {"type": "image", "content": "https://miro.medium.com/max/2000/0*2DryXAGxn_eW0Nz2.jpg"}, {"type": "sentence", "content": "In the real vs fake Kenzo Tiger crewneck image above, we have pointed out how the fake Kenzo Tiger item has its letters totally different compared to the letters on the neck tag of the authentic Kenzo item."}, {"type": "sentence", "content": "In fact, the fake Kenzo Tiger crewneck has the letter \"K\" looking too wide, and the angled legs of the letter are too thick compared to the retail Kenzo Tiger crewneck's letter \"K\"."}, {"type": "sentence", "content": "Then, moving to the letter \"E\", you can see how the vertical leg is really thin, and the horizontal legs are way too thick compared to the neck tag of the authentic Kenzo Tiger item's letter \"E\"."}, {"type": "sentence", "content": "Looking at the \"Z\" in the \"KENZO\" text on the neck tag, you can see how the replica Kenzo Tiger item has its horizontal legs looking too thin."}, {"type": "sentence", "content": "Besides, the whole letter \"Z\" is too wide compared to the authentic Kenzo Tiger crewneck's letter \"Z\"."}, {"type": "sentence", "content": "Lastly, if you look at the \"PARIS\" text on the neck tag, you can notice how the counterfeit Kenzo Tiger crewneck has its letter \"S\" looking way too big and thick, and not only that, but the \"PARIS\" text is also placed too close to the \"KENZO\" text above."}, {"type": "sentence", "content": "On the other hand, the authentic Kenzo Tiger's \"PARIS\" text has all of its letters at the same font-weight, and the \"PARIS\" text is placed further away from the \"KENZO\" print."}, {"type": "subtitle", "content": "Step 3: Real vs fake Kenzo Tiger front print"}, {"type": "sentence", "content": "As for the third and the last step of the guide on how to spot fake Kenzo Tiger crewnecks, we are going to look at the frontal printing on the fake vs real Kenzo Tiger items."}, {"type": "image", "content": "https://miro.medium.com/max/2000/0*NQIiC4meo1oEnXXi.jpg"}, {"type": "sentence", "content": "In the real vs fake Kenzo Tiger image above, we have pointed out how the fake Kenzo crewneck has its letter bigger than the ones on the authentic Kenzo item."}, {"type": "sentence", "content": "In fact, the fake Kenzo Tiger crewneck's \"P A R I S\" text on the front side of the item appears to have its letters looking too stretched out, as they are too tall compared to the letters on the retail Kenzo item."}, {"type": "sentence", "content": "Not only that but if you look at the bottom side of the letter \"S\", you can also notice how the fake Kenzo Tiger crewneck is too thick compared to the bottom area of the authentic Kenzo Tiger crewneck's letter \"S\"."}, {"type": "subtitle", "content": "How can I spot fake Kenzo Tiger crewnecks in 60 seconds?"}, {"type": "sentence", "content": "The 3 detailed real vs fake Kenzo Tiger crewneck steps outlined above might not be so practical when you are in a hurry or when you want to buy the item online."}, {"type": "sentence", "content": "That is why we have compiled this quick 60 seconds solution to legit checking your Kenzo Tiger crewnecks. Below are the top 3 indicators that can help you determine if you have a fake or real Kenzo Tiger crewnecks."}, {"type": "subtitle", "content": "Where can I get my Kenzo Tiger authenticated? The Kenzo item authenticating service"}, {"type": "sentence", "content": "If you need help with the authentication of your Kenzo Tiger item, we've got you covered."}, {"type": "sentence", "content": "All you have to do is send us high-quality pictures of your Kenzo Tiger crewneck and we will get back to you with the results within 24 to 48 hours. The results will also come with a report on why we believe your crewneck is fake or authentic."}, {"type": "sentence", "content": "That brings us to the end of our guide on how to spot fake vs real Kenzo Tiger crewneck. We will continue to update this article as better and newer comparisons are put out."}, {"type": "sentence", "content": "Need our opinion over your item's authenticity? It's a service we provide."}, {"type": "sentence", "content": "Want even more help from us? We've been working really hard:"}], "topic": "design", "uuid": "13c6a5ff11e3ba175d230005aebad61e6603b7fb47c07469f911cbf0", "link": "https://legitcheckbych.medium.com/how-to-spot-fake-kenzo-tiger-crewnecks-real-vs-fake-kenzo-tiger-f9cd104a9519"}