{"title": "5 Ways to Cultivate an Entrepreneurial Mindset", "data": [{"type": "sentence", "content": "Some people seem to be born with the entrepreneurial spirit - that drive to start something new, solve the problems they see in the world, and strike out on their own."}, {"type": "sentence", "content": "Others work really hard at developing that mindset and keeping it strong.Whether you're hoping to start your own business in the near future or years down the road, sharpening your entrepreneurial mindset can have an enormous impact on your life. It'll help you keep learning, growing, and stretching yourself to your greatest potential. (And that's always a positive, no matter where your life takes you.)"}, {"type": "image", "content": "https://miro.medium.com/max/3232/1*dcFuBnFjuVrUtIoSSKm77w.png"}, {"type": "subtitle", "content": "Here are those 5 ways you can work on cultivating an entrepreneurial mindset:"}, {"type": "subtitle", "content": "1. Prioritize Learning And Growth:"}, {"type": "sentence", "content": "It's all too easy to look at a successful entrepreneur and assume they've got it all figured out. But the most successful entrepreneurs readily acknowledge that they'll NEVER know it all. They're constantly pursuing new knowledge and new ideas."}, {"type": "sentence", "content": "Make personal development a part of your lifestyle. Each day, set aside time to read blogs, articles, and books that help you increase your knowledge, sharpen your skills, and feel even more motivated and inspired to move forward."}, {"type": "sentence", "content": "Every great leader is a reader. Some of the most successful entrepreneurs attribute their success to reading. Warren Buffett famously spends as much of 80% of his day reading, insisting that anyone hoping to achieve similar success should go to bed a little smarter each day and read 500 pages daily. Elon Musk, Mark Zuckerberg, and Bill Gates also make time to read every single day, even while running their businesses. If they can do it, so can you."}, {"type": "subtitle", "content": "2. Set Goals (And Make Daily Progress On Them):"}, {"type": "sentence", "content": "Successful entrepreneurs don't accomplish great things by accident - they set thoughtful goals they care about and work towards them. Small achievements day in and day out accomplish big goals. And nothing's more empowering than achieving a goal. It helps you get used to the idea that you have control over your life and that you have the ability to accomplish anything you put your mind to. (Because you do!)"}, {"type": "subtitle", "content": "3. Get Comfortable Being Uncomfortable:"}, {"type": "sentence", "content": "Honestly? There's nothing comfortable about being an entrepreneur. It involves loads of rejection, risk, failure, embarrassment, anxiety, criticism, fears, and doubts, the sort of stuff nobody particularly enjoys. But it's the price we pay for the creative freedom and fulfillment that can't come any other way. If you let your discomfort keep you from moving forward, you'll miss out on so many opportunities."}, {"type": "sentence", "content": "Put yourself in new and unfamiliar situations that force you to grow. Try something you've never done before. Get rejected. It's scary, but it's also thrilling."}, {"type": "subtitle", "content": "4. Embrace Risk:"}, {"type": "sentence", "content": "Whenever you take a risk, you've got two possible outcomes: you'll either win or you'll learn. And failure is the best teacher there is. It's an opportunity to grow, adapt, and learn new strategies for next time. Don't avoid failure, embrace it. Fail fast and fail often. It'll set you up for success in the long run."}, {"type": "sentence", "content": "Sometimes, failure feels like the end of the world - but it certainly wasn't for a lot of entrepreneurs out there. James Dyson created 5,126 failed prototypes before finally creating a Dyson vacuum that worked. Other entrepreneurs created entire businesses that failed before moving on to bigger and better things, like Evan Williams, co-founder of a podcasting company that went south after the release of iTunes. Seeing they wouldn't be able to compete with Apple, he and his team left having to scramble and work on other ideas - one of which was a little site called Twitter."}, {"type": "subtitle", "content": "5. Spend Time With Other Entrepreneurs:"}, {"type": "sentence", "content": "The most significant factors in your life are the people around you. If you surround yourself with negative people who complain there's nothing they can do to improve their circumstances, you'll eventually find yourself feeling the same way. But if you surround yourself with energizing, inspiring relationships, their optimism will rub off on you."}, {"type": "sentence", "content": "Build relationships with entrepreneurs who have been in your shoes. Learn from their successes and failures. Find mentors or other experts who you can learn from through courses or one-on-one coaching. Network, research, reach out to people you admire, chat a stranger up on LinkedIn - whatever it takes to surround yourself with people who can help you foster a growth mindset. Who knows? They might end up being your business partner one day."}, {"type": "subtitle", "content": "You can join our community \"Business Teaching\" on social platforms."}, {"type": "sentence", "content": "Instagram | Facebook | Medium | Twitter"}], "topic": "leadership", "uuid": "143f7dbf337b7c7deff3526d8c6c11530f8ba736855ffc0db14c880c", "link": "https://medium.com/business-teaching/5-ways-to-cultivate-an-entrepreneurial-mindset-de0fd13e5d27"}