{"title": "How OCD Took Control of My Life", "data": [{"type": "image", "content": "https://miro.medium.com/max/11232/0*uDlap0OGKr2axMBs"}, {"type": "sentence", "content": "'Dear God,' I would mutter, the very moment my mother clicked off my bedroom light for the night and quietly shut the door behind her. I would always start the same way, addressing the celestial being whom - despite my having been raised in a staunchly atheist, easy-going household - I believed held the fates of me and my loved ones in its hands. For the ritual to work, my eyes had to be shut firmly to show my devotion, not allowing a single crack of light to pass through. My hands had to be clutched white-knuckle tight and just so, like I'd presumably seen on television shows."}, {"type": "sentence", "content": "'Please bless my Mum, Dad, Beth [my sister], Robbie [our pet budgerigar], and Nana [my Nana], for the rest of time. Please protect them from harm, and make them all live forever and ever. Please don't let anyone be sad, get hurt, or die. Amen,' I would say into the dark."}, {"type": "sentence", "content": "I would open my eyes, unclasp my hands, take a deep breath, and go again like I was plunging deep under dark waters. In fact, I would recite the entire incantation at least seven times before even considering going to sleep, or else my whole family would certainly meet any variety of Final Destination-esque grizzly departures the very next morning while en-route to work, school, or simply hopping to the opposite budgie perch for a helping of seed and a munch on a dried cuttlefish."}, {"type": "sentence", "content": "Heaven forbid I stumbled over a word, or forgot somebody from the ever-increasing lineup of blessing recipients, which steadily grew to accommodate even the most distant of school friends, neighbourhood kids, teaching assistants, even cafeteria dinner-ladies. In the instance of an error, the whole monologue had to be started again from scratch, such was my conviction that an explosion or a high-Richter scale earthquake or a sudden inexplicable tornado would wipe them all out in one fell swoop, leaving me alone amongst the chaos."}, {"type": "sentence", "content": "I already knew that whenever the dreaded 'event' happened, the knowledge that it was all my fault for forgetting to pray it away like some cosmic disaster firewall operator would ruin my life before it had even got started. I could picture the headlines 'LOCAL TORNADO HELL - AND IT'S ALL THIS BOY'S FAULT'. If only somebody had explained to me that tornadoes didn't really happen in rural, quaint English villages. Perhaps, on reflection, a child of my disposition really never should have been allowed to watch Twister, let alone own a copy on VHS."}, {"type": "sentence", "content": "As I entered my pre-teens it became apparent that my magic muttering of spells to a God I didn't believe in had failed to protect anyone from anything. Robbie the budgerigar had silently hit the deck of his cage one night, having far exceeded his expected life span. My holy whispering had also failed to stop my Nana's ovarian cancer from devastating both her and us in a matter of months. Evidently, life was utter chaos, and as a twelve year old I realised the scope of my obsessions was unsustainable. It was far more effective to turn doubt and anxiety inwards, toward myself, than it was to attempt to protect everyone else on the planet."}, {"type": "sentence", "content": "With the inward-facing, awkward discipline only a mentally-ill twelve year old can muster, I was able to put a stop to all that praying nonsense. I went straight to bed each night, actively refusing to pray. It was a pleasant surprise to discover that most of my family and friends were still very much alive and kicking the next morning."}, {"type": "sentence", "content": "But in what I now know to be classic form for suppressed Obsessive Compulsive Disorder, it soon popped out through another area of uncertainty in my life like a bulbous hernia rooting its way through somebody's abdomen wall. The OCD Stories Podcast - one of my new favourites - describes this phenomenon as 'the air mattress affect'. You push the air out of one part of an air mattress, only for another part to bulge out and get bigger. OCD, it seems, is a shape-shifter worthy of its own superhero comic book series."}, {"type": "sentence", "content": "I don't remember the exact moment that my new obsession took hold, but somehow I convinced myself that using or moving my body in non-symmetrical ways was deeply problematic. What if I breathed an odd amount of times during a day? What if I blinked harder with one eye than the other? Could that cause some wrinkle in the fabric of time like the oft-mentioned butterfly wing? Would one of my eyes degrade quicker than the other as I aged due to overuse? Monitoring my breathing and blinking became a new, totally un-fun pre-teen hobby that occupied every waking moment. Other boys were outside, practising the art of aggressive inline rollerblading (ah, the noughties), but not me. Aggressive inline blinking was more than enough for me."}, {"type": "sentence", "content": "But it wouldn't be OCD if it stopped there. My obsessions morphed, settled into nooks and crannies in my mind that I had no idea existed. What if I chewed more on one side than the other? Well, naturally my teeth would all be ruined on one side, and my jaw bone will disintegrate into a fine powder."}, {"type": "sentence", "content": "What if I turned my head to the left to glance at something, would the other side feel left out? Better turn your head to the right, too, just in case. Oh, and while you're there, blink ten times to be sure it's all nice and even. Much better. Or is it? Maybe do it again, just to be sure."}, {"type": "sentence", "content": "My bizarre obsession with my body prematurely degrading in a less than symmetrical fashion left me looking and behaving like a child who had survived on nothing other than Red Bull for their entire life. I was twitchy and nervous, never rested, never at peace. I was a teenager, and I was constantly glitching out. Kids, strangers, even teachers, just loved to remind me what a weird sight I was to behold. When my compulsions moved onto headbanging, jaw popping, shoulder shrugging, my Mum finally stepped in and dragged me to the doctor's office."}, {"type": "sentence", "content": "My Dad, on the other hand, thought it was all a load of nonsense. Some teen thing to do with wanting to be cool. He became convinced I'd seen some nu-metal band headbanging on the music channel Kerrang!, and that I was simply emulating them twenty four hours a day, regardless of social context or setting. Headbanging all the way through your baby cousin's christening? Oh, why the hell not!"}, {"type": "sentence", "content": "'He'll probably grow out of it,' were the fair, but less than helpful words of my childhood GP. In credit to him, a great many do. Transient Tic Disorder is called just that for a reason, in many cases it comes, goes, and comes back again like a slightly bothersome friend. But intersected with the heavy weight of my obsessions, all of this turned out to be here to stay. School, university, graduate jobs, relationships, all of it was marred by racing-track mind and tendencies to spill coffees with twitches. Until, I hope, now."}, {"type": "sentence", "content": "The third Coronavirus lock down of the UK was the one that finally tipped me into uncharted OCD territory. With no real daily routine, my usual preoccupations of bodily movements and incantations were replaced by a sinister, biting notion that somewhere, somehow, I may have harmed somebody in the past."}, {"type": "sentence", "content": "How exactly I had committed this harm was a mystery to me. Was I violent? Had I ever been a bully, or unintentionally said an unkind thing?"}, {"type": "sentence", "content": "Hours of sleep, work, and recreation were lost to my new hobby of analysing memories from childhood, adolescence, and adulthood, for possible signs of harm. Had I hurt somebody? Could I hurt somebody? Better go through every memory I can conjure up and analyse it from all possible perspectives."}, {"type": "sentence", "content": "Grey areas became infinitely black. I picked over my life with a moral fine tooth comb that was stricter than the most authoritarian regimes on the planet. Although I could find no evidence of wrongdoing, my obsession told me that I should keep looking, endlessly, because eventually I would unearth it. The subjective, changing, and unreliable nature of thoughts, memories, and stories had me wrought and incapacitated with anxiety."}, {"type": "sentence", "content": "Despite not being even remotely famous, I was convinced I was going to be imminently cancelled online. I spent days trawling through every harmless interaction on my nearly fifteen year old Facebook account. I deleted, blocked, unfriended, re-friended, and removed photo tags in a frenzy, before deciding to delete my account altogether. With hindsight, there was nothing problematic there. Not a single comment."}, {"type": "sentence", "content": "Every Amazon delivery, every siren rushing by, every helicopter that flew over, all evidence that I was probably about to be arrested and taken away. This was the intense, rising action phase of a true crime podcast in the making. I was a monster (wasn't I?) and it was all about to come out. Satisfied, I came to the conclusion that no longer being around was the only way to avoid the regret, humiliation, and disappointment that was surely coming my way in retribution for a crime I had never once even thought about committing."}, {"type": "sentence", "content": "When I finally realised that I had lost any mental escape route from my anxiety, a portion of the weight seemed to lift. After months of this exhaustion, still finding nothing, I admitted to myself, shaking my head at my own lunacy, that I needed somehelp."}, {"type": "sentence", "content": "Twenty years after my first trip to the doctor, a different GP was more sympathetic. Even though our appointment took place over the telephone, my doctor assured me that Obsessive Compulsive Disorder, which I most likely have, is taken very seriously, particularly in young men, particularly when it became as all-encompassing as mine had become."}, {"type": "sentence", "content": "I had thought I was losing my mind. I had been searching and reading about various disorders of paranoia and issues more serious than my own. I had no idea that OCD can, and frequently does, manifest through fears of harm and retribution. The mental health charity Mind defines obsessions as ' unwelcome thoughts, images, urges, worries or doubts that repeatedly appear in your mind.' It distinguishes these unwanted, intrusive obsessions as different from desire. No words can describe how relieved I was to learn this fact."}, {"type": "subtitle", "content": "Treating OCD: now what?"}, {"type": "sentence", "content": "Just a few weeks ago, one of London's psychiatric facilities deemed me as having 'Severe OCD Traits.' The word severe is enough to strike fear into even a toughened heart, but I am glad to say that already I have seen considerable improvement in my symptoms."}, {"type": "sentence", "content": "Like many, I am taking a three-pronged approach to try to manage the condition."}, {"type": "subtitle", "content": "1. Medication"}, {"type": "sentence", "content": "My 50g of Sertaline, a Selective Serotonin Re-uptake Inhibitor type antidepressant drug, has been a godsend. While my obsessional worries are still undeniably present, the feeling is like a thick wall has been erected between me, and them. The obsessional voice is much quieter, like somebody speaking to me from another room in the house. It is easier to ignore, and less compelling when I do choose to listen."}, {"type": "sentence", "content": "SSRIs aren't for everybody, and like all medications they can have side effects. For me, the side effects represented a small trade off, such was the level of my anxiety. The intention is that medication will quieten the obsessions, to assist with the gnarly 'under the hood' work in therapy."}, {"type": "subtitle", "content": "2. Talking Therapy"}, {"type": "sentence", "content": "I am on a waiting list for NHS cognitive therapy. This will take the form of one-on-one talking, and interaction with a group of fellow OCD sufferers. I can't wait to get started, to work through the messy tangle of flawed logic in my mind, to meet fellow sufferers and hopefully learn to laugh at our collective misfortune."}, {"type": "subtitle", "content": "3. Self-Education"}, {"type": "sentence", "content": "When mental health services told me that I was expected to read a book, my heart sank a bit. My initial reaction was to feel misunderstood, ignored, and frankly a little patronised. I had Googled OCD a thousand times since my GP had first uttered the acronym. I was practically a qualified expert practitioner! How could they expect me to simply read a book and be done with it?"}, {"type": "sentence", "content": "When my copy of Dr Fiona Challacombe and Dr Victoria Bream Oldfield's Break Free From OCD landed on my doormat a day later, I was sceptical. But their accessible yet scientific approach to explaining the thought processes and vulnerabilities that uphold an obsessive compulsive mindset is truly enlightening."}, {"type": "sentence", "content": "Since finishing the book, I have completely re-evaluated my approach to self-learning on this topic. Too often we are told than mental illness is exactly the same as breaking a limb, nothing to be ashamed of, nothing to ignore. But unlike performing surgery on ourselves, when it comes to our mental health, the very act of remaining informed and learning about oneself is restorative. I have concluded that while I will absolutely utilise help in the form of medicinal and talking therapy avenues, a fair portion of the work is mine to do, and I must remain willing to do it."}, {"type": "sentence", "content": "Simply having a name for my condition has helped no end. When ridiculous intrusive thought and worries, and compulsive urges to complete arbitrary tasks overwhelm me, I am able to (almost) laugh in OCD's face. Yes, it won't always be this way. OCD is rarely completely overcome, and like many mental health issues, it can wax and wane. But having a diagnosis has been an invaluable counterweight to the anxiety-lead logic that OCD has perpetuated in my life over the last thirty one years."}, {"type": "sentence", "content": "My advice to anyone who thinks they may be suffering with obsessions, compulsions, or intrusive thoughts? Help is out there, and you deserve to be helped."}], "topic": "mental-health", "uuid": "165bbad7aecfddab7dacc93214f9b7aee5180e42884142b31ca71c29", "link": "https://jfjeffries.medium.com/my-life-on-loop-an-ocd-story-2a720e525987"}