{"title": "Is Elon Musk Right, Are We In A Simulation?", "data": [{"type": "image", "content": "https://miro.medium.com/max/2560/1*EyFPi_eYAaxAnKhJSyQc4w.jpeg"}, {"type": "sentence", "content": "Elon Musk has some whacky ideas, I think by now that's common knowledge, but one of his most outlandish is that we are most likely living in a simulation. In interviews and press conferences, he gives a quippy bit of logic to explain this idea, and everyone gets sucked in! But is he onto something? Or has Joe Rogan got him smoking too much of the green stuff?"}, {"type": "sentence", "content": "This mind-bending bit of logic was first proposed by Nick Bostrom in 2003 who named it the simulation hypothesis. It goes as follows:"}, {"type": "sentence", "content": "As computers are getting exponentially more powerful each year, future civilisations will have a level of computing power that vastly exceeds ours by orders of magnitude. We already simulate life in many ways through computers, from video games to art and scientific research. These future civilisations may simulate the Universe from the start up to their lifetime to understand the Universe and humanities past in exquisite detail. This means that there is another simulation within this simulation that simulates the first simulated Universe. But then this second one also has a simulation, and so on and so on. So there are billions of simulations within simulations, all of which host all of human history. This means there are billions of identical virtual yous that are living the same life. So, the chances that you are the original you, and not one of the many simulated ones, is one in billions. From this, we can conclude that we are likely in a simulation."}, {"type": "sentence", "content": "Pretty convincing logic, isn't it? It almost sounds like we can't choose any other option but to conclude that we are in a VR Universe. But this isn't the case, as this is a logical argument with no defined parameters or statistics. Musk is doing the same thing as Quantum healers and other pseudo-scientists, creating an idea that sounds watertight and convincing, but has no grounds to be tested in reality. I can already hear Newton rolling in his grave!"}, {"type": "image", "content": "https://miro.medium.com/max/3052/1*rph9KdqEFs5OY2oTHPzqHQ.jpeg"}, {"type": "sentence", "content": "But with a bit of maths, some testable conceptual ideas and a good smattering of critical thinking, we can unpack this existential-crisis-inducing logic and answer the question: are we in a simulation?"}, {"type": "sentence", "content": "So, first up, what are the arguments for Musk's claims?"}, {"type": "sentence", "content": "There is really only one way people could have a solid argument for the simulation hypothesis, by finding the corners the programmers cut when they developed our simulation. What's more, we may have found three of these 'short cuts'."}, {"type": "sentence", "content": "The first is based on rendering and the speed of light. Have you ever played a computer game and the scene you are walking through is all foggy? This was likely done so that the computer only has to render the scenery close to the player. If it had to render the entire landscape, it would cause lag and ruin the game. Well, our simulation overlords could have done something similar to us, hence why our Universe has a universal speed limit, the speed of light."}, {"type": "image", "content": "https://miro.medium.com/max/2560/1*o6Zms2xnVsquyUNHTHCuVQ.jpeg"}, {"type": "sentence", "content": "With the vast distances between our solar system and even the closest star (4.2 light-years), it makes it pretty much impossible for us to reach these distant bodies quickly. So rather than simulating the 93 billion light-year wide Universe, our programmers only have to simulate our little star system and slap on a 'background' that looks like we are in this vast Universe. We might even be able to detect this shortcut. As we explore further and further with probes, we cause the programme to start simulating more and more of the Universe, which means we could butt up against the computers render speed, so imagine sending a probe to Proxima Centauri, only to find that it's a polygon riddled blob, that would be pretty convincing evidence that we are in a simulation."}, {"type": "image", "content": "https://miro.medium.com/max/2560/1*g6cM2wpiS-_SplQBWZLAKw.jpeg"}, {"type": "sentence", "content": "The next argument stems from quantum physics, but don't worry, I will keep it as simple as possible."}, {"type": "sentence", "content": "In quantum physics, the Universe is not defined unless you have an observer. When Schrodinger's cat was locked in the box, it had no observers, and because of this, it was in a superposition of being dead and alive, as its state was not defined. Doesn't this sound like that video game fog? Our Universe is only 'rendered' when we observe it - quite a valuable shortcut to use less computing power in a simulation."}, {"type": "sentence", "content": "But there is one more argument for simulation theory, and it revolves around how time interacts with quantum gravity. Our quantum gravity theories are mind-meltingly complex, but one paper shows that if time was observed from outside our Universe, it could solve a lot of our problems with quantum gravity. This is because an observer could 'fix' time at the quantum scale, which would allow general relativity and quantum mechanics to work together. If this is true, it could pave the way towards making a 'theory of everything'."}, {"type": "image", "content": "https://miro.medium.com/max/2560/1*Au5640hogtaQUhVJ-ZFCzg.jpeg"}, {"type": "sentence", "content": "But think about it for a second. An external observer of our Universe. Doesn't that sound like the programmer, or the computer running a task manager?"}, {"type": "sentence", "content": "Now, you may have noticed that these arguments are practically untestable. They are all speculation, albeit fun speculations, but they don't lead to any solid scientific results. Is the argument against the simulation hypothesis any stronger?"}, {"type": "sentence", "content": "Before we look at the arguments against it, we need to understand something fundamental about this hypothesis. It is a trilemma, not a dilemma. It has three possible outcomes to choose from, firstly, that computers can't simulate the Universe, secondly that they can simulate it, but the beings which inhabit it aren't truly conscious, and finally that the simulations will exist and the beings within them do genuinely live. Musk is neglecting the first two options here, so let's look at them."}, {"type": "sentence", "content": "We can't yet say if the virtual humans are actually conscious and living, or just a string of 1s and 0s. Science hasn't yet hit on the secret sauce of that feeling of being alive, so that argument against simulation theory is null (at least scientifically)."}, {"type": "image", "content": "https://miro.medium.com/max/1706/1*QBLl5h2NX_Nbmdhs2Ssy8Q.jpeg"}, {"type": "sentence", "content": "Let's assume that computers keep getting more and more powerful, so eventually, we can make these simulations, and the beings within them do really live. Could we still have these billions of simulations?"}, {"type": "sentence", "content": "Well, there are two significant problems here."}, {"type": "sentence", "content": "Firstly, you might not be able to get simulations within simulations. Just like how Russian Dolls can only go so small, the simulations can only be compressed so far. The computer which hosts the original simulation has a finite amount of calculating power, so each successive simulation has less and less computing power available to it, until you get to a point where a simulation just can't work. You may only get a handful of functioning simulations. So rather than your one in a billion chance of being the original, it might be more like one in five."}, {"type": "image", "content": "https://miro.medium.com/max/9866/0*eOIo64CINOnYNZIu"}, {"type": "sentence", "content": "There is also another problem, we don't have a unified theory of physics, so what are we simulating? Right now, physics has some impressive pillars like quantum mechanics, the standard model and general relativity, but they don't play nicely with each other. This means physicists don't know what the ultimate underlying truth of the Universe is yet. Furthermore, we know that our current theories aren't good enough to explain everything, just look at dark matter and dark energy. So, the programmers designing these simulations don't yet have the 'base code of the universe' to replicate, to make matters even worse, our best theories for a 'theory of everything' such as string theory, are so complex it could take thousands of years to unravel, and that is if it's the right idea. We have to face the fact that we may never know the underlying truth of the Universe, and if that is the case, then these simulations can't happen."}, {"type": "image", "content": "https://miro.medium.com/max/6528/0*p3l33iV0mBcpZyNt"}, {"type": "sentence", "content": "Oh, and that external observer for quantum gravity to work? If that is the answer, then who was the external observer for the original Universe? That idea doesn't hold up to scrutiny, sadly."}, {"type": "sentence", "content": "So there is a genuine possibility that, even with a powerful enough computer and truly alive virtual beings, we still won't get Musk's billion to one chance, or even a single fictional simulation at all."}, {"type": "sentence", "content": "But could such a computer ever exist?"}, {"type": "sentence", "content": "Well, scientists have shown that you can't simulate the whole Universe with a computer, at least not one smaller than the observable Universe... But we don't want to simulate all of reality, we just want to simulate the human race."}, {"type": "sentence", "content": "For a future civilisation to have any use of a past simulation, it needs to run faster than time. So if they start it on Monday, the simulation runs through the Big Bang right up to Kanye's presidential bid by Friday. But calculating how powerful that computer needs to be is very complex. Instead, let's calculate the processing power required to simulate the nearly eight billion human minds alive today in real-time (1:1 time, inside the simulation to outside), and this can give us a sense of scale. If it is easily done, then yeah, these simulations could happen! If not then, maybe it is too big of a task."}, {"type": "image", "content": "https://miro.medium.com/max/12000/0*MVkbfz2hC1gT0xvj"}, {"type": "sentence", "content": "A human brain runs at roughly 10\u00b2\u2070 operations per second, about 4.5 trillion times that of a current-gen Intel i7 chip, and there are nearly eight billion of us. That means to simulate all of us in real-time, you need 8x10\u00b2\u2079 operations per second or about 36 trillion Intel i7's."}, {"type": "sentence", "content": "So we can't do this using our desktop computers, what a surprise. But what about the most powerful computer ever built?"}, {"type": "image", "content": "https://miro.medium.com/max/2560/1*kPMOIaH46L2IhwJ01ieR7A.jpeg"}, {"type": "sentence", "content": "Well, a cutting-edge supercomputer is being built in the USA that could take home the crown of most powerful ever by a good margin, El Capitan has a projected processing power of 1x10\u00b9\u2078 calculations per second, a considerable step up from the i7, but still 800 billion times shy of what we need."}, {"type": "sentence", "content": "You could argue that Moore's Law means that it won't be long until we get computers that could reach our processing requirements while being sensibly sized, but, as the switches in these chips get smaller and smaller, they run into a problem, quantum physics stops them from working. The gap from one side of the switch to the other is so small that electrons can 'quantum tunnel' their way across, throwing the switch at random. This ruins the chip's logic and puts a limit on how dense processing power can get. While we can build faster and more compact computers than El Capitan, they won't be 800 billion times more."}, {"type": "sentence", "content": "To add insult to injury, El Capitan is a hungry machine that draws 40 MW of power. If we were to size up this computer to host our simulation, it would need a godlike amount of power! Our 800 billion El Capitan stack needs 32,000,000 TW to run. To put that into perspective, Earth's global electrical power output in 2014 was 17.7 TW (global output in kW/h divided by the number of hours in a year)."}, {"type": "image", "content": "https://miro.medium.com/max/2560/1*TQwO-DqbQMl3SbcfiulOkg.jpeg"}, {"type": "sentence", "content": "You would need to devote an entire planet's worth of energy, space and resources to get a basic simulation running. Remember, this is only simulating our minds in real-time, no world-building or speeding up time here, this simulation would have no useful application to the civilisation running it."}, {"type": "sentence", "content": "So while a computer could get a hundred or a thousand times more compact and powerful before the laws of physics grind us to a halt, that won't matter. Remember, we want to run this simulation way faster than real-time to watch and learn how our species and the Universe developed. This means we need to run thousands or millions of times faster than reality, which means you need a computer with thousands, or even millions, of times more processing power that our 'basic simulation'."}, {"type": "sentence", "content": "So, even with a futuristic mega-powerful, mega-structure computer the size of a planet, we still might not even be able to host a single useful simulation. Even if we could, the humans within them might not live and experience a conscious life, and the simulation might not spawn billions of simulations within it. Sadly, the arguments against Elon's claims have more evidence than the ones for it."}, {"type": "sentence", "content": "So, after all of that, is Elon Right, are we in a simulation?"}, {"type": "image", "content": "https://miro.medium.com/max/12000/0*rmQExDfJgD3n0kwK"}, {"type": "sentence", "content": "Well, from all of that, you can see that the puzzle isn't as clear cut as Elon makes it out to be, and that he makes some astonishing assumptions and leaps to come to his conclusion. But with the advent of things like quantum computing, there is a possibility that these machines, however impractical and massive they will be, could one day be built, assuming we humans survive long enough to build them that is, which is a topic for a different day."}, {"type": "sentence", "content": "So, to answer the question, yes, we could be in a simulation. But if you look into the detail with a critical eye, the chances aren't billions to one that we are the real deal. The chances are dwindlingly small, but still there. You have to assume an awful lot of near improbable things (computer advances, unified theory, we survive that long, have a want to build them, can host simulations within simulations, etc.) to conclude that we are in a simulation. So you can relax, you probably won't need to swallow the red pill."}], "topic": "science", "uuid": "17a93e5f87f78a70a34205acdea0ecc6af9259d2b3016fa638820d99", "link": "https://medium.com/predict/is-elon-musk-right-are-we-in-a-simulation-ef3a1c47215e"}