{"title": "Lasting Change You Can Actually Affect in Six Weeks", "data": [{"type": "image", "content": "https://miro.medium.com/max/2048/1*9MFdLRVLyeWprop5-qh9ww.jpeg"}, {"type": "sentence", "content": "New Year's resolutions have an expiration date."}, {"type": "sentence", "content": "And that date about six weeks into the new year..."}, {"type": "sentence", "content": "January 12, to be exact, according to Strava, the social network for athletes. Strava conducted a study, analyzing 31.5 million people's online activities, to find the average date people decide their resolution experiment has failed."}, {"type": "sentence", "content": "In fact, according to a study conducted by the University of Scranton, more than 80% of people don't keep their resolutions."}, {"type": "sentence", "content": "Pretty bleak, right?"}, {"type": "subtitle", "content": "Well, the good news is that forming a lasting habit actually makes your brain happy. By filing certain common events in the \"automatic\" category, you're making more resources available for spontaneous decision-making."}, {"type": "sentence", "content": "And according to a study by researchers at the University College London, the average number of days required to rewire your neural pathways and form a habit is 66 days - or a little over two months."}, {"type": "sentence", "content": "Now, the math isn't perfect."}, {"type": "sentence", "content": "If the average fall-out time for your resolutions is six weeks... and the average habit takes two months to form...and we know that some habits form more easily than others..."}, {"type": "sentence", "content": "This could be the year you hack resolutions by tailoring them to lasting change you can affect in six weeks."}, {"type": "sentence", "content": "Let's take a look at some of what you can do..."}, {"type": "subtitle", "content": "Tracking - Journaling - Recording"}, {"type": "sentence", "content": "One of the most popular resolutions is to start keeping a record of your life."}, {"type": "sentence", "content": "For some people, it's as simple as wanting to track what they eat every day. For others, they want a ledger of their lives. Or a list of expenditures. Or the number of times a day you had a negative thought."}, {"type": "sentence", "content": "The list goes on."}, {"type": "sentence", "content": "People tend to fall off because it's overwhelming - the thought of the time you need to set aside to say what you really want to say seems impossible to fit into your schedule."}, {"type": "sentence", "content": "So here's how you make it stick for six weeks: pick one thing to track. That's it, just one."}, {"type": "sentence", "content": "And every day at the same time (maybe when you brush your teeth at night, or the second you walk through the door after work), you track that thing in a few sentences (or more, if you'd like)."}, {"type": "subtitle", "content": "Altering the Way You Look at Consumption"}, {"type": "sentence", "content": "The overwhelming majority of New Year's goals are centered around getting healthier in some way - diet, exercise, strength training, weight loss, etc."}, {"type": "sentence", "content": "When you lump all of those into one goal - \"get healthier\" - it becomes almost impossible to win."}, {"type": "sentence", "content": "Instead, choose one thing to focus on and make it as specific as you can."}, {"type": "sentence", "content": "Don't drink enough water? For six weeks, drink a glass when you wake up, and a glass before dinner."}, {"type": "sentence", "content": "Worried that your relationship with alcohol is unhealthy? Give yourself a concrete number of drinks you're allowed per week, and be stringent."}, {"type": "sentence", "content": "Know that you snack when your mind wanders? Consciously consider each meal you're going to eat every day and make them enjoyable."}, {"type": "sentence", "content": "Consumption in our convenience-store world can feel almost like an obligation - when everything is available at your fingertips, abstinence is a losing argument."}, {"type": "sentence", "content": "Unless, of course, you've made a choice to live otherwise. After six weeks, your body chemistry will have adjusted to its new pattern and won't crave the old ways."}, {"type": "subtitle", "content": "Learning a New Skill or Hobby"}, {"type": "sentence", "content": "This is a tricky one, because of the brain's natural tendency to reject that which does not release dopamine."}, {"type": "sentence", "content": "So what can you do? Never learn anything else?"}, {"type": "sentence", "content": "You can break a new hobby into is microcomponents."}, {"type": "sentence", "content": "If you wanted to learn to play piano this year, choose one song to learn over six weeks, and begin with the basics."}, {"type": "sentence", "content": "Only learn one new thing every day, and layer it on top of what you learned the day before."}, {"type": "sentence", "content": "Microfailures don't hit as hard as the major ones."}, {"type": "sentence", "content": "It's the difference between putting sheet music in front of someone who's never read it and expecting them to play and putting sheet music in front of someone who's never read it and asking them to identify which notes are which."}, {"type": "sentence", "content": "The common theme?"}, {"type": "sentence", "content": "Bite-sized habits."}, {"type": "sentence", "content": "Six weeks is a digestible amount of time to give something a try."}, {"type": "sentence", "content": "Not long enough for burnout, and not so short that you're not giving a new pattern the chance to set."}, {"type": "sentence", "content": "And it may just be the key to holding yourself to your own standards this year."}, {"type": "sentence", "content": "If you enjoyed these thoughts and think we've got something in common, I have a feeling you're going to love the streaming service I launched last year - by wellness purveyors for wellness seekers. Here's two weeks free - on me."}], "topic": "productivity", "uuid": "17c695ee5bee4bdc2c3d61ce60a52f2d05498c1902f6a2162edb938c", "link": "https://pedramshojai.medium.com/lasting-change-you-can-actually-affect-in-six-weeks-373d69e1b42"}