{"title": "The Girl in the Window", "data": [{"type": "sentence", "content": "It was one of those nights."}, {"type": "sentence", "content": "Usually, I don't mind taking the dog."}, {"type": "sentence", "content": "Actually, it's one of my favorite things to do."}, {"type": "sentence", "content": "But last night, I was tired and was hoping to chill on the couch and find something on Netflix."}, {"type": "sentence", "content": "The queen of the house had other ideas though. She sat down in front of me and kept glancing towards the door, which was her signal to me that we should be going on a walk."}, {"type": "sentence", "content": "I tried pleading with her, but she is a tough negotiator and far too cute to say no to."}, {"type": "sentence", "content": "Even in middle age she still jumped around like a puppy when I grabbed the leash. Once I donned my jacket and headlamp I was ready to go."}, {"type": "sentence", "content": "Yes, I said headlamp. I know it looks dorky, as I've been told several times but sometimes you can't be too careful."}, {"type": "sentence", "content": "Though soon I would realize it was one of those nights I should have just stayed home."}, {"type": "sentence", "content": "As soon as we walked outdoors my dog began growling. I checked the yard thinking it was a stray cat or rabbit, both of which will draw the she-beast's ire."}, {"type": "sentence", "content": "But no, there was nothing."}, {"type": "sentence", "content": "She still seemed perturbed, but the promise of exercise compelled her to keep going."}, {"type": "sentence", "content": "However, things started going down hill because as soon as I hit the street my light died."}, {"type": "sentence", "content": "I continued with some caution. My neighborhood is rather dark, the streetlights are few and far between, and for some reason most houses don't put their porch light on. There was a sliver of moon and I've lived there a while and knew my way around, so I chugged along."}, {"type": "sentence", "content": "I turned the corner on the next street and couldn't shake the feeling that someone was watching me."}, {"type": "sentence", "content": "I looked around but as far as I could tell no one else was outside."}, {"type": "sentence", "content": "Still weirded out, I kept going, but I slipped my cell phone from my pocket and held it while I walked."}, {"type": "sentence", "content": "The feeling was getting worse the further I went, to the point I turned around several times thinking there would be someone there."}, {"type": "sentence", "content": "I went to flip my phone's light on but it too died."}, {"type": "sentence", "content": "But I raised the dead mobile to my ear and pretended to speak to a friend, hoping that would deter anyone watching."}, {"type": "sentence", "content": "I was started to think I should turn home, when I noticed something in the middle of the street."}, {"type": "sentence", "content": "It must have been some trick of the moonlight as I swore I saw something glowing in the middle of the street, like some faint apparition."}, {"type": "sentence", "content": "At that point I decided enough was enough and headed home. I'd walk the dog twice as far tomorrow."}, {"type": "sentence", "content": "She protested when we turned home, but eventually followed. Though the closer we got to our home the more perturbed she got."}, {"type": "sentence", "content": "She kept growling at random spots and then whining before outright barking at what seemed like nothing."}, {"type": "sentence", "content": "I was happy to finally get inside where I locked the door immediately."}, {"type": "sentence", "content": "Too freaked out from the trip to watch anything, I settled into bed with my four legged friend. Just I was about to fall asleep I heard a distinct tapping at the window."}, {"type": "sentence", "content": "Now what? I thought to myself."}, {"type": "sentence", "content": "I ignored it, but the tapping got louder and louder."}, {"type": "sentence", "content": "Finally, I drummed up the courage and flipped the light on and opened the curtains."}, {"type": "sentence", "content": "But there was no one there."}, {"type": "sentence", "content": "I closed the curtains and went back to bed."}, {"type": "sentence", "content": "I heard the tapping twice more, but figured it was some animal or the tree hitting the house."}, {"type": "sentence", "content": "The next day, I walked outside and nearly screamed."}, {"type": "sentence", "content": "There were a pair of footprints outside my window."}, {"type": "sentence", "content": "And that wasn't the worst part."}, {"type": "sentence", "content": "There was a distinct smudge on the window where someone had been pressing their hands and face against the glass."}], "topic": "fiction", "uuid": "17cf4109dac698c2dd73b2ccd9d10013565ea66db8eff2c446b926e6", "link": "https://medium.com/the-inkwell/the-girl-in-the-window-109f2f7a28e4"}