{"title": "StartUp Health Insights: Virta & 1Doc3 Close Rounds, Over $1.4B Raised This Week | Week of Apr 21, 2021", "data": [{"type": "image", "content": "https://miro.medium.com/max/2780/1*LkNxEQqaoOZQ6FiSqpIA_A.jpeg"}, {"type": "sentence", "content": "We saw over $1.4B in health innovation funding reported this week, including $133M for StartUp Health portfolio company Virta Health. Led by Tiger Global, the Series E funding round will accelerate Virta's efforts to drive widespread adoption of its telehealth-powered diabetes reversal treatment. <source>"}, {"type": "sentence", "content": "Other recent deals included:"}, {"type": "sentence", "content": "PharmEasy, a Mumbai, India-based company that digitizes and organizes supply chains for its pharmacy partners, raised $323M led by Prosus Ventures (formerly Naspers Ventures) and TPG Growth, with participation from Temasek, CDPQ, LGT Lightrock, Eight Roads, and Think Investments. <source>"}, {"type": "sentence", "content": "Alan, a Paris, France-based health insurance and healthcare startup, raised \u20ac185M ($220M) led by Coatue, with participation from Dragoneer, Exor, Index Ventures, Ribbit Capital, and Temasek. <source>"}, {"type": "sentence", "content": "Benchling, a San Francisco, CA-based life sciences R&D cloud, raised $200M led by Sequoia Capital Global Equities, with participation from Altimeter Capital, Byers Capital, Elad Gil, Thrive Capital, Benchmark, Menlo Ventures, Alkeon Capital, ICONIQ, Lux Capital, Spark Capital, and Lead Edge Capital. <source>"}, {"type": "sentence", "content": "CeQur, a Horw, Switzerland-based developer of a wearable insulin-delivery device, raised $115M led by Credit Suisse Entrepreneur Capital and Endeavour Vision, with participation from Tandem Diabetes Care, Ypsomed Group, Federated Hermes Kaufmann Funds, Kingdon Capital, GMS Capital, Schroder & Co. Bank SA, and VI Partners. <source>"}, {"type": "sentence", "content": "C2i Genomics, a New York, NY-based developer of a SaaS product to detect traces of cancer, raised $100M led by Casdin Capital, with participation from NFX, Duquesne Family Office, Section 32 (Singapore), iGlobe Partners, and Driehaus Capital. <source>"}, {"type": "sentence", "content": "TetraScience, a Boston, MA-based data cloud provider for pharma and biotech R&D, raised $80M led by Insight Partners and Alkeon Capital Management. <source>"}, {"type": "sentence", "content": "Medable, a Palo Alto, CA-based digital platform that streamlines decentralized clinical trials, raised $78M led by Sapphire Ventures, with participation from Obvious Ventures, GSR Ventures, PPD, and Streamlined Ventures. <source>"}, {"type": "sentence", "content": "Anumana, a startup designing neural network algorithms to enable early detection and accelerate treatment of heart disease, raised $25.7M led by founders nference and Mayo Clinic, with participation from Matrix Capital Management, Matrix Partners, and NTTVC. <source>"}, {"type": "sentence", "content": "1upHealth, a Boston, MA-based connected platform that unlocks health data to improve industry outcomes, raised $25M led by F-Prime Capital, with participation from Social Leverage, Jackson Square Ventures, and Eniac Ventures. <source>"}, {"type": "sentence", "content": "Tomorrow Health, a New York, NY-based patient-first platform for home healthcare, raised $25M led by Andreessen Horowitz, with participation from Obvious Ventures and BoxGroup. <source>"}, {"type": "sentence", "content": "Beep Sa\u00fade, a Rio de Janeiro, Brazil-based healthtech company that provides healthcare at home, raised R$110M ($20M) led by Valor Capital, with participation from DNA Capital, Endeavor Catalyst, Bradesco, and angel investors. <source>"}, {"type": "sentence", "content": "Renovia, a Boston, MA-based digital therapeutics maker for female pelvic floor disorders, raised $17M from Perceptive Life Sciences, Longwood Fund, Ascension Ventures, OSF Ventures, and Parian Global Management. <source>"}, {"type": "sentence", "content": "Legacy, a Boston, MA-based digital fertility clinic for men, raised $10M led by FirstMark Capital. <source>"}, {"type": "sentence", "content": "DignifiHealth, a Williamson, WV-based healthcare tech startup, raised $7M from L37 Ventures and angels. <source>"}, {"type": "sentence", "content": "Lucem Health, a startup focused on ingesting and connecting the remote patient telemetry devices with the algorithms developed by Mayo Clinic and partners, raised $6M led by Mayo Clinic and Commure. <source>"}, {"type": "sentence", "content": "StartUp Health portfolio company 1Doc3, a Bogot\u00e1, Colombia-based telemedicine platform using text and chat to provide access to care, raised $3M led by MatterScale Ventures and Kayyak Ventures, with participation from Swanhill Capital, Simma Capital, The Venture City, EWA capital, and StartUp Health. <source>"}, {"type": "sentence", "content": "Getlabs, a Santa Monica, CA-based at-home medical labs company, raised $3M led by PivotNorth Capital, with participation from Tusk Venture Partners, Rosecliff Ventures, Liquid 2 Ventures, CityLight Capital, Karlin Asset Management, and Matthew Dellavedova. <source>"}, {"type": "sentence", "content": "OpenLoop, a Des Moines, IA-based virtual health company, raised $3M led by an angel group of physicians, with participation from Techstars, Next Level Ventures, Panoramic Ventures, ISA Ventures, and all existing investors. <source>"}, {"type": "sentence", "content": "Revibe Technologies, a Wake Forest, NC-based maker of a wearable being developed for ADHD and autism, raised $3M led by Carolina Angel Network. <source>"}, {"type": "sentence", "content": "adyn, a Seattle, WA-based precision medicine company developing personalized birth control, raised $2.5M co-led by Lux Capital and M13, with participation from Civilization Ventures, Concrete Rose Capital, Y Combinator, and a group of angel investors including Anne Wojcicki, Nish Bhat, Qasar Younis, and Ashley Mayer. <source>"}, {"type": "sentence", "content": "ExplORer Surgical, a Chicago-based surgical support platform, raised $2.5M led by Aphelion Capital, with participation from Sofia Fund and existing investors. <source>"}, {"type": "sentence", "content": "Mindgram, a Warsaw, Poland-based platform for employee wellbeing, raised \u20ac1.9M ($2.2M) led by Market One Capital, with participation from Pamoja Capital. <source>"}, {"type": "sentence", "content": "Arli, a Sydney, Australia-based addiction support platform, raised AU$2.5M ($1.9M) led by Folklore Ventures, with participation from Antler, AirTree Ventures, and Simon Griffiths. <source>"}, {"type": "sentence", "content": "Tulip, a San Francisco, CA-based egg donor database and resource for intended parents to find their ideal donor, raised $1.7M from undisclosed investors. <source>"}, {"type": "sentence", "content": "Imageens, a Paris, France-based startup developing AI software solutions for the analysis of medical images, raised \u20ac1.2M ($1.4M) led by Anaxago, with participation from BADGE (Business Angels des Grandes Ecoles), COALESCENCE, and existing investors. <source>"}, {"type": "sentence", "content": "Quro Medical, a Johannesburg, South Africa-based company that provides services to manage ill patients in the comfort of their homes, raised $1.1M led by Enza Capital and Mohau Equity Partners. <source>"}, {"type": "sentence", "content": "Docosan, a Ho Chi Minh City, Vietnam-based healthcare booking app, raised $1M led by AppWorks, with participation from David Ma and Huat Ventures. <source>"}, {"type": "sentence", "content": "Data is from StartUp Health Insights, the most comprehensive funding database for health innovation. Get all our free quarterly reports."}, {"type": "sentence", "content": "Investors: Learn how you can invest in Health Moonshots through StartUp Health's new rolling impact fund."}, {"type": "sentence", "content": "Digital health entrepreneur? Don't make the journey alone. Learn more about the StartUp Health Community and how StartUp Health invests."}, {"type": "sentence", "content": "Sign up for StartUp Health Insider\u2122 to get funding insights, news, and special updates delivered to your inbox."}], "topic": "startups", "uuid": "1825830ad4d877b39e0529e8c893ef68f6031aacf38c10136d9f61fd", "link": "https://healthtransformer.co/startup-health-insights-virta-1doc3-close-rounds-over-1-4b-raised-this-week-week-4-21-2021-ca892c2add7f"}