{"title": "Welcome to the YOLO Economy", "data": [{"type": "image", "content": "https://miro.medium.com/max/7200/1*KHtTZPgkFuhn7Sv_HaG8yw.jpeg"}, {"type": "sentence", "content": "By Kevin Roose"}, {"type": "sentence", "content": "Something strange is happening to the exhausted, type-A millennial workers of America. After a year spent hunched over their MacBooks, enduring back-to-back Zooms in between sourdough loaves and..."}], "topic": "economy", "uuid": "1ae3324c5852257ffa68bad855cc401078a51eb2c6efe4834501ba61", "link": "https://medium.com/the-new-york-times/welcome-to-the-yolo-economy-3e85b12b980f"}