{"title": "The One Type of Entrepreneur You Should Never Take Advice From", "data": [{"type": "sentence", "content": "I invited a founder to be a guest speaker in one of my entrepreneurship classes. He'd recently moved his company to San Francisco and successfully raised a $3 million seed round, so I thought he'd have some good insights."}, {"type": "sentence", "content": "During his visit, I asked him to talk about his funding round and explain why he'd decided to take venture capital. Here's what he said:."}, {"type": "sentence", "content": "\"We actually only just decided to take on outside investors. We bootstrapped for the first three years. But now we're at a point where we've proven our technology, we know how to acquire customers, and we've proven the market size. We finally felt it made sense to take on outside capital in order to capture the opportunity as quickly as possible.\""}, {"type": "sentence", "content": "It was exactly the justification for raising capital I love hearing. As I'm constantly telling my entrepreneurship students and all the founders I advise, venture capital isn't something you pursue in order to build an awesome company. You build an awesome company, then you raise venture capital to help scale it. That's exactly what this founder was doing. He was raising capital after gaining significant traction, not before."}, {"type": "sentence", "content": "However, in this case, there was a problem with his narrative. I personally knew the founder's backstory. In fact, I'd worked with the founder years earlier to help him prepare fundraising pitches for the same company."}, {"type": "sentence", "content": "In other words, he didn't recently decide to raise venture capital as he had claimed. Instead, he'd only recently succeeded at raising VC. Those are two very different things."}, {"type": "sentence", "content": "So what was going on? Why did this founder lie to my students?"}, {"type": "subtitle", "content": "The relationship between facts and narrative"}, {"type": "sentence", "content": "To be fair, I suppose the founder wasn't technically lying. If you parse his words carefully, you'll realize he never says he didn't try to raise venture capital. Instead, he told my students his company had only recently decided \"to take on outside investors.\""}, {"type": "sentence", "content": "I suppose that's factually true since the company had, indeed, only recently decided to take on investors. But he neglects to mention the reason for not taking investment. Specifically, he didn't mention that no investors wanted to invest."}, {"type": "sentence", "content": "Still, the implication seems clear. The founder was framing the story of his company to align with a more compelling narrative. Rather than being a company scraping and clawing and struggling to survive in a market that may or may not actually exist, he wanted to present his company as one that was growing so fast the only way it could possibly keep up with unprecedented market demand was by begrudgingly accepting an infusion of investor cash."}, {"type": "sentence", "content": "I don't blame the entrepreneur for how he'd framed his story. After all, entrepreneurs are usually operating from incomplete data, and their job is to create meaning from that data by applying a story to it. As a result, entrepreneurs often become great at telling compelling stories."}, {"type": "sentence", "content": "In the case of the founder speaking with my students, he was simply applying a story that made his company seem as exciting as possible. He was, in essence, being an entrepreneur."}, {"type": "sentence", "content": "My problem wasn't in how he framed the story of his company. Instead, my problem was who he was framing it for. He was talking to a group of entrepreneurs. They weren't there to be sold to. They were there to learn about entrepreneurship."}, {"type": "subtitle", "content": "Why entrepreneurs are always \"crushing it\""}, {"type": "sentence", "content": "For better and for worse, investors often rely on the opinions of other investors. From that perspective, I can understand why the entrepreneur speaking with my students had learned to frame his story the way he did. He knew a company that's failed to raise capital for three years isn't as attractive as a company that's been \"bootstrapping.\""}, {"type": "sentence", "content": "But the founder visiting with my class wasn't talking with VCs. He was talking to inexperienced and impressionable young entrepreneurs, and, as a result, he was doing what I'm increasingly starting to believe is one of the most unforgivable things entrepreneurs can do to other entrepreneurs: he was making entrepreneurship seem too easy."}, {"type": "sentence", "content": "Very few things you'll experience as an entrepreneur will be easy. Building products isn't easy. Marketing isn't easy. Sales isn't easy. Hiring people isn't easy. Firing people isn't easy. Fundraising certainly isn't easy."}, {"type": "sentence", "content": "However, entrepreneurs are always in what I like to call \"Crushing It!\" mode. By that I mean they always feel a need to give the impression of easy success. And who can blame them? Nobody wants to buy into failure. Customers don't want to buy a product if the company looks like it could be out of business in a week. Employees don't want to start working for a company that could shut down within the year. And investors don't want to invest in companies that seem destined to crash and burn."}, {"type": "sentence", "content": "I get it... \"fake it 'til you make it\" and all that stuff. But please remember that your fellow entrepreneurs aren't your customers, they aren't your employees, and they aren't your investors."}, {"type": "sentence", "content": "Instead, your fellow entrepreneurs are... well... just like you. And how do you feel when someone else appears to be breezing through what seems like the hardest thing you've ever done?"}, {"type": "sentence", "content": "You feel crappy, right?"}, {"type": "sentence", "content": "Why would you want to make your fellow entrepreneurs feel crappy?"}, {"type": "sentence", "content": "So please stop \"crushing it\"... at least when you're talking about your startup with other entrepreneurs. Instead, learn to share the messy, difficult, painful challenges of entrepreneurship with other founders because... well... it's the truth. Entrepreneurship is messy, difficult, and painful. Anyone who pretends it's easy is someone you shouldn't be taking advice from."}, {"type": "subtitle", "content": "Never miss another article! Sign up for my free weekly newsletter about startups and entrepreneurship"}], "topic": "startups", "uuid": "1bc98f7debd6cff6e1e5d615d0803f3308daa41356b144f5846507d3", "link": "https://medium.com/swlh/the-one-type-of-entrepreneur-you-should-never-take-advice-from-45d770fcbefc"}