{"title": "Setting Tone and Atmosphere at Your RPG Table", "data": [{"type": "image", "content": "https://miro.medium.com/max/1920/1*kioi-lkhBuFgm_lPbZ3qzw.jpeg"}, {"type": "sentence", "content": "As vaccine rates in the US climb, some of us may be considering what a return to in-person RPG play looks like. While playing with my group digitally has had some unexpected benefits, I still long for the the experience of playing in the same room as my friends. Part of this is to avoid the inevitable tech issues that interfere with a good yarn, forcing you to repeat your narration or to recap for a player what happened before their turn. The ability to play on a grid for the first time (our group mostly does theater of the mind, but Roll20 provided too good an opportunity to resist) did not make up for wrestling with spotty internet or not getting to see my friends face to face."}, {"type": "sentence", "content": "There are certain things, spontaneous things, that can be hard to replicate playing over Roll20. One of my group members always brought a bag of Dove chocolates to each session. During a prison break sequence the party had to rally a bunch of prisoners to fight back against the guards. I offered them advantage on their persuasion rolls if they picked a chocolate at random and worked the inspirational message on the wrapper into their speech. It was a memorable moment that stemmed entirely from the fact that we were all in the same room."}, {"type": "sentence", "content": "Maybe the biggest regret of mine over the last year is that I wasn't able to do Night Witches in person. Doing it digitally worked fine. I was able to use Roll20 to pipe in music during the opening sequence where the characters are preparing to ship out to training, using an mp3 of the Soviet National Anthem to set the mood, but it came in garbled on some people's ends and taxed an already struggling wifi system further. The tools for drawing the airbase were there, but lacked the charm of being able to draw, with marker, on a big map between us. The extra materials for the game give good suggestions for snacks to get in the mood, and aside form the sunflower seeds and vodka they recommended, I thought it would be fun to include chocolate as the front moved further west and the characters began to get lend-lease supplies. There's also the fact that the game wants players to stand to make their initial oath of service and when they receive medals, something which loses its effect if all you end up doing is looking your player's belly buttons over the camera."}, {"type": "sentence", "content": "So while I had a great time playing Night Witches with my friends, it would have been so much more interesting to play in the same room, something we could not do at the time of playing. It did give me a lot of time to think about how to set game tone when we can play in person, and after a lot of thought, a little reflection, and some reading of what some games suggest, I've come up with some nice Do's and Don'ts for setting the tone for your RPG game."}, {"type": "subtitle", "content": "DO: Invest in some Music"}, {"type": "sentence", "content": "As in my Night Witches example above, music is an easy way to establish or set an appropriate atmosphere for a game. There are Spotify and YouTube playlists as well as apps dedicated to helping you find the right music for your game. Having the sound of armies clashing during a battle or light lute music over a tavern scene can make a few plastic figures on a sheet of graph paper come to life. Music can even come in handy outside of the game. During Night Witches I sent my players a link to a Spotify playlist of soviet music along with an email explaining what each track was. It allowed them to get into the mindset of their characters by experiencing music they would be familiar with."}, {"type": "image", "content": "https://miro.medium.com/max/2200/1*R84DwOSongGjb3E2Ih0FHw.png"}, {"type": "sentence", "content": "If you're using an app, it's important to know what tracks to use and when. Nothing slows a game down more than you pausing the action to flip between \"Forest 1\" and \"Forest 2\" to try to capture the mood. These apps can be really useful for keeping everyone focused, as long as you know what you're doing."}, {"type": "subtitle", "content": "DON'T: Use Licensed Soundtracks"}, {"type": "sentence", "content": "It can be tempting to go to your music streaming channel of choice and toss on the first D&D or fantasy playlist you find. The problem with this may seem nitpicky, but chances are it'll be filled with tracks from the soundtracks for Game of Thrones, Harry Potter, and Lord of the Rings. There's nothing wrong with these soundtracks, but that's the problem: because they're so iconic they're easily recognizable and people have their own association with them, not least to the IP they represent. We did this during a game of Game of Thrones RISK one time, and while it was fun when the music from the show itself was overlaid with the game, it got weirder when Lord of the Rings battle music started up, and downright incongruent when the Harry Potter theme kicked in. Here I am advancing on the Reach and listening to music written for a Wizard's boarding school. No thank you."}, {"type": "image", "content": "https://miro.medium.com/max/2400/1*67-cLR4iILzkxoQHYvFzeQ.jpeg"}, {"type": "sentence", "content": "Picking other music that seems to fit the theme of the game can be dicey too, since it's hard to know what people's associations with certain songs might be. If someone hates an artist, it could be distracting even if the tone seems to fit, but it can be even more distracting if you play Led Zepplin for your fantasy game and are sitting at a table with a huge fan. Now rather than directing attention to the game using the music, the music might be a distractor. In general, using generic music and using it during specific scenes or cues is the way to go."}, {"type": "subtitle", "content": "DO: Provide Food and Drinks appropriate to the game"}, {"type": "sentence", "content": "When I say that \"you should provide them\" I mean \"your group should figure out what works best for you all for providing snacks and drinks.\" GMs do a lot of work and often incur extra expenses to run a game! People hosting are allowing you into their homes! Everyone should determine how much they want to contribute to avoid feelings of resentment."}, {"type": "image", "content": "https://miro.medium.com/max/2400/1*TfFyOkE9za_C06FXRBxH-Q.jpeg"}, {"type": "sentence", "content": "With that out of the way, I loved the idea of eating sunflower seeds and adding more and more luxury goods to my Night Witches game. I also loved the wine and beer that had been a part of our previous D&D campaign when it was in person. While any kind of snacks and drinks are great for the table, tailoring them to the game you are playing can help embody a character or make a scene come to life. A little vodka for Night Witches, a bit of ale for a fantasy game, maybe a light imported beer for your cyberpunk game: all of these things can allow you to taste the game you're playing."}, {"type": "subtitle", "content": "DON'T: Try to play over a meal, or after too much booze"}, {"type": "sentence", "content": "I can get ambitious in situations like this. I start thinking of a great snack and end up planning a multicourse meal. This is the wrong impulse. Aside from the fact that someone will inevitably get to their turn right after taking a big bite, plates of food mean less space for dice rolls and character sheets and a greater likelihood of weird stains on your books. Plus, how do you adjudicate a d20 that rolls into a plate of spaghetti?"}, {"type": "sentence", "content": "Booze is even trickier. A lot of tables impose a two drink maximum per session and while this might be a bit strict to some, it usually comes about from a precedent. TTRPGs require a certain amount of focus and thinking power, and while alcohol can help you relax and find your groove, it can also be a bit of a distraction or make the game sillier than needed. Not to mention how quickly things can go off the rails if one player gets drunker than the rest. It's a recipe for disaster. Remember to keep snacks bite sized and to drink responsibly."}, {"type": "sentence", "content": "And for that matter, try to spread the cost of refreshments around a little. Bring a little, take a little, don't be a mooch."}, {"type": "subtitle", "content": "DO: Play with lighting and theatrics"}, {"type": "sentence", "content": "The truest way to set the stage for your games is to borrow from the world of theater. Turn the lights down, maybe light a few candles. Even a simple dimmer and a candle or two near the GM can go a long way. Ten Candles has atmosphere built in with candles going out one by one until the players sit in the pitch blackness. This can bring a lot of atmosphere to a horror game, a dungeon crawler, or even a game set in deep space."}, {"type": "sentence", "content": "Bringing little props or physical movements can also be fun. Ten Candles has players record a final message onto a cassette recorder before they begin play. It also has your character start with only the items you the player have in your pockets. Night Witches wants you to stand to take an oath at the start of the campaign, and one can imagine an industrious GM preparing little medals as well. It's easy to imagine physically knighting a play in a fantasy game, or bringing cheap masquerade masks to a session where players attend a ball. These little touches can go a long way toward making your game memorable, and can provide a chance to get out of your seat every so often."}, {"type": "subtitle", "content": "DON'T: Try to play in the dark"}, {"type": "sentence", "content": "There's a reason that Ten Candles tells you to play by candle light and Dread doesn't. One is that Dread requires you to be able to see more on the table. The other is that the worst way your session can end is by having the tower knock over a candle and burn down the host's house. Whoops! While playing a dungeon crawler by candlelight alone can be tempting, consider how distracting it would be to have to squint to see what your bonus to sword attacks is, or worse, kill the mood completely by pulling out a harsh phone light to read your sheet. A less-is-more approach to darkness may be best when it comes to crunchier games."}, {"type": "sentence", "content": "***************************************"}, {"type": "sentence", "content": "With these do's and dont's, setting the tone for your next game is a snap. Not only can you reduce distractions at the table, but you can increase buy-in by making your games more memorable than ever. The thing uniting these ideas is judiciousness. Always consider how these things might be more distracting, and think about how to use them effectively. Effective use of these tips just might work so well that you'll become forever GM, so don't overdo it!"}], "topic": "gaming", "uuid": "1c1b3e6a4c9a7f2bf68f4400e4211ee50ce1cdb4cfa7b78552fcf80f", "link": "https://medium.com/there-will-be-games/setting-tone-and-atmosphere-at-your-rpg-table-a647200b51d4"}