{"title": "Case Study: Robot content management system (RCMS) Product design.", "data": [{"type": "sentence", "content": "Disclaimer: the following is high-level information with respect to the NDA agreement with the owner of the product, INTDV company."}, {"type": "sentence", "content": "Product OverviewCommunico is a Robot content management system that enables users to control humanoid robots, their screen content, logic, interactions, and movements. This product serves multiple industries like Airlines, Banking, Airports, and more.\u200bMy Role: Product designer & Team leader"}, {"type": "sentence", "content": "Responsibilities: -Gather & negotiate business requirements.-Lead, plan, strategize, direct, design, review, test, present, hand, and maintain UX/UI deliverables."}, {"type": "sentence", "content": "Tools I used: Microsoft Teams, Zoom, Miro, Adobe Suite, Zeplin, and Azure DevOps."}, {"type": "sentence", "content": "Let's Dive into the details!"}, {"type": "sentence", "content": "Details:At the initiation phase of the product, I was the only designer of the product and I had to size the product and ask for the needed human resources to deliver the needed output in the specific deadline and prepare everything by myself with taking into consideration the ability to transfer my understanding and the details of the product to the new designers/developers who joined us later."}, {"type": "sentence", "content": "01- Industry BackgroundThe robotics industry was a new challenge for me. So I had to learn and understand the terminology and the details of the industry by researching online about the industry history."}, {"type": "sentence", "content": "02- SME Interview I asked for an interview with one of our SMEs who is an expert in the robotics industry. He answered all my questions then I prepared a Terminology glossary that includes all the important keywords then I started digging into the details by myself."}, {"type": "sentence", "content": "03- User manualsI read all the available user manuals of the humanoid robots and watched all available videos that represent the robots' features to be able to understand how it works and how everything is prepared for it.  04- Business Use casesOur Business and sales teams prepared a list of use cases that represent the product use cases in detail, so I read all the use cases and prepared a few questions to understand these cases then I had multiple meetings with the team to get the answers."}, {"type": "sentence", "content": "05- Scope of work (SOW)Our business team prepared the scope of work (SOW) file, I read it carefully and asked for more details regarding the features that are not in our scope."}, {"type": "sentence", "content": "06- Business requirementsOur business team prepared the business requirement (BRD) file, I read it carefully but I was confused because of the details that I got from the team which conflicts with the BRD details. We had meetings and our business analyst updated the file couple of times. The document gave me a good understanding of the product and its vision."}, {"type": "sentence", "content": "07- Light User interviews At this point, I had a good idea of what the business team is looking for and received all their input. But our users nobody talked about them yet."}, {"type": "sentence", "content": "I got in touch with an external group of real users of our competitors' products and I planned for light interviews and surveys to understand more details about our users. The interviews were short around 30 mins each to collect the needed initial information."}, {"type": "sentence", "content": "At the end of this step I prepared a file that explains:-The industry history from past to present.-Terminology glossary.-The main details of each robot that we're going to serve and its features.-The interviews insights and summary of the meetings that we had."}, {"type": "sentence", "content": "I presented and shared the file with our team, which was helpful in defining the problem, the business model of the product, and the product value proposition."}, {"type": "sentence", "content": "Details:At this step, I was able to define what we need roughly and shared and worked on the following with our team."}, {"type": "sentence", "content": "01-Product planWe (our Business analyst, Product Owner, Project Managers, and me) defined the Product plan V.01 and the roadmap and the MVP which defines the Vision, mission, and details of the product in the long term with the features' list prioritized based on the user needs and the market needs."}, {"type": "sentence", "content": "02- Product design process-I defined what design process will use which was a hybrid process of design thinking and user-centered design to fit and merge inside the Agile process of the company and make sure that the user and the market are the rulers of our product and its roadmap."}, {"type": "sentence", "content": "-I planned How&What Metrics, activities, methods, and deliverables we need for the design process and discussed that with the rest of our team to make sure it fits our Product process."}, {"type": "sentence", "content": "-I planned to use Adobe suite programs because it's the popular program in that region of the middle east with Zeplin to share the design assets with our developers. Regarding the communication and meetings, we used Miro, Microsoft Teams, Zoom, and TeamViewer. For planning and sharing the progress and tasks, we used Azure DevOps."}, {"type": "sentence", "content": "-I tried to size the product design time and the needed sprints based on my previous experience with consideration that the design time depends on a lot of things like designers' performance and so on. This sizing was just to have a prediction of how much time/money we need and how many sprints we could implement and I shared that with our PMs."}, {"type": "sentence", "content": "-I planned roughly the needed task types to be performed to get the job done."}, {"type": "sentence", "content": "-Regarding the Human Resources, I recommended having one UX designer and one UI designer who can deliver and perform the needed tasks and I prepared the job descriptions of the designers and shared them with our HR team who started hunting designers that fits the description and I started interviewing them till we found the needed designers to join our team."}, {"type": "sentence", "content": "Details: At this step, our new designers and developers joined the team and I shared with them the previous output files with multiple Q&A sessions to make sure all the team is on the same page. I received their questions which were valuable to enhance a few points in the roadmap with our product team.I started assigning the tasks to my team based on the plan I created before."}, {"type": "sentence", "content": "01-Secondary research: we used available, authentic, and trusted data on the internet to understand the market more and the available solutions (Competitors) and we created a list of these solutions."}, {"type": "sentence", "content": "02-Interviews: We started conducting interviews with our Sales team to understand the market as long as it's a B2B product."}, {"type": "sentence", "content": "What did we find and did next? A) Direct competitors: They were 7 competitors. (Names are Classified)Indirect competitors: Robots providers, CMSs, Chatbot builders.These findings were a result of both the Secondary research and the interviews."}, {"type": "sentence", "content": "B) Competitive analysis: we needed to know more about what our competitors are providing so we can define the value proposition of our product."}, {"type": "sentence", "content": "-We performed a Gap Analysis of our direct competitors to understand what they are doing well & bad in terms of Usability, Features, and aesthetics."}, {"type": "sentence", "content": "-The analysis showed us that we needed to remove & add features to our products in the roadmap to be able to compete in the market and we redefined the product Value proposition."}, {"type": "sentence", "content": "C) User research:The competitor's research and the previous light interviews gave us insights regarding the market and the targeted users and what they like in general but we needed to dig more to understand our users better and define the personas. -Based on all the insights that we knew so far we prepared a new questionnaire and survey to use in the second time interviews."}, {"type": "sentence", "content": "-It was hard to reach real users who have time for this kind of interview but we did our best and our marketing and sales team helped us in this process and we interviewed this time 10 real users."}, {"type": "sentence", "content": "-We defined our User Personas and we used the following template and the output."}, {"type": "sentence", "content": "-We asked them to answer an online survey and I sent it to them via Google Forms to answer a few questions about their Pain Points, What they are looking up for. We added the answers to our virtual wall. The following is the template that we used."}, {"type": "sentence", "content": "How the information looked on our shared research board on XD cloud."}, {"type": "sentence", "content": "-Based on the research data and persona, we created an overarching HMW question and also broke down smaller HMWs to think about specific solutions."}, {"type": "sentence", "content": "How the information looked on our shared research board on XD cloud."}, {"type": "sentence", "content": "-I shared all these ideas with our product team and these findings and recommendations affected our product features and roadmap plan and strategy updated with the approved ideas."}, {"type": "sentence", "content": "Details: At this step, we were able to ideate and get innovative and get the most of our whole team's creativity. I kept encouraging our team to ask questions even if it sounds like stupid questions because questions build ideas and show us new perspectives we didn't think about before."}, {"type": "sentence", "content": "-After the storyboarding step, we understood a lot of things regarding our product and we were able to start creating the information architecture of the product to be able to sketch and design the low fidelity wireframes."}, {"type": "sentence", "content": "-We started working on the Low-fi wireframes by creating paper sketches and discussed them first with our users and the team then we started designing the low-fi wireframes for each module."}, {"type": "sentence", "content": "We shared the Low-fi wireframes as an XD prototype with:"}, {"type": "sentence", "content": "01- Our business team:They had a lot of comments. I collected them and validate them. Then did the needed enhancements."}, {"type": "sentence", "content": "02- Our Development team:BE team: they were able to start working on the product architecture and how it will be implemented. FE team: they shared with us their concerns so we take them into consideration while designing the High-Fidelity wireframes and our design system."}, {"type": "sentence", "content": "03-Our testing group users:They tested the prototype and we got their feedback then we did a few enhancements in terms of the interaction model."}, {"type": "sentence", "content": "We got all the 3 sides' comments, feedback, suggestions, and recommendations then worked on them and did the needed enhancements and we iterated this step multiple times till we got great feedback from all sides."}, {"type": "sentence", "content": "Details: At this step, we were ready to start working on the High-Fi wireframes but before that, we estimated the MVP time again and decided with our management and Product team how many sprints we will need and how we will deliver them and share them as demos with the stakeholders."}, {"type": "sentence", "content": "-Then we started working on the visual side of the product and I made a list of the needed UI components for the High-Fi wireframes and started working with the UI designer on the Branding design and the Design system of the product."}, {"type": "sentence", "content": "-We used the previous researches' insights that we've made before regarding our competitors and to be able to design the branding side we analyzed the latest UI trends to make sure that we are meeting the latest standards."}, {"type": "sentence", "content": "-Brand identity building is problem-solving and as long as we know and understand our product and users, we're able to decide the art direction and the style of our product."}, {"type": "sentence", "content": "-we built our Brand guidelines and we applied them while building our Design system and components."}, {"type": "sentence", "content": "-We involved our development team in design system building step by step and component by component to make sure that we're on the same page and to avoid any conflicts later."}, {"type": "sentence", "content": "-Then we started finalizing the High-Fi wireframes for each sprint. We were 2 sprints ahead of the development sprints to make sure that we're delivering consistent wireframes and prototypes."}, {"type": "sentence", "content": "-We shared each sprint's wireframes on Zeplin with tags to make sure it's easy for our UI developers to get the assets and we created a prototype for each sprint and separate prototypes for any heavy flows."}, {"type": "sentence", "content": "Here is a prototype for one of the flows of the product."}, {"type": "sentence", "content": "-After finishing each sprint Design & Development, I worked with our QA and testing team and helped in creating testing cases then testing with them the development output then creating bugs list and shared it on Azure DevOps with our development team to work on them."}, {"type": "sentence", "content": "Final thoughtsI really enjoyed working on this product and I'm proud of it. It wasn't an easy journey but is done perfectly and 100% remotely."}, {"type": "sentence", "content": "Hope you enjoyed checking the case study and thank you for your patience to read the whole story."}], "topic": "design", "uuid": "1c215c0a478713bceb58a296c0fe74f39c1e9da6b9cc814fcbdba952", "link": "https://aladdinux.medium.com/robot-content-management-system-rcms-product-design-case-study-52cbfb17c946"}