{"title": "Time Series Anomaly Detection with PyCaret", "data": [{"type": "image", "content": "https://miro.medium.com/max/2604/1*O-lbKPXdK7716BK8MLpTQA.png"}, {"type": "subtitle", "content": "\ud83d\udc49 Introduction"}, {"type": "sentence", "content": "This is a step-by-step, beginner-friendly tutorial on detecting anomalies in time series data using PyCaret's Unsupervised Anomaly Detection Module."}, {"type": "subtitle", "content": "Learning Goals of this Tutorial"}, {"type": "subtitle", "content": "\ud83d\udc49 PyCaret"}, {"type": "sentence", "content": "PyCaret is an open-source, low-code machine learning library and end-to-end model management tool built-in Python for automating machine learning workflows. It is incredibly popular for its ease of use, simplicity, and ability to build and deploy end-to-end ML prototypes quickly and efficiently."}, {"type": "sentence", "content": "PyCaret is an alternate low-code library that can be used to replace hundreds of lines of code with few lines only. This makes the experiment cycle exponentially fast and efficient."}, {"type": "sentence", "content": "PyCaret is simple and easy to use. All the operations performed in PyCaret are sequentially stored in a Pipeline that is fully automated for deployment. Whether it's imputing missing values, one-hot-encoding, transforming categorical data, feature engineering, or even hyperparameter tuning, PyCaret automates all of it."}, {"type": "sentence", "content": "To learn more about PyCaret, check out their GitHub."}, {"type": "subtitle", "content": "\ud83d\udc49 Installing PyCaret"}, {"type": "sentence", "content": "Installing PyCaret is very easy and takes only a few minutes. We strongly recommend using a virtual environment to avoid potential conflicts with other libraries."}, {"type": "sentence", "content": "PyCaret's default installation is a slim version of pycaret which only installs hard dependencies that are listed here."}, {"type": "sentence", "content": "When you install the full version of pycaret, all the optional dependencies as listed here are also installed."}, {"type": "subtitle", "content": "\ud83d\udc49 What is Anomaly Detection"}, {"type": "sentence", "content": "Anomaly Detection is a technique used for identifying rare items, events, or observations that raise suspicions by differing significantly from the majority of the data."}, {"type": "sentence", "content": "Typically, the anomalous items will translate to some kind of problem such as:"}, {"type": "sentence", "content": "Anomaly detection algorithms can broadly be categorized into these groups:"}, {"type": "sentence", "content": "(a) Supervised: Used when the data set has labels identifying which transactions are an anomaly and which are normal. (this is similar to a supervised classification problem)."}, {"type": "sentence", "content": "(b) Unsupervised: Unsupervised means no labels and a model is trained on the complete data and assumes that the majority of the instances are normal."}, {"type": "sentence", "content": "(c) Semi-Supervised: A model is trained on normal data only (without any anomalies). When the trained model used on the new data points, it can predict whether the new data point is normal or not (based on the distribution of the data in the trained model)."}, {"type": "image", "content": "https://miro.medium.com/max/3200/0*viL5WxtnFLMCyFXo"}, {"type": "subtitle", "content": "\ud83d\udc49 PyCaret Anomaly Detection Module"}, {"type": "sentence", "content": "PyCaret's Anomaly Detection Module is an unsupervised machine learning module that is used for identifying rare items, events, or observations. It provides over 15 algorithms and several plots to analyze the results of trained models."}, {"type": "subtitle", "content": "\ud83d\udc49 Dataset"}, {"type": "sentence", "content": "I will be using the NYC taxi passengers dataset that contains the number of taxi passengers from July 2014 to January 2015 at half-hourly intervals. You can download the dataset from here."}, {"type": "image", "content": "https://miro.medium.com/max/522/1*PR6dPBsezOTlHg23y6HJLA.png"}, {"type": "image", "content": "https://miro.medium.com/max/2626/1*7_u3piw7krj-g_hw98pYxA.png"}, {"type": "subtitle", "content": "\ud83d\udc49 Data Preparation"}, {"type": "sentence", "content": "Since algorithms cannot directly consume date or timestamp data, we will extract the features from the timestamp and will drop the actual timestamp column before training models."}, {"type": "image", "content": "https://miro.medium.com/max/1556/1*tEOAoRNWE6Djjqw4TAzDrg.png"}, {"type": "subtitle", "content": "\ud83d\udc49 Experiment Setup"}, {"type": "sentence", "content": "Common to all modules in PyCaret, the setup function is the first and the only mandatory step to start any machine learning experiment in PyCaret. Besides performing some basic processing tasks by default, PyCaret also offers a wide array of pre-processing features. To learn more about all the preprocessing functionalities in PyCaret, you can see this link."}, {"type": "image", "content": "https://miro.medium.com/max/2740/1*XtjlemIJlJzHWC_jdEuUxA.png"}, {"type": "sentence", "content": "Whenever you initialize the setup function in PyCaret, it profiles the dataset and infers the data types for all input features. In this case, you can see day_name and is_weekday is inferred as categorical and remaining as numeric. You can press enter to continue."}, {"type": "image", "content": "https://miro.medium.com/max/1026/1*Za0hBYrKkUCWIZOBwO6cYg.png"}, {"type": "subtitle", "content": "\ud83d\udc49 Model Training"}, {"type": "sentence", "content": "To check the list of all available algorithms:"}, {"type": "image", "content": "https://miro.medium.com/max/1172/1*ukgNW9AQxGMQJp46ZVdQgQ.png"}, {"type": "sentence", "content": "In this tutorial, I am using Isolation Forest, but you can replace the ID 'iforest' in the code below with any other model ID to change the algorithm. If you want to learn more about the Isolation Forest algorithm, you can refer to this."}, {"type": "image", "content": "https://miro.medium.com/max/2036/1*ZqqojxS5Ef99RFxXwV7m_w.png"}, {"type": "sentence", "content": "Notice that two new columns are appended i.e. Anomaly that contains value 1 for outlier and 0 for inlier and Anomaly_Score which is a continuous value a.k.a as decision function (internally, the algorithm calculates the score based on which the anomaly is determined)."}, {"type": "image", "content": "https://miro.medium.com/max/2016/1*HaOFOsWbixByVdRBK-FkfQ.png"}, {"type": "sentence", "content": "We can now plot anomalies on the graph to visualize."}, {"type": "image", "content": "https://miro.medium.com/max/2632/1*Xg78KCHEgSRVbY4lKOX3Kw.png"}, {"type": "sentence", "content": "Notice that the model has picked several anomalies around Jan 1st which is a new year eve. The model has also detected a couple of anomalies around Jan 18- Jan 22 which is when the North American blizzard (a fast-moving disruptive blizzard) moved through the Northeast dumping 30 cm in areas around the New York City area."}, {"type": "sentence", "content": "If you google the dates around the other red points on the graph, you will probably be able to find the leads on why those points were picked up as anomalous by the model (hopefully)."}, {"type": "sentence", "content": "I hope you will appreciate the ease of use and simplicity in PyCaret. In just a few lines of code and few minutes of experimentation, I have trained an unsupervised anomaly detection model and have labeled the dataset to detect anomalies on a time series data."}, {"type": "subtitle", "content": "Coming Soon!"}, {"type": "sentence", "content": "Next week I will be writing a tutorial on training custom models in PyCaret using PyCaret Regression Module. You can follow me on Medium, LinkedIn, and Twitter to get instant notifications whenever a new tutorial is released."}, {"type": "sentence", "content": "There is no limit to what you can achieve using this lightweight workflow automation library in Python. If you find this useful, please do not forget to give us \u2b50\ufe0f on our GitHub repository."}, {"type": "sentence", "content": "To hear more about PyCaret follow us on LinkedIn and Youtube."}, {"type": "sentence", "content": "Join us on our slack channel. Invite link here."}, {"type": "subtitle", "content": "You may also be interested in:"}, {"type": "sentence", "content": "Build your own AutoML in Power BI using PyCaret 2.0Deploy Machine Learning Pipeline on Azure using DockerDeploy Machine Learning Pipeline on Google Kubernetes EngineDeploy Machine Learning Pipeline on AWS FargateBuild and deploy your first machine learning web appDeploy PyCaret and Streamlit app using AWS Fargate serverlessBuild and deploy machine learning web app using PyCaret and StreamlitDeploy Machine Learning App built using Streamlit and PyCaret on GKE"}, {"type": "subtitle", "content": "Important Links"}, {"type": "sentence", "content": "DocumentationBlogGitHubStackOverflowInstall PyCaretNotebook TutorialsContribute in PyCaret"}, {"type": "subtitle", "content": "Want to learn about a specific module?"}, {"type": "sentence", "content": "Click on the links below to see the documentation and working examples."}, {"type": "sentence", "content": "ClassificationRegressionClusteringAnomaly DetectionNatural Language ProcessingAssociation Rule Mining"}], "topic": "data-science", "uuid": "1e177dba4a644ab89c3f64321c6a695bf0be25ad80a6afe75ca479b2", "link": "https://towardsdatascience.com/time-series-anomaly-detection-with-pycaret-706a6e2b2427"}