{"title": "How to Easily Remember Large Numbers", "data": [{"type": "subtitle", "content": "Book Excerpt"}, {"type": "image", "content": "https://miro.medium.com/max/3760/1*ra5eyknXxe4mW9SIEn2pjQ.png"}, {"type": "sentence", "content": "You read that title right. I memorized pi to 100 digits during a short layover in an airport - and I did it for fun. Yes, I hear some of you whispering and calling me a nerd, but you're wrong."}, {"type": "sentence", "content": "I'm not a nerd; I'm a geek with social skills. And, I can teach you how to memorize numbers also, by adapting a method created by Dominic O'Brien."}, {"type": "sentence", "content": "Even though I claim not to be a nerd, this article is part of a book I wrote on how to memorize a deck of cards. It's one of the things I do in my spare time."}, {"type": "subtitle", "content": "Dominic O'Brien is a multi-time World Memory Champion. He developed his own system for memorizing numbers."}, {"type": "sentence", "content": "I agree, it sounds forced to me, too. One can only assume if he'd been named Robb, we'd have something called the Remembering Objects By Brevity System."}, {"type": "sentence", "content": "Nevertheless, it's a fantastic memory technique."}, {"type": "sentence", "content": "Initially, I found his system intuitive, powerful, and much too laborious to put into practice. I was right on all counts, except the last. One day I decided I needed to take the time to create my Dominic system."}, {"type": "sentence", "content": "It was far easier than I thought possible. Advanced memory techniques make remembering easier, after all. Not harder."}, {"type": "sentence", "content": "In general, people can remember about seven items at a time, give or take a couple. Those same people, including yourself, can remember hundreds or thousands, with the proper techniques."}, {"type": "subtitle", "content": "The way to do this is to take advantage of visualization."}, {"type": "sentence", "content": "We do a little bit of work upfront. It might take you a couple of hours. It might take a couple of days. The payoff is being able to memorize numbers quickly and remember them as long as you'd like."}, {"type": "sentence", "content": "Can you conjure an image of an apple pie in your mind? Can you imagine the smell? How about the heat of fresh out of the oven, or the delicious taste? (Unless you hate apple pies, in which case, could you imagine the horrid taste?)"}, {"type": "image", "content": "https://miro.medium.com/max/7296/0*FguLEwls0GPGvxye"}, {"type": "sentence", "content": "Can you remember the doorway to your house? The sound the door makes when it closes?"}, {"type": "sentence", "content": "If you answered yes to any of these questions, you have the capacity for imagination and creativity needed to memorize. Memory champs use visualization to memorize all sorts of things, including numbers."}, {"type": "sentence", "content": "For instance, the Major Memory System (which I find insufficient for large numbers) uses the image of a snowman to remember the number 8. Why? Because a snowman kind of looks like an eight. Especially if you're lazy and only build the first two-thirds of it."}, {"type": "image", "content": "https://miro.medium.com/max/6896/0*WcLXwsDYsE3O1mFP"}, {"type": "subtitle", "content": "We're going to break this into three parts."}, {"type": "subtitle", "content": "Associate ten numbers with sounds."}, {"type": "sentence", "content": "In the Dominic system, every digit has its own sound. I find these sounds intuitive and easy to remember."}, {"type": "sentence", "content": "1 = A (1st letter of the alphabet)"}, {"type": "sentence", "content": "2 = B (2nd letter of the alphabet)"}, {"type": "sentence", "content": "3 = C (3rd letter of the alphabet)"}, {"type": "sentence", "content": "4 = D (4th letter of the alphabet)"}, {"type": "sentence", "content": "5 = E (5th letter of the alphabet)"}, {"type": "sentence", "content": "6 = S (S in six sounds like the beginning of six.)"}, {"type": "sentence", "content": "7 = G or J (See below)"}, {"type": "sentence", "content": "8 = H (Eight sounds similar to H.)"}, {"type": "sentence", "content": "9 = N (Nine starts with N.)"}, {"type": "sentence", "content": "0 = O (Do I need to spell this one out?)"}, {"type": "sentence", "content": "Those are fairly intuitive, minus the number 7."}, {"type": "sentence", "content": "Dominic used G for 7 because of the G7 configuration of world finance ministers. I added J because it is similar to the G sound."}, {"type": "subtitle", "content": "Using those sounds, make people associations with numbers."}, {"type": "sentence", "content": "Now comes the fun part. It's also the most work. Remember, the work comes upfront."}, {"type": "sentence", "content": "We're going to come up with an image of a person for every two-digit combination of numbers, from 00 to 99, and also for single numbers 0 to 9."}, {"type": "sentence", "content": "Some images may come naturally. If you're into basketball, you might already associate the number 23 with Michael Jordan. If you're into basketball, but prefer MVPs with losing records in the Finals, you might associate the number with Lebron James instead."}, {"type": "sentence", "content": "Use easy associations like these to your advantage. I love Doctor Who, and there have been 13 \"numbered Doctors, so I \"ready-made images for 1-13 if I want to use them."}, {"type": "sentence", "content": "Make a list of numbers 1-99. See which ones already have a meaning for you, and associate the image of someone with it."}, {"type": "sentence", "content": "Examples could be:"}, {"type": "sentence", "content": "10 = Marilyn Monroe (Some people's perfect 10.)"}, {"type": "sentence", "content": "15 = Martin Luther King Jr.(Born January 15)"}, {"type": "sentence", "content": "And so on."}, {"type": "sentence", "content": "For the remaining numbers, use the Dominic system sounds above"}, {"type": "sentence", "content": "Use these numbers for the initials in people and character's names. For instance:"}, {"type": "sentence", "content": "02 = Orphan Black"}, {"type": "sentence", "content": "04 = Odie. (As in the dog in Garfield. O - D.)"}, {"type": "sentence", "content": "11 = Admiral Ackbar (Star Wars)"}, {"type": "sentence", "content": "16 = Andy Serkis"}, {"type": "sentence", "content": "26 = Brittany Spears"}, {"type": "sentence", "content": "58 = Ethan Hunt (Mission Impossible movies)"}, {"type": "sentence", "content": "66 = Susan Storm (Fantastic Four)"}, {"type": "sentence", "content": "76 = Gwen Stefani"}, {"type": "sentence", "content": "It took me several passes going through numbers to find images or names that worked. Again, it was well worth the effort."}, {"type": "subtitle", "content": "Commit and practice."}, {"type": "sentence", "content": "Once you have your list, commit it to memory. When some people hear this they ask, \"Why go through all this work when you want to memorize numbers?\" The answer is, it's easier to remember images than numbers."}, {"type": "sentence", "content": "Practice the list, counting from 0-100. Break it into groups of ten. You'll have it committed to memory before you know it."}, {"type": "sentence", "content": "In Dominic's system, we also add an action to each person. This lets you encode longer numbers into one image."}, {"type": "sentence", "content": "For instance, my image for 11 is Admiral Ackbar. He is yelling, \"It's a trap!\" at a Star Destroyer."}, {"type": "sentence", "content": "38, for me, is Chris Hemsworth. He plays Thor, his action is hammering something."}, {"type": "sentence", "content": "So, if I am trying to remember a sequence of numbers that include 1138, I will picture those four numbers as Admiral Ackbar hammering."}, {"type": "sentence", "content": "For your first venture into Dominic, you can start with just finding a person for each number. Learn about Person-Action, or better yet, Person-Action-Object for a more efficient approach."}, {"type": "sentence", "content": "Here are some examples of people/characters, using this system."}, {"type": "sentence", "content": "56 - Edward Scissorhands"}, {"type": "sentence", "content": "57 - Eva Green"}, {"type": "sentence", "content": "58 - Evander Hollifield"}, {"type": "sentence", "content": "59 - Eric Northman"}, {"type": "sentence", "content": "If we added an action to each of these Evander Hollifield, for instance, could be boxing."}, {"type": "sentence", "content": "Having a Person and Action for each number allows us to do something called memory chunking. It also makes for more vivid images, which in turn makes them easier to remember."}, {"type": "sentence", "content": "If you were to try to memorize a string of numbers such as 235897751639 you'd have to remember twelve different numbers. By using the names you're coming up with, you could do it with just six people, or six images. By adding an action, you bring that down to only three visualizations."}, {"type": "sentence", "content": "How? Like this."}, {"type": "sentence", "content": "Let's look at the number again. 235897751639. Or rather, 23-58-97-75-16-39"}, {"type": "sentence", "content": "My Dominic person-action images for these are:"}, {"type": "sentence", "content": "23 - Michael Jordan dribbling a basketball."}, {"type": "sentence", "content": "58 - Evander Hollifield boxing"}, {"type": "sentence", "content": "97 - Neil Gaiman typing."}, {"type": "sentence", "content": "75 - Gloria Estefan singing, \"Turn the Beat Around.\""}, {"type": "sentence", "content": "16 - Arnold Schwarzenegger bench pressing."}, {"type": "sentence", "content": "39 - Chuck Norris doing a roundhouse kick."}, {"type": "sentence", "content": "To memorize this list, I'd imagine Michael Jordan (23) boxing (58), Neil Gaiman (97) singing (75), followed by Arnold Schwarzenegger (15) doing a roundhouse kick (39)."}, {"type": "sentence", "content": "With three images, I've just memorized 12 numbers."}, {"type": "sentence", "content": "Need another example? How about 72876950?"}, {"type": "sentence", "content": "Here are some more possible images."}, {"type": "sentence", "content": "72 = GB = Garth Brooks strumming a guitar"}, {"type": "sentence", "content": "87 = HG = Hermionie Granger casting a wand spell."}, {"type": "sentence", "content": "69 = SN = Seven of Nine singing."}, {"type": "sentence", "content": "50 = Shaquille O'Neal slam dunking."}, {"type": "sentence", "content": "So when we get that sequence, using Person-Action, we could memorize it by imagining Garth Brooks performing a spell, followed by Seven of Nine slam dunking on a basketball court."}, {"type": "sentence", "content": "As a reminder, here are those sounds:"}, {"type": "sentence", "content": "1 = A"}, {"type": "sentence", "content": "2 = B"}, {"type": "sentence", "content": "3 = C"}, {"type": "sentence", "content": "4 = D"}, {"type": "sentence", "content": "5 = E"}, {"type": "sentence", "content": "6 = S"}, {"type": "sentence", "content": "7 = G,J"}, {"type": "sentence", "content": "8 = H"}, {"type": "sentence", "content": "9 = N"}, {"type": "sentence", "content": "0 = O"}, {"type": "sentence", "content": "Want to learn to memorize numbers?"}, {"type": "sentence", "content": "Rote memorization is one of the worst ways to remember something long-term. But by going over them several times, and visualizing your images, you'll place these into medium-term-memory. And with practice, that translates into long-term."}, {"type": "sentence", "content": "Is there more to this? Of course. To remember truly large numbers, you'll need a way to keep the sequence of your images in place. Most people, including myself, use a Memory Palace to do this."}, {"type": "sentence", "content": "You can start learning vast memory skills either by starting here with the Dominic System or by learning to build a Memory Palace. That, incidentally, will be my next Memory article."}, {"type": "sentence", "content": "Happy remembering!"}, {"type": "image", "content": "https://miro.medium.com/max/1000/1*vqof6IA68MyNo5LalK52mA.png"}, {"type": "sentence", "content": "From Memorize a Deck of Cards by Scott Hughey. Copyright \u00a9 2019 by Scott Hughey."}], "topic": "productivity", "uuid": "205346eb4bc3d324aca00247887c74367f932fb4aa022023ccfd4ccc", "link": "https://betterhumans.pub/how-to-easily-remember-large-numbers-cddd091d2c68"}