{"title": "Why Your Curated Dream Life Looks Like a Nightmare To Me", "data": [{"type": "image", "content": "https://miro.medium.com/max/3840/1*FOp5iju7T2p5pwrvZEh0_A.jpeg"}, {"type": "sentence", "content": "I sat in the theater next to my son, holding greasy, overly-buttered popcorn and eagerly awaiting Rogue One. I'm not a Star Wars superfan by any means but damn I love me some lightsaber fights."}, {"type": "sentence", "content": "The movie delivered people blowing stuff up. It was on track to be an enjoyable only once but mostly forgettable sort of experience when suddenly things changed. It strolled onto the screen. I shuddered reflexively."}, {"type": "sentence", "content": "There was the amazing Peter Cushing, looking like they disinterred him for his scenes. He was just wrong. He was recognizable in that funhouse way. Close, so close to where we expect a human to be, but not quite there. And the effect is quite eerie."}, {"type": "sentence", "content": "Zombie Peter Cushing might have has the blessing of his estate, but many other fans felt like I did. He just didn't look human."}, {"type": "sentence", "content": "The only worry I had before the movie started was that they were going to Ewok the crap out of it. (Add cute little merchandisable creatures for no reason except to suck money from aggravated parents.) Instead, Rogue One took a definite leap into the Uncanny Valley and dragged its unwilling audience with it."}, {"type": "sentence", "content": "Reading posts on social media reminds me a lot of this experience. It's where we go to spin the pieces of us into a barely recognizable version of ourselves. It's really weird, watching your aunt post about living her #blessed #bestlife when you knew she had to bail her drunk husband out of jail again. It's a picture of your niece holding a glass of wine that she secretly hates but looks pretty in the glass. It looks pretty in the picture that's proof she's not showcasing an authentic life."}, {"type": "sentence", "content": "Social Media is a village of the damned living in the uncanny valley. Only a few real people live there."}, {"type": "subtitle", "content": "Welcome To The Weird"}, {"type": "sentence", "content": "There's a concept in tech called the uncanny valley. It means that something is close to human - but not quite enough. These things become eerie. We lose empathy and the ability to see the humanity in the image."}, {"type": "sentence", "content": "Social media is currently stuck there, living in the uncanny valley. We're all hanging out in the digital town square."}, {"type": "sentence", "content": "The digital you doesn't represent the whole of you. It shows only the perfect, whatever you deemed the presentable. Instead of posting about how the rain on your weekend getaway caused you and your partner to bicker over silly things, you post the one picture from after the rain stopped. Maybe you add a caption like \"Even the rain couldn't damper our love! When he's around all I see are rainbows anyway!!\""}, {"type": "sentence", "content": "People roll their eyes at the exuberant use of exclamation marks, drop a like and go on their way. The people who are closest to you know that a darn argument happened anyway. Everyone sees the careful erasing of flaws but pretends there is nothing weird here."}, {"type": "sentence", "content": "If I don't mention the falseness of your curated image, you won't notice mine. And we can both keep the smooth and shiny exterior of a life that's not real. If we all pretend we can all fool ourselves. Social media is just not reality."}, {"type": "subtitle", "content": "Where The Humans At?"}, {"type": "sentence", "content": "The impossible beauty of being human is living a less than perfect life, and rising above it. It's the everyday heroes who help those who were shattered into pieces make themselves whole again. It's knowing that those places that were broken and where you bent under unimaginable weight is where you get your strength from."}, {"type": "sentence", "content": "Those are the stories that do not get posted much. Instead of seeing our heroes rise and fall, struggle to overcome and then rise again, we see a carefully selected image. The curated high points of a life never lived."}, {"type": "sentence", "content": "That mom influencer who seems to have it all? It took tears and threats then bribery to get her children to pose like that. She posts the perfect moment and carefully airbrushes the struggles out. Her family poses, artificial, stripped of their sins."}, {"type": "subtitle", "content": "Faking Virtue"}, {"type": "sentence", "content": "It was the image laughed at around Twitter. During the Black Lives Matter cleanups, a lady stopped work to hold a drill, those for a photo, and then drive off. She was identified as Washington Examiner reporter Fiona Moriarty-McLaughlin. Almost thirty million views later, she remains the poster child for what not to do."}, {"type": "sentence", "content": "Everyone wants to be thought of as good. It only takes a few moments to post. You can rack up the points with minimal effort. But there's a line there. Knowing why you post keeps you from moving from adding your voice to a conversation and virtue signaling for fake points."}, {"type": "sentence", "content": "The people who know you will know the difference. They see you in real life. If you treat your restaurant server as less than human, no one is going to believe you care for the homeless. They know you treat people with little or no money as less than human. They will look at you setting up house in the Uncanny Village of Social Media and think less of you."}, {"type": "subtitle", "content": "So How Much Is Faking A Life Worth?"}, {"type": "sentence", "content": "Social Media has monetized being unreal. The rise of the influencer saw to that. And watching how these people succeed means that the regular among us try to keep up."}, {"type": "sentence", "content": "We see that Instagram model's flawless skin and buy a face cream instead of photoshop airbrushing."}, {"type": "sentence", "content": "We see that mommy blogger with the adorable children and buy their outfits. Until we've put them on our own children and realized...that aesthetic just isn't right. And you're never getting grape juice out of that fabric anyway."}, {"type": "sentence", "content": "Generally speaking, influencers get $100 per 10,000 followers. The thing is, bigger is not always better. Return on Investment (ROI) tends to be better for smaller influencers than the largest celebrities we all recognize. How much better? 20% to 30% . There are companies that specialize in finding the right influencer to push your brand."}, {"type": "sentence", "content": "Those connections don't tend to evolve naturally, and that's the taint of the uncanny valley. That bikini shot isn't her favorite bikini. Maybe it rides up and the influencer's annoyed, but that's not what you see in the picture."}, {"type": "subtitle", "content": "Escape The Valley of The Uncanny and Become Real"}, {"type": "sentence", "content": "We are beginning to tire of the uncanny and fake lives chronicled on the various platforms. This is why the searing authenticity of "}, {"type": "sentence", "content": ""}, {"type": "sentence", "content": "Her vulnerability and opening up is also a master class in how to ditch the uncanny valley. She has woven the various threads of her life - family, career, beauty, humor, vulnerability, etc into a picture of a whole and cohesive picture. Chrissy uses each of the different platforms to add what they showcase best into a charming picture of a real person."}, {"type": "sentence", "content": "Future and prospective influencers should take note. And really, we all should. We don't have to become trapped in fake. We can show who we really are on social media - the awkward, slightly screwy, wonderful broken beauty of you - and still be loved or admired."}, {"type": "sentence", "content": "You don't have to be trapped in an uncanny, almost human social media life. You can become authentically you."}], "topic": "social-media", "uuid": "2211ef6e60e7f4f382164ec32ebf4b5d532c6d2c12a3ad18b1e22219", "link": "https://medium.com/@sadie_32655/why-your-curated-dream-life-looks-like-a-nightmare-to-me-3d514c3aaf0a"}