{"title": "The Future is Multicurrency", "data": [{"type": "sentence", "content": "As always, this article is made for educational purposes. This does not constitute financial advice nor trading advice. Past performance does not indicate future results."}, {"type": "sentence", "content": "Do not invest more than you can afford to lose. This is not financial advice; always do you own research :)"}, {"type": "sentence", "content": "A couple of months ago, I started the Future is Crazy, a series of posts documenting my predictions of the future in a general 15-20 year time frame."}, {"type": "sentence", "content": "I fully believe that the future is going to look a lot stranger than we can possibly imagine."}, {"type": "sentence", "content": "Think about it - norms that my parents' generation and even my generation grew up on are no longer considered ironclad."}, {"type": "sentence", "content": "Work is no longer 9 to 5. We're doing 9-9-6 or working on side hustles or taking up time-boxed gig economy work."}, {"type": "sentence", "content": "Dating is no longer strictly in-person. More and more people are finding their partners online - through dating apps like Tinder (which imo changed an entire generation's views on dating with its 'swipe right' mechanic) and Hinge."}, {"type": "sentence", "content": "We could have never predicted trends like this to happen 15-20 years ago."}, {"type": "sentence", "content": "Anyway, that series sadly fell off, but I'm picking back up with a prediction on a multi-currency future."}, {"type": "sentence", "content": "Imagine I was pitching a coin to you:"}, {"type": "sentence", "content": "Sounds like a bit of a scam, no?"}, {"type": "sentence", "content": "Well, I just described to you the U.S. Dollar."}, {"type": "subtitle", "content": "Dollar Hegemony"}, {"type": "sentence", "content": "People are waking up to the story of the U.S. Dollar."}, {"type": "sentence", "content": "Yes, story."}, {"type": "sentence", "content": "Like any money, the U.S. Dollar derives its value from the mutual belief that it has value - a bit of a recursive loop of value."}, {"type": "sentence", "content": "And this belief - known as a story in the novel Sapiens - is predicated everyone's trust in the stability of the United States. Mainly the trust in the U.S. government's monetary policy and legal structure to retain a prosperous place to do business."}, {"type": "sentence", "content": "As an American, I'm acutely aware of the benefits that I've personally received by the U.S. Dollar being the global reserve currency - an agreement made in Bretton Woods Conference nearly a century ago."}, {"type": "sentence", "content": "The world runs on the dollar - as a a risk-free store of value, as a unit of account of the world's business ledgers, and as a medium of exchange for global commerce."}, {"type": "sentence", "content": "Everyone wants to hold the U.S. Dollar, from global merchants to sovereign nations."}, {"type": "sentence", "content": "There's a reason why U.S.-based companies are the largest in the world: the world's capital comes into the United States as a safe haven, and companies like institutional investment offices and venture capital firms can deploy that capital - companies in the United States."}, {"type": "sentence", "content": "Everyone wants to hold U.S. debt, considered by the world to be \"risk-free\"."}, {"type": "sentence", "content": "No downside."}, {"type": "sentence", "content": "The yield on a 10-year U.S. Treasury bond is currently 1.631% at the time of writing."}, {"type": "sentence", "content": "Think about that. If I'm the U.S., I can borrow $100 from you, and I promise to pay $1.63 back to you every year for the next TEN years."}, {"type": "image", "content": "https://miro.medium.com/max/2620/1*DvEYiotBWnhVSZEl1_M-XA.png"}, {"type": "sentence", "content": "And with the Fed's public desire to rise inflation rate at or above 2%, they're essentially \"inflating away the debt\" - getting money now for free and paying less in the future."}, {"type": "sentence", "content": "The E.U. buys U.S. debt as a risk-free interest rate and, in return, raises debt at a higher interest rate from its citizens. A virtuous cycle of accumulating and issuing more debt."}, {"type": "subtitle", "content": "Change is Coming"}, {"type": "sentence", "content": "Will dollar hegemony fall with the rise of China's economy?"}, {"type": "sentence", "content": "While China is still incredibly long the USD (being the second largest foreign holder of US debt, owning over $1 trillion in USD), China is still actively seeking to disintermediate the U.S. from global commerce."}, {"type": "sentence", "content": "First, through their Belt and Road Initiative with African nations taking on RMB-denominated debt, and second, by taking over as the manufacturing center of the world and requiring commerce be done in RMB."}, {"type": "sentence", "content": "When I asked my dad - who has a 30+ year career in banking - whether the RMB will replace the USD as the global reserve currency, he said no because \"it's China against the world\" - the world's money into U.S. as a safe-haven asset vs. China's individual efforts to champion the RMB."}, {"type": "sentence", "content": "The world is rallied behind the dollar, raises local fiat-denominated debt in accordance to the dollar, and sometimes even pegs their currency to the dollar."}, {"type": "sentence", "content": "Disintermediation will be tough."}, {"type": "sentence", "content": "If not the RMB, will the U.S. Dollar ever be challenged?"}, {"type": "sentence", "content": "Going back on my dad's statement, I asked myself, \"what is more global than the dollar?\""}, {"type": "sentence", "content": "What is an international movement that surpasses the power of government regimes and unites people beyond the borders of their nation-states?"}, {"type": "sentence", "content": "Of course, it's the internet."}, {"type": "sentence", "content": "And what is the internet-native version of money?"}, {"type": "sentence", "content": "Crypto."}, {"type": "sentence", "content": "Chew on this for a sec."}, {"type": "sentence", "content": "As a foreign nation thinking about sound monetary policy, rather than being subject to the control of the Federal Reserve who has the power to arbitrary manipulate monetary supply and has a legal duty to protect the U.S. economy (not the global economy), why not be subject to a currency that no one can control?"}, {"type": "sentence", "content": "I.e., Bitcoin"}, {"type": "sentence", "content": "Imagine a world where people can choose their store of value - and not be subject to the pitfalls of central banking."}, {"type": "sentence", "content": "Imagine the lives that could have been better off in countries suffering from a failure of its central bank: Venezuela, Turkey, Lebanon."}, {"type": "image", "content": "https://miro.medium.com/max/1392/1*qOtsPfSXR_KxDvtvAUnrVg.png"}, {"type": "sentence", "content": "Even companies are waking up to the idea of holding BTC in their treasuries - purely as a hedge from inflation from USD or any other fiat currency."}, {"type": "sentence", "content": "And this isn't just a post blindly advocating for holding Bitcoin."}, {"type": "sentence", "content": "The people of the world can drastically benefit from holding other nation's currencies as a hedge or a medium of exchange."}, {"type": "sentence", "content": "A contractor in Eritrea suffers from far fewer job opportunities in a global, internet-enabled job market (for say, digital work like design or software engineering) if they asked to be paid in Eritrean Nafka."}, {"type": "sentence", "content": "However, if they could be paid in a permissionless coin that is denominated in another country's fiat, such as USDC or TerraKRW, there would be many more employers interested."}, {"type": "sentence", "content": "Note: it's important that it's permissionless stablecoins, rather than \"real\" fiat because there are higher cost off-ramps for \"real fiat\" via a bank - vs. a stablecoin that can be exchanged to local fiat via an exchange"}, {"type": "sentence", "content": "The same goes for a merchant in Mongolia - they'll get far more interest and liquidity from a \"major currency\"."}, {"type": "sentence", "content": "As a result, citizens of other smaller countries can participate in an increasingly connected global economy. And they're able to hedge against their countries' monetary policy with a risk-adjusted portfolio of another nations."}, {"type": "sentence", "content": "A win for all the little guys - just not for the Federal Reserve :)"}, {"type": "sentence", "content": "If you thought this blog post was worth the ~5 minutes of your time to read it, please help me by clapping below (up to 50 times) or sharing with a friend who would benefit from this content. I hate to beg, but I'm unemployed and trying to earn a meal \ud83e\udd7a Thanks so much!"}], "topic": "economy", "uuid": "2234893e9e4494829b729f3144d23078d015e357cc1aadcd9025eb07", "link": "https://jimmy-chang.medium.com/the-future-is-multicurrency-40dfbf07ab82"}