{"title": "How can groups of friends enjoyably live-stream together to ease the loneliness of lockdown? - A UX Case Study", "data": [{"type": "subtitle", "content": "Project scope:"}, {"type": "sentence", "content": "2-Weeks \u2022 Concept Project \u2022 Team of 4 \u2022 High-fidelity prototype"}, {"type": "subtitle", "content": "Background"}, {"type": "subtitle", "content": "Entering year 2 of Covid: How can we overcome the isolation?"}, {"type": "sentence", "content": "It's been hard for everyone, especially the younger generations, whom studies have shown to be the \"most vulnerable to increased psychological distress, perhaps because their need for social interactions are stronger.\""}, {"type": "subtitle", "content": "Client"}, {"type": "sentence", "content": "TimeOut is a global event company whose mission is to \"help people go out better.\""}, {"type": "subtitle", "content": "The Challenge"}, {"type": "sentence", "content": "In light of Covid-19, this concept brief challenged us to create a new live-stream platform (TimeStream) that could help ease the loneliness and bring back the fun and joy we've all been missing."}, {"type": "subtitle", "content": "My role"}, {"type": "sentence", "content": "Alongside my 3 teammates, I contributed to competitor research, user research, and usability testing."}, {"type": "subtitle", "content": "Key responsibilities:"}, {"type": "subtitle", "content": "Outcome"}, {"type": "sentence", "content": "Our research showed that users aren't satisfied with the live-stream events they've attended, saying they \"aren't engaging enough\" and that there's no build-up like when you're going out to an in-person event."}, {"type": "sentence", "content": "We focused on creating a platform that brings friends together by allowing users to live-stream in groups of 4. We gave users the autonomy to move around the venue, communicate in multiple ways, and access to exclusive content."}, {"type": "sentence", "content": "Our solution, TimeStream, provides an inclusive, borderless experience that brings live events to your home! The social aspects and access to exclusive backstage and behind-the-scenes content make the experience special and no longer like \"watching TV.\""}, {"type": "subtitle", "content": "Discover"}, {"type": "subtitle", "content": "What can we learn from the market?"}, {"type": "sentence", "content": "To get an idea of what's already out there, we looked into 11 competitors."}, {"type": "image", "content": "https://miro.medium.com/max/3200/0*yg2uWkjPaIhP_TCe"}, {"type": "subtitle", "content": "So, where does TimeStream fit in?"}, {"type": "sentence", "content": "We didn't find another platform that allowed groups of friends to attend live-stream events together and realized there was a gap in the market."}, {"type": "subtitle", "content": "Learning more about virtual events"}, {"type": "subtitle", "content": "Imogen Heap's VR performance"}, {"type": "sentence", "content": "Watching footage from Imogen Heap's VR concert expanded my knowledge and opened up my mind to the future of digital music performances."}, {"type": "sentence", "content": "A few key takeaways from the VR experience:"}, {"type": "sentence", "content": "VR was out of scope for this project, but it definitely inspired me and is an exciting consideration for the future of music performances!"}, {"type": "subtitle", "content": "If not VR, then what?"}, {"type": "subtitle", "content": "Dua Lipa's exclusive live-stream performance"}, {"type": "sentence", "content": "During my research, I also discovered that Dua Lipa put on a one-off live-stream performance that created serious hype/buzz. Drawing over 5 million viewers worldwide, her performance proved that virtual events can draw significant crowds with good production."}, {"type": "sentence", "content": "The one thing Dua Lipa's live stream was missing is a way for users to interact and connect with one another."}, {"type": "sentence", "content": "Through this additional research, I understood how valuable a platform like TimeStream is and will continue to be in the future (even post-covid)."}, {"type": "subtitle", "content": "Customer insights"}, {"type": "subtitle", "content": "72 screener & insights survey responses"}, {"type": "sentence", "content": "TimeStream's product doesn't fit the mold of other products currently on the market. It's hard to say who our users are for sure. In fact, we could have far more true users than we are aware of."}, {"type": "sentence", "content": "Through an insights survey, we learned about what kind of events users enjoyed attending pre-lockdown, what kind of events they've attended during the lockdown, and some key frustrations they have with virtual events."}, {"type": "image", "content": "https://miro.medium.com/max/6124/1*OZ1j7ZP_fZuo3rbFJ0STbg.jpeg"}, {"type": "sentence", "content": "Since our survey clearly showed that music events were the most popular type of pre-covid event, we decided to design around a concert (though TimeStream would ultimately host all kinds of events)."}, {"type": "subtitle", "content": "Semi-scripted interviews- 15 participants"}, {"type": "sentence", "content": "To dig deeper into our survey insights, we conducted 15 semi-scripted user interviews. These interviews taught us a lot more about the frustrations people have with the products currently on the market."}, {"type": "sentence", "content": "By asking open-ended questions, we learned about users' social habits pre/during Covid-19, experiences with virtual events, interactions with other attendees, and their general attitude towards virtual events."}, {"type": "image", "content": "https://miro.medium.com/max/5560/1*lL9MGR4Fzn8npOPmAqch4g.jpeg"}, {"type": "sentence", "content": "3 of our key interview findings:"}, {"type": "image", "content": "https://miro.medium.com/max/5848/1*q4GEbXPZLPcSIcPwhGT2Dg.jpeg"}, {"type": "sentence", "content": "During interviews, we repeatedly heard that virtual events weren't special enough and that they lack the build-up that you have when you go to a live show."}, {"type": "sentence", "content": "Here's how one interviewer described a virtual music event she attended:"}, {"type": "sentence", "content": "We knew users weren't satisfied with virtual events... So we asked ourselves: \"What could we do to improve the experience?\""}, {"type": "subtitle", "content": "Define"}, {"type": "subtitle", "content": "Bringing our persona, Joni, to life!"}, {"type": "sentence", "content": "Joni helped us represent our findings and keep us on track by reminding us of our users' frustrations, needs, and goals."}, {"type": "sentence", "content": "Joni loves socializing with her friends and is really struggling during the lockdown. It doesn't help that there's no end in sight..."}, {"type": "image", "content": "https://miro.medium.com/max/4000/1*888ifLW8qhxLah0qNHQ9Dw.png"}, {"type": "subtitle", "content": "What does Joni need?"}, {"type": "sentence", "content": "Based on our research and insights, we formed a problem statement to help define Joni's needs:"}, {"type": "image", "content": "https://miro.medium.com/max/4544/1*UVhOsv64AA2nFS2d2H95TQ.jpeg"}, {"type": "subtitle", "content": "Hypothesis"}, {"type": "sentence", "content": "By creating a platform that allows Joni to enjoy and truly engage with friends in meaningful and fun ways, Joni will find more pleasure in attending virtual events."}, {"type": "sentence", "content": "We'll know this to be true when she and her friends are eager to hang out before, during, and after the virtual event and when they leave feeling excited about the anticipation of the next one."}, {"type": "subtitle", "content": "Develop"}, {"type": "subtitle", "content": "Ideating ways to solve Joni's problem"}, {"type": "sentence", "content": "We centered our design studio around one big question:"}, {"type": "image", "content": "https://miro.medium.com/max/4544/1*9yIUdPAQPGHOWfRYrxuw-g.jpeg"}, {"type": "sentence", "content": "We came up with ideas ranging from reactive 4D soundscapes to sending drinks to your friends in real-time and everything in between."}, {"type": "subtitle", "content": "Feature Prioritization Matrix: Highest impact/lowest effort"}, {"type": "sentence", "content": "In fact, we had so many ideas that we needed to map them out and prioritize them in a matrix:"}, {"type": "image", "content": "https://miro.medium.com/max/4716/1*DKBvjXh-KEeRp2IdO8dLdg.jpeg"}, {"type": "subtitle", "content": "Creating a MVP"}, {"type": "sentence", "content": "Considering which features would be most essential for creating an engaging experience and take the least amount of effort to implement helped us narrow down where to start for our MVP:"}, {"type": "subtitle", "content": "Testing & Iterating based on user feedback"}, {"type": "sentence", "content": "Moving from paper prototypes to high fidelity wireframes in Figma, we conducted 3 rounds of tests with 15 users in total. The insights we received from user feedback guided us in making changes and refinements."}, {"type": "subtitle", "content": "Paper sketches"}, {"type": "sentence", "content": "After selecting which features to implement in our MVP, we created a paper prototype mashup together as a team."}, {"type": "sentence", "content": "Through testing with 4 users, we learned what was and wasn't working:"}, {"type": "subtitle", "content": "Evolving the \"Game Room\" into a \"Backstage Room\""}, {"type": "sentence", "content": "We thought having a room where friends could play games together before the show would make the experience more fun and engaging."}, {"type": "sentence", "content": "After testing with 4 users, we learned:"}, {"type": "subtitle", "content": "Chatbox tailored to the group experience"}, {"type": "sentence", "content": "Through user testing, we also identified some key issues that needed to be addressed in order to foster a positive group experience."}, {"type": "subtitle", "content": "User flow showing Joni's happy path"}, {"type": "subtitle", "content": "Part 1 - Finding, booking, and inviting her friends to a TimeStream event."}, {"type": "subtitle", "content": "Part 2 - Attending the event and moving between rooms"}, {"type": "subtitle", "content": "Deliver"}, {"type": "subtitle", "content": "How do our solutions answers the users' needs and TimeOut's business goals?"}, {"type": "subtitle", "content": "Final thoughts & Learnings"}, {"type": "subtitle", "content": "Prototype"}, {"type": "subtitle", "content": "Watch a walkthrough of the final solution or click here to try out the prototype yourself!"}, {"type": "subtitle", "content": "Future Development"}, {"type": "sentence", "content": "With so many more exciting ideas to explore, given the opportunity to continue to develop this project beyond the 2 weeks we had, we would:"}, {"type": "subtitle", "content": "Recommended reading"}, {"type": "subtitle", "content": "Thanks for reading! :)"}], "topic": "ux", "uuid": "22486a41611efc8b20bf0907c21d05ac1e04865b8acfb40e54b77d51", "link": "https://tashenab.medium.com/how-can-groups-of-friends-enjoyably-live-stream-together-to-ease-the-loneliness-of-lockdown-1a51fadbf0a9"}