{"title": "The Importance of Creating Timeless Design Systems", "data": [{"type": "sentence", "content": "Today, I was attending Config, a live event from Figma. There was a talk that really sparked my interest: We should be replaceable: how we can build timeless design systems by Au Pleguezuelo, Senior Systems Designer at Github."}, {"type": "sentence", "content": "As product designers, and especially in a company environment, there is always work in progress and different things being worked on from various people. When those people leave - whether temporarily or permanently - that environment, the design system should live on for those that stay and those who come."}, {"type": "sentence", "content": "When working on a design system, some principles should be considered to ensure that this happens smoothly."}, {"type": "subtitle", "content": "Make it easy"}, {"type": "sentence", "content": "Simple design solves problems and achieves a goal as a solution. Design Systems should be easy to read, understand and be implemented by any designer who needs to use them."}, {"type": "sentence", "content": "If someone joins the team, they should be able to use the design system to quickly understand the bases and the principles used by the company, per example."}, {"type": "subtitle", "content": "Good design is long-lasting"}, {"type": "sentence", "content": "Good design practices imply that it outlives the first designers that work on it and that others can use that in the long run. And to ensure that this happens, there should be strong bases, well documented and well thought out."}, {"type": "subtitle", "content": "Invest in systems inside of Systems"}, {"type": "sentence", "content": "A great Design System is built by details. From stroke sizes to opacities or border radius, these are details that need to be aligned and spoken about to create good documentation."}, {"type": "sentence", "content": "It is okay to speak about these \"small\" things to create something so big."}, {"type": "subtitle", "content": "Have Documentation"}, {"type": "sentence", "content": "Documentation is more than what teaches us how to use things. It is the source of truth of what, how and when to use components and modules so that any person can use them without doubts."}, {"type": "sentence", "content": "This way, we can build an efficient workflow where people can create without constraints and others can go on vacation without being worried about what's left behind."}, {"type": "subtitle", "content": "Share the vision"}, {"type": "sentence", "content": "It's important to collaborate to create great solutions and not create just for the present but also to share the vision for the future of a specific design component/module."}, {"type": "sentence", "content": "This way, we can already start thinking of expanding and improving not only on one thing but also on snowballing it to different aspects, notably if discussed with other people."}, {"type": "subtitle", "content": "Collaboration is key"}, {"type": "sentence", "content": "Working with others allows us to make the best decisions and make better decisions formed with more input and more consideration and points of view. Solving problems is much easier when done collaboratively - and this means involving designers, product managers, developers and others."}, {"type": "subtitle", "content": "Have conventions"}, {"type": "sentence", "content": "Having many people working on the same team makes it great to have different opinions, but there should always be conventions to help guide the work and how things are structured."}, {"type": "sentence", "content": "These conventions include, for example, the naming of the components is different for designers and developers, and it's good to have a place with these definitions so teams can have some way to fall back and understand each other."}], "topic": "design", "uuid": "264dee5ff070303a88a7c12834c1a2ff566520337ad1cc2f70b20959", "link": "https://uxplanet.org/the-importance-of-creating-timeless-design-systems-4d198ab1fa65"}