{"title": "I Missed All Warning Signs of Abuse, Including Being Kidnapped", "data": [{"type": "image", "content": "https://miro.medium.com/max/9792/0*5v_ocNjESRHHrqpE"}, {"type": "sentence", "content": "This piece depicts abuse that may be triggering. Please proceed with care."}, {"type": "sentence", "content": "A vulnerable, neglected teenage girl meets a mysterious character, who must be her soulmate."}, {"type": "sentence", "content": "Romance? I had no idea what real love looked like. Strategic hints of attention and love bombing seemed romantic enough for me to fall for him. It was a very hard fall."}, {"type": "sentence", "content": "I was still spiraling from my mother abandoning me, left to live with an aggressive step-brother, orphaned emotionally by my father, and grappling with a toxic evangelical past. I was desperate for love. So desperate that it didn't matter what version of love I got, anything was better than nothing."}, {"type": "sentence", "content": "My abuser knew it the moment we met. I wanted to believe his glimmering stare was love at first sight, but it wasn't a spark of love, it was a flickering grin that he found a target."}, {"type": "sentence", "content": "A cocky smile, a confident stride. He knew he won me by my reaction to his flattering attention. His devious charm stunted my cognitive ability to assess the pain, loneliness, confusion, and self-hatred he quickly served."}, {"type": "sentence", "content": "I felt disoriented, loving him."}, {"type": "sentence", "content": "I didn't know I was falling into sickness instead of falling into love."}, {"type": "subtitle", "content": "Hardly together as the brainwashing began"}, {"type": "sentence", "content": "After he cinematically spun me around the first time we publicly met, he placed peculiar distance between us. When, where, what, and all of its timing. Our interactions were a confusing riddle. He controlled our every interaction and lack thereof."}, {"type": "sentence", "content": "When he showered me with adoration, it blurred my discretion and softened my concern for the haunting emptiness I felt with and without him."}, {"type": "sentence", "content": "I never felt more alone than when I existed in our strange world."}, {"type": "sentence", "content": "How could I ignore pronounced isolation in a \"relationship?\" By hanging on tightly to moments together. By believing every rationale for our distance. By ignoring the relief I felt when he was gone. By shushing my intuition when brainwashing started to pull me down like quicksand. The more I struggled, the deeper I went."}, {"type": "sentence", "content": "He acted purposeful, reassuring me that excessive time apart was for the best. He would vanish for days but still dictate my every move with rules that trained me to fear doing anything outside of his approval."}, {"type": "sentence", "content": "I sensed his frightening control enough to sometimes sneak off when I didn't hear from him, driving an hour away to feel like I was free and could roam anonymously. I never knew where he was, but it was rebellion to not tell him where I was. Until he caught me. I suffered greatly for that."}, {"type": "sentence", "content": "He stripped me of being alive, autonomous, and functional."}, {"type": "sentence", "content": "I always knew something didn't feel right, all those years. But he insisted it was everyone else causing my fear and hurt. Like an aggressive salesman, he sold me the concept that we were special while creating a prison in my mind. To consider life outside of him was treason. So I muted everyone, every voice of reason, even myself, and struggled to pinpoint my source of suffering."}, {"type": "sentence", "content": "This was brainwashing. Coercion laid the groundwork for layers of abuse."}, {"type": "sentence", "content": "His success was marked by my mistrust in my own instincts, believing I was inevitably wrong and inferior."}, {"type": "subtitle", "content": "Silence is required"}, {"type": "sentence", "content": "\"You told them I'm your boyfriend? How dare you!\" Red flushed my face. What was wrong with claiming we were in a relationship? We had spent weeks together, talking exclusively. He had kissed and praised me emphatically. All in private."}, {"type": "sentence", "content": "He argued that labels were damaging. We didn't need a label. We were above the label. Calling each other boyfriend or girlfriend was childish, demeaning. Drop the label. Call me nothing. In fact, never call me at all."}, {"type": "sentence", "content": "Was this the beginning of the end? Was he already ending things by saying I should not claim him? No, it was the zap of a taser to immobilize me. I didn't own him, he owned me. I was to never share a word about him or his jarring behaviors. He silenced me from the start. We were nobody's business."}, {"type": "sentence", "content": "\"How long have you been with your boyfriend?\" Red alert, don't call him that."}, {"type": "sentence", "content": "\"So what is he to you then?\" I don't know. I sometimes described him as my \"partner,\" but he was in no way my associate. He was my owner."}, {"type": "subtitle", "content": "When the image of love was a threat"}, {"type": "sentence", "content": "Occasionally, romantic comedies came on television. Watching them made me weep, not because of sappiness but because our \"romance\" didn't feel, look, or act anything like those stories. It scared me."}, {"type": "sentence", "content": "As though he walked in on me cheating, he caught me watching a romantic movie. I tried to change the channel but he ripped the remote from my fingers and threw it against the wall, screaming and threatening."}, {"type": "sentence", "content": "He was always breaking something, blaming me for enraging him, making him demolish my belongings or smash car dashboards."}, {"type": "sentence", "content": "\"Romantic movies are damaging. It tricks your mind into expecting a fake concept of love.\" I had wept at the way a human looked kindly into their lover's eyes. It wasn't fantasy affecting me, it was seeing human connection and feeling the abyss of how I had none."}, {"type": "sentence", "content": "With gaslighting, he claimed my reaction and expectation of love was delusional. I was too sensitive, too needy, and misguided."}, {"type": "sentence", "content": "My TV never allowed romance to soil my mind again."}, {"type": "subtitle", "content": "Gaslighting led me straight into his trap"}, {"type": "sentence", "content": "Manipulation prompted me to deny, erase, and forego every warning. He convinced me I was crazy to question him. I suffered more when I did, reinforcing my silence and acceptance of mistreatment."}, {"type": "sentence", "content": "Over time, conflict and threats escalated. Psychological warfare became my daily existence."}, {"type": "sentence", "content": "He cyclically locked me out of his apartment when he gave specific times to visit. \"Come over at 8pm.\" I would knock on time, nothing. I would call, nothing. I watched light flicker through his blinds for hours. I was terrified to leave, knowing I would be blamed. His every absence, my fault."}, {"type": "sentence", "content": "Warping my perception of being locked out of his place was just the warm-up for his torture."}, {"type": "sentence", "content": "When he moved back into his parents' home, he began a series of holding me hostage in his room upstairs, first advertising it as us sneaking around so his parents wouldn't know I was there."}, {"type": "sentence", "content": "But it wasn't something I consented to. It was not an \"us\" decision. I begged not to go, then pleaded with him to let me leave. I had my own apartment and no reason to sleep there, but with frightening persuasion he mandated I stay. When a parent woke before us, portrayed as the enemy circling the exit like sharks in our waters, he began a kidnapping episode, \"the action of abducting someone and holding them captive.\""}, {"type": "sentence", "content": "He wouldn't let me leave, forcing my compliance with rules that mimic hostage scenarios I'd only seen in films. I couldn't see the similarities, but I knew I was being held against my will, perceiving terror enough to fantasize about jumping out of that two-story window. I thought I had to stay to remain safe, to try harder to earn his love."}, {"type": "sentence", "content": "\"Don't move or walk at any time, they'll hear you. You can only eat what I bring to the room; bringing more than one cracker is too obvious that someone is up here. You can't shower. Sit here, lie there. I'll move you when you need to be moved. They're still awake, you can't leave.\""}, {"type": "sentence", "content": "24 hours, 48 hours pass. I lose track. I'm stiffly aching, exhausted of paranoia, dehydrated, and starving. He threatens me to not mess up and let someone find me, sometimes leaving me for hours."}, {"type": "sentence", "content": "I finally see this as a kidnapping, though I don't want to, because he denied me basic human rights for days on end. Against my will. He left my body and mind to rot in a corner."}, {"type": "sentence", "content": "I didn't perceive this as reality. I didn't realize that using my body however he wanted, with his hand over my mouth terrifying me, was rape and abuse. Because my rational mind had been washed away."}, {"type": "sentence", "content": "I had no compass, no rights. Any concern I voiced was taken as a returning threat."}, {"type": "sentence", "content": "What I needed to know was that feeling afraid was enough proof that I should escape him and seek help."}, {"type": "sentence", "content": "But the grooming that took place while held hostage set the stage for years of torment. Though I survived each episode."}, {"type": "sentence", "content": "Other times, he left me locked in his car while he went into stores for hours, unable to open the door without sounding off the car alarm, because nobody should see I was with him. His paranoia infused every moment. I never knew why everyone else was dangerous, apt to attack me with judgment. Or why I didn't belong anywhere."}, {"type": "sentence", "content": "At times he brought me to hotel casinos and made me stay alone in the hotel room for over 10 hours while he ventured out because he was of age and I was not, so he ensured I stayed hidden lest I be caught for being less than 21 years old. A criminal underage hostage. I learned to stash snacks."}, {"type": "sentence", "content": "He designed countless scenarios that required me to stay locked and hidden. Questioning him hurt more at the time than silence."}, {"type": "sentence", "content": "I was convinced I had no choice other than to believe and comply."}, {"type": "sentence", "content": "When he was absent, he psychologically unsteadied me by having me expect to spend time with him, then not show up and be unreachable."}, {"type": "sentence", "content": "I was waiting to hear from him, running the gamut of confusion, when my doorbell rang. I rushed, prepping myself to greet him, but instead found a large brawny man at my door. We had met before. Why had this man shown up? How did he know where I lived?"}, {"type": "sentence", "content": "He was supposed to hear from my partner and hadn't. \"Do you know where he is?\""}, {"type": "sentence", "content": "No, I didn't. I never knew."}, {"type": "sentence", "content": "\"How about you come with me? We can go look for him together.\""}, {"type": "sentence", "content": "Was he endangered? Will I get in trouble for helping this \"friend\" find him? Was this kindness or betrayal? I felt alarmed, clouded."}, {"type": "sentence", "content": "But I got in, a passenger to whoever was on a mission to find the man I belonged to. We drove for hours, checking his frequented spots, but never found him."}, {"type": "sentence", "content": "I didn't recognize my life as I sat in a stranger's car, looking for the man who controlled me. Eventually, this man dropped me off at home when we gave up the search. His eyes lingered before I walked in, an ominous look of pity."}, {"type": "sentence", "content": "The following day, my partner called. He disregarded explaining what happened to him, reprimanding me for such disrespect to go with another man on a \"search and rescue\" mission. I couldn't be trusted, I caused our distance, and my reactions to his disappearance was wrong. I was in trouble."}, {"type": "sentence", "content": "All the while, I was waiting for him to drop the next love crumb. It only took an occasional morsel to prove his point that he loved me. Love crumbs were a stark contrast from severe deprivation of kindness, and kept me agreeable."}, {"type": "sentence", "content": "I don't believe I consciously agreed to anything, I was out of my mind. I never felt like I had a say, accommodating and complying to feel safe. I didn't know I had a choice to leave. I thought my only way out was if he accidentally died."}, {"type": "sentence", "content": "With grace, I recall the petrified girl I was back then, trying to keep myself safe in the only ways I knew how."}, {"type": "sentence", "content": "If I could, I would return with a getaway car and tell her to jump in, reassuring that this wasn't her fault, and stomp on the damn gas pedal."}, {"type": "subtitle", "content": "Psychological abuse can be overcome"}, {"type": "sentence", "content": "With brainwashing, he washed my reasonable mind away. This is what enabled him to kidnap me periodically and camouflage our sick world. I thought that being held hostage by someone I knew and loved versus a stranger made it invalid."}, {"type": "sentence", "content": "The indignity felt heavy when these memories returned. Especially how he squeezed gratitude out of me, thanking him for keeping me locked away from a cruel world outside."}, {"type": "sentence", "content": "This is the unsettling reaction of Stockholm Syndrome. When I began recovering from these traumas, I was shocked to find myself protecting my abuser. I still felt bonded to him, despite being overwhelmed by shame."}, {"type": "sentence", "content": "When you believe the person inflicting suffering is a source of love and salvation, clinging to them for survival, almost anything becomes permissible. It leads to Stockholm Syndrome, where we continue to protect an abuser, their story, and the sickness."}, {"type": "sentence", "content": "But I won't protect it anymore. I won't sugarcoat it. This only extends abuse, blaming and shaming myself while preserving the trauma itself."}, {"type": "subtitle", "content": "Releasing self-betrayal and guilt to find my way out"}, {"type": "sentence", "content": "The brightest warning sign was when I chose to betray myself, my gut, my instincts, my worth to believe and submit to him. With repetitive assault on my identity, I agreed I was worthless, unable to make intelligent choices, too sensitive, an awful human."}, {"type": "sentence", "content": "When I stopped believing in my goodness, I was prone to believe anything he said to correct me. With agony around every corner, any small kindness he showed led me to feel reliant on him. Even the single cracker handed to me when he starved me for days, was touted as benevolence."}, {"type": "sentence", "content": "Though I escaped long ago, I've served too much prison time being condemned and silenced by the authoritative voice my abuser left behind in my mind."}, {"type": "sentence", "content": "I no longer agree with his voice. Calling out his lies is how I escaped."}, {"type": "sentence", "content": "I don't want a victim story to be part of my history, but in order to overcome it, I must acknowledge it. I cannot rewrite the narrative of my past, but I can air it out, letting toxic fumes dissipate in the wind, knowing I'm safe now and healing."}, {"type": "sentence", "content": "I'm not locked in. I'm not locked out."}, {"type": "sentence", "content": "I change the narrative of my future. I go back only to witness myself escape out that door, realizing it was not always locked, the prison was in my mind."}, {"type": "sentence", "content": "I open the door freely and run as fast as I can."}, {"type": "sentence", "content": "I feel the earth beneath my feet. I feel my survival, it gives me speed."}, {"type": "sentence", "content": "With hundreds of miles between us, I start to speak again. I am free."}], "topic": "mental-health", "uuid": "26adb2c18e469b0d2e460fff0704cc9ae612359ffd923ac1005709a7", "link": "https://medium.com/invisible-illness/i-missed-all-warning-signs-of-abuse-including-being-kidnapped-c733341b0191"}