{"title": "Product Detection From Grocery Shelf", "data": [{"type": "subtitle", "content": "Overview"}, {"type": "subtitle", "content": "Index"}, {"type": "subtitle", "content": "1.) Introduction"}, {"type": "sentence", "content": "The Problem revolves around the detection of products that are placed in the grocery store and we are building a model which can detect the product and gives us a rectangular bounding box around the image in the form of 2-dimensional (x,y) coordinates"}, {"type": "subtitle", "content": "2.) Business Problem"}, {"type": "sentence", "content": "As this detection problem could be later extended to many problems like product theft alarm and product counting problem so it became important to come up with a solution for the problem"}, {"type": "subtitle", "content": "3.) Mapping to Machine learning problem"}, {"type": "sentence", "content": "So after breaking the problem we can observe that we can solve this problem by applying the Computer Vision object detection technique by which we can get the coordinates for the products which are present in the images so we will be using the state of the art object detection techniques which are built on top of convolutional neural nets and deep neural net layers to build a robust and high-performance model."}, {"type": "subtitle", "content": "4.) Dataset overview:"}, {"type": "sentence", "content": "The data consist of the images of the shelf of the grocery store and annotations of the bounding boxes in the form of text files."}, {"type": "sentence", "content": "Below are the Image properties and naming -"}, {"type": "subtitle", "content": "5.) Exploratory Data Analysis"}, {"type": "sentence", "content": "We will be doing some exploratory data analysis to get some insights and also to understand the data better"}, {"type": "sentence", "content": "Number of images available"}, {"type": "sentence", "content": "Getting the Number of data points available in the data set"}, {"type": "sentence", "content": "Printing Random Image from data"}, {"type": "sentence", "content": "let's print a random image from the dataset"}, {"type": "image", "content": "https://miro.medium.com/max/478/1*-5h1Ynd0u7udvM-JICNORw.png"}, {"type": "sentence", "content": "Drawing Bounding Box at a random image"}, {"type": "sentence", "content": "So let's use our annotations to visualize how an annotated image looks like"}, {"type": "image", "content": "https://miro.medium.com/max/478/1*hET7d8pQ5xif5Eu0i0ej4g.png"}, {"type": "subtitle", "content": "Average Number of Shelve in Image"}, {"type": "sentence", "content": "As the images are from the grocery store and each of the images contains products lying on the shelf, each of the images can have multiple shelves so let's see what is the average number of shelf that our dataset has"}, {"type": "subtitle", "content": "Histogram of Number of Shelve"}, {"type": "sentence", "content": "In the above code snippet, we have seen that the average number of shelves in an image is around 3 but for better visualization, we will plot the histogram of the number of shelves"}, {"type": "image", "content": "https://miro.medium.com/max/752/1*1jjWuazWZEu0wtRWBGysZw.png"}, {"type": "subtitle", "content": "Average Number of Products in Image"}, {"type": "sentence", "content": "Let's see what is the average number of products that an image can contain"}, {"type": "subtitle", "content": "Histogram of Number of Products"}, {"type": "sentence", "content": "For better visualization, we will again plot the histogram of several products"}, {"type": "image", "content": "https://miro.medium.com/max/780/1*YNsxk6Tek1fS5punLvaoIQ.png"}, {"type": "subtitle", "content": "Number of images Captured using each Camera"}, {"type": "sentence", "content": "As the images are captured using different types of cameras so let's plot a bar graph that tells us what is the number of images clicked from each camera"}, {"type": "image", "content": "https://miro.medium.com/max/778/1*YLSCdNbyx1pXl_qsHa1egA.png"}, {"type": "subtitle", "content": "Observations:"}, {"type": "subtitle", "content": "Preparing Inputs and models"}, {"type": "sentence", "content": "Cloning the Github Models-"}, {"type": "sentence", "content": "in the below command snippet we will change the working directory to inside our workspace folder which is 'tf2' in our case"}, {"type": "sentence", "content": "then we will just clone the TensorFlow models"}, {"type": "sentence", "content": "then we can change the working directory to object_detection which is inside \"models/research/\""}, {"type": "subtitle", "content": "Creating Input Pipeline"}, {"type": "subtitle", "content": "Creating the tensor flow records file from images and annotations"}, {"type": "subtitle", "content": "Creating the labelmap"}, {"type": "sentence", "content": "in the below code snippet we are just writing a file labelmap.pbtxt which contains labels info to the training folder"}, {"type": "subtitle", "content": "6.) Modeling"}, {"type": "subtitle", "content": "Modeling with efficient Det"}, {"type": "subtitle", "content": "Downloading the efficient_det model from Tensorflow Zoo"}, {"type": "sentence", "content": "There are lots of available pre-trained model in the TensorFlow zoo and we will be picking some models and fine-tune them on our dataset"}, {"type": "subtitle", "content": "Saving The Config file to Training/effdet.config"}, {"type": "sentence", "content": "In this step we will be saving the config file for the efficient det model in the training folder and below is the command to create and save the config file"}, {"type": "subtitle", "content": "Training The Model"}, {"type": "sentence", "content": "In the Below command snippet, we are training our effdet model"}, {"type": "subtitle", "content": "Evaluation of Efficient Det"}, {"type": "sentence", "content": "As we have training our effdet model so we will evaulauate the model and get the result"}, {"type": "subtitle", "content": "mAP and mAR scores after training"}, {"type": "sentence", "content": "Below are the scores that we got after evaluation of our model"}, {"type": "subtitle", "content": "Visualization loss from Tensorboard"}, {"type": "sentence", "content": "lets visualize the loss of our effdet model"}, {"type": "subtitle", "content": "Modeling with Center net"}, {"type": "subtitle", "content": "Downloading the Center net model from Tensorflow Zoo"}, {"type": "sentence", "content": "Downloading the Centernet model from Tensorflow Zoo"}, {"type": "subtitle", "content": "Saving The Below Config file to Training/centernet"}, {"type": "sentence", "content": "In this step, we will be saving the config file for the center net model in the training folder, and below is the command to create and save the config file"}, {"type": "subtitle", "content": "Training The Model"}, {"type": "sentence", "content": "In the Below command snippet, we are training our model"}, {"type": "subtitle", "content": "Evaluating the Model"}, {"type": "sentence", "content": "With the below command snippet we will evaluate the centernet model"}, {"type": "subtitle", "content": "mAP and mAR Scores after training"}, {"type": "sentence", "content": "Below are the scores of centernet model on our dataset"}, {"type": "subtitle", "content": "Tensorboard"}, {"type": "sentence", "content": "visualization of loss using Tensorboard"}, {"type": "subtitle", "content": "Downloading the model from Tensorflow Zoo"}, {"type": "sentence", "content": "with the below command snippet we can download a Faster R-CNN model from the TensorFlow zoo"}, {"type": "subtitle", "content": "Saving The Below Config file in Training/faster_rcnn.config"}, {"type": "sentence", "content": "Writing the faster_rcnn config file to the disk"}, {"type": "subtitle", "content": "Training The Model"}, {"type": "sentence", "content": "The below Command snippet trains our faster R-CNN model on our dataset"}, {"type": "subtitle", "content": "Evaluating the model"}, {"type": "sentence", "content": "with the below code we will be able to evaluate our faster R-CNN model"}, {"type": "subtitle", "content": "Tensorboard"}, {"type": "sentence", "content": "Visualizing loss of faster R-CNN model our dataset."}, {"type": "subtitle", "content": "7.) Comparison"}, {"type": "sentence", "content": "So let's look at the mAP(precision) and mAR(recall) for all models on our dataset"}, {"type": "image", "content": "https://miro.medium.com/max/1456/1*ofBzs-HiWPvo81opy611mQ.png"}, {"type": "sentence", "content": "So all our models are working good from the above table but clearly, the centernet is performing better than all the models so let's build our final pipeline using centernet"}, {"type": "subtitle", "content": "8.) Final Pipeline and deployment"}, {"type": "sentence", "content": "We will deploy the app locally on colab. but in the colab we can not access the local port using our browser so we will use the ngrok API to host the app running on the port to a ngrok server, we will also use streamlit to deploy our app."}, {"type": "sentence", "content": "let's save the complete deployment code in the app.py file"}, {"type": "sentence", "content": "Let's deploy our app using the app.py file written above"}, {"type": "sentence", "content": "Let's look at the app in action"}, {"type": "image", "content": "https://miro.medium.com/max/1200/1*nzpHmIBhsva13Y97MDt5_g.gif"}, {"type": "subtitle", "content": "9.) Future Work"}, {"type": "subtitle", "content": "10.) References"}, {"type": "subtitle", "content": "11.) Profile"}], "topic": "data-science", "uuid": "26eca91a2d4df268e6537457fdcdd63e16b7ccb46ec97e5b191352b4", "link": "https://karanguptaneo.medium.com/product-detection-from-grocery-shelf-9db031e0ddc1"}