{"title": "12 Things Leaders Forget", "data": [{"type": "image", "content": "https://miro.medium.com/max/2000/1*vYyOKSXSTPkJkQJqvlVh4w.jpeg"}, {"type": "sentence", "content": "Here are 12 common things that leaders have been known to forget:"}, {"type": "sentence", "content": "For a leader, there is a lot to remember and just as much that can be forgotten. Maybe seeing these 12 areas will jog your memory as a leader or you will take them to heart as you work towards a leadership position. I have personally been working on remembering and using as many as I possibly can because the ability to be creative, collaborative, brave, open and balanced, among other things, can truly take my leadership ability to the next level as well as propel my organization toward new opportunities."}, {"type": "sentence", "content": "12 Things Leaders Forget was originally published on Due by John Rampton."}], "topic": "leadership", "uuid": "272437b845d69e44fa6d4a6d57e63109842e07f2663a029fabd430b8", "link": "https://medium.com/@johnrampton/12-things-leaders-forget-5c0f585a5256"}