{"title": "Ultimate Guide to Marketing in 2021", "data": [{"type": "subtitle", "content": "MARKETING"}, {"type": "image", "content": "https://miro.medium.com/max/6912/0*COvfc5gHmljcLOZU"}, {"type": "sentence", "content": "Designing a successful marketing campaign requires businesses to navigate changes in marketing channels and audiences."}, {"type": "subtitle", "content": "Run a Marketing Brainstorm Session That Delivers"}, {"type": "sentence", "content": "First things first, you need to know the basics of your marketing objectives. For that, you need to run a brainstorming session that will deliver objective goals and agendas."}, {"type": "subtitle", "content": "Invite the right people"}, {"type": "sentence", "content": "You don't want too many cooks spoiling the broth here. The brainstorming should be a result-oriented session that shouldn't waste time. Hence, don't just invite the sales or marketing people, but also the technical people. Ask the department heads to bring along their 1-2 most talented people, and that's it."}, {"type": "sentence", "content": "You could even invite the heads of customer service representatives if you need to. Just ensure that whoever comes has something productive to contribute. Don't just invite the entire marketing department without giving it a second thought."}, {"type": "subtitle", "content": "Invite anonymous submissions before the meeting"}, {"type": "sentence", "content": "Get anonymous submissions to not waste time on people who are shy to share their ideas. This is great for a brainstorming session between different departments. It'll get rid of inhibitions people have for ideas."}, {"type": "subtitle", "content": "Remain objective"}, {"type": "sentence", "content": "Keep the meeting focused and get down to the key objectives as soon as possible. Don't leave any room for a subjective talk. Ask why an idea is good or bad. This doesn't mean shooting ideas down without giving them a chance. It means fundamentally understanding why a marketing idea is, to its core, good or bad."}, {"type": "subtitle", "content": "Ask a person to take notes"}, {"type": "sentence", "content": "It is a great idea to have someone taking notes during a session so that any good ideas don't get missed or forgotten."}, {"type": "subtitle", "content": "Have an idea face-off"}, {"type": "sentence", "content": "At the end of the session, select a few ideas and collect opinions on better and why. It's a good way to sort the what from the chaff."}, {"type": "subtitle", "content": "Set realistic goals"}, {"type": "sentence", "content": "As part of your 2021 marketing guide, you should always set realistic marketing goals."}, {"type": "sentence", "content": "Start with goals related to your vision, like gaining a 20% increase in revenue. Then break that goal down into its basics. Long-term strategic goals should take precedence over specific operational goals."}, {"type": "sentence", "content": "A good rule of thumb is to follow SMART goals (Specific, Measurable, Achievable, Relevant, and Time-Bound). This makes your goals far more achievable and bound by time. Approaching marketing this way will ensure that you can judge your progress objectively and plan accordingly."}, {"type": "sentence", "content": "Know that goals aren't the same as KPIs. A 78% customer satisfaction rating is a KPI. However, bumping up sales by 30% in a year is a goal."}, {"type": "image", "content": "https://miro.medium.com/max/11520/0*6OJ3evV5RsuyTG-Y"}, {"type": "subtitle", "content": "Know Your Audience"}, {"type": "sentence", "content": "Your audience is not necessarily your buyers. That's why finding your audience isn't as simple as taking note of whoever buys your product."}, {"type": "sentence", "content": "Know that creating a buyer persona is important to market your products more effectively. However, your audience also consists of people who have interacted with your brand without buying your products."}, {"type": "sentence", "content": "Thus, you have to consider those who visit your website, your social media pages, comment, share, like, and message you. Finding patterns among your audiences will help you cater to them later on. It'll help you find niches in your audience that you never knew were there."}, {"type": "sentence", "content": "In essence, this will help you develop your brand identity."}, {"type": "subtitle", "content": "Create a slogan"}, {"type": "sentence", "content": "Slogans are about giving a voice to your brand. It embodies your brand message as well as your company's philosophy and values."}, {"type": "sentence", "content": "Here are just a few rules to follow when creating a slogan:"}, {"type": "image", "content": "https://miro.medium.com/max/9216/0*nBEIAo7T3AXAy40Y"}, {"type": "subtitle", "content": "Creating a Marketing Budget for 2021"}, {"type": "sentence", "content": "Your marketing budget refers to everything that will be spent on marketing, including advertising, PR, promotions, etc. That's a vast net. The first step to making an objective assessment is to break that budget down."}, {"type": "subtitle", "content": "The 5% rule"}, {"type": "sentence", "content": "Average businesses spend about 1.08% of their revenues on advertising. Retailers spend the most (4%). Marketing spending, however, hovers at around 7-8%."}, {"type": "sentence", "content": "According to the US Small Business Administration, you should spend 7-8% of your gross revenue on marketing and advertising. There's an asterisk here. You should only spend that much if you're raking in less than $5 million a year in sales. Another condition is if your net profit margin is 10-12%."}, {"type": "sentence", "content": "Compared to these findings, keeping 5% of your budget aside for marketing seems reasonable. However, this isn't set in stone. You can evolve beyond this rule once you realize what marketing channels give you the most significant ROI."}, {"type": "subtitle", "content": "Check Your Marketing Foundation"}, {"type": "sentence", "content": "Here is a checklist to go through to examine your marketing foundation. You should have a clear plan to reach your goals:"}, {"type": "subtitle", "content": "1. Is your brand clearly defined? Does it consistently generate the same brand image for consumers?"}, {"type": "sentence", "content": "Your brand has to generate a specific type of message for your audience. If it changes too much, it may lead to mixed messaging."}, {"type": "subtitle", "content": "2. Does your brand have a consistent look and feel across all forms of media?"}, {"type": "sentence", "content": "It should be a high priority that your brand has the same logo and slogan across all forms of media, including social media, online ads, etc. This is very important since consumers often associate a single, solid identity with a brand. If you have a fluid identity, your message may be diluted for specific customers and thus may reduce your ROI."}, {"type": "subtitle", "content": "3. How does your website compare to the competition?"}, {"type": "sentence", "content": "Search for competing websites within your niche areas (cities, states, country, etc.). Also, search for your industry competitors by the audience, e.g., hair salons for teenagers, grooming services for bachelors in Virginia, etc."}, {"type": "subtitle", "content": "4. Do you have the tools in place to measure your marketing investment success objectively?"}, {"type": "sentence", "content": "Invest in tech tools that can measure web traffic, classify it, do A/B testing, personalize your marketing materials, etc. This way, you can more accurately measure the impact of your investments."}, {"type": "sentence", "content": "This checklist will give you an idea of your marketing foundations. With this foundation in place, you'll be able to allocate budget funds better."}, {"type": "subtitle", "content": "Monitor Results"}, {"type": "sentence", "content": "Even if your business is a startup, you should track the results of each marketing strategy and spending. Your goal should be to get the best return on investment. At this point, you won't have money to waste."}, {"type": "sentence", "content": "Tracking your success can be as simple as reminding employees to ask new customers how they learned of your business. If you're employing TV or radio advertising or social media advertising, you can use different codes for each ad. This way, you can track which strategy is giving you the most significant returns."}, {"type": "sentence", "content": "Several tech tools are available to track marketing effectiveness, including email marketing apps and social media apps. Using these tools will give you an objective picture of your marketing spend."}, {"type": "subtitle", "content": "Which Marketing Channels Should You Choose?"}, {"type": "sentence", "content": "According to a popular Harvard Business Review study, most buyers for any company are omnichannel customers. A slim minority would opt for in-store experiences or E-commerce only. Hence, it's crucial to invest in more than one form of marketing."}, {"type": "sentence", "content": "So, here are some of the most effective forms of marketing for any business."}, {"type": "subtitle", "content": "Pay per click marketing"}, {"type": "sentence", "content": "PPC marketing is recommended for businesses looking to stand out in a crowded niche. Gaining organic relevance for a niche audience takes time. However, you may be missing out on sales and service revenue until then."}, {"type": "sentence", "content": "Using Google's PPC marketing to gain visibility amongst your niche consumers pays off. Here are just some benefits of PPC marketing:"}, {"type": "subtitle", "content": "Social media marketing"}, {"type": "sentence", "content": "Social media has gathered billions of people on a single platform and given companies access to their information. Today, Facebook, Instagram, Twitter, or Snapchat users are identified by gender, age, class, and interests."}, {"type": "sentence", "content": "97% of marketers are using social media to reach their audiences. Also, social media companies have created special tools for companies to promote their products and services."}, {"type": "sentence", "content": "You can set up business accounts on most social media platforms and benefit from the volumes of data stored there, making social media an essential marketing tool for any company."}, {"type": "subtitle", "content": "Email marketing"}, {"type": "sentence", "content": "While this tactic seems to be more old school than social media marketing, it's still a deceptively simple tool. Email marketing allows you to send personalized messages to your customers and send special offers and discounts."}, {"type": "sentence", "content": "42% of small businesses with more than 500 subscribers surveyed said their email marketing strategies are effective. Yet, 20% of all small businesses with less than 500 subscribers said the same thing. What this tells us is that you need to build up a subscriber count or following first. Randomly cold-emailing contacts will not work as well as establishing contact first and then sending a personalized message."}, {"type": "subtitle", "content": "Influencer marketing"}, {"type": "sentence", "content": "Think of influencer marketing as the new celebrity endorsement. Like any celebrity endorsement, it brings large swathes of loyal fans to businesses and generates immediate revenue. 80% of marketers have found influencer marketing to be effective. 89% of marketers have said that influencer marketing ROI is as good as or better than other marketing channels."}, {"type": "sentence", "content": "Influencers bring together swathes of seemingly unrelated people to consume content. Whether that's on an Instagram page or a YouTube channel is irrelevant. With that enthusiasm for watching or engaging with an influencer comes loyalty to their brand."}, {"type": "sentence", "content": "Hence, when said influencer promotes a brand, the trust their audiences have for them translates. According to the Consumer Trust Index, 92% of consumers trust influencer compared to traditional marketing."}, {"type": "sentence", "content": "Influencers are also sorted into different camps by their content. Gaming YouTubers, beauty vloggers, video essayists, tech reviewers, etc., are already settled in niches. Hence, companies can find their target demographics through a single influencer."}, {"type": "sentence", "content": "Finally, influencer marketing can work at several levels. Someone with 100,000 subscribers or 10 million followers can both be of value to small businesses. Small businesses can pay smaller influencers according to their audience market share and still gain increased visibility."}, {"type": "sentence", "content": "Influencer marketing is the most critical marketing channel to look out for today."}, {"type": "subtitle", "content": "Content marketing and SEO"}, {"type": "sentence", "content": "Content marketing and SEO work at the most basic level. If someone searches for you on Google, something should come up."}, {"type": "sentence", "content": "Google loves content and likes to classify content by niche, location, etc. Thus, as you create an identity with content marketing and SEO, more relevant traffic will be sent your way. A SparkToro study found that Google sends 10x more traffic to the average website than Facebook."}, {"type": "sentence", "content": "Plainly said, content marketing and SEO are about the long game; organic growth. It may not get you fantastic results immediately, but it will pay off eventually."}, {"type": "sentence", "content": "Certain things about marketing have changed drastically this year and others and have stayed the same. Using this guide, you can design a strategy to help you navigate your best marketing in 2021."}], "topic": "business", "uuid": "276b2db7f3fb1131b62071e29d36e01f55fe84380bc58dabd1d860c5", "link": "https://bettermarketing.pub/the-ultimate-guide-to-marketing-in-2021-e38fc80e339c"}