{"title": "Gmail is not bad. Use it the right way.", "data": [{"type": "sentence", "content": "Gmail, the free electronic mail service from tech giants Google Inc. has turned out to be a go-to for most of the common public over the years when it comes to sending an email through the internet. Gmail started providing its service in 2004 and as of 2019, the stats show over 1.5 billion active users currently using the platform. If you're a person who's only going to access Gmail for the first time, you can either access it through a web browser or their official mobile application available in the Google Playstore and App Store."}, {"type": "sentence", "content": "Gmail widely enhances the user's way of working and is packed with many useful features but the problem is that common users don't stay up-to-date with its new upgrades and additions. Well, I've curated a list of five very useful features to enhance your work productivity. Without wasting any more time, let's start on with the tips, shall we?"}, {"type": "subtitle", "content": "1. Templates-the time saver."}, {"type": "sentence", "content": "Let's assume you're a person working in an office where you have to interact with customers or clients incessantly. In such circumstances, sending the same email replies to each individual would be exhausting."}, {"type": "sentence", "content": "You probably would not have known by now, but there's actually a hidden feature that serves the purpose of what an 'automated mail' does. For activating this feature, you need to go to"}, {"type": "subtitle", "content": "Settings>See all Settings>Advanced Settings>Enable Templates"}, {"type": "image", "content": "https://miro.medium.com/max/2944/1*n3YM6fl5E3oCTNmPEVbBog.png"}, {"type": "sentence", "content": "By enabling templates, you're able to edit and save several responses that could be used as per the need."}, {"type": "sentence", "content": "To create a template,"}, {"type": "image", "content": "https://miro.medium.com/max/2190/1*4bgdM38cbL2eBDPHtu4LFQ.png"}, {"type": "sentence", "content": "Your saved templates could be used when you reply to an email. You can also add extra content to the template accordingly."}, {"type": "subtitle", "content": "2. 'Undo a Message' duration-having second thoughts?"}, {"type": "sentence", "content": "In Gmail, it's common knowledge that you can undo a message after you've sent it. If you were unaware of such a feature, here's how you can enable it in your Gmail."}, {"type": "subtitle", "content": "Settings>General>Undo Send"}, {"type": "image", "content": "https://miro.medium.com/max/2934/1*JNwn0p6l1JpeBBnPuSQQbg.png"}, {"type": "sentence", "content": "In case you are an overthinker or you happened to find that one typo after you've only sent the email; here's your secret to redemption. Gmail has automatically set the time limit for canceling a mail to 5 seconds. In those five seconds of immense thoughts and views, you are coerced into a mind full of nothingness that you end up wasting."}, {"type": "sentence", "content": "Gmail helps you from sending a flawed email to one of your clients with the Undo a message feature and also allowing us to select the cancellation period from a variety of options."}, {"type": "sentence", "content": "To enable this feature,"}, {"type": "image", "content": "https://miro.medium.com/max/3024/1*nRinxP8hNonKS-KTlTn4eA.png"}, {"type": "sentence", "content": "Now that you've chosen your preferred time limit, you can do a quick review of your email even after sending it. In case you wanted to know my cancellation time limit; it's 20 seconds because 30 seconds feels too long for a quick review."}, {"type": "subtitle", "content": "3. Reading Pane-no pane, no gain"}, {"type": "sentence", "content": "If you're the commanding head of an office that receives countless important emails in a day, reading every single one of them would be a tedious task for you. Spam emails make reading the whole bunch of messages even more hectic than it actually was."}, {"type": "sentence", "content": "A poorly written subject line with no proper context on the body of the email can also make the person reading the mail open it just to make sure of the contents inside it."}, {"type": "sentence", "content": "Gmail has an engaging feature that allows readers to preview an email without actually opening it. Here's how you can enable the feature. Go to"}, {"type": "subtitle", "content": "Settings>See all settings>Inbox>Enable reading pane"}, {"type": "image", "content": "https://miro.medium.com/max/3024/1*NSZvh1sse2H8tcmo0l60Ew.png"}, {"type": "sentence", "content": "You will now be able to preview any number of emails without opening them and if you find it necessary, you could reply to the mail, or else you know, you could just ignore it."}, {"type": "subtitle", "content": "4. Nudges-your friendly reminder"}, {"type": "sentence", "content": "An average working individual in an office could receive up to 121 emails in a day and you can probably receive more than that. When responding to every one of them, there's a slight chance of you skipping one or two messages just because you're a human being and not a robot."}, {"type": "sentence", "content": "Gmail, being a computer software, has its way of solving this problem. The feature is called Nudges and it serves the basic purpose of reminding a reader about the unanswered email in the inbox."}, {"type": "sentence", "content": "To enable this feature, head over to"}, {"type": "subtitle", "content": "Settings>See all settiings>General>Nudges"}, {"type": "image", "content": "https://miro.medium.com/max/2962/1*GGaYGwD4biA538AeJOxaDg.png"}, {"type": "sentence", "content": "With Nudges enabled, you'll get a reminder at the top of your inbox, if a message requires a reply for an extended amount of time. You could follow up accordingly or ignore it-completely your decision to make."}, {"type": "subtitle", "content": "5. Stars-the colorful organizers"}, {"type": "sentence", "content": "In an inbox comprising of numerous emails, spam messages, product promotions, and newsletters, wouldn't things be easier if you could rank them into several categories? Wouldn't categorizing emails make things less painful for you? And what if you could do that with colors of your own choice?"}, {"type": "sentence", "content": "Unknown to many people, but a very useful tool provided by Gmail that everyone should make the most of, the color-coded Stars and Symbols productively elevate your email organizing."}, {"type": "sentence", "content": "Stars are set by default to a single yellow star. To know more about this feature, you can navigate to"}, {"type": "subtitle", "content": "Settings>See all settings>General>Stars"}, {"type": "image", "content": "https://miro.medium.com/max/2956/1*9HT5s86nDufL95fkZ8Gkzg.png"}, {"type": "sentence", "content": "From all the available options, you can choose to use a single star, four stars, or all the stars. Once your options are changed, mark a message with the symbol of your choice by the number of times you click the star next to the message."}, {"type": "sentence", "content": "I have tested all these features on my own and I was able to save a lot of time which I utilized for my study sessions. Here's a list of other useful features within Gmail that I've curated to help you in doing your work effortlessly. They are listed below:"}, {"type": "sentence", "content": "Make sure you access these features that are just mentioned above. Thank you for reading this article. See you again at the next one."}], "topic": "productivity", "uuid": "2b5734c9802d1867562758ef3ec9fa54687702b8963e59ce8c581920", "link": "https://medium.com/writers-blokke/gmail-is-not-bad-use-it-the-right-way-73c347007bbf"}