{"title": "How to explain use of meditation to a geek?", "data": [{"type": "sentence", "content": "After reading about different kinds of meditation for quite a some time, I just wanted to share my use of meditation from a computer science perspective ."}, {"type": "image", "content": "https://miro.medium.com/max/918/0*GpgVEYmF0f6H9vR7"}, {"type": "sentence", "content": "Use of Meditation = Use of (Disk Cleaner + Memory Cleaner + Disk Defragmenter)"}, {"type": "sentence", "content": "Disk Cleaner:-"}, {"type": "sentence", "content": "If you remember old PC days, when your computer is having some lag or its slow to respond, then first thing that the next door geek friend tells you is \"Did you run disk cleaner?\""}, {"type": "image", "content": "https://miro.medium.com/max/674/1*nLhdCO8w-hqz9y9ujHjMgQ.png"}, {"type": "sentence", "content": "Disk cleaner basically cleans the old unnecessary files from the hard disk, the meditation does the same thing to your brain. Clearing out unwanted old memories from your brain."}, {"type": "sentence", "content": "RAM Cleaner"}, {"type": "sentence", "content": "If you accidentally opened a big file in your computer, you will find that its hard to move even a cursor. Basically your system hangs. In those testing times, you will try to open our good old friend \"Task Manager\" by Ctrl+Alt+Del. This guy helps us to kill those processes which is holding our precious memory (RAM- Random Access Memory)."}, {"type": "image", "content": "https://miro.medium.com/max/1108/1*dxFDpNsrjume1M4ZPtw_tQ.png"}, {"type": "sentence", "content": "Similarly when you overwhelmed by days work, by sitting few minutes for meditation basically clears your brain's RAM."}, {"type": "sentence", "content": "Disk Defragmenter"}, {"type": "sentence", "content": "When you find your system takes some time to bootup, then first thing your geek guy will tell you is to defragment your drive."}, {"type": "image", "content": "https://miro.medium.com/max/818/1*H-ujrVVWEO6MKx1ZqplxjA.png"}, {"type": "sentence", "content": "Disk defragmenter basically organizes your hard disk which has been organized like a bachelor's house. Many researchers are saying that sleep does this same thing to your brain. But it happens only in deep sleep without any dreams (technically non-REM sleep !) , but who gets deep sleep these days with all the new-age gadgets. Here is where meditation helps us to do the same thing consciously with more awareness."}], "topic": "mindfulness", "uuid": "2c50c8df3ae4a1b6a6011bd4bcd390d71c136a94ed5b94e670f0418f", "link": "https://sriram-india1.medium.com/what-is-meditation-according-to-a-geek-2448994d126b"}