{"title": "Is AI Our Friend or Our Foe in Tackling the Novel Coronavirus?", "data": [{"type": "image", "content": "https://miro.medium.com/max/1650/1*5REBVQnIYVLq92N-ItF6XA.jpeg"}, {"type": "sentence", "content": "To put it mildly, COVID-19 has completely transformed the way we live as human beings, and it's likely that these effects will continue to linger long after the pandemic has run its course."}, {"type": "subtitle", "content": "Is AI Our Friend or Our Foe in Tackling the Novel Coronavirus?"}, {"type": "sentence", "content": "One of the biggest challenges we've faced during this pandemic isn't just how we're dealing with the illness itself; it's also how we're coping with it as social creatures, too."}, {"type": "sentence", "content": "Many people continue to refuse to acknowledge the virus's mere existence, making it all the more difficult to contain it. Because of this, the virus continues to spread at a prolific pace, despite social distancing protocols in place and the introduction of several promising new vaccines."}, {"type": "sentence", "content": "With AI on the front lines - we can watch the COVID-19 virus and its varients at an unprecedented level that was unknown in the past."}, {"type": "sentence", "content": "However, there is one lesser-understood ally hidden in the midst of our new normal, and that's artificial intelligence (AI). AI technology has made it possible for scientists and researchers to try to predict future outbreaks and analyze the current virus itself to detect mutations in the strains."}, {"type": "sentence", "content": "AI is still ahead as the best predictor of which patients need extra care and watch-care help."}, {"type": "sentence", "content": "Not only that, but AI is also being utilized to predict which types of patients will have more severe symptoms and fall critically ill, and which ones will merely come down with a particularly annoying case of the sniffles. There is even a widespread effort to find a cure deep within the virus's genetic code, and AI is at the forefront of this effort."}, {"type": "sentence", "content": "The success rates of AI in fighting, not only this virus - but many viruses to come."}, {"type": "sentence", "content": "No doubt, AI can be our biggest weapon in combating coronavirus, but its success is still largely unknown. Nevertheless, researchers doggedly continue to use it, despite knowing it is fraught with potential flaws."}, {"type": "sentence", "content": "This begs the question: are we becoming too codependent upon AI technology to save us from COVID-19 - and will our impatience to contort it to fit the mold of being our salvation actually backfire, leading to potential long-term risk and harm to us as a whole?"}, {"type": "subtitle", "content": "The Current Role of AI During the COVID-19 Pandemic"}, {"type": "sentence", "content": "As it stands, AI is all but shaping the way we approach our attack on the coronavirus pandemic. Of course, this cautious praise isn't intended to undermine the work of all the powerful minds who are also laboring tirelessly to find a cure for it; instead, AI is working alongside them, a concerted effort from both the greatest intelligent and artificially intelligent entities."}, {"type": "sentence", "content": "Currently, AI is being used in a number of ways in the race to suppress the virus, and each one shows remarkable promise in identifying, diagnosing, and treating it. However, are these methods actually viable, and will they actually make any difference in the outcome of our fight against COVID-19?"}, {"type": "subtitle", "content": "Disease Containment"}, {"type": "sentence", "content": "If there's one thing that this pandemic has taught us, it's that as a collective, we humans are remarkably social creatures. Even the most introverted people have found themselves growing fidgety and impatient with the shelter-in-place ordinances, and it's no mystery that one of the few industries that have flourished during the quarantine is actually our national parks."}, {"type": "sentence", "content": "We are social creatures, after all!"}, {"type": "sentence", "content": "People were so desperate for a breath of fresh air, started taking to hiking trails to explore nature (at a safe distance, of course)."}, {"type": "sentence", "content": "Still, humans will be human, and the urge to socialize and almost nomadic urge to travel is rooted deep within many of us. Finding ways to detect who is or isn't infected with coronavirus, therefore, can be a reliable way to help prevent its spread."}, {"type": "sentence", "content": "Checking temperatures seems to remain the gold standard for weeding out the infected."}, {"type": "sentence", "content": "Checking temperatures has been one of the gold standards for weeding out who may or may not be infected, but even that has its own downsides - enter AI. Through predictive models on standardized demographics, artificial intelligence has been able to improve the rate of determining who may or may not be sick when entering a country, even when they are asymptomatic - nearly doubling its accuracy."}, {"type": "sentence", "content": "That's not the only way AI has been able to identify sick people in a pool of otherwise healthy ones, either. Recently, researchers out of Northwestern University realized they could pinpoint which patients were COVID-19 positive, even when said patients had already been given a clean bill of health."}, {"type": "sentence", "content": "AI and the Chest Radiographs"}, {"type": "sentence", "content": "Through AI analysis of chest radiographs, they determined that their machine-learning algorithm can detect the presence of the virus ten times more frequently than a team of human experts. Even better, they were able to do it with up to 6% greater accuracy."}, {"type": "sentence", "content": "Containing the novel coronavirus isn't just about singling out those who have it, either. There's also another highly important consideration: the growth and spread of the virus. AI has been no slouch in this department, either."}, {"type": "sentence", "content": "Though complex, AI-based models, an independent researcher by the name of Youyang Gu took it upon himself to try to predict the spread of the virus and its mortality rate. This model was hailed by groups such as the CDC as one of the greatest influences for public policy due to its accuracy in estimates."}, {"type": "subtitle", "content": "Risk Management"}, {"type": "sentence", "content": "Another major challenge facing healthcare providers is predicting which patients are going to be able to walk out of the hospital after recovering, and which ones will relapse and require a secondary admission back into the hospital."}, {"type": "sentence", "content": "Furthermore, there is the ongoing struggle to determine which patients needed just a minimal amount of care versus the ones who might eventually need to be intubated and placed on a respirator."}, {"type": "sentence", "content": "While there were already some rudimentary ways scientists can figure out the protocol - (such as the patient's age, sex, and BMI), the issue isn't foolproof."}, {"type": "sentence", "content": "Again, AI rose to the challenge and quickly proved itself to be an indispensable asset. Thanks to the efforts from researchers at the University of Virginia Medical Center, they were able to use AI-driven software to predict which patients would wind up developing respiratory failure and eventually require intubation."}, {"type": "sentence", "content": "Called CoMET, this software was able to collate an assortment of diagnostic criteria (such as the patient's EKGs and vital signs) to alert the healthcare team of an elevated risk for the patient. In a way, this AI model was a grim sort of prophet, darkly predicting who would live and who was doomed to succumb to the virus."}, {"type": "subtitle", "content": "Treatment Methods"}, {"type": "sentence", "content": "AI has also been indispensable in helping researchers come up with a potential cure for COVID-19. With so many failed treatments already dismissed, AI has still helped narrow down which ones might actually be put to use as a treatment option for patients."}, {"type": "sentence", "content": "For instance, when researchers were running their initial clinical trials, they relied upon artificial intelligence to help them determine which treatment protocol might lend the best possible outcome for critically ill patients."}, {"type": "sentence", "content": "The models quickly scanned several different medications and narrowed down the one to be used in a control group."}, {"type": "sentence", "content": "This medicine, baricitinib, was shown to help offer the best outcome for these patients. Had the researchers not used the AI model to search their cache of already available medicines to narrow it down, they might not have realized it would be an ideal treatment option for them."}, {"type": "sentence", "content": "Instead, they were able to quickly scan their entire knowledge database to determine which human proteins to target. From there, they were able to eliminate the ones which had not been approved by regulators and eventually narrowed it down to which drug to repurpose for the trial."}, {"type": "subtitle", "content": "Mutation Predictions"}, {"type": "sentence", "content": "Then there's the frustrating issue of the ever-shifting nature of the virus itself. Just like the basic flu virus changes and mutates from season to season, so does the COVID-19 virus. Already we're starting to see new versions of the virus cropping up in several cities, and as these mutations continue to proliferate, we can reasonably expect to see new strains of the virus emerging."}, {"type": "sentence", "content": "How can researchers keep up with these genetic changes in the virus when they're only now starting to address the current one?"}, {"type": "sentence", "content": "With these more recent variants of the virus seemingly spreading at a much more rapid rate, it's no surprise that, again, researchers are trusting in AI to help deal with this quandary. Its approach is also multifaceted, proving that the best way to combat an invisible enemy is from all possible angles."}, {"type": "sentence", "content": "For example, a team of researchers out of the University of Southern California's Viterbi School of Engineering have worked to develop a new method of suppressing these mutations. Using something called the \"Immune Epitope Database (IEDB),\" they have been able to facilitate the development of new vaccines to use against these mutant strains. What once took perhaps years now only takes seconds."}, {"type": "sentence", "content": "They're not alone in their efforts against the virus, either. Virologists from the University of Liverpool have also tapped into the potential of artificial intelligence to help determine where the next coronavirus will crop up. Using predictive models and machine learning, they can feed a string of data into an algorithm, and the computer can spit out where it thinks the next mutation will emerge."}, {"type": "sentence", "content": "As certain species of mammals are more likely to become susceptible to strains of coronavirus, the mission was to determine which ones may be our next vector."}, {"type": "sentence", "content": "Their model was able to isolate not only nearly 900 species and over 400 strains of coronavirus, but also which mammals might be carriers of more than one type of strain at any given time."}, {"type": "subtitle", "content": "So, What's the Problem?"}, {"type": "sentence", "content": "On paper, all of these applications sound nothing short of incredible. The use of artificial intelligence is making it possible for us to slow the spread of the virus, improve the quality of care of those who have already been infected with it, expedite the creation of a vaccine (and eventually a cure), and stop the mutations in their tracks before they can gain traction and wreak havoc in vulnerable communities."}, {"type": "sentence", "content": "What could possibly be a downside to all of these seemingly miraculous benefits of AI in our fight against coronavirus?"}, {"type": "sentence", "content": "It can be difficult to even want to consider such a possibility, especially when AI is hailed as the pinnacle of scientific achievement. Nevertheless, its use isn't without potential pitfalls. Take, for instance, the very real dangers of establishing precedent during unprecedented times."}, {"type": "sentence", "content": "Many of these new technologies being used against COVID-19 have been given an immediate green light, despite the fact that they have not been rigorously tested enough to determine their accuracy or safety. In doing so, is this going to make it possible for other algorithms and technologies to slip past tight regulatory controls for the sake of the \"greater good\"?"}, {"type": "subtitle", "content": "Then there's the issue of bias. Already certain demographics are suffering from prejudice and have a higher mortality rate."}, {"type": "sentence", "content": "If an overtaxed and fatigued doctor already believes that a patient is going to get worse and may not recover, are they still going to extend the same heroic measures to keep them alive as they may offer to a different patient?"}, {"type": "sentence", "content": "Furthermore, regarding all of this demographic information that has been collected: whose hands is it falling into, and what are they doing to protect our privacy?"}, {"type": "sentence", "content": "As it stands, we don't even know if any of these innovations even work as described, and there is still not sufficient enough data to corroborate their efficacy. This could create a false sense of security not only for healthcare workers, further putting them at risk of exposure, but also for the public in general."}, {"type": "sentence", "content": "People are unquestionably weary of the strict regulations in place, and the idea that they can relax and lower their guard can be extremely alluring and dangerous. Many of these innovations cannot even be used by laypersons, which again leads us to wonder who they are for in the first place."}, {"type": "subtitle", "content": "Being Your Own Advocate"}, {"type": "sentence", "content": "Ultimately, prudence - and not blind reliance on a poorly understood technology - can help you remain healthy in the ever-changing COVID landscape. This isn't to lambast AI technology, but rather, an admonishment to take it with a grain of salt and a firm reminder to continue to employ due diligence moving forward."}, {"type": "subtitle", "content": "Please - be willing to help stop the pandemic."}, {"type": "sentence", "content": "By continuing to adhere to the current CDC guidelines, making sure to wash your hands and wear your approved facial covering, and through routine checking for possible infection with either an affordable at-home COVID test or one provided by your employer, you can do your part to stay safe against the virus both today and in the uncertain months ahead of us."}, {"type": "sentence", "content": "Is AI Our Friend or Our Foe in Tackling the Novel Coronavirus? was originally published on ReadWrite by Brad Anderson."}], "topic": "artificial-intelligence", "uuid": "3146d41bd8a4460d7cb0e5a96c992184b95e5385bb799a44d4fb36c8", "link": "https://medium.com/@RWW/is-ai-our-friend-or-our-foe-in-tackling-the-novel-coronavirus-3627d489f574"}