{"title": "4 Pillars for Raising Entrepreneurial Children", "data": [{"type": "sentence", "content": "There are kids that grow up ready to take on the world. They have the attitude, the skills and can spot opportunities that are right for them. They are excited about life, are prepared, and know they will handle whatever life throws their way."}, {"type": "sentence", "content": "More than ever, successful kids are exposed to ideas normally associated with entrepreneurship. To be a successful entrepreneur requires creativity, empathy, communication skills, problem-solving ability, practical mathematics, and a knack for spotting something at the right moment and having the confidence to act."}, {"type": "sentence", "content": "Raising a child with an awareness of entrepreneurship and the associated skills can change their life for the better, even if they don't go on to start or scale a business. At the very least, the same set of skills will steer them towards opportunities that are right for them."}, {"type": "sentence", "content": "Being successful in the coming decades will be much harder than for previous generations. People already change jobs every few years, industries morph constantly, and constant disruption is fast becoming the new normal."}, {"type": "sentence", "content": "In your child's career, they will work with people from all over the world, encounter incredibly complex problems, they will be displaced and isolated from their neighborhood friendship groups at times and they will have to navigate this fast-changing landscape using their whits. Entrepreneurial skills like pitching, pivoting, and acceding resources beyond your control will be essential in everyone's working life."}, {"type": "sentence", "content": "Your kid doesn't need to actually be running a business, employing people, and presenting pitch decks to investors to gain these skills - Being a kid is stressful enough. Introducing your child or teen to entrepreneurial ideas can be simple. Things like describing work as something fun and creative, letting kids buy the groceries online, paying pocket money for results rather than chores, and getting a teen to pitch using PowerPoint slides for that pet they want you to buy. Simple ideas that are fun, entrepreneurial, and valuable."}, {"type": "image", "content": "https://miro.medium.com/max/3236/1*XpHGNM8ap5rWDg6UqnEIOw.png"}, {"type": "subtitle", "content": "Here are those 4 cornerstones of raising entrepreneurial kids:"}, {"type": "subtitle", "content": "3. Develop An Entrepreneur Mindset:"}, {"type": "sentence", "content": "Instilling them with beliefs and values that are aligned to entrepreneurship can start early. Beliefs like \"making mistakes is part of success\" or \"there's plenty of money out there for the right opportunity\" are worthwhile beliefs. An entrepreneur mindset will give them an awareness of opportunities to create something of value, to positively disrupt a situation, to collaborate towards an outcome, or to make money on other own terms. Rather than seeing the world of work as something to be endured and tolerated, you'll give them an understanding that work can be fun, creative, and rewarding."}, {"type": "subtitle", "content": "2. Introduce Entrepreneurial Skills:"}, {"type": "sentence", "content": "Giving them a chance to develop skills like sales, pitching, marketing, product creation, accounting, customer service, deal-making, negotiation, and leadership will change their life no matter what they eventually do for work. Rather than purely focusing on the academic skills that are needed to get good grades, raising entrepreneurial kids is about developing the soft skills that are often associated with dynamic careers."}, {"type": "subtitle", "content": "3. Give Them Real-World Opportunities:"}, {"type": "sentence", "content": "We learn by doing. We also learn by experimenting, tinkering, and making mistakes. Rather than shielding your children from the outside world, protect them as they interact with real-life entrepreneurial scenarios that teach powerful lessons. Get them talking to the neighbors about doing their lawnmowing, encourage them to sell items on Facebook Marketplace, or go and talk to a marketing agency about their product idea."}, {"type": "subtitle", "content": "4. Mentor Them (Rather Than Teach):"}, {"type": "sentence", "content": "Entrepreneurs at any stage of the business can benefit from the guidance of a coach or mentor. Coaching is based on the premise that the answer is there if you go looking and get resourceful. A coach or a mentor guides kids towards more resourceful ideas and behaviors without necessarily telling them the answers. You may also encourage your children to meet and learn about entrepreneurs who create jobs rather than work in them, who have invented something, done deals, or managed a successful business. Introducing your kids to entrepreneurial role models in the real world can leave a lasting impression that \"if it's possible for them it's possible for me\"."}, {"type": "subtitle", "content": "You can join our community \"Business Teaching\" on social platforms."}, {"type": "sentence", "content": "Instagram | Facebook | Medium | Twitter"}], "topic": "business", "uuid": "316adabc44b034c5df798f1508c75c9f66864d3fee44c9b0542b191a", "link": "https://medium.com/business-teaching/4-pillars-for-raising-entrepreneurial-children-ce29d8afde5e"}