{"title": "Scientists Uncover Potential Trauma Reduction Technique", "data": [{"type": "sentence", "content": "Trauma is a curious, pervasive, and lifelong phenomenon. It entrenches itself into your life in the most unexpected ways, yet we are expected to carry along as if those things never happened."}, {"type": "sentence", "content": "I'm an aspiring therapist, and I'm in the clinical portion of my degree where I get to work closely with many individuals, including those who may or may not have been touched by some degree of trauma."}, {"type": "sentence", "content": "Before this, I volunteered excessively at the national crisis line, where I got to hear many people, across many ages and identities, share their gut-wrenching stories. Often, I could help that person reach a momentary period of calm, in an effort to help cope with their intrusive thoughts and feelings."}, {"type": "subtitle", "content": "Research on Fear Memories and Trauma"}, {"type": "sentence", "content": "Recently, according to a new study published in Nature Neuroscience, there may be a way to potentially reduce the impact of traumatic memories on individuals, particularly those plagued with fear memories."}, {"type": "sentence", "content": "Fear memories are a form of recollection where a traumatic event is tied to a specific situation. Fear memories have been extensively studied, particularly within the past 60 years."}, {"type": "sentence", "content": "Basically, fear memories involve some level of classical conditioning. Without going into the specifics, fear memories are often associated with post-traumatic stress disorder (PTSD)."}, {"type": "sentence", "content": "As the American Psychiatric Association has identified, PTSD can be a pervasive and lifelong circumstance that occurs after shocking, dangerous, and scary events, which can include physical harm, domestic violence, war, and many more."}, {"type": "sentence", "content": "Thus, to get rid of fear memories (or at least reduce the severity and intensity of them), the connections between two seemingly unrelated concepts need to be weakened, in slow increments."}, {"type": "image", "content": "https://miro.medium.com/max/2000/0*LllTCf9XJxy1GGrh"}, {"type": "subtitle", "content": "Weakening Fear Memories"}, {"type": "sentence", "content": "However, weakening these memories on your own isn't realistic and could be dangerous. Having impartial and trained health professionals, like your family physician or your therapist might be a more appropriate way of going about it safely."}, {"type": "sentence", "content": "Yet, a total cessation of memory could be bad also. We wouldn't want a situation where you forget important chapters in your life (if you've seen the movie Internal Sunshine of the Spotless Mind, you'll know what I mean). Instead, there needs to be a balance, where the memories are not intrusive, but not completely blank either."}, {"type": "sentence", "content": "Plus, we still have to take into account that the two connections established from the fear memory have to be first identified. It might not be immediately obvious until the situation is explored safely and carefully with a trusted clinician, especially across many sessions."}, {"type": "sentence", "content": "For example, in therapy, some clinicians may use imaginal exposure reminders to safely and gradually retrieve traumatic memories. A veteran who is recovering from old battle wounds may be asked to re-experience parts of the trauma, like the lights and sounds of a specific event, within the parameters of their existing safe space."}, {"type": "image", "content": "https://miro.medium.com/max/2000/0*Mo5hrSZKaUXQXVAD"}, {"type": "subtitle", "content": "Safe Reactivation of Memories"}, {"type": "sentence", "content": "Now, memories don't go totally extinct when it comes to the extinction procedures mentioned so far. Traumatic memories may sit there in the darkest parts of your mind and eventually rise up to the surface, at an ill-opportune time."}, {"type": "sentence", "content": "In the earlier mentioned study, the scientists wanted to examine if a specific memory could be isolated and if they could drive fear responses from it through artificial reactivation. This artificial reaction could potentially disrupt the intensity and severity of the original memory."}, {"type": "sentence", "content": "Thus, clinicians could engage in procedures that indirectly reactivate these traumatic memories but in a way that causes the original trigger to become less intrusive."}, {"type": "sentence", "content": "For example, a conditioning procedure can be done, where a specific cue is indirectly connected to a fearful (or a not so fearful) event. When the cue is presented at a later time, it indirectly activates a memory of the event and influences our hippocampus."}, {"type": "sentence", "content": "The hippocampus is a major part of our brain associated with memory, and closely resembles the shape of a sea horse. Our hippocampus helps in regulating emotional responses and may be involved in our ability to store long-term memories meaningfully."}, {"type": "image", "content": "https://miro.medium.com/max/2000/0*8Yu_kaYQph8MJ43m"}, {"type": "subtitle", "content": "Final Thoughts"}, {"type": "sentence", "content": "Overall, this study was able to showcase that memories could potentially be re-examined in a safe manner. This re-exploration could positively reduce or potentially eliminate the severity and intensity of fear memories, particularly for those with PTSD and other related circumstances."}, {"type": "sentence", "content": "If you or someone you know has trauma, there's no harm in seeking professional help - you deserve the same level of support as anyone else."}, {"type": "sentence", "content": "For similar content from the author, please visit:"}], "topic": "mental-health", "uuid": "3304fe43fe79be6daf60ce431b0c27b4f235127d55c137aa27a36790", "link": "https://medium.com/preoccupy-negative-thoughts/scientists-uncover-potential-trauma-reduction-technique-626a0804e39e"}