{"title": "Downward Facing Distraction", "data": [{"type": "subtitle", "content": "A Lit Up Prompt"}, {"type": "image", "content": "https://miro.medium.com/max/2448/1*51q7BYsQ4OUpkcgZw1KQcA.png"}, {"type": "sentence", "content": "Yoga, in part, is supposed to relax your mind, help you focus, put you in the here and now. You want your monkey brain to relax and not be dreaming of the bagel you will eat after, the gluten-free everything with both cream and feta cheese and a smattering of walnuts, lightly toasted."}, {"type": "sentence", "content": "No, you don't want to be so distracted by food, or that next cup of coffee, rich from beans provided by Red Rooster or Atlas, ground by your own hand, or rather your electric grinder, to perfection. That Old Crow Cuppa Joe can't be beat."}, {"type": "sentence", "content": "But forget that: you have to do your high plank, and your wrists, plagued by arthritis in the thumb joints, are screaming, screaming:"}, {"type": "sentence", "content": "Still, you persist, knowing that a certain calmness will arrive soon. That calmness, which is definitely internal, is matched by another wave, however. A yellowish-white wave:"}, {"type": "sentence", "content": "A wagging tail, a gentle nudge to the back of your leg, a sign that someone wants you, needs you, and lest you think that this is not a distraction, he will wait for your corpse pose and then bend to your face and give you the most calming and distracting of loving licks to your nose, your forehead, your cheeks."}, {"type": "sentence", "content": "You will then lose the distraction of yoga and be wholly present in this moment, this being, this creature who couldn't possibly love you and appreciate you and care for you any more than he already does."}, {"type": "sentence", "content": "Though tomorrow morning, he'll love you even more; he'll practice his downward facing dog with you."}, {"type": "sentence", "content": "And I swear:"}, {"type": "sentence", "content": "You will be present, and you will be whole again."}, {"type": "sentence", "content": "Namaste."}, {"type": "sentence", "content": "Thanks to Lit Up and "}, {"type": "sentence", "content": ""}], "topic": "fiction", "uuid": "347d9dcd6585d007c9a86e3ca28e1ac8baea7a48c4fdd95ea89a274e", "link": "https://medium.com/lit-up/downward-facing-distraction-ffade29cbaf"}