{"title": "Letting Go of Clutter", "data": [{"type": "image", "content": "https://miro.medium.com/max/3184/1*6-BBupBjTSGR7hvQt9pJlg.jpeg"}, {"type": "subtitle", "content": "The Wreath"}, {"type": "sentence", "content": "Clearly, the wreath pictured above has seen better days. (And even those might not have been all that great!) It's time for me to get rid of it, of course. But...not so fast. Before you decide the appropriate longevity of the wreath, let me tell you its story."}, {"type": "subtitle", "content": "Determining the Value of the Wreath"}, {"type": "sentence", "content": "Every year my family gathers at my parents' house to celebrate the holidays. When we get there, the house is always decked out in fresh greens and all types of holiday d\u00e9cor - inside and out. This year, because of the pandemic, we did not travel."}, {"type": "sentence", "content": "My mom sent pictures to my sister and me to show us her creations - gnomes, candy canes, reindeer, wreaths, and more, all made out of fresh-cut greens. She also sent us both our own box of fresh-cut greens."}, {"type": "sentence", "content": "This wreath is one of the things I made with my greens. I know, I didn't do a great job. (I was going for the rustic look.) It wasn't safe to go to the store for the materials I needed to do better."}, {"type": "sentence", "content": "Sentimental things don't need to be perfect, nor do they need to be kept forever. Wait...Is that true? Do they or do they not? Does this story about my wreath at least make you think it is a little more valuable than you first thought when you saw it?"}, {"type": "sentence", "content": "Most people struggle in some way with clutter. Sentimental clutter is especially challenging."}, {"type": "subtitle", "content": "Why Do We Need to Determine the Value of Our Things?"}, {"type": "sentence", "content": "Before we get to the bottom of how to decide what to keep, we have to think about why this is such an important question."}, {"type": "sentence", "content": "We can't keep everything. We all face this fact with varying degrees of difficulty and from different perspectives. For example, about 20 years ago, my sister came to help me move. This is one of the interactions we had:"}, {"type": "sentence", "content": "This whole task is easier for some people than it is for others."}, {"type": "sentence", "content": "But, I went to her house and found that she had several sentimental items stashed in the closet in her spare room. One that stands out is her girl scout sash with all of her earned patches. Of course, I asked her to show me how she uses her sash these days."}, {"type": "sentence", "content": "Even though it didn't actually fit anymore, she modeled it and we laughed. (I would share a picture so you could laugh, too, but I do not have permission!)"}, {"type": "sentence", "content": "Maybe it was easier for her at my house because it was my sentimental things going in the trash. Each person's sentimental feelings and attachments are personal. It is ok to keep some, but we can't keep them all."}, {"type": "subtitle", "content": "Understanding Our Mindset About Clutter"}, {"type": "sentence", "content": "Ultimately, we all keep things that others would define as clutter. By some, it would be called junk. Some of our clutter may be considered useful, yet we don't use it. It just sits around taking up space. We have to understand why we keep the clutter that we keep in order to change our mindset. I believe we keep our personal clutter for several reasons:"}, {"type": "subtitle", "content": "Clearing Out the Clutter"}, {"type": "sentence", "content": "Numbers one and two above are easy to address: We can't operate out of what we might do or what others expect of us. If you are unsure whether you should keep an item, set a timeframe. If you haven't used the item in a designated amount of time - get rid of it."}, {"type": "sentence", "content": "Take a picture of the items as a memory or to capture whatever useful information you feel like you may miss. Develop a secure way to save these reminders. Are you worried you won't remember? You are probably right; you won't. Or at least you may not be triggered to think about it again without the picture."}, {"type": "sentence", "content": "Number three is where it gets a little tougher. Nostalgia and sentimental value are hard to argue. But, if your items don't qualify a yes to both number three and number four, they must also go. Not only should these items trigger a deep feeling in you when you look at them, but they should also be something you use regularly or are at least on display. If neither of these statements rings true to you, you should let them go."}, {"type": "sentence", "content": "Again, if the items must go, take a picture. The memory lies within you, not in the things. You can revisit the memory with the visual reminder. You don't need the actual thing to activate those thoughts that nurture your soul."}, {"type": "sentence", "content": "The bottom line is, if you are not getting joy from using and seeing the items, they don't deserve space."}, {"type": "sentence", "content": "If you are still struggling, pack the items up as if they are going to be donated. Leave them out of sight for a designated amount of time. Act as if you already donated them, and see whether you miss them or even give them a second thought. I have a friend that calls this the to-go box. It houses the items that are about to go!"}, {"type": "sentence", "content": "Donate anything that you can. Think about how it might be useful to someone else, which might ease the separation anxiety. You can, of course, keep a few of the items, if you feel you need them. Getting rid of at least some of the things is a step in the right direction."}, {"type": "subtitle", "content": "Words of Wisdom From the Experts"}, {"type": "sentence", "content": "Joshua Fields Millburn, of the famous duo The Minimalists, found four boxes of papers from his early childhood under his mom's bed as he was sorting through her estate. His first thought was to gather all of her things and place them in a storage unit so that he would have access to them should he need them. He soon came to this conclusion:"}, {"type": "sentence", "content": "Meghan Paynter, from the Budget Dumpster, gives great advice on how to proceed with old photos:"}, {"type": "sentence", "content": "Elizabeth Larkin, organizing and productivity expert, has this to say about gifts and guilt:"}, {"type": "sentence", "content": "Mark Banschick M.D. notes the \u21161 reason why people hold onto stuff:"}, {"type": "sentence", "content": "If you read this far...Consider This as Permission Officially Granted!"}, {"type": "subtitle", "content": "Closing Thoughts"}, {"type": "sentence", "content": "I have decided to keep my wreath for now. I still feel joy when I look out the window and see it every day. The messier it gets, the more it crumbles, the less joy I will feel. It won't make me as happy as a nice hanging basket of juicy, ripe tomatoes! Soon I will take it down and replace it with the tomatoes."}, {"type": "sentence", "content": "I will keep the white birch stick in my shed to use in my wreath for next winter! If I don't use it, I will no longer save it."}, {"type": "sentence", "content": "As for my indoor sentimental clutter...I admit, this will take some time. I did a thorough round last year about this time, but, looking around I have found I was not as thorough as I thought I was. Wish me luck for round two."}, {"type": "sentence", "content": "I know it is much easier said than done!"}, {"type": "sentence", "content": "In closing, have you ever read something written by someone else that makes you wish that you were the one to think of it? I found this in the ending of Joshua Fields Millburn's article linked above. What a great drop the mic call for action:"}, {"type": "sentence", "content": "Thanks for reading! I hope you find peace in freeing yourself of clutter...even the sentimental type."}, {"type": "sentence", "content": "Thanks to Glad Doggett for editing support through the World Traveler's Blog's new services for writers. It has been great working with her!"}], "topic": "productivity", "uuid": "34b0fed0f22e49ed3cf6173ffa07bff343f761cc1b046312f7035227", "link": "https://medium.com/woodworkers-of-the-world-unite/letting-go-of-clutter-1e8b93e0e386"}