{"title": "1 Way And 2 Reasons To Mindfully Murder Your Ego", "data": [{"type": "image", "content": "https://miro.medium.com/max/3840/1*kG8ui1yKYkJ2kMCqN8Dbaw.jpeg"}, {"type": "sentence", "content": "The idea of the statue is not the statue. The idea of the self is not the self."}, {"type": "sentence", "content": "The conceptual idea of the self is the ego. It's a story pieced together by your mind from the data available: what you've been told all your life about who you are."}, {"type": "sentence", "content": "When you detect spite for how you were wronged or pride for how well you did on the exam - that \"you\" is an illusion. It's the story of an inner protagonist, who gets ahead in some ways and falls behind in others."}, {"type": "sentence", "content": "There's nothing inherently wrong with being lost in the illusion of ego. But, as the scale of the mindfulness industry and research goes to show, there are benefits to reducing its hold over your mind."}, {"type": "sentence", "content": "Here, I'll show you a way to absolutely murder the ego, and offer reasons to regularly commit ego-cide through mindfulness practice."}, {"type": "subtitle", "content": "The How: Look for Your Head"}, {"type": "sentence", "content": "Douglas Harding introduced this practice, and it helps explain the concept of reversing awareness to access true Being taught in Zen and Dzogchen."}, {"type": "sentence", "content": "These traditions go further than practices like Vipassana and Metta. They take awareness beyond the contents of consciousness like breath, sounds, and body sensations towards the context - consciousness itself."}, {"type": "sentence", "content": "They teach you to turn attention back on itself and become aware of awareness. Sounds paradoxical. But a paradox is a concept. Experientially, awareness being aware of awareness is no paradox. In fact, it's already aware of itself right now, in your experience."}, {"type": "sentence", "content": "Try it. Pause, at this moment. Take a deep breath. Watch your mind as it scampers to finish this article as fast as possible. Let it run, while you relax. Become aware of your breath, and allow the nervous system to unwind."}, {"type": "sentence", "content": "From here, aim attention at your breath. See how it feels like you're shining a torch at your breath, thereby bringing it into awareness?"}, {"type": "sentence", "content": "Turn that torch around to look for your head. Reverse things so that attention looks from the breath to your head. Don't try too hard. Just look."}, {"type": "sentence", "content": "In the first moment, you might glimpse only emptiness where your head should be. That emptiness is awareness."}, {"type": "sentence", "content": "If you apply the same method and look for your ego, you'll similarly fail to find it. In its place, you'll find empty space: awareness."}, {"type": "sentence", "content": "At this moment, you might realize that your ego was formed by unrelated thoughts pieced together to form a cohesive narrative called \"you\". You might see as a matter of experience that this \"you\" is an illusion."}, {"type": "sentence", "content": "Therefore, to behave in service of the ego is fundamentally psychopathic. How can you act on behalf of a mythical character you made up in your head? Yet, this is what most of us do, every day."}, {"type": "sentence", "content": "To avoid such madness isn't the only reason to murder the ego. Here's more."}, {"type": "subtitle", "content": "The First Why: Freedom"}, {"type": "sentence", "content": "Yesterday, a dear friend (call him John) told me about an issue he has at the moment. His girlfriend has this friend (call him Tom) who's got feelings for her. She's set boundaries with Tom, and friends are all they'll be."}, {"type": "sentence", "content": "But John is aware of all this when he hangs out with Tom. So being around Tom brings up feelings of anger, protectiveness, and a sense of being threatened."}, {"type": "sentence", "content": "But John doesn't want to be dominated by these feelings, nor by the distasteful thoughts that can arise regarding Tom. John might push those feelings and thoughts away, or deny that they exist."}, {"type": "sentence", "content": "But it's not healthy to gaslight yourself. The advice I gave John (and hey, maybe I was wrong here) was to be aware of these thoughts and feelings."}, {"type": "sentence", "content": "When he's around Tom, John can notice his anger and welcome it as just one of the many things in consciousness at the time. He can look for his head and find awareness - the context of consciousness - in which his anger appears and fades."}, {"type": "sentence", "content": "Within that context, John can simply observe. He can get curious about anger that arises in the endless space of awareness, watching without reacting."}, {"type": "sentence", "content": "This way, he isn't dominated by these feelings. He need not act them out by pointedly ignoring Tom's request to pass the salad. He can choose how he responds to what appears in consciousness, including anger, background music, and salad bowls."}, {"type": "sentence", "content": "With this combination of awareness, curiosity, and choice of response comes freedom from the petty wants and fears of the ego. It's possible, from the place of large awareness, to notice the ego - to observe it, curiously, for what it is. And not to be driven by it."}, {"type": "sentence", "content": "With this knockout punch, the ego can't last. From the moment you realize you're not your ego, the days of it influencing you are numbered. For who would take seriously an oasis they knew to be a mirage?"}, {"type": "subtitle", "content": "The Second Why: Truth"}, {"type": "sentence", "content": "I always thought I wanted to be a lawyer. I was told growing up that I'd enjoy it since I loved reading, articulated arguments well, and quickly absorbed lots of information."}, {"type": "sentence", "content": "Over the long term, this whole story evolved: Mike the Lawyer. I studied law, thought about how well I'd do, and imagined all the happiness headed my way once I \"made it\"."}, {"type": "sentence", "content": "Now I'm here - working for the biggest corporate law firm in my country. And, it's clear, it was all an illusion."}, {"type": "sentence", "content": "I realize now I don't have the personality for legal work - it's narrow and I'm open, it's rigid and I'm flexible, it's adversarial and I'm agreeable."}, {"type": "sentence", "content": "But my eyes were closed to such self-awareness for years. That's how powerful the story of Mike the Lawyer was for me. Buying the story - believing I was my ego - let me blind myself to the truth of my softer personality."}, {"type": "sentence", "content": "If you can't detect the ego, you can't know if you're living your truth. To see the truth of who you are and what will fulfill you, you must remove your blinkers. You must surrender the desire of an ego made from what everyone told you about who you are and where you're going."}, {"type": "sentence", "content": "Lose the story. Let go of the idea of who you are, and figure out who you are really. Cast judgment aside and pay attention to what grabs you. To what makes you excited."}, {"type": "sentence", "content": "There are opportunities out there that will stir something deep in you. Follow them. Pursue what makes you feel something, and you'll find your way to fulfillment."}, {"type": "sentence", "content": "Beware the ego. It leads only to its own aims-those which others coded into it. Murder it, mercilessly, with the power of awareness and curiosity."}, {"type": "subtitle", "content": "What to Remember"}, {"type": "subtitle", "content": "Mind Cafe's Reset Your Mind: A Free 10-Day Email Course"}, {"type": "sentence", "content": "We're offering a free course to all of our new subscribers as a thank you for your continued support. When you sign up using this link, we'll send you tips on how to boost mental clarity and focus every two days."}], "topic": "mindfulness", "uuid": "351e35a8d9bcf2d7316a732363e8ceea4944c235a0df7add00b6276e", "link": "https://medium.com/mind-cafe/1-way-and-2-reasons-to-mindfully-murder-your-ego-d7c2b1b9e439"}