{"title": "2021 Technology Stock Buying Opportunities", "data": [{"type": "sentence", "content": "After peaking in January, many of the most volatile technology stocks have sold off sharply. Many investors are wondering if this might be a good time to load up on technology names. It could be, but we haven't seen mega-cap technology sell-off much at all and in fact, many tech names are at or near all-time highs."}, {"type": "sentence", "content": "The problem is, with the pandemic starting to wane, many analysts and economists expect some sort of correction sometime in 2021. History tells us if we do experience a serious correction, mega-cap is likely to sell off sharply, as it always has in the past. Equally concerning to technology investors - if mega-cap tech corrects, more speculative technology names like Bloom Energy, Nio, and Virgin Galactic are likely to continue their steep selloff."}, {"type": "sentence", "content": "Today, we will investigate the 4 main reasons we're likely to see a better buying opportunity later this year."}, {"type": "subtitle", "content": "In this article;"}, {"type": "subtitle", "content": "Only mega-cap continue to hold most of their 2020 gains"}, {"type": "sentence", "content": "Mega-cap had a magnificent run in 2020. The stay-at-home economy rewarded Amazon and Microsoft greatly. Many smaller stay-at-home technology names like Zoom also took off, boosted by the pandemic."}, {"type": "sentence", "content": "Mega-cap names like Amazon, Apple, and Facebook peaked last summer and have been mostly trading sideways, ever since. A few mega-cap technology names like Microsoft have continued to trend higher, at least partially due to participating in the 'vaccine rally'. Either way, virtually all mega-cap technology names are either at or remain near all-time highs."}, {"type": "sentence", "content": "On the other hand, after peaking in January of 2021 due to the release of new vaccines to fight the ongoing pandemic, there has been a gutwrenching selloff in smaller capitalized stay-at-home names like Zoom, green technology names like Enphase Energy, and EV names like Tesla."}, {"type": "subtitle", "content": "What does it all mean?"}, {"type": "sentence", "content": "Even if many investors no longer worry about sky-high PE ratios in mega-cap technology stocks (even though they should be terrified), investors should definitely pay attention to what the next few quarters of news might bring."}, {"type": "sentence", "content": "Many mega-cap technology companies are reporting earnings over the next 7 days. Throughout 2020, virtually all mega-cap names have smashed analyst expectations over and over, yet share prices have failed to rally significantly higher. If demand for technology products slips at all and technology companies begin reporting anything short of simply outstanding numbers, investors should expect stock prices to start sliding."}, {"type": "image", "content": "https://miro.medium.com/max/7296/1*u0H7E8ImoihJzb8MnUXwaA.jpeg"}, {"type": "sentence", "content": "For example, yesterday Netflix reported new subscriber growth that fell far short of expectations in the first quarter of 2021. Management also expects the next quarter may well be Netflix's worst quarter for growth, ... ever. Netflix dropped 9% in after-hours trading as a result."}, {"type": "sentence", "content": "With mega-cap stocks near or at all-time highs, investors must consider what will happen if mega-cap names can't continue smashing analyst expectations."}, {"type": "subtitle", "content": "Supply-side problems"}, {"type": "sentence", "content": "Governments around the world have plowed unprecedented amounts of money into their economies in an attempt to offset the financial damage caused by the pandemic. In fact, many countries, like Canada for example, are planning to continue investing even more cash into the economy through 2021."}, {"type": "sentence", "content": "However, over the shorter term more monetary stimulus may not produce the results governments are looking for. More and more economists think we may have a bigger supply-side problem than a demand-side problem. With company supply lines damaged during the pandemic, companies may actually have problems filling orders."}, {"type": "sentence", "content": "In addition, many re-opening businesses like restaurants, coffee shops, and flower shops complain they can't get enough workers to return to work. Uber is even offering a $1000 bonus for new drivers in order to lure workers back. Operations of many businesses are starting to increase as the economy continues to open. However, according to some business owners, there are three main problems with finding enough help to meet local demand."}, {"type": "image", "content": "https://miro.medium.com/max/9280/1*2J0z20-MpSXw5O2H8dF1fQ.jpeg"}, {"type": "sentence", "content": "You can see the problem, right? If you were fired from the service sector due to the pandemic, what loyalty do you owe to the company that fired you? - None."}, {"type": "sentence", "content": "If you already have a gig-economy job that's paying the bills, why should you gamble with another gig-economy job that is only slowly getting back to normal? If you are on benefits, why should you risk your health or take a part-time or job that pays you less than you make on unemployment benefits? The most rational decision for workers is to remain on their benefits and continue looking for a 'real' job, at least until benefits run out."}, {"type": "sentence", "content": "Although these problems should work themselves out over time through a combination of rising salaries and benefits ending, it's clear the problem is not as simple as throwing more tax-payer money at the problem. Investors must consider the lasting effects of an impaired supply-side ramp-up on the profitability of businesses and the domino effect it may have on technology stocks."}, {"type": "subtitle", "content": "Vaccine hesitancy is widespread and the pandemic appears far from over"}, {"type": "image", "content": "https://miro.medium.com/max/4792/1*ShtHJabAdrxZ6XnnliSBeQ.jpeg"}, {"type": "sentence", "content": "A recent poll from Monmouth University suggests as many as 1 in 5 Americans won't bother getting the COVID-19 vaccine. A refusal by so many citizens to vaccinate will result in a longer pandemic and even more economic damage, particularly if new more transmissible variants are allowed to spread."}, {"type": "sentence", "content": "Nearly half of Republicans report they won't get vaccinated. About 1 in 5 young adults also don't think they will bother with vaccination. Despite all of the science and all of the publicity Dr. Fauci and many, many others have done to encourage the world to get vaccinated, too many people remain skeptical."}, {"type": "sentence", "content": "Some countries are doing better than the US. Although it was originally reported around 1 in 10 Canadians thought they would not get vaccinated, it now appears vaccine hesitancy is steadily dropping."}, {"type": "sentence", "content": "On the other hand, a number of countries are doing much worse."}, {"type": "sentence", "content": "Long story short, investors should seriously consider how much longer this pandemic will last and how much more damage it could do to their own country and their country's trading partners."}, {"type": "subtitle", "content": "The everything bubble continues - An ancient Thai fairytale of warning"}, {"type": "image", "content": "https://miro.medium.com/max/7776/1*re0aa4a7onm1vQMCtAVyzg.jpeg"}, {"type": "sentence", "content": "In 2000 we experienced a technology bubble collapse. In 2008 we lived through a real estate bubble collapse."}, {"type": "sentence", "content": "Unfortunately, in 2021, technology stocks, value stocks, and real estate are all simultaneously expensive. This is the third serious bubble in just over 20 years (fourth if you include 1990 Japan) and this time we appear to be in an 'everything' bubble."}, {"type": "sentence", "content": "Yet even with all of these headwinds, bullish investor sentiment continues to be far above the historical average. I guess it's human nature to block out painful memories from the past."}, {"type": "sentence", "content": "I recently ran across a Thai fairy tale that I think helps illustrate the behavior some investors continue to display in the face of potentially, imminent danger;"}, {"type": "sentence", "content": "Burn us once, shame on the Federal Reserve. Burn us twice, ... shame on the Federal Reserve - right?"}, {"type": "sentence", "content": "Investors should seriously ask themselves if they are prepared to get burned in a third stock market crash - all within living memory."}, {"type": "subtitle", "content": "Final thoughts"}, {"type": "sentence", "content": "I've been wrong many times before, so be critical of what I say now. In fact, I honestly hope I'm wrong again. I hope the pandemic ends very soon. I hope the economy recovers quickly and everyone finds a great-paying job. I hope technology stocks continue to the moon."}, {"type": "sentence", "content": "However, I think we also need to be realistic. Things have been too good for mega-cap technology stocks, for too long. In my article last week, I pointed out the neither the Spanish Flu pandemic nor WWI triggered the massive rally experienced in the Roaring 20s. The unfortunate truth is, we don't really have a catalyst for powering global growth higher today the way we did in the 1920s."}, {"type": "sentence", "content": "Any one of the events listed above should be of concern. All four together strongly suggest we're likely to see lower technology prices later this year."}, {"type": "sentence", "content": "It's time for prudent investors to take a breath, assess their risk exposure, and take appropriate steps with the advice of their financial advisor to prepare themselves to take advantage of the coming correction."}, {"type": "subtitle", "content": "Disclosure - Please seek professional advice before making any investment decisions. I have no positions in any of the securities mentioned in this article."}], "topic": "economy", "uuid": "35baf6b1bd910a9c6b962b7282610f85b914756e7466d3b7648d899b", "link": "https://medium.com/iftody/2021-technology-stocks-2696f8af785c"}