{"title": "How to Take Your Youtube Channel Seriously", "data": [{"type": "image", "content": "https://miro.medium.com/max/2560/1*a_6LHdNoZkrAqGtp2wrR-A.jpeg"}, {"type": "sentence", "content": "I've always thought about myself as an introvert and naturally tried to stay away from anything that involved trying to gather an audience around me and the things I do. Occasionally though, this was not an option especially when I picked up music and I had to play the guitar or piano in front of crowds."}, {"type": "sentence", "content": "Whenever I played music in front of people, it made me feel happy. Contrary to what I thought would be a massive spree of anxiety attacks. So when I put a hold on playing in front of people, I couldn't shake off the need to have that part of my life with me. So I searched for a long until I was introduced to the idea of youtube channels and how everyone was able to have one."}, {"type": "sentence", "content": "Back in 2015 when I started my journey as a YouTuber, it was really exciting considering that you could make money regardless of how many subscribers or watch hours you had. This is how I was able to earn $15 off of youtube ads with less than 10 subscribers at the time."}, {"type": "sentence", "content": "I started in finance, investing, and business but after so many trials and errors, I stabilized on art, design, and life for my main channel. Not to say that things have been rosy at all. Far from it. I have had to deal with self-esteem, doubt, hate comments, and much more while on youtube just like any other creator on the platform."}, {"type": "sentence", "content": "But youtube has been the best channel to share and learn from the world. Through youtube, I have learned many more skills than I can count. Without youtube, I don't think I would have been able to go through engineering school successfully. There is so much I am grateful for on youtube and sharing my voice with the world is definitely one of the blessings I count on when I talk about youtube gratitude."}, {"type": "sentence", "content": "My channel hasn't grown much and over time. This is mainly because of two important aspects I neglected in the past because I took for granted the blessing I have to be able to share and have my channel on the platform. A quick reflection brought my happiness and gratitude back and for weeks now, I've been focusing on and laying strategies that will help me do youtube correctly and consistently this time. I have several strategies that I have in place but I am going to focus on the two that have given me results so far to keep it simple and stay on course. Here they are."}, {"type": "subtitle", "content": "Combining ideas to come up with interesting stories or videos"}, {"type": "sentence", "content": "I've always been fascinated by finding out the \"secret\" ingredient to great movies, designs, videos, photos, paintings, presentations, and so on. The answer I found common to all was the story."}, {"type": "sentence", "content": "I grew up thinking that all stories had to begin with \"Once upon a time..\" and so I never thought that they were anything important in an adult's life experience. Turns out I was so wrong."}, {"type": "sentence", "content": "On youtube, for example, I tried to find out why some artists are so successful and others are not. Before my research, I thought it was talent and beauty that were the main factors. Now I don't think that anymore."}, {"type": "sentence", "content": "If we go by talent, I am so inspired by people like Nathan Fowkes and Scott Robertson."}, {"type": "sentence", "content": "Nathan Fowkes is a visual artist and the guy who has worked on movies like...."}, {"type": "sentence", "content": "Scott Robertson is also an amazing transportation designer and concept artist that has worked on movies like Steven Spielberg's Minority Report."}, {"type": "sentence", "content": "These are true masters when it comes to the world of art and design. You'd think that with so much industry experience, these would be the most successful people on youtube in terms of subscribers with millions of them. But no. None of them has more than 200,000 subscribers. And I know that these people don't measure their success based on their youtube numbers but that's not the point."}, {"type": "sentence", "content": "Take a look at another channel like SuperRaeDizzle and you find that she has more than 1 million subscribers doing art on youtube with good talent but nowhere close to Scott or Nathan's. And no am not saying that master artists cannot be successful on youtube either. Stan Prokopenko is one such amazing artist who also has similar numbers as SuperRaeDizzle. Another master artist is Lena Danya who also has an audience like that of Stan and SuperRaeDizzle"}, {"type": "sentence", "content": "Anyway, looking at my own channel, I have some sketches and paintings I feel good about yet my videos barely get 10 views. When they go viral, that means 100 views tops and that too after several months...or years."}, {"type": "sentence", "content": "I analyzed hundreds of other art youtube channels and found that the ones that were like mine, Nathan, or Scotts channels had the same approach and those that were like Superraedizzle, Stan Prokopenko or Lena Danya's channels had also an approach that is far different from the one in my group."}, {"type": "sentence", "content": "The difference in the videos was the story or storytelling. Joanna Ceddia is another example of an amazing artist that falls in Superraedizzle's category. Her videos just like those of superraedizzle have engaging stories along with the art whereas ours don't. Stan Prokopenko also uses stories to make his incredible tutorials that have helped a lot of us artists who attended Youtube Art Academy and the results show on his channel."}, {"type": "sentence", "content": "Some genres are easier than others to form a story around. For example, someone making a storytime can much easily make a great visual narrative forming an engaging story. Casey Neistat is one such storytime filmmaker in that he uses creative storytelling to document his day or issues he cares about in his videos."}, {"type": "sentence", "content": "But when you are a visual artist like a painter, sculptor, or sketch artist, it can be really hard to come up with a compelling story to back your video which is why most artists(like me) just timelapse the whole video and dump it on youtube. This leaves the video void of life and however cool the image is, no one feels that they should stick around to find out more. Many artists have a high degree of introversion (me included) in that they never really consider connecting with their audiences and prefer to let the art speak for itself. This makes many of those artists like me have terrible results when it comes to community building."}, {"type": "sentence", "content": "Beauty is also not a very true excuse when it comes to success on youtube like I used to think. This is because when someone makes videos to attract attention to the beauty of their form, it's normally a thirst trap that lures in people who are just interested in objectifying that person rather than learning anything from them or building a meaningful community around them. The challenge with this is that when the \"thirst\" is quenched and you don't have any meaningful content that will keep them around, they will just leave, or if you're unlucky, your beauty will bring out the beast in them which will manifest in mean or perverted comments and actions."}, {"type": "subtitle", "content": "How is a good story made?"}, {"type": "sentence", "content": "Like I said earlier, some ideas are easier than others to form a story around. Visual art isn't one of them. - Or at least the storytelling in visual art doesn't come easy for me."}, {"type": "sentence", "content": "But what about if I can combine my art with an idea that can easily incorporate a story in my video so that instead of a senseless time-lapsed art video, I combine those time-lapses with storytimes like a vlog, or a talk about personal improvement since am very interested in that. Adam Duff does this very well. AngryMikko is another youtube visual artist that does this very well and has been successfully doing it."}, {"type": "sentence", "content": "This is what all successful YouTubers have in common. They combine their art with an interesting idea that has a story to it. Joanna Ceddia for example creatively shows the motivations behind her paintings and the process she goes through while also involving you in her daily life experiences and this is an interesting story in itself."}, {"type": "sentence", "content": "In filmmaking and interesting videos like Casey Neistat's videos as well as those successful YouTubers I told you about, they employ a 3 part narrative to guide the story narration."}, {"type": "sentence", "content": "In a 3 part narrative, you start with the set-up, then you move to the conflict and you end with the resolution. All interesting stories play around with this idea with varying degrees of creativity in how it is executed. The best narratives are the ones where you don't even notice that they are following this narrative."}, {"type": "sentence", "content": "When you look at the time-lapse videos I made in the past, they don't follow any of this narrative. It is just a brain dump of information that I want to change this time around. When you have a problem that you set out to accomplish and then you meet challenges along the way which you overcome to finally get you to the end, this is the most basic but also extremely interesting narrative that lacks in my videos and certainly the one I will be adding to add a story to my videos."}, {"type": "sentence", "content": "My strategy moving forward will be to dive deeper and apply storytelling in my videos and use the techniques such as a 3 part narrative to make the story worth watching."}, {"type": "subtitle", "content": "Learning from my analytics"}, {"type": "sentence", "content": "For now, the last strategy I will be implementing in my consistent commitment to youtube is to measure the performance of my videos because it not only helps me to learn about what other people like, but it also gives me the chance to optimize and become more successful at the task I have."}, {"type": "image", "content": "https://miro.medium.com/max/2226/1*9cb8vDMXyt8yeBFuecySGg.png"}, {"type": "sentence", "content": "Analytics on youtube are great but I find that they aren't enough and so I supplement them with Tubebuddy. This software gives you a deeper insight into the analytics of your channel as well as a comparative report on other peoples' channels alongside yours."}, {"type": "sentence", "content": "It is not just about main channel analytics and I certainly won't be solely focused on that. I am more interested in individual channel analytics and those are the ones that I will be focussing on the most."}, {"type": "image", "content": "https://miro.medium.com/max/2732/1*g-OPSF36ZjUGVdX2xjbnNw.png"}, {"type": "sentence", "content": "In the video analytics above, you can see that I uploaded that video in November 2020 and it has five views but when you look at how optimized it is, it still lacks a lot of information that is necessary for it to be found on youtube."}, {"type": "sentence", "content": "The SEO score can be improved for example by adding tags in the title and description and increasing the total word characters. This is important because, through SEO, my videos can be found and hence increase the chances of growth."}, {"type": "image", "content": "https://miro.medium.com/max/2732/1*jBKTbZ4eoq_09i9qVQh-yQ.png"}, {"type": "sentence", "content": "This video for example has an SEO score of 60. It is better optimized for search than the previous one and so it has a much higher chance of receiving an impression compared to the previous one. Impressions of course do not equal views and so there is another important metric to consider. Ranked Tags"}, {"type": "sentence", "content": "Imagine if your video would show up the moment someone searched a given tag. This would result in a lot of views and growth for your channel. This is what ranked tags do. They give you information on how many tags in your content rank when they are searched for and where they rank. In the latter screenshot, I have a ranked tag of 1 which means that one of my tags ranks in search and when I checked out that tag, it showed me that my tag ranked in first position meaning that if you searched for that tag, my video would come up first. This is probably why this video received 5470 views whereas most of my videos get 5 views."}, {"type": "sentence", "content": "There are many factors and features that tube buddy provides that are going to be very helpful in growing my channel and am definitely going to take advantage of that."}, {"type": "sentence", "content": "When using Tubebuddy, the most useful feature that will greatly increase your chances of having your youtube videos do very well is a combination of your SEO score with the ranked tags."}, {"type": "sentence", "content": "My strategy here is that I will make sure I have an SEO score of 70+ and at least 3 ranked tags, not including my name. All the videos that have taken off on my channel have at least 1 ranked tag and an SEO score of 60. So I have to stop neglecting these analytics so that my efforts don't end up in the scrap piles of the internet undesirables anymore."}, {"type": "subtitle", "content": "In ending..."}, {"type": "sentence", "content": "None of these methods are going to guarantee that my goal of hitting 1000 subscribers this year will be reached but they increase the chances of that happening."}, {"type": "sentence", "content": "The same goes for you. Applying these strategies may or may not be as effective as you want them to be but am sure that they will increase your chances of getting to your goal."}, {"type": "sentence", "content": "I still have a lot to find am testing on my other anonymous channels like thumbnails and as soon as I can have a high enough probability of using them successfully on youtube, I will share them here I promise. For now, these are the two I am going to implement on my main channel with confidence in a better-performing youtube channel. Hope yours will be successful too when you try them out. Now am off to work."}], "topic": "social-media", "uuid": "361f0d3bbed292c445fcc23145e7569f857c44f7abcb3150624f1db4", "link": "https://medium.datadriveninvestor.com/how-to-take-your-youtube-channel-seriously-8f49a83ab07c"}