{"title": "Why Entrepreneurs Should Embrace More Self-Compassion", "data": [{"type": "image", "content": "https://miro.medium.com/max/3840/1*EOpXBjhc60cvpmXoLJl0fA.jpeg"}, {"type": "sentence", "content": "I don't know about you, but I haven't exactly been the kindest to myself this past year. Under duress, my default mode of perfectionism goes into overdrive."}, {"type": "sentence", "content": "Did I say the wrong thing in that Zoom meeting?"}, {"type": "sentence", "content": "Did I offer the right feedback to that employee?"}, {"type": "sentence", "content": "Was that email too curt or overly casual?"}, {"type": "sentence", "content": "This negative thought loop has been endless. The fact is, I can be ruthless with myself, sometimes."}, {"type": "sentence", "content": "\"Often, we're our own worst critic,\" writes Alice Boyes for Harvard Business Review, \"When we feel anxious or frustrated, we talk to ourselves more harshly than we'd find acceptable by anyone else.\""}, {"type": "sentence", "content": "Let me put it like this: If someone else were to talk to us the way we talk to ourselves, we'd tell them to take a hike. Full stop."}, {"type": "sentence", "content": "But how do we change this unhealthy dynamic when we're the ones doing the criticizing?"}, {"type": "sentence", "content": "For entrepreneurs, especially, this can be tricky. We're taught from the get-go, that being hard on ourselves is par for the course. I need to get this project just right or else I'll blow it with this client."}, {"type": "sentence", "content": "Yet, as Boyes wisely explains, \"We wrongly assume that criticism will motivate us to do better.\" When in fact, it's quite the opposite."}, {"type": "sentence", "content": "\"We become even more of a perfectionist than usual,\" she writes. \"Instead of talking to ourselves with self-compassion, we raise our standards for our behavior as a defense against our feelings of doubt, anxiety, or frustration.\""}, {"type": "sentence", "content": "That nagging voice she speaks of is nothing new to me."}, {"type": "sentence", "content": "But here's the thing. I did a lot of soul-searching in 2020, and something I knew I wanted to do differently this year was to get better at compassionate self-talk."}, {"type": "sentence", "content": "While I've come a long way from last spring, I'm still working on changing these patterns in my everyday life. I'd like to share 5 practices that have helped me reframe the negative conversation in my head, and that I hope will help you as well."}, {"type": "subtitle", "content": "Embrace the grey areas"}, {"type": "sentence", "content": "Contrary to what our mind tells us, not everything is black or white, right or wrong, good or bad. This all-or-nothing mindset is what often prevents us from being kinder to ourselves."}, {"type": "sentence", "content": "What's more, it damages our sense of self and keeps us stuck."}, {"type": "sentence", "content": "According to Boyes, we should take a balanced approach to our negative emotions and the way we perceive our experiences. Embracing the grey means allowing ourselves to make the best decision we can in any given situation."}, {"type": "sentence", "content": "Boyes writes: \"Self-compassion can help you take a more balanced view of yourself, and see when not everything is great (say, your performance on a project), but not everything is terrible (your entire career is a flop).\""}, {"type": "sentence", "content": "This speaks to my own experience."}, {"type": "sentence", "content": "I've been CEO of my company JotForm for over 15 years now. But that doesn't make me a \"know all\" in every aspect of the industry. If anything, I believe in the philosophy of being a lifelong student. So, I continually challenge myself to learn about new techniques, new skills, and more importantly, new mindsets that foster growth."}, {"type": "sentence", "content": "All my life, I've been prone to this all-or-nothing frame of mind, but I recently spoke with a business coach who told me that adopting an attitude of \"moderation\" could help me curb some of this tendency."}, {"type": "sentence", "content": "Since then, I've practiced a shift in self-talk over the past few months. Here's what that looks like for me:"}, {"type": "sentence", "content": "Don't sweat it. Everyone's a little awkward during Zoom meetings."}, {"type": "sentence", "content": "I offered the right feedback in the moment with the information I had."}, {"type": "sentence", "content": "The email I sent conveyed exactly what I wanted, and I can always follow up if needed."}, {"type": "subtitle", "content": "Realize it's not just...you"}, {"type": "sentence", "content": "In Writing for the BBC, David Robson describes the practice of self-compassion as the \"forgiveness of our mistakes, and a deliberate effort to take care of ourselves throughout times of disappointment or embarrassment.\""}, {"type": "sentence", "content": "The above is particularly relevant for entrepreneurs who struggle with \"defeatist\" thinking. When that one presentation didn't go as planned, or we didn't meet our quota for the month - we tend to dig into our perfectionism even more."}, {"type": "sentence", "content": "Trying on self-compassion means acknowledging our difficult emotions and understanding that these experiences aren't limited to us - they're universal. Take this pandemic, for example - it's messing up a lot of our previously held plans."}, {"type": "sentence", "content": "But we're in this together - all managing the best that we can."}, {"type": "subtitle", "content": "Practice unconditional self-support"}, {"type": "sentence", "content": "What's important here is that our self-talk feels natural and authentic to us - not forced. \"You're more likely to believe yourself if you use language that feels real to you,\" writes Boyes. \"Find a tone that's both kind and appealing.\""}, {"type": "sentence", "content": "I think it's fair to say that I'm not a \"woo woo\" sort of person. I'm a techie at heart and rely on what's sound and logical. So, self-compassion, to me, isn't something flowery - it's hearing my best friend's voice in my mind, telling me to go easy on myself."}, {"type": "sentence", "content": "It's being unconditionally supportive, the way they would be."}, {"type": "subtitle", "content": "Know your triggers, then come up with a game plan"}, {"type": "sentence", "content": "Even if we've been life-long perfectionists, we can still turn this ship around. But first we need to know our triggers."}, {"type": "sentence", "content": "Boyes recommends practicing self-compassion especially in those moments when we find ourselves ruminating over past decisions, doing social comparison, or dwelling on our imperfections."}, {"type": "sentence", "content": "\"Come up with a half-dozen common scenarios in which you think compassionate self-talk would help you make better decisions,\" she says. Then jot those down in a notebook or notes app where you can easily see them."}, {"type": "subtitle", "content": "Practice by modeling it for others"}, {"type": "sentence", "content": "In many ways, modeling it for others - speaking to our loved ones, clients and colleagues, with compassion - is like a kindling that sparks those flames to grow in us as well."}, {"type": "sentence", "content": "And the opposite is also true. \"By fostering compassion for ourselves,\" writes Elle Hunt for The Guardian, \"We are more readily able to feel it for other people, meaning our kinder, calmer, more empathic approach can radiate outwards.\""}, {"type": "sentence", "content": "While I still consider myself to be a work in progress when it comes to self-compassion, I know that the only future worth striving for, is one where I am my greatest ally."}, {"type": "sentence", "content": "Originally published at https://www.jotform.com on April 22, 2021."}], "topic": "startups", "uuid": "38b95e27486318bb3a8c9cb3c08868bfb8fc17c8c3f5c97e4c8d183b", "link": "https://medium.com/swlh/why-entrepreneurs-should-embrace-more-self-compassion-1ef7323121d3"}