{"title": "Will UX metrics ever become high-level business metrics?", "data": [{"type": "sentence", "content": "In this article:"}, {"type": "subtitle", "content": "Why does UX need these metrics?"}, {"type": "sentence", "content": "Sales, marketing, HR, and finance departments all have established metrics that they track and regularly report to the execs. These metrics show where the business currently is, how the business is progressing, and where investment is needed to achieve future business targets."}, {"type": "sentence", "content": "UX doesn't have these metrics because it's a relatively immature practice. This makes it difficult to prove to the execs how UX is supporting the business strategy, and how it's contributing to overall business targets."}, {"type": "sentence", "content": "Therefore, UX teams need to develop metrics that prove how an investment in UX will pay off - how it supports business strategy - how it accelerates the business to achieve its targets."}, {"type": "sentence", "content": "This is where Jared Spools' Persuasive UX Metrics Framework comes in."}, {"type": "sentence", "content": "This article contains all the key takeaways I learnt from the Persuasive UX Metrics course as part of the Leaders of Awesomeness, hosted by Jared Spool."}, {"type": "subtitle", "content": "The Persuasive UX Metrics"}, {"type": "sentence", "content": "There are three different types of metrics in the framework, each with its own purpose. All three metrics continuously prove to the execs the value UX is adding to the business."}, {"type": "subtitle", "content": "The three types of metrics:"}, {"type": "subtitle", "content": "UX success metrics"}, {"type": "sentence", "content": "The UX success metrics tell us when we've achieved the UX outcome and when we have improved people's lives in a defined way."}, {"type": "sentence", "content": "As Jared puts it:"}, {"type": "sentence", "content": "There's no room for any doubt with success metrics, either you've got success or you haven't."}, {"type": "subtitle", "content": "Success metric example:"}, {"type": "subtitle", "content": "UX progress metrics"}, {"type": "sentence", "content": "You can think of UX progress metrics as accomplishments along the journey towards the UX outcome, the milestones along the way. They show...well...the progress...and therefore help us know how far we are from achieving the UX outcome."}, {"type": "sentence", "content": "UX progress metrics are perfect for giving status reports to the execs."}, {"type": "subtitle", "content": "Progress metrics example:"}, {"type": "subtitle", "content": "Problem value metrics"}, {"type": "sentence", "content": "Problem value metrics quantify in terms of money the obstacles people have to climb over to get to the UX outcome - the cost of bad UX. They highlight how much it's costing the company by leaving these obstacles in the way, and how much it would cost to remove them with good UX."}, {"type": "sentence", "content": "Not removing these obstacles (not fixing UX problems) costs the business money every single day. Surfacing this cost gives the execs a perspective about UX they've never had before. It allows them to compare UX with other departments that also report in terms of money."}, {"type": "subtitle", "content": "Estimating a problem value metric"}, {"type": "sentence", "content": "Problem value metrics are nearly always calculated from labor costs or lost sales, some examples include:"}, {"type": "subtitle", "content": "Problem value metrics example:"}, {"type": "subtitle", "content": "Three important things about the metrics"}, {"type": "subtitle", "content": "1. These metrics measure the user experience"}, {"type": "sentence", "content": "UX metrics should always be linked to the user, they should focus on making people's lives better."}, {"type": "subtitle", "content": "2. The metrics do not need to be measured by tools"}, {"type": "sentence", "content": "If you can measure it over time it could become a metric, it doesn't need to be measurable by a computer or analytics product. It's fine to measure the metrics in a more manual way, it's the ability to take measurements over time that's important."}, {"type": "subtitle", "content": "3. UX metrics need to be tailored to each business"}, {"type": "sentence", "content": "As people are involved standardizing these metrics across different products and businesses isn't possible. There are too many variables."}, {"type": "image", "content": "https://miro.medium.com/max/3840/1*nbqkdVEgHSdMRknCbdPubg.png"}, {"type": "subtitle", "content": "The most valuable UX metrics"}, {"type": "sentence", "content": "Tracking progress and measuring success is common practice for most UX teams, however, reporting to the execs, speaking their language, and helping them to make investment decisions is rare."}, {"type": "sentence", "content": "This is why I think the problem value metrics are the most valuable."}, {"type": "sentence", "content": "Problem value metrics fill an unmet need, they're a simple way to prove the monetary value of UX to the business, enabling the execs to confidently invest in UX."}, {"type": "sentence", "content": "Therefore, if problem value metrics are proven time after time they could establish themselves as the high-level business metrics both UX and the execs need."}, {"type": "sentence", "content": "Learn more about all things UX and UX strategy by joining the Leaders of Awesomeness community, a lively community of UX leaders, designers, researchers, and writers from all over the world."}, {"type": "image", "content": "https://miro.medium.com/max/188/0*qQXlIGY-TeJeUQYt"}], "topic": "ux", "uuid": "3aa5628e04722b8cd8b877cc34886421f3d2ec3ba5ffc0ca406f48d6", "link": "https://uxdesign.cc/will-ux-metrics-ever-become-high-level-business-metrics-91082f126800"}