{"title": "How Being Mindful in the Gym Can Heal Your Mind, Body, and Heart", "data": [{"type": "sentence", "content": "Going to the gym and working out can be one of the best things people can do in their lives. Yet, there are a lot of things wrong with this setup that almost no one talks about."}, {"type": "sentence", "content": "Working out, especially in a gym, can become an array of comparisons and insecurities. In fact, I'd say most people set foot in a gym not because they want to be better versions of themselves but they're too insecure to be who they are."}, {"type": "sentence", "content": "Consequently, this ostensibly healthy habit turns into a mental health disaster. This is why gyms often turn into dwellings of approval-seeking, diffident people striving for illusory perfection."}, {"type": "sentence", "content": "When the media and society at large promote \"real men\" to have large pecs and biceps and \"beautiful girls\" to be tall and slim, it's easy for the \"less perfect\" ones to feel anxious."}, {"type": "sentence", "content": "And the matter is more pressing than we think- because people never actually lose that sense of insecurity - even after achieving what they set out to achieve."}, {"type": "sentence", "content": "So long I compared myself to others in the gym, I couldn't let my insecurities go. I remember wearing full sleeves lest someone sees my underdeveloped arms."}, {"type": "sentence", "content": "Thus it creates a vicious cycle of desperation to fill a hole in our soul with a tighter butt or a bigger chest. Here's how you avoid that and treat it as the healthy and mindful activity that it is."}, {"type": "subtitle", "content": "Working Out, Not Zoning Out"}, {"type": "sentence", "content": "According to a recent study published in the Journal of Health Psychology, the more mindful you are at the gym, the more satisfied you will feel with your workout - and the more you will want to follow your fitness schedule."}, {"type": "sentence", "content": "Yet, the gyms of the world are filled with people bangin' and clankin' plates because their ears are capped with noise-canceling headphones on hard metal."}, {"type": "sentence", "content": "Again, nothing wrong with that, physically speaking. But there's a lot of mental damage happening. For one, you're training your mind to wander off and not focus on what you're doing."}, {"type": "sentence", "content": "The habit of zoning out carries on to your daily life when you can't concentrate without music or stop your monkey-mind chatter."}, {"type": "sentence", "content": "To counter this, take out your earphones. Take a deep breath, and let the sounds of your environment come in. For the next five minutes notice your body in every movement you're doing."}, {"type": "sentence", "content": "If you're lifting weights, bring your attention - gently, kindly - to the sensation of lift, of burn, of heaviness. Really feel it. If you're on that elliptical, feel the hilarious, roly-poly motion of the machine. Whatever you're doing, do it fully, and put your full attention into it."}, {"type": "sentence", "content": "Before you begin a set, do a quick body scan. If you're squatting, see how your feet, calves, quads, hamstrings, and glutes feel. This mind-muscle connection not only aids proper relaxation in rest periods but also promotes better muscle growth."}, {"type": "sentence", "content": "There have been times when I've pushed hard on an exercise despite the pain and ended up with an injury. Why? Because I was blindly pushing through with my music, failing to realize that the pain was real enough to stop."}, {"type": "sentence", "content": "Acute body awareness will also ensure proper form so you don't start dancing to the beats of the song you're listening to!"}, {"type": "subtitle", "content": "Question Your Why"}, {"type": "sentence", "content": "In the past few months (before Covid closed the gyms), I was always the gym outlaw. I spent disproportionately more time on compound movements. I didn't really care to take supplements and protein shakes. All this while others asked me \"Why don't you do <insert exercise> to target <insert a small muscle group>?\""}, {"type": "sentence", "content": "My first thought was, \"I don't care\" but I always said, \"Yeah, I'll do it after this one!\" I too, like many a \"gym bro,\" used to obsess over how much I can lift and weigh."}, {"type": "sentence", "content": "Now, my workouts are more to connect with my body than to achieve a state of perfection that doesn't exist."}, {"type": "sentence", "content": "Don't get me wrong. I'm all up for setting goals. But I've found most of them to be superficial. It was torturing the mind. You might look good on the outside, but what about on the inside?"}, {"type": "sentence", "content": "If a significant part of your identity is centered around being a gym guy/girl, you can easily become an ego-centric slave to the gym trying to look good to impress others."}, {"type": "sentence", "content": "If someone says \"Have you lost weight?\" or \"Seems you haven't been training lately,\" how would you feel? That's a good test to see if you're too attached to your body."}, {"type": "sentence", "content": "Too often we waste our energy in keeping up with an image we've built for ourselves. The initial happiness of achieving your fitness goals turns into fear of not keeping up with your newly-formed identity."}, {"type": "sentence", "content": "To be frank, I still think about my physical progress. I do catch a look of my bicep in the mirror. But being mindful of my 'why' has made me more relaxed."}, {"type": "sentence", "content": "The bottom line is this - I'm willing to trade peace of mind for having the \"perfect body.\" Perhaps you should reconsider your motivation and do the same."}, {"type": "subtitle", "content": "Replacing Insecurities with Kindness"}, {"type": "sentence", "content": "Our default reaction to someone better than us is to feel jealous. We can't help but mull over our inferiority and desperation to have a similar body."}, {"type": "sentence", "content": "The goal of mindfulness then is to replace that feeling with kindness and compassion. Be happy for the other person for they've worked hard to build the structure you're admiring. Don't repent that they can lift more than you or have better stamina."}, {"type": "sentence", "content": "Insecurity and kindness can't exist together. If you can cultivate deep compassion for others, you can't beat yourself up. You can finally realize that it's not a race or competition. We're all in the gym to grow, not to out-flex others."}, {"type": "sentence", "content": "Appreciate others for their accomplishments. Rejoice with them. It's a much healthier mindset to have in the long run, and make good friends while you're at it!"}, {"type": "subtitle", "content": "Final Thought"}, {"type": "sentence", "content": "Physical fitness is important but not when it comes at the cost of your mental peace. Let's not trade-off the joy in our lives. Let's not be so superficial that we forget what's inside."}, {"type": "sentence", "content": "Yes, mindfulness can play a huge role in improving workout efficiency. But most of all, it helps to audit our feelings, desires, and insecurities so we can be well not only physically but also mentally, emotionally, and spiritually."}, {"type": "subtitle", "content": "Struggling to meditate? Get your free 7 Day email course - Meditation 101: How to Start Meditating"}], "topic": "mindfulness", "uuid": "3c2241d79cdc6493dd97ab776bc3a7acc52a01bf2338599cbac4c698", "link": "https://medium.com/the-ascent/how-being-mindful-in-the-gym-can-heal-your-mind-body-and-heart-ac529e74ce7d"}