{"title": "Why Scientists Are Talking About a Revolution", "data": [{"type": "image", "content": "https://miro.medium.com/max/10980/0*n1x_OhVB_vyIWaoz"}, {"type": "sentence", "content": "Recent weeks have seen a flurry of excitement in the world of particle physics. Two experiments - one in America, one in Europe - have strengthened earlier signs of unexplained physics. Though neither set of results is yet strong enough to claim a certain discovery, physicists seem reasonably confident more evidence will arrive before long."}, {"type": "sentence", "content": "This is big news for particle physicists. The field has long looked in danger of stagnation. The current fundamental theory - neatly summed up as the \"standard model\" - works almost perfectly, but has some gaping holes. Those holes, which include things like gravity and dark matter, indicate that the theory is probably wrong somewhere."}, {"type": "sentence", "content": "Quite where, though, has remained elusive. Outside of those gaps, the standard model has been remarkably successful. The things it describes - fundamental particles like quarks and electrons - behave exactly as it predicts. The things it can't explain - black holes, gravitons and big bangs - are hard to measure in a laboratory."}, {"type": "sentence", "content": "Two decades ago physicists were convinced that more powerful experiments would reveal its weaknesses. In anticipation, theorists went wild. They came up with dozens of theories, from string theory to supersymmetry, which could replace the standard model. Most of these ideas predicted various things - new particles, forces or interactions - that the standard model forbade."}, {"type": "sentence", "content": "The Large Hadron Collider, switched on in 2009, provided the most powerful test of the standard model yet achieved. Armed with their new theories, scientists confidently predicted all sorts of things would turn up, from black holes to extra dimensions."}, {"type": "sentence", "content": "The result was disappointing. No matter how much engineers increased the power of the collisions - the LHC now operates at twice the power it did in 2010 - the standard model remained stubbornly intact. No black holes have appeared, nor any higher dimensions. Apart from the Higgs Boson - a particle predicted by the standard model - few other big discoveries have been made."}, {"type": "sentence", "content": "All that has made theoretical physicists look a bit foolish. The idea of supersymmetry - once considered the strongest contender to replace the standard model - has faded away. No clear frontrunner has emerged to replace it."}, {"type": "sentence", "content": "Instead physicists have been probing oddities in experimental results, in the hope of finding some discrepancy with the predictions of the standard model. Now, two signs of such discrepancies have cropped up together. The first was found at the Large Hadron Collider, where quarks appeared to decay in a strange way. The second, at Fermilab in Chicago, concerns muons, a heavier sister to the electron."}, {"type": "sentence", "content": "The details are complicated, and too long for this post. If you are interested, check out good descriptions here and here. For now, though, it suffices to say that these results do seem to contradict the standard model. They might, in other words, give physicists an opening to prise out a more fundamental theory of nature."}, {"type": "sentence", "content": "We have been here before. The stagnation in particle physics has left many scientists feeling a bit desperate. Previous claims of new physics have led to similar flurries of activity, including a period in 2015 when hundreds of papers were published over a claim that turned out to be a statistical fluke. Is this time any different?"}, {"type": "sentence", "content": "So far it is hard to say. Neither experiment has yet produced results that fully confirm their discoveries. Both still have a lot of data to analyse, and that may see the discrepancies confirmed or, perhaps, fade away. Even if the results are confirmed, it doesn't necessarily mean a problem with the standard model."}, {"type": "sentence", "content": "The experimenters may have done something wrong, or messed up one of the fiendishly complicated equations of the standard model. If so, the data will be worthless. But if not, the results open the door to new physics. That might mean new particles, new forces and new ideas. Given the dearth of such opportunities over the last two decades, physicists can perhaps be forgiven for getting excited."}, {"type": "sentence", "content": "NASA is pushing ahead with plans for further exploration of the Moon. Last week the space agency awarded a contract to SpaceX to build a manned landing system for future missions. The contract, worth almost $3 billion, could see the lander ready for a mission in 2024, though NASA seems keen to avoid committing to that date."}, {"type": "sentence", "content": "SpaceX's other big Moon contract, to provide cargo flights to the future Lunar Gateway space station, seems to have been put on hold. More than a year after signing the contract, work on the project has yet to begin. The Lunar Gateway itself, a proposed station in orbit around the Moon, may also be delayed."}, {"type": "sentence", "content": "Under Donald Trump NASA was set the goal of landing men and women on the Moon by 2024. That goal always looked unrealistic, and funding has not been enough to make practical steps towards it. NASA now seems to be re-evaluating the date, and will likely announce a delayed, but hopefully more realistic, target."}, {"type": "sentence", "content": "China has announced plans to send two probes to the edge of the Solar System, replicating America's earlier Pioneer and Voyager missions. The pair of spacecraft would cover more than five hundred million miles each year, and would reach a distance of 100AU - one hundred times the distance from the Earth to the Sun - after twenty-five years."}, {"type": "sentence", "content": "So much reporting around health, science and space exploration is unrealistic, hyperbolic and misleading. These are complicated topics, and there are often no easy or straight forward answers. Instead what is needed is analysis, discussion and an exploration of the possible ways forward."}, {"type": "sentence", "content": "Follow me, and subscribe to my free Substack newsletter to get the latest. Emails are sent regularly, and by signing up you will never miss an update."}], "topic": "science", "uuid": "3cfedd4d88d3420f65ae8fb153f28e5e89a752be751e5a07d88d28de", "link": "https://medium.com/one-pale-blue-dot/why-scientists-are-talking-about-a-revolution-609c7f262e80"}