{"title": "Leadership & Business Lessons From the Mahabharata", "data": [{"type": "subtitle", "content": "#ILLUMINATION100CHALLENGE - DAY 5"}, {"type": "image", "content": "https://miro.medium.com/max/9392/0*gGVvOHtc0achDEM8"}, {"type": "sentence", "content": "The Mahabharata is the Longest Epic in the World, written around 3000 BC. It is essentially a story about cousins fighting for the throne and the circumstances that lead to it. Power, love triangles, deceit, magical weapons - the story has everything. This is why despite being an ancient text, the leadership and management concepts from this book are relevant even today."}, {"type": "sentence", "content": "Some important evergreen leadership lessons are listed here in this post:"}, {"type": "subtitle", "content": "#1. Diverse Teams Win!"}, {"type": "sentence", "content": "The main plot of the Mahabharata is the war between the Pandavas (5 brothers) and Kauravas (100 brothers). The Pandavas had only seven army battalion units whereas the Kauravas had 11 units. Despite a severe lack of resources and manpower, the Pandavas vanquished their enemies because they had a diverse set of generals and soldiers."}, {"type": "sentence", "content": "For example, one General was Shikhandi, a woman who had transformed into a man. Gatotkach was another senior warrior who was half-human, half-demon with magical powers. The Nagas (snake-people) also sided with the Pandavas. Abhimanyu, a key player was a child prodigy fighting his first battle."}, {"type": "sentence", "content": "On the other hand, the Kauravas had picked highly experienced, senior veteran leaders; the modern-day equivalent of old white men! While those Generals were highly skilled, they stubbornly followed old rules and military techniques and ultimately, fell prey to their own prejudices and fatal biases."}, {"type": "sentence", "content": "The Pandavas chose for merit and skill, rather than age/experience/titles, and were able to skillfully adapt and counter their enemies' every move."}, {"type": "sentence", "content": "Similarly, we see companies without diverse Boards and teams suffer losses and bankruptcy at the hands of new entrants."}, {"type": "subtitle", "content": "#2. Bad strategy can kill even the best products!"}, {"type": "image", "content": "https://miro.medium.com/max/11200/0*rMunEvyMfiJHqJdT"}, {"type": "sentence", "content": "Hope is not a strategy!"}, {"type": "sentence", "content": "Yudhishtira (the eldest Pandava) lost his kingdom, his family, and his honor because he chose to overlook other people's vices and conniving. He allowed himself to be lured into a game of gambling. He knew he was not as competent as that of his opponent, but he continued playing and assumed that good sense and his merits would prevail. Hence he failed miserably and went from Crown Prince to being exiled for 12 long years."}, {"type": "sentence", "content": "In the modern world, businesses need to remember that \"best-selling\" is not the best quality. Globalization has made the world very noisy, so being good alone is not a criterion for profitability. Every product, blog, or service needs a plan. You need a good strategy to win your customers' hearts and wallets."}, {"type": "subtitle", "content": "#3. Don't be a star performer on a losing team."}, {"type": "image", "content": "https://miro.medium.com/max/10368/0*XTNM-QLdd6DPgFmi"}, {"type": "sentence", "content": "It might be tempting to be a big fish in a small pond and lauded for your every move. You may even enjoy the perks of being the best in the short term. However, you will suffer negative consequences and losses in the long run."}, {"type": "sentence", "content": "If you can see your company/domain/niche is crumbling, get out while you can!"}, {"type": "sentence", "content": "In the Mahabharata, Karna is an expert archer and brilliant warrior. He knows he knows he is on the side of evil, but does not switch teams due to misplaced loyalties which ultimately becomes his downfall and death."}, {"type": "sentence", "content": "In modern times, hundreds of retail workers lost their jobs, even before Covid19 pandemic because they did not (or could not) predict the boom in online shopping would affect shopping in physical stores."}, {"type": "subtitle", "content": "#4. Life is unfair!"}, {"type": "image", "content": "https://miro.medium.com/max/9302/0*mLPNOK1XBFFtxPWP"}, {"type": "sentence", "content": "We are always taught to do the right thing, but unfortunately, life can throw curve balls that upset our best-laid plans. Even the best people may find themselves at crossroads where their faith and their morals are tested."}, {"type": "sentence", "content": "In the short run, it might be tempting to stray from the narrow path of righteousness, but it never works out in the long run. Good actions will always triumph over evil, even if it takes time."}, {"type": "sentence", "content": "Have you read the Mahabharata? Did you learn any other leadership lessons that were applicable to your own life?"}, {"type": "sentence", "content": "There are many other amazing lessons from this book. For more compelling reasons to read this book (even if you are not Indian), read this article below:"}], "topic": "leadership", "uuid": "3e1a39e9986c252038a3b3561cda075f361f2c1dc31760e90c68bc3b", "link": "https://medium.com/illumination/leadership-business-lessons-from-the-mahabharata-79c6e62d4c22"}