{"title": "Apache Hadoop for Big Data", "data": [{"type": "image", "content": "https://miro.medium.com/max/1956/0*duX8j9Lu_vtgcH88"}, {"type": "sentence", "content": "\ud83d\udc18 Apache Hadoop for Big Data | LinkedIn"}, {"type": "sentence", "content": "Big Data was the main reason for the emergence of Apache Hadoop. Humanity has never generated as much data as over the last 20 years at least. Because of this, we need new technologies, new software, new ways to process large data sets - Apache Hadoop is designed to solve this type of problem."}, {"type": "sentence", "content": "The platform focuses on clustering and processing large data sets, has numerous related projects, and allows you to do amazing things with data storage and processing."}, {"type": "sentence", "content": "Apache Hadoop is a free Apache Foundation project. It consists mainly of 3 modules:"}, {"type": "sentence", "content": "The platform focuses on clustering and processing large data sets, has numerous related projects, and allows you to do amazing things with data storage and processing. It also has related projects such as Apache Zookeeper, Avro, Hbase, Hive, Mahout, Apache Pig."}, {"type": "sentence", "content": "Enterprise systems, web systems, media, social, and others produce an impressive volume of data, reaching the dimension of daily petabytes. There is a vast wealth of information in this data, and many companies do not know how to get value from it. Most of this data is stored in an unstructured form - in very distinct and incompatible systems, languages, and formats."}, {"type": "sentence", "content": "These gigantic data sets have become a valuable source of information because the holders of this data are evaluated by the innovation of their applications and the data they maintain and, mainly, by the potential that the data can bring."}, {"type": "sentence", "content": "Google, for example, does not have a high added value only by its powerful algorithm of searching web pages and its numerous services available, but also to maintain a large volume of data from its users. It is this data that, when passing through analysis, tends to become valuable, allowing the creation of intelligent and well-targeted solutions to its users."}, {"type": "sentence", "content": "Another example where we can see a huge amount of data is on Facebook. Facebook initially used a relational database for data storage and a rapid expansion of data generation, making this structure inadequate. With about 3 billion active users and maintaining analytical information from these users, this number has already exceeded petabytes. Today Facebook is considered the largest social network globally and one of the valuable companies, generating around 100TB of data daily."}, {"type": "sentence", "content": "In 2011, IBM was the first to name the term Big Data. This term mentions not only the volume but also the variety and speed of the data. Because there are several generating features for this data, a huge variety of formats, some structured and some unstructured, arise."}, {"type": "sentence", "content": "Big Data applications make computing a mechanism to create solutions capable of analyzing large databases, processing heavy calculations, identifying behaviors, and providing specialized services in their domains, but almost always run into the computational power of today's machines - and can consume hours or days of processing in conventional architectures."}, {"type": "sentence", "content": "Although conventional computational resources are insufficient to keep up with the increasing complexity of new applications in a large evolution."}, {"type": "subtitle", "content": "Parallel Computing"}, {"type": "sentence", "content": "Driven by the high demand for computing and physical constraints of conventional architectures, parallel and distributed computing signals as an alternative to mitigate some of the great computational challenges. This computing model currently plays a key role in the processing and extracting of relevant information from big data applications."}, {"type": "sentence", "content": "This computation is typically performed on clusters, which are sets of common computers that add high processing power at a relatively low associated cost. Although parallel and distributed computing is a promising mechanism to support the manipulation of Big Data applications, some of its features are unused by new users."}, {"type": "sentence", "content": "Splitting a task into subtasks and performing them parallel across multiple processing units is not trivial, including, even if the size and division of subtasks are not well sized, can fully compromise application performance."}, {"type": "sentence", "content": "Also, the data engineer needs to extract dependency between application data, determine the load balancing and escalation algorithm for tasks, and ensure the efficiency of computational resource usage. Thus allowing recovery or non-interruption of application execution in case any machine fails."}, {"type": "sentence", "content": "The idea of promoting solutions to the challenges of distributed systems in a single framework is the central point of the Hadoop project. In this Framework, data integrity, machine availability, application scalability, and fault recovery occur transparently to the end-user. Besides, the Hadoop programming model and data storage system promote rapid processing, far superior to other similar technologies."}, {"type": "sentence", "content": "In addition to being consolidated in the business world, the Apache Hadoop Framework has also gained increasing support from the academic community, thus providing many scientific and practical studies."}, {"type": "subtitle", "content": "More Benefits of using Hadoop"}, {"type": "sentence", "content": "Hadoop is considered one of the best tools for storing and processing data in large quantities. Among the benefits of using Hadoop, we can highlight:"}, {"type": "sentence", "content": "1. Open-Source: Every successful free software project has an active community behind it. In the Apache Hadoop project, this community comprises several independent companies and programmers sharing their expertise in developing improvements, functionalities, and documentation."}, {"type": "sentence", "content": "Being open-source software, it has the principle of guaranteeing four freedoms to its users: to perform for any purpose, study how the program works, adapt it to their needs, redistribute copies of the program, and modify the program and distribute its modifications."}, {"type": "sentence", "content": "2. Economics: Because it is free software, it is possible to implement and develop applications running Hadoop without spending on license acquisition with relatively little effort. Another great benefit for those who make use of Hadoop is the possibility of processing large amounts of data using fully conventional low-cost machines."}, {"type": "sentence", "content": "There is another cost-effective alternative, given the existence of cloud services such as Amazon and Microsoft, which allow the execution of Hadoop applications without the need to deploy a cluster of machines themselves locally in the company network. In addition to the economic advantage, flexibility."}, {"type": "sentence", "content": "3. Scalability: Hadoop allows for relatively simple scalability. Changes to the environment imply minor modifications to a configuration file. Thus, preparing the environment containing 1,000 machines will not be much larger than if we had a cluster of only 10 machines."}, {"type": "sentence", "content": "The increase in data volume is only limited to the resources, disk space, and processing capacity available on cluster equipment without changing the data analysis application."}, {"type": "sentence", "content": "4. Robustness: another differential of Hadoop is because it was designed to run on common hardware. It already considers the possibility of frequent failures in this equipment and offers automatic recovery strategies for these situations. Thus, its implementation provides mechanisms such as data replication, metadata storage, and processing information that gives a greater guarantee that the application will continue to run even in failures on one or more cluster machines."}, {"type": "subtitle", "content": "Hadoop disadvantages"}, {"type": "sentence", "content": "Because Apache Hadoop is a constantly evolving recent Framework, some of its functionalities are not mature enough to support all the situations it is being used for. Also, another difficulty is added to the model inherent to the programming model in parallel. Some of these disadvantages are as far as possible, constantly being mitigated with each new version of Hadoop available."}, {"type": "sentence", "content": "1.Unique Master Node: Hadoop's traditional architecture uses multiple machines for data processing and storage. However, it contains only one Node Master; that is, Hadoop's way creates some central points of failure."}, {"type": "sentence", "content": "2. Small file processing: Small work is not a task to run on a large-scale focused framework such as Apache Hadoop. The additional costs imposed by the division and joining of the tasks and routines of the environment will make our execution unfeasible. Small tasks with small datasets will be useless."}, {"type": "sentence", "content": "3. Too much processing for a few data: problems with too many complex business rules or an extensive execution flow in a not too large data set will also not be good alternatives to becoming Hadoop applications. If our application requires much processing, too many business rules to check, and a small volume of data, the application should not run on Apache Hadoop."}, {"type": "sentence", "content": "Apache Hadoop is exactly for large volumes of data with relatively simpler applications, that is, with fewer business rules that must be verified, validated, and so on. Otherwise, we're just wasting computational resources."}, {"type": "sentence", "content": "And there we have it. I hope you have found this helpful. Thank you for reading. \ud83d\udc3c"}], "topic": "artificial-intelligence", "uuid": "3f053107239f8d518b06f451bb2feb15a111a2cfeb554fc555e51439", "link": "https://ai.plainenglish.io/apache-hadoop-for-big-data-26dbdd75b3d6"}