{"title": "Teachers Are Very Precious", "data": [{"type": "subtitle", "content": "SELF"}, {"type": "subtitle", "content": "Background"}, {"type": "sentence", "content": "Thank You Notes has invited us to write for it. Trista Signe Ainsworth who has started this publication is very keen to instill the feeling of thankfulness and has prompted us to write a letter to a teacher who was very helpful and from whom we learnt something."}, {"type": "sentence", "content": "I look up to some people who have taught me a lot of skills that have been very useful in my life."}, {"type": "sentence", "content": "The first teacher that I remember was when I was only twelve years old. I used to enjoy her class a lot. This was in the formal set up and I don't remember clearly but it must have been the seventh class."}, {"type": "sentence", "content": "This was Ms. Bird. She was gentle, always smiling, and very patient in class. She was an Irish lady who had settled down in India."}, {"type": "sentence", "content": "I used to study in Loreto Convent, Ranchi. It was a small town and this was considered to be the best school there. At that time it was coeducation in the junior classes and the boys used to branch out after the eighth class to Saint Xavier's School."}, {"type": "sentence", "content": "I loved the teachers and the students. It was the most beautiful time of my life. The principal Mother Pauline was also a very gentle lady. She used to wear the nuns' habit."}, {"type": "subtitle", "content": "Introducing Ms. Bird"}, {"type": "sentence", "content": "When Ms. Bird came to class we would all have a lot of fun. We used to laugh a lot and she also laughed. The corners of her lips would first smile and then it became a wider smile and then she would laugh and make us laugh."}, {"type": "sentence", "content": "She used to teach us Elocution and Cursive Writing."}, {"type": "sentence", "content": "These days both these subjects are absent in the classroom. Children have atrocious writing. You cannot read a word of what they write. They prefer the computer to write for them and I will not blame them for we have also become slaves of the same technology."}, {"type": "sentence", "content": "Elocution these days is also far-fetched. The students mostly speak language half of which you do not understand."}, {"type": "sentence", "content": "I still think that I was fortunate to be taught both elocution and cursive writing and whenever people compliment me for good writing which is not so good anymore but better than many I have to thank Ms. Bird."}, {"type": "sentence", "content": "Similarly, Elocution was a fun class and I learnt to pronounce and lay stress on vowels, etc..."}, {"type": "sentence", "content": "Now that you have the background before you I am ready to write a letter to Ms. Bird as prompted by Trista Signe Ainsworth"}, {"type": "subtitle", "content": "Letter thanking Ms. Bird for learning something valuable from her."}, {"type": "sentence", "content": "Dear Ms. Bird,I have not been in touch with you. Several years have passed but I have never forgotten you."}, {"type": "sentence", "content": "Whenever I see a gentle and kind person I remember you."}, {"type": "sentence", "content": "You taught me to smile, laugh, and have fun in life. You also taught me to interact and cooperate with my peer group and embrace diversity and not isolate people for their caste, creed, or colour."}, {"type": "sentence", "content": "These were some values you taught me and other students."}, {"type": "sentence", "content": "You taught us Cursive Writing and Elocution. I am proud of possessing these beautiful skills which made me confident to face the world."}, {"type": "sentence", "content": "Seeing you in the service of Indians and settling down in India even though you were Irish and being so gentle with us taught me to love people and offer gratitude to God."}, {"type": "sentence", "content": "You were truly a teacher with values and exemplary in every way and moulded my life."}, {"type": "sentence", "content": "Today I thank you with folded hands and wish to honour you and tell you how much I love you."}, {"type": "sentence", "content": "with regards,"}, {"type": "sentence", "content": "Preeti"}, {"type": "sentence", "content": "Thank you Trista Signe Ainsworth for giving me this opportunity to say thanks to my teacher."}, {"type": "sentence", "content": "I also sincerely wish to thank you for the thank you note that you sent to me two weeks ago."}, {"type": "sentence", "content": "\u00a9Dr. Preeti Singh, 2021. All rights are reserved by the author."}], "topic": "education", "uuid": "3ff8b7ba57475af7ddc36591e414144029cbc7e05f11398b41d62b68", "link": "https://medium.com/thank-you-notes/teachers-are-very-precious-46117418a683"}