{"title": "5 Reasons Freelance Writing Clients Can Disappear", "data": [{"type": "image", "content": "https://miro.medium.com/max/1920/0*-qwxWz5lY1z_1dh3.jpg"}, {"type": "sentence", "content": "Freelance writing can be a shaky business."}, {"type": "sentence", "content": "One of the most valuable lessons I've learned during my five years working as one is this: the most important time to market yourself is when you're too busy to do so."}, {"type": "sentence", "content": "Better yet - don't allow yourself to get to that point. Make sure there's enough time in your workweek when you're not working on client deliverables."}, {"type": "sentence", "content": "https://www.business2community.com/strategy/the-key-time-to-market-yourself-as-a-freelancer"}, {"type": "sentence", "content": "Why does pipeline development matter so much?"}, {"type": "sentence", "content": "Because almost no business achieves perfect retention - and that certainly includes freelancers. Some churn is inevitable."}, {"type": "sentence", "content": "The adage that client acquisition costs more than retention bears true for freelancers too - so do everything in your power to keep the good customers on your book of business. But if you freelance for any length of time, you're likely to find that finding new clients is a periodic fact of life."}, {"type": "sentence", "content": "To underscore why this is so, here are some reasons that clients vanish that I'm familiar with (the list is almost certainly incomplete)."}, {"type": "sentence", "content": "Keep those pipelines full so that the next time a client reaches for the exit door, you won't be left high and dry."}, {"type": "subtitle", "content": "You Were Working On A Finite Lifespan Project"}, {"type": "sentence", "content": "Personally, I think it's always worth taking a few moments before committing to any project, as a freelance writer, to clarify expectations."}, {"type": "sentence", "content": "One question you should always be asking - if only sometimes to yourself - is \"does this project have a shelf life?\""}, {"type": "sentence", "content": "Put yourself in the client's shoes for a moment and ask yourself why clients hire freelancer writers."}, {"type": "sentence", "content": "One reason is that freelance writers are expendable resources. They can be hired ad-hoc. Small businesses and those who are cost adverse don't typically have to worry about committing to expensive monthly retainers when hiring them."}, {"type": "sentence", "content": "Don't be caught off-guard."}, {"type": "sentence", "content": "If a client comprises a significant chunk of your income (and remember: that chunk should never be too significant) be on the watch for any signs that your project might be on the rocks."}, {"type": "sentence", "content": "What you can do:"}, {"type": "sentence", "content": "Sound out questions to clarify what your client is thinking in terms of whether to continue using freelance resources. If they're thinking about taking a project back in-house, it might be time to line up replacement options."}, {"type": "subtitle", "content": "The Client Hires Your Job Away"}, {"type": "sentence", "content": "Many freelance clients carefully weigh up the costs of using freelance resources against the cost of adding another (in house) team member to the roster."}, {"type": "sentence", "content": "Using freelancers in place of new hires is certainly generally cost-effective. For one, those hiring them don't have to pay benefits. Nevertheless, there may come a tipping point at which a client decides that it's more economical to bring on a new member to the team rather than continue using a freelance writer or a team of them."}, {"type": "sentence", "content": "During my time freelance writing, I've seen:"}, {"type": "sentence", "content": "Clients can also choose to subsume your job, as a freelance writer, into the workload of another resource, such as an in-house content writer."}, {"type": "sentence", "content": "What you can do:"}, {"type": "sentence", "content": "Be wary of hiring sprees particularly for jobs that could replace whatever contribution you're making as a freelance writer. This could signal that your contract is about to come to an end."}, {"type": "subtitle", "content": "The Client Hates Your Work"}, {"type": "sentence", "content": "Not every freelancer - client relationship is a match made in heaven."}, {"type": "sentence", "content": "If you freelance for any length of time, you're likely to run into clients who seem to positively hate what you do or how you write."}, {"type": "sentence", "content": "Of course, in an ideal situation this would be avoided. Clients commonly ask to see writing samples in order to assess your style."}, {"type": "sentence", "content": "Nevertheless, you're likely, during your freelance writing career, to come into contact with a client that stops liking your work."}, {"type": "sentence", "content": "Freelance writers will differ in their approach to how to handle these situations."}, {"type": "sentence", "content": "Some - like me - would argue that trying to please a seemingly implacable client is a waste of time and only likely to lead to stress and mental anguish. Others - especially those who can't afford to tun away paying work - will advocate putting up with the client for the time being."}, {"type": "sentence", "content": "In any event, that decision is likely to be taken out of your hands at least once during your freelancing career. Clients sometimes fire writers. Other times they opt for the ghosting and stop sending work approach. Either way be prepared for it."}, {"type": "sentence", "content": "What you can do:"}, {"type": "sentence", "content": "Regard any client who seems to have taken a strong disliking to your work as being on very thin ice. These accounts are in danger of ending at any moment. Consider lining up replacements."}, {"type": "subtitle", "content": "Your Account Manager Was Fired / Changed Jobs"}, {"type": "sentence", "content": "In an ideal world, when your account manager / point of contact changes jobs (or is fired) there would be a seamless handover to his/her replacement."}, {"type": "sentence", "content": "Unfortunately for us freelance writers, things don't always work out so smoothly:"}, {"type": "sentence", "content": "What you can do:"}, {"type": "sentence", "content": "Remember that companies are not under any obligation to continue using your services, particularly after a change of guard has happened. Nevertheless, if you wish to keep the client, do everything to ensure that the handover happens and make sure that the new account manager / content manager knows who you are and what you write about. Try to push for a meeting if possible to brief the new hire on what you can bring to the table."}, {"type": "subtitle", "content": "A New Freelancer / Agency Poaches Your Work"}, {"type": "sentence", "content": "Some clients that use freelance writers are cost-sensitive."}, {"type": "sentence", "content": "Here's the thing about \"price buyers\" and why it's generally good business sense to avoid them: if they hire you because you're cheap, they'll fire you the moment they can find somebody cheaper."}, {"type": "sentence", "content": "Freelance writing clients may vanish off the face of your book of business if:"}, {"type": "sentence", "content": "What you can do:"}, {"type": "sentence", "content": "Living in fear of losing every client on your books isn't the way to run a freelance writing business."}, {"type": "sentence", "content": "Nevertheless, it's prudent to remember that there are many reasons - including the above - why your contracts might come to an end."}, {"type": "sentence", "content": "Some are entirely outside of your control and have nothing to do with your performance. Which means that even if you play your cards right and produce superlative work, your client could go out of business, pivot away from content marketing, or decide to stop using freelancers."}, {"type": "sentence", "content": "Consider the above tips to help mitigate some of the risk involved in running a freelance writing business and prepare for the unexpected."}, {"type": "sentence", "content": "The best and most effective way of keeping out of \"trouble\" - in my opinion - is developing a strong marketing pipeline that trickles down new leads periodically which you can convert into clients with a reasonable degree of effort. This will allow you to replace the clients who inevitably drift away."}], "topic": "freelancing", "uuid": "42f487e2105745aa34cbae3a258e48a51f0e0d8203466436f568dffd", "link": "https://medium.com/freelance-writing/5-reasons-freelance-writing-clients-disappear-dc2c5c78cb96"}