{"title": "People Cheer for Brands That They Know They Can Trust", "data": [{"type": "sentence", "content": "Good relationships are built on honesty. This applies to business and marketing as much as it does to other personal engagements whether online or off."}, {"type": "sentence", "content": "That's why a huge percentage of consumers say authenticity is important when selecting which brands they like and support."}, {"type": "sentence", "content": "No one knows that better than Smita Poojary. The digital marketing specialist is adept at business-to-business engagements that owe their success to mutual authenticity and trust, which she explained during an Africa Tweet Chat."}, {"type": "sentence", "content": "\"When I started in business, I thought you needed to be perfect at things before you can start anything,\" she said. \"My perception has changed to start, try, make mistakes, learn quickly and improve. There is no such thing as perfect.\""}, {"type": "sentence", "content": "Her newfound comfort with experimenting has carried over to ways brands can ensure consistency in online and offline platforms."}, {"type": "sentence", "content": "One suggestion is to create content in your own voice without putting on airs from one channel to the next. If you speak truthfully from the heart, you won't have to worry about what platform you're speaking on."}, {"type": "sentence", "content": "Poojary has developed these guidelines:"}, {"type": "subtitle", "content": "Backing Up Their Words"}, {"type": "sentence", "content": "Throughout the content-creation process, brands need to show they practice what they preach. People look for and appreciate action and results. Be open about what you do and how you engage with others. Observers will verify your efforts."}, {"type": "sentence", "content": "\"Look for employee feedback and customer satisfaction ratings along with their reviews,\" Poojary said. \"Beyond that, you demonstrate how well you engage through yearly annual reports and performance reviews, decisions senior leaders take on issues, awards, recognition, affiliations and partnerships.\""}, {"type": "sentence", "content": "In the age of corporate scandals, it's painfully obvious that not all \"authentic\" brands are honest."}, {"type": "sentence", "content": "\"I've seen many examples of data breaches when the company will not inform users,\" Poojary said. \"Eventually they have to manage the crisis and tell everyone. The Cambridge Analytica scandal comes to mind.\""}, {"type": "sentence", "content": "Brands occasionally take an approach to under promise and over deliver to boost their authenticity. Setting a low bar is a gamble because competitors won't have to aim high to catch customers before you can reach them."}, {"type": "sentence", "content": "With that in mind, Poojary sees benefits for brands that manage this tactic well:"}, {"type": "subtitle", "content": "Thanks From Users"}, {"type": "sentence", "content": "User-generated content might be marketing's unsung hero. If unprompted, it's the most believable word-of-mouth endorsement. Those particular consumers felt moved to endorse the brand on their own initiative. It's a priceless free advertisement."}, {"type": "sentence", "content": "\"It's not only free but genuine product or service feedback,\" Poojary said. \"It helps you reach a wider audience while increasing brand trust. User-generated content is the online version of word-of-mouth marketing. Through that, a brand builds a wider, engaged community.\""}, {"type": "sentence", "content": "All of that drives her favorite quote about brand authenticity and consistency from billionaire entrepreneur Jeff Bezos: \"Your brand is what other people say about you when you're not in the room.\""}, {"type": "sentence", "content": "About The Author"}, {"type": "sentence", "content": "Jim Katzaman is a manager at Largo Financial Services and worked in public affairs for the Air Force and federal government. You can connect with him on Twitter, Facebook and LinkedIn."}], "topic": "marketing", "uuid": "44e8400cef6a4643e53926a5cf8b7f43bc8a2327d62cac2f6b071439", "link": "https://medium.datadriveninvestor.com/people-cheer-for-brands-that-they-know-they-can-trust-13c5ef895c40"}