{"title": "Oh No, Yet Another \"Here's How Much I Made Last Month\" Cringe Story", "data": [{"type": "image", "content": "https://miro.medium.com/max/6974/0*Ssxatb6mp3bFwXtl"}, {"type": "sentence", "content": "If you are a Medium member reading this, I am sure your home page has at least one story titled \"Here's How much I made last month/week/year.\""}, {"type": "sentence", "content": "They tempt you to click on the story. Eventually you do. And before you know it, you're being recommended more and more of these stories."}, {"type": "sentence", "content": "I'm still relatively new to Medium, having joined in late November 2020. However, I became addicted to these articles within the first few weeks.The algorithms showed me more stories like this as I read more. This made me realize that such stories account for a sizable portion of Medium's content."}, {"type": "sentence", "content": "But why is this the case?"}, {"type": "sentence", "content": "Why are so many people dying to tell us how much they made, followed by generic advice which seldom works? Is it out of kindness to help other humans by giving away their own secret to success?"}, {"type": "sentence", "content": "Don't get me wrong, I have nothing against people who share genuine writing advice on Medium."}, {"type": "sentence", "content": "I have benefited from it."}, {"type": "sentence", "content": "However, there is a lot of content that borders on clickbait with titles like \"I tripled my Income in a Month, Here's How,\" only to find out the person went from making $2 a month to $6 a month. There's nothing wrong with earning $6 per month as a side hustle!"}, {"type": "sentence", "content": "I'm not here to trivialize earnings."}, {"type": "sentence", "content": "My goal is to take a deep dive into the psychology behind writing these articles and what makes them popular on Medium."}, {"type": "sentence", "content": "This isn't restricted to Medium."}, {"type": "sentence", "content": "On YouTube, there are countless videos about how to make money. Not to mention the dubious online courses on passive income that cost you only $997."}, {"type": "sentence", "content": "To understand the motivation behind such articles, videos, blogs, and newsletters, we must travel back in time to 1849 California during the gold rush."}, {"type": "subtitle", "content": "Selling Shovels in a Gold Rush"}, {"type": "image", "content": "https://miro.medium.com/max/11232/0*CL_EvFM4Qleoj715"}, {"type": "sentence", "content": "In 1849, when the California gold rush began, there were many individuals who got rich. But only a few of them from the gold. Those who made it big sold miners the tools they needed, such as pickaxes, shovels and clothing. One such fortune maker was Levi Strauss, who is credited with inventing the modern jeans."}, {"type": "sentence", "content": "These entrepreneurs were cautious and well-versed in the industry. We have now dubbed their method \"pick and shovel play\" as a well-defined investment technique. \"Pick and shovel investing\" involves investors backing industries that sell tools or services rather than products. In other words, rather than the final product, investors back the suppliers."}, {"type": "sentence", "content": "Although very few gold miners struck gold, everyone required a shovel, pickaxe and clothing to mine. Everyone."}, {"type": "sentence", "content": "Money is the modern-day equivalent of gold."}, {"type": "sentence", "content": "With the COVID-19 pandemic and rising job losses, more people are looking for alternative sources of income. It could be to supplement their current income or to start a new full-time job."}, {"type": "sentence", "content": "As a result, during the \"money\" gold rush of the 2020s, talking about making money is the new shovel."}, {"type": "sentence", "content": "Let us take the example of Medium. The gold is its partner program, which rewards content creators, and the shovel is a story titled \"How I made $ X last month.\""}, {"type": "sentence", "content": "But are such stories indeed the shovel? Or pretending to be one?"}, {"type": "subtitle", "content": "Why Are Writers so Eager to Share Their Secrets?"}, {"type": "image", "content": "https://miro.medium.com/max/9184/0*lKY7I1ZNPv95UqvS"}, {"type": "sentence", "content": "According to Medium, 6-8% of its writers earn more than $100 per month. This was before the growth of the number of writers who joined the partner program by 106% in 2020. This can explain why many writers have voiced their concerns over lower earnings in 2021."}, {"type": "sentence", "content": "So, where does all the \"I tripled my income\" and \"I earned $2200 from a single story\" come from?"}, {"type": "sentence", "content": "Yes, you guessed correctly, they are the shovel in the money \"gold rush\"."}, {"type": "sentence", "content": "These articles are written to get people to read them, but they also help the writer make money. For every $2200 article, the writer may have earned only a few dollars for the rest of their work. And the upcoming viral article will most likely be \"How I Earned $2200 from a Viral Article\"!"}, {"type": "sentence", "content": "Confused?"}, {"type": "sentence", "content": "Let me explain: the articles that explain how to make more money on Medium are the ones that are making money. That is why, whenever you log in, you will see them on your homepage."}, {"type": "sentence", "content": "The more you read such articles, more the algorithms will recommend you similar stories."}, {"type": "sentence", "content": "Don't get me wrong: there are some authors who do an excellent job of selling useful shovels. I've discovered some intriguing leads, some of which I've pursued, and others that I've saved for later. However, the vast majority of these articles are about the author's partial success story and offer generic advice."}, {"type": "sentence", "content": "They have a great hook and headline that draws readers in, only to find out that the advice rarely works."}, {"type": "sentence", "content": "We already know that writers will be compensated based on advice that adds value, and a catchy headline helps. The readers are not gullible."}, {"type": "sentence", "content": "Readers will eventually realize that the primary purpose of these articles is to sell the dream of a steady income. Selling the dream is where the money is.There is a wealth of information available to help you improve your writing and market your brand. They will benefit you whether you are a hobbyist or a professional writer."}, {"type": "sentence", "content": "However, clickbait-style articles that promise the moon and stars but fail to deliver are useless."}, {"type": "sentence", "content": "We can see why you do it. Hence, please refrain from doing so."}, {"type": "subtitle", "content": "The Takeaway"}, {"type": "sentence", "content": "There are more effective ways to sell a shovel. Medium is a writing platform; assisting people in improving their writing is a valuable addition.Again, this comes with practice. If you started writing last year and are looking for general writing advice, it is not a shovel. You're only thinking about yourself."}, {"type": "sentence", "content": "Profit, but sell the shovel. Perhaps you began writing last year but had to manage global teams to complete projects. Or perhaps you have 20 years of experience in home decorating."}, {"type": "sentence", "content": "Share your knowledge. Please express your thoughts. Maybe you're a great entertainer who was always the witty one in your group of friends. Humor is a suitable subject to write about."}, {"type": "sentence", "content": "Write something other than \"How I increased my income from writing by 5X,\" only for the reader to discover you used Grammarly and a headline analyzer to go from $1 to $5 a month."}, {"type": "sentence", "content": "It feels disingenuous."}, {"type": "sentence", "content": "The fastest way to fade into anonymity is by lacking integrity. Don't be that person."}], "topic": "freelancing", "uuid": "47d6542573e7cf3fe28f0f269d9f45b75a93ed7f73b5666544ea0dfc", "link": "https://medium.com/writers-blokke/oh-no-yet-another-heres-how-much-i-made-last-month-cringe-story-8ad03acb83f8"}