{"title": "Innovation at the speed of market trends", "data": [{"type": "sentence", "content": "In average, a new Product that sell need 18 months to develop, another 12 months to maintain, thus total 5 years to sustain and scale out and become a mature product."}, {"type": "image", "content": "https://miro.medium.com/max/7110/1*I5sCYbhtFgmzvFQLOeARCw.jpeg"}, {"type": "sentence", "content": "Here, \"new product that sell\" mean, not the upgrade version nor the 100% fully spec just need to convert into code, nor product with very low users. There might be concern of using new technology and faster develop lifecycle, to make the time taken shorter. But at least need to invest time to known the problem the product going to solve, choose the right market, plan the go to market business model, channel building, many trial and error in technology and solutions that involved, not only fixing the bug in the code."}, {"type": "sentence", "content": "Hit products are like butterfly, been praised by everyone around it. Like butterfly it take time from caterpillars to turn into butterflies."}, {"type": "sentence", "content": "Needless to say, this is one of the worse scenario for development team, find out late about the trend have shifted. There are endless risk, like competitor rollout alike product, challenge of main technology used, issue with trust within team, customer ever changing taste, legal & compliance changes, mentally burnout, dry bank account, ..."}, {"type": "sentence", "content": "Err, enough pessimistic in this pandemic, let's think brighter side. And some solutions."}, {"type": "subtitle", "content": "Leverage Available Technology"}, {"type": "sentence", "content": "A decade ago, applications need developer to write code days and nights. These days, there are tons of low code no code framework let you create applications. A decade ago, you have to setup your servers that host the codes, administering database and busy with days to days operation. These days, just use APIs, hosted database, platform as a service, and orchestration tools. A decade ago, you have to build marketing, sales management, customer support by yourself. These days, just use SaaS app that can start working on the same day you sign up."}, {"type": "subtitle", "content": "Choose your Market landscape"}, {"type": "sentence", "content": "Product - market match is important for every product development company. If the product don't match the market, no user, what for? Worst case is market give negative feedback. There are possible that wrong market, bu most of the time it is the main problem the product try to solve is not inline with the reality on the ground."}, {"type": "sentence", "content": "Picking up ether Enterprise market or Consumer market is also tough, it is more the decision which market you want to serve. Because the product features and nature is different. Even Enterprise market, big corporation and Small and Medium business market is different. They are different not only product features and quality, but also the channel use to reach to the customers, values perceived from customers, expected support response, self-serviceable, price structure, and customizablity."}, {"type": "subtitle", "content": "Sensing Emerging Trends"}, {"type": "sentence", "content": "Newer Technology create new products. Look at internet. Because of internet, it come with product made in internet world like Yahoo!, eBay, Amazon, YouTube, Netflix. Otherwise we might live different lifestyle of communicating, buying, entertaining. Because of 3G and touch screen married with mobile phone, there comes smartphone (iPhone, Samsung Galaxy, Google Pixel, etc). And then App."}, {"type": "sentence", "content": "Some trends depend on user experience, without prior experience you might not prefer the next hit product. When iPhone was out, for sure it was better than blackberry and Nokia, but without blackberry and Nokia user might not able to relate what Steve Jobs was doing with his demonistration. Or even Steve Jobs won't come with that game changing presentation."}, {"type": "sentence", "content": "Also in the game industry, title that favour network, strategy, VR, or AR is also the shift in trends. So does game consoles: from TV projection, joystick, handheld, VR headset, to AR and wearable, we can see the trends go along with technology and experience."}, {"type": "sentence", "content": "The emerging trends can see in Enterprise product also. Buy once use lifetime shift to pay-as-you-goes, buy to own shift to Software-as-a-Service, on-premise shift to cloud. Once independent IT products are become more interconnected, integratabtle, autonomous with Machine Learing to give ubiquitous experience."}, {"type": "subtitle", "content": "Predicting Future"}, {"type": "sentence", "content": "Although I cannot predict what will happen tomorrow, I do want the program inside the computer to predict the future with the data feeds. The Predicting Future is around us for a while, just remember we watch weather forecast on TV everyday, even we all have experience of prediction come out not as expected."}, {"type": "sentence", "content": "In new world business with advancement of IT, Prediction is the reason why we are doing with developing system, data warehousing, data science workbench, tons of analysis, visualization, and get result in term of business decision support insights."}, {"type": "sentence", "content": "Business are building their expert system with data feeds, the more data you have, the more prediction you can with the help of data science and AI on the future, which in turn bring you more profitability, then you will have more power to get data from wider perspective. The circle goes on, and the business will be almost like God."}, {"type": "subtitle", "content": "Validate Your Solution"}, {"type": "sentence", "content": "On the Journal to make good and sustainable product, Validate the solution in every step is unavoidable steps. Validation is not the testing phase at the end of production before UAT, it is too late the product might not have features to solve the problem, because market trend is dynamic."}, {"type": "sentence", "content": "Before actual spending a few months of development process, should validate the solution sure to solve the problem. Validate at early stage, while time and money spending is low. validate along the process, and don't lost track of the problem."}, {"type": "subtitle", "content": "Process"}, {"type": "sentence", "content": "Most issue with the business application is related to the actual business process on the ground, not the binary information in the application product. The process issue is easier to talk than solve. There are many reluctance to change process that has been accustom to do."}, {"type": "sentence", "content": "As the market trends and needs from customer is always changing, development process must be agile. Specification features, data source, workflow, API pipeline might change anytime, and the project management should be agile with this. Usually this area can only be well explained along with the timeline, dymatically."}, {"type": "subtitle", "content": "build roadmaps, white paper, community involvement"}, {"type": "sentence", "content": "While you have a product ready to go market, one way of spreading is through building the trust and involvement with customer. This method is much effective than spending high budget on marketing activities like advertising campaign and launch party that go no where. There should be marketing activities but awareness won't let customer pay for it, let alone loyalty."}, {"type": "sentence", "content": "In tech world, with the roadmaps, customer know what to be expected, and support the product with better points in comparison to competitors. Sharing underline technology in white paper ways, drew scholar and researcher to the table and can inline perspective of problem solving. Red Hat start with community edition flavour of Linux, and become one of the most famous examples of open source software that also have commercial success."}, {"type": "subtitle", "content": "Total Cost of Ownership"}, {"type": "sentence", "content": "Building a good product don't stop at just when the product is ready to use. But development team usually burnout at this stage. Maintaining the code is as much important as building the first release. May be 200% more imporant. Along with user feedback, features might to be enhanced, weakness need to be overcome, bug might need to be fix."}, {"type": "sentence", "content": "User report need to provide proper support, tracking each report and close the ticket, if they are paying customer, otherwise revenue will be affected. Then comes the need of manpower assign in support team, and this better be all aspect from sales, implementation, support, developemnt."}, {"type": "sentence", "content": "So the process of Maintaining the products and user support might need to put in the part of business. The cost of operating this become the total cost of ownership. It's vital and wihtout this part product cannot be success."}, {"type": "subtitle", "content": "Last words"}, {"type": "sentence", "content": "Development process and technology need to innovate, inline with broder aspect, act timely to deliver products that were needed by the market. Early bird, with innovation, get the worm!"}], "topic": "startups", "uuid": "4847cac3c11eb462b4804de4bda58262a9b7c9f0c782c02d6fdb25fe", "link": "https://akhlaing.medium.com/innovation-at-the-speed-of-market-trends-4a0a4259fd82"}