{"title": "The Biggest Scam in America", "data": [{"type": "image", "content": "https://miro.medium.com/max/5120/1*sPzhmI7t55qx1H4rnBNB5g.png"}, {"type": "sentence", "content": "It was a good feeling - if only for a few seconds."}, {"type": "sentence", "content": "I grabbed my diploma, shook our president's hand and smiled vaguely at the cameras. It was over, finally."}, {"type": "sentence", "content": "The rest of the communication school stood on that graduation stage like uniformed soldiers. Everyone beamed with elation. No more midterms or 20-page papers. No more bullshit work. We were onto the real world. Hooah!"}, {"type": "sentence", "content": "Today was the best day of our lives."}, {"type": "sentence", "content": "And tomorrow was the worst."}, {"type": "subtitle", "content": "Post-College Depression"}, {"type": "sentence", "content": "When you first grab that diploma you're on top of the world. The underclassmen look up to you, your family couldn't be prouder, and society has dictated that this, this moment will forever change your life."}, {"type": "sentence", "content": "It's a big fat lie."}, {"type": "sentence", "content": "The next day you're back at the bottom."}, {"type": "sentence", "content": "You're a barista at Starbucks, a panini maker at Panera Bread, a pornstar on Onlyfans, or welcoming more debt as you tackle your Master's degree."}, {"type": "sentence", "content": "\"Post-college depression\" is the hidden cost of a college degree. It's a mixture of uncertainty, debt, and a lack of skills that college should have provided."}, {"type": "sentence", "content": "The Red Queen from Alice in Wonderland once said this about progressing through life, \"My dear, here we must run as fast as we can, just to stay in place. And if you wish to go anywhere you must run twice as fast as that.\""}, {"type": "sentence", "content": "Post-college depression, however, sets you miles back. And some aren't ever able to recover."}, {"type": "subtitle", "content": "Falling Down The Rabbit Hole"}, {"type": "sentence", "content": "The American Psychological Association reports on average, millennials and young adults experience the highest level of stress than any other generation."}, {"type": "sentence", "content": "And that stress can be attributed to three primary factors perpetuated by college institutions: debt, social media obsession, and a lack of direction."}, {"type": "sentence", "content": "\"It's so easy to fall into a hole. College does nothing to prepare you for a 9 to 5, real-working life,\" said 26-year-old and fellow Ramapo college alumnus Giancarlo Sepulveda. \"You're thrown into a world of paying bills, looking for jobs and you gain a newfound respect for adults who have been doing this for years.\""}, {"type": "sentence", "content": "It's funny Giancarlo said that. It reminded me of saying something when you're older and sounding just like your parents."}, {"type": "sentence", "content": "Life is cyclical like that."}, {"type": "subtitle", "content": "Student Loans, The Secret Few Know About"}, {"type": "sentence", "content": "Giancarlo was a few years ahead of me, and warned me early on about finding a job in my Senior year. He told me that college debt is worse than I thought."}, {"type": "sentence", "content": "College debt is indentured servitude, he explained."}, {"type": "sentence", "content": "I found a Jordan Peterson lecture that expanded on this -"}, {"type": "sentence", "content": "\"It's part of the reason that universities don't make more demands on their students,\" said Peterson. \"Why the hell would you chase them out? They're $100,000 or more. Let them do whatever they want.\""}, {"type": "image", "content": "https://miro.medium.com/max/650/1*mIhNjndL-WzuevxHzlvlaw.png"}, {"type": "sentence", "content": "You cannot declare bankruptcy on your student loans, unlike most forms of debt. The process of halting payments on your student loans is much harder than if it was for your credit card debt, for instance."}, {"type": "sentence", "content": "It's counterintuitive to lump massive amounts of debt onto your youngest population, but colleges don't care."}, {"type": "subtitle", "content": "The Stats"}, {"type": "sentence", "content": "And in case you were wondering what the latest statistics on student loan debt are, here's what Forbes recently published -"}, {"type": "sentence", "content": "\"The latest student loan debt statistics for 2021 show that there are 45 million borrowers who collectively owe nearly $1.7 trillion in student loan debt in the U.S."}, {"type": "sentence", "content": "Student loan debt is now the second-highest consumer debt category - second only to mortgage debt and higher than debt for both credit cards and auto loans.\""}, {"type": "subtitle", "content": "Smartphones Make Depression Worse"}, {"type": "sentence", "content": "In 2019, more than 4 in 5 adults in the U.S. report that they constantly check their email, texts, and social media accounts, according to a recent APA report."}, {"type": "sentence", "content": "\"How could you not?\" Giancarlo told me years ago. \"Job searching and networking is so overwhelming in the internet age, and there's really no way to go about it without being locked into technology.\""}, {"type": "sentence", "content": "Teaching responsibility and self-discipline are two skills sorely missed in college. Furthermore, these skills could easily be taught in Freshman courses. They are more important than ever as you attempt to stave off technologically-based influences like these-"}, {"type": "sentence", "content": "\u27b0Unhealthy foods which are advertised to you constantly."}, {"type": "sentence", "content": "\u27b0Endless entertainment that is embedded into the very fabric of society."}, {"type": "sentence", "content": "\u27b0Pornography and hypersexualized images which create a group of young adults who are addicted to masturbation and sex."}, {"type": "sentence", "content": "It's like \"Blade Runner\" in real life. Except there's no credit sequence. This horrifying dystopian hellscape is here to stay."}, {"type": "sentence", "content": "Satya Byock, a psychotherapist based in Portland, who primarily treats millennials, believes it's inevitable that younger generations will experience a long period of confusion and uncertainty because of spending so much time engulfed in our tech worlds."}, {"type": "subtitle", "content": "Critical Race Theory"}, {"type": "image", "content": "https://miro.medium.com/max/1280/1*aXOtjvGJt5WP7iRWrOx9hg.png"}, {"type": "sentence", "content": "Did you know almost the entirety of all college professors are all politically left-leaning?"}, {"type": "sentence", "content": "Years ago, hiding your bias as a college professor was a point of pride. Now the tables have turned. There's only one narrative in college institutions, and professors announce it proudly."}, {"type": "sentence", "content": "I had a class where we solely learned about the dangers of White Privilege. Being the only Black person in that classroom alienated me completely. My professor would ask what my point of view was as a Black man."}, {"type": "sentence", "content": "It was embarrassing, and easily the most racist thing I've ever experienced."}, {"type": "sentence", "content": "Learning about White Privilege didn't equip me, or any of my classmates, with skills that we needed for life. It just set us up with subjective ideologies. Subjective ideologies and debt."}, {"type": "subtitle", "content": "A lifetime of debt for an ideology. Seems fair."}, {"type": "sentence", "content": "White Privilege class - or Readings in the Humanities, as it was called - is not the only bullshit course offered in most universities."}, {"type": "sentence", "content": "The Power of Whiteness, Feminist Economics, Queering the Bible, Rednecks, Queers, and Country Music, and the fan-favorite Underwater Basket Weaving are all available at several American universities."}, {"type": "sentence", "content": "This isn't to say any of these things aren't interesting on your own time. Maybe they are."}, {"type": "sentence", "content": "But higher education is built towards landing you a job and making you a critical thinker capable of understanding all sides of important political issues; not saddling you with debt and a one-sided ideology."}, {"type": "sentence", "content": "Sorry, if you feel triggered now."}, {"type": "subtitle", "content": "The Takeaway"}, {"type": "sentence", "content": "College used to make you dangerous. An intellectual tour de force. As Jules Winfield from \"Pulp Fiction\" would say, a bad motherfucker."}, {"type": "sentence", "content": "It's why Black intellectuals like W.E.B. Du Bois and Booker T. Washington fought to attend university in the 19th-century. Du Bois and Washington were bad motherfuckers."}, {"type": "sentence", "content": "Conversely, college does still make you dangerous."}, {"type": "sentence", "content": "Dangerously stupid."}, {"type": "sentence", "content": "The sliver of relevant college majors like computer programming, UI/UX design, engineering, or finance can easily be learned online or at a Bootcamp for a fraction of the cost."}, {"type": "sentence", "content": "All that's missing now is a reliable accreditation system for these autodidactic students. Although, some of these websites provide that too. And once Google starts handing out more online certificates it's game over."}, {"type": "sentence", "content": "In summation, you reap what you sew. And colleges are in for a rude awakening after my generation has families of their own."}, {"type": "sentence", "content": "Maybe they'll get it together before then. But I seriously doubt it."}, {"type": "sentence", "content": "Join 1500+ people on my newsletter for a free copy of my eBook \"Mind and Muscle.\""}], "topic": "education", "uuid": "4b0f08796d1b957ef13ba76615917c68721b6f5af0c07a8a516670c9", "link": "https://medium.com/yardcouch-com/the-biggest-scam-in-america-3d831cfbc557"}