{"title": "A Quick Trip to Antarctica", "data": [{"type": "image", "content": "https://miro.medium.com/max/2708/1*zk0ariessAfDr0Jzwgm55g.png"}, {"type": "sentence", "content": "A few years back, while researching a book on climate change, I had an opportunity to travel to Antarctica. It was a short trip by Antarctic standards but those few nightless weeks burned themselves into my brain and are with me every time I hear a climate change denialist yammer away. I could write more but I'll let these images speak for themselves. This is what's at stake. This and every other living landscape we cherish."}, {"type": "image", "content": "https://miro.medium.com/max/2556/1*l3Faxo9rRUzH1PT5OSMnOQ.png"}, {"type": "image", "content": "https://miro.medium.com/max/2832/1*zmiWUJ8u2T8HVo6FCAfH0w.png"}, {"type": "image", "content": "https://miro.medium.com/max/3232/1*9JkOx9wgcfphtB_dJcl7gA.png"}, {"type": "image", "content": "https://miro.medium.com/max/3088/1*djcqaw8zhKmH-dPkSsdXPQ.png"}, {"type": "image", "content": "https://miro.medium.com/max/3204/1*MC6-pB3EB18irIZfCBho3A.png"}, {"type": "image", "content": "https://miro.medium.com/max/2740/1*XcmJwET9iHUGd9EXW3T9tg.png"}, {"type": "image", "content": "https://miro.medium.com/max/3344/1*iQW-ZsB1K0NiRzY90qt6iw.png"}, {"type": "image", "content": "https://miro.medium.com/max/2996/1*Y90ticIZP8cFRwzslmfEwQ.png"}, {"type": "image", "content": "https://miro.medium.com/max/3116/1*z6vIS6ez88OINCDkPMrEqg.png"}, {"type": "sentence", "content": "Read more about what you can do to fight climate change in The Climate Diet, out this week from Penguin Press"}, {"type": "image", "content": "https://miro.medium.com/max/4204/1*ZJr-cHqtt8IVHlgeDB1rPQ.png"}], "topic": "travel", "uuid": "4bce89f5c34f0cc3211cd630dd10c0c0e068dcdaf67d35d537b1d1fd", "link": "https://4fishgreenberg.medium.com/a-quick-trip-to-antarctica-6012b7493841"}