{"title": "The Four Magic Words That Changed My Life Forever. And How They Can Improve Yours", "data": [{"type": "sentence", "content": "A simple way to effectively heal and transform your life"}, {"type": "sentence", "content": "Do you want to make a 180-degree turn and stop being a spectator and become the leading actor in your life, experiencing gratitude, peace, and meaningfulness?"}, {"type": "sentence", "content": "Or transform the bad luck, fear, distress, or anger and become fortunate, confident, calm, and happy?"}, {"type": "sentence", "content": "And if you are thinking about stop reading here and look for something else or search the answer over the internet. I dare you to leave now wondering if this really works or spend at least a half-hour finding the answer by yourself, instead of reading for a couple of minutes more and find it here."}, {"type": "sentence", "content": "It is not a magic trick, and I'm not a snake-oil salesman. I want to share this simple trick that helped me and can help you too."}, {"type": "sentence", "content": "All you need to do is to learn four words and carry them with you all the time:"}, {"type": "sentence", "content": "But what do they mean, and how do you use them?What are the benefits they bring?"}, {"type": "sentence", "content": "Before answering the three points, let me explain it is a simple trick but not an easy task. Here is a simple way to answer."}, {"type": "subtitle", "content": "What does Nam Myoho Renge Kyo mean?"}, {"type": "sentence", "content": "If you search the internet for the history and meaning, plan on spending at least 30 minutes browsing the hundreds of pages you will find, and if you manage, then try to explain it to someone else, so here is a simplified version for you."}, {"type": "sentence", "content": "2600 years ago, Gautama Siddhartha, founder of Buddhism, awoke to the \"Lotus Sutra\" and the universal truth of \"Myoho Renge Kyo.\""}, {"type": "sentence", "content": "In the year 1253, when Nichiren Daishonin, founder of the branch of Japanese Buddhism, known as Nichiren, told his disciples for the first time that the Lotus Sutra or \"Nam Myoho Renge Kyo,\" is the fundamental principle within the entire teaching of this Buddhism."}, {"type": "sentence", "content": "This mantra harmonizes our life with the perfect rhythm of the universe, increasing good fortune, health, life force, and wisdom."}, {"type": "sentence", "content": "It is difficult to translate this mantra, consisting of the Sanskrit word \"Nam,\" and the Japanese pronunciation of the \"Lotus Sutra\" translated from classical Chinese."}, {"type": "sentence", "content": "To understand its meaning, we have to analyze each of its parts:"}, {"type": "subtitle", "content": "NAM"}, {"type": "sentence", "content": "NAM is a Sanskrit word derived from \"NAMAS\" and is used to express devotion. It comes from the same root of \"Namaste,\" used in the practice of meditation and yoga, as a greeting which means \"I bow before you,\" or in a more profound sense, \"I bow to the divine presence in you.\""}, {"type": "sentence", "content": "Therefore, we can translate NAM as:"}, {"type": "subtitle", "content": "MYOHO"}, {"type": "sentence", "content": "MYOHO is the union of MYO, which translates as a mystic, and HO, or the law. Therefore, we can translate MYOHO as \"Wonderful Law,\" or \"Mystical Law,\" considered in Nichiren Daishonin's Buddhism, as:"}, {"type": "sentence", "content": "We can conclude MYO is the mystical and infinite, the name given to what we do not see, the intangible, and the dynamic life force of the universe, and HO is the visible and tangible aspect of this force."}, {"type": "sentence", "content": "Both together form the reality of life. The ever-changing phenomena of HO, but bathed in a constant reality known as MYO."}, {"type": "sentence", "content": "MYO \"Mystic,\" + HO \"Law,\" = MYOHO \"Mystic Law.\""}, {"type": "subtitle", "content": "RENGE"}, {"type": "sentence", "content": "RENGE means 'lotus flower.' Unlike most plants in which the flower first appears and then transforms into a seed, the lotus is one of the few that produces both flower and seeds simultaneously. Nichiren Buddhism regards the lotus as the union of cause and effect."}, {"type": "sentence", "content": "Each action creates a cause through our actions, words, or thoughts, generating a simultaneous effect. The results are manifested in our lives and what surrounds us. Also known as the law of cause and effect, or Karma and Dharma."}, {"type": "sentence", "content": "Another characteristic of the lotus plant is that it grows in swamps or muddy ponds. However, it blooms white and without spots. In Nichiren Buddhism, this lotus' quality symbolizes the pure and unblemished emergence of our personal Buddha."}, {"type": "sentence", "content": "So, we can define RENGE = as the manifestation of our inner untarnished Buddha responsible for the law of cause and effect."}, {"type": "subtitle", "content": "KYO"}, {"type": "sentence", "content": "Buddhists translate KYO as a sutra, sound, teaching, or \"the voice of the Buddha.\" However, the sinogram (Chinese character) of KYO also represents the threads connected in a loom."}, {"type": "sentence", "content": "For Nichiren Daishonin, it is the union or link that connects everything through eternity. The continuation of life uniting the past, present, and future of the universe, and that in Myoho Renge Kyo, represents the enlightenment of the living Buddha, transmitted throughout eternity."}, {"type": "subtitle", "content": "NAM-MYOHO-RENGE-KYO"}, {"type": "sentence", "content": "If we unite all the elements, Nam-Myoho-Renge-Kyo, we can translate it as:"}, {"type": "sentence", "content": "Nam = I bow down, I line up, I surrender.Myoho = Mystic Law.Renge = Lotus Flower, Buddha without blemish.Kyo = Sutra, teaching, the voice of Buddha, the union of the past, present, and future."}, {"type": "sentence", "content": "Putting all parts together, we can generate the following sentence, \"I bow down to the mystical law of the Lotus Flower Sutra,\" or in a more profound sense:"}, {"type": "subtitle", "content": "HOW DO YOU USE NAM-MYOHO-RENGE-KYO?"}, {"type": "sentence", "content": "The Mantra of the Nam-Myoho-Renge-Kyo suggests we bow and surrender to the Name of a Higher Power and the Mystic Law. That blooming like a lotus makes us bloom and feel happy, beautiful, full of energy, life, and always young. When we dedicate ourselves to that One Whole of which we are part, our sufferings vanish."}, {"type": "sentence", "content": "You can repeat the Nam-Myoho-Renge-Kyo mantra for five minutes, or for only ten times, at dawn, preparing to accept any event as an opportunity for growth and learning, and before going to sleep as gratitude for all the teachings that the day gave us."}, {"type": "subtitle", "content": "What are the benefits of Nam-Myoho-Renge-Kyo?"}, {"type": "sentence", "content": "You can find thousands of google pages, from Buddhist monks, Meditation gurus, and even Tina Turner. But let me tell you my experience using this technique."}, {"type": "sentence", "content": "I discovered it some time ago. When I had lost my job, had marriage problems, and my health was terrible. And this was before the 2020 pandemic!"}, {"type": "sentence", "content": "Looking for some way to cope with all my problems, I heard someone talking about how it helped Tina Turner."}, {"type": "sentence", "content": "It was so simple that it just made a click, and the words stuck in my mind. Later I tried to find the meaning, but after searching for several hours, I decided to give it a try."}, {"type": "sentence", "content": "I printed two copies and put one in my wallet and the other by the door to see it when I left or returned home."}, {"type": "sentence", "content": "Since then, each time I leave the house, I see it as a reminder of the opportunity to learn from everything that day and be grateful at night."}, {"type": "sentence", "content": "If something happens during the day, and my brain goes into auto-response mode, I stop and remember the card by thinking: What's in your wallet?"}, {"type": "sentence", "content": "Therefore, when I face some problem, something happens, or my cynophobia (fear of dogs, not xenophobia, fear of foreigners), I repeat the mantra and feel calm."}, {"type": "sentence", "content": "Other benefits I experience are:"}, {"type": "subtitle", "content": "IN CONCLUSION"}, {"type": "sentence", "content": "Imagine the immense benefit you'll gain from just earnestly reciting the Nam-Myoho-Renge-Kyo Sutra in the morning and at night for as little as ten times."}, {"type": "sentence", "content": "In Nichiren Buddhism, the object of devotion is usually printed on a scroll with calligraphic Chinese and Sanskrit characters placed by the door."}, {"type": "sentence", "content": "Nichiren never writes about the number or the times we should repeat the sutra. He only explains that it depends on the consciousness of each individual. Still, it is essential to do it a little each day."}, {"type": "sentence", "content": "Therefore, we must strive to live each day and improve ourselves by practicing in the morning and night continually."}, {"type": "subtitle", "content": "A gift for you"}, {"type": "subtitle", "content": "The Author's personal mantra"}, {"type": "sentence", "content": "Here is a copy for your door or to carry it in your wallet."}, {"type": "image", "content": "https://miro.medium.com/max/1188/1*Vmi9t8WRcNb14l5lpyx8Nw.png"}, {"type": "sentence", "content": "Also, find a video on the internet chanting the mantra to use as a background sound when you work."}, {"type": "subtitle", "content": "SOURCES"}], "topic": "mindfulness", "uuid": "4c3c358955c989b10ec8f2e2c9496fa03fad5286684066a19d22650d", "link": "https://medium.com/know-thyself-heal-thyself/the-four-magic-words-that-changed-my-life-forever-and-how-they-can-improve-yours-368df55453b9"}