{"title": "How a 22-Year-Old Made $15,000 in 4 Months Through Car Detailing", "data": [{"type": "image", "content": "https://miro.medium.com/max/15904/1*WE9TC9wurN-aLDKjhr3zCQ.jpeg"}, {"type": "sentence", "content": "Meet Bruce. He's a 22-year-old from Alabama, and I had the pleasure of speaking with him for my podcast."}, {"type": "sentence", "content": "He started his business in 2020 by handing out 100 flyers. This landed him his first five customers which spiralled into $15,000 of sales in four months."}, {"type": "sentence", "content": "Now, after detailing hundreds of cars, he has plans to grow his company."}, {"type": "sentence", "content": "Let's back up."}, {"type": "sentence", "content": "Something good came good from the delivery job, though. Before being hired, he made an effort to wash his car, and he enjoyed it. He liked cleaning cars."}, {"type": "sentence", "content": "\"I was at a party with my friends,\" he remembered, \"and I was telling one of them about this idea. I think people will pay me to detail their cars.\""}, {"type": "sentence", "content": "\"I kinda talked myself into it at that party. I actually got on my phone there and then to order a hundred flyers.\""}, {"type": "sentence", "content": "The next day, the flyers arrived, and a hungover Bruce remembered his commitment. He folded them up, put them in mailboxes, and didn't expect much to happen."}, {"type": "sentence", "content": "Later day, people were phoning. He'd soon booked in his first five customers."}, {"type": "sentence", "content": "Takeaway: Secure your first few customers for as little money as possible and learn as you go."}, {"type": "subtitle", "content": "Accelerating Sales"}, {"type": "sentence", "content": "Naturally, at this point in our conversation, I was curious. How had he gone from an initial investment of $50 to over $15,000 in revenue?"}, {"type": "sentence", "content": "He also ended up hiring his best friend, Matt."}, {"type": "sentence", "content": "The business snowballed. People told their friends, who then told their friends, and Bruce receives random messages."}, {"type": "sentence", "content": "Their prices are also competitive. $50 for a sedan and $75 for an SUV. They wash the cars, wax the paintwork, and a bunch of other things."}, {"type": "sentence", "content": "All in all, one car takes two hours to detail. Of this, Bruce pays Matt $25 per sedan and $35 per SUV, and Matt keeps tips."}, {"type": "sentence", "content": "Bruce also runs Facebook ads."}, {"type": "sentence", "content": "How much does he spend on Facebook ads?"}, {"type": "sentence", "content": "\"$5 day. I'm doubling down on Facebook until it stops working, which I don't see happening any time soon.\""}, {"type": "sentence", "content": "Takeaway: Deliver a valuable service that people will talk about and accelerate sales with targeted ads."}, {"type": "subtitle", "content": "Turbo-Charging His Business"}, {"type": "sentence", "content": "At this point in our conversation, I asked Bruce about his future business plans. His face lit up."}, {"type": "sentence", "content": "\"This is the exciting part,\" he explained. \"So I mentioned a couple of services we added - ceramic coatings and paint correction. A paint correction can add anywhere from $500 to $800. Ceramic coatings start at around a thousand dollars."}, {"type": "sentence", "content": "\"If I could get one ceramic coating a month, that takes the place of ten details.\""}, {"type": "sentence", "content": "I pushed him on how he would find these customers."}, {"type": "sentence", "content": "It isn't just on the marketing side where things are ramping up. Bruce is also planning to offer a greater range of services."}, {"type": "sentence", "content": "Takeaway: Always be on the lookout for extra value you can provide to your customers."}, {"type": "subtitle", "content": "Motoring Towards Targets"}, {"type": "sentence", "content": "\"We're going to hit a hundred thousand dollars by September.\""}, {"type": "sentence", "content": "I smiled. There was no doubt in Bruce's conviction."}, {"type": "sentence", "content": "How big does Bruce want his business to get?"}, {"type": "sentence", "content": "Takeaway: Dream big."}, {"type": "sentence", "content": "I've spoken to many wannabe entrepreneurs who talk about starting a business. Sh*t, I'm one of these people. When I look at what they've done, though, it amounts to nothing."}, {"type": "sentence", "content": "Bruce is different. Despite his ambitious plans, I had to pry them out, and he was humble to the end. Just as impressively, he's grown a profitable business from day one whilst studying at college."}, {"type": "sentence", "content": "One of the most memorable points for me during our conversation was when I asked him about his passion. Can anyone really enjoy detailing cars?"}, {"type": "sentence", "content": "Bruce has recognised a tension many business owners face. He wants to remove himself from day-to-day operations whilst continuing to deliver results. Only then can he scale his business."}, {"type": "sentence", "content": "This is one of many challenges this young entrepreneur is likely to face. He's capable of figuring it out, though, and I have little doubt he will."}, {"type": "sentence", "content": "After we stopped recording, I asked Bruce what he had planned for the rest of his evening."}, {"type": "sentence", "content": "\"Oh, I've got a history exam tomorrow so I guess I better prepare for that.\""}, {"type": "sentence", "content": "I laughed. \"You feeling good about it?\""}, {"type": "sentence", "content": "\"Nahh, not really. To be honest, I'm more concerned with the future than the past. History can suck d*ck.\""}, {"type": "sentence", "content": "Amen, Bruce. Got to love this guy's spirit."}], "topic": "startups", "uuid": "4d0378bc17b532fc61ad30379207f5b4be5e521b7ef80bfccafe67eb", "link": "https://entrepreneurshandbook.co/how-a-22-year-old-made-15-000-in-4-months-through-car-detailing-22dbbb6c1352"}