{"title": "How to improve communication between developers and designers", "data": [{"type": "sentence", "content": "One thing we know about product creation is that the designer does not make the product alone. Many stakeholders need to be involved in the creation process and shape the product together."}, {"type": "image", "content": "https://miro.medium.com/max/1600/1*hocOHcpweI0SXlrQla1H7w.jpeg"}, {"type": "sentence", "content": "The designers at many companies work very closely with product managers, product owners, QA teams, but more from all of these people. The designers work very closely with the developers."}, {"type": "sentence", "content": "From my perspective, the very close relationship between the designers and the developers has the most significant impact on the final product. They need to collaborate closely to address usability and technical issues in order to deliver significant value to the customer."}, {"type": "sentence", "content": "Because of the close relationships, it is essential to create an excellent relationship and effective communication between both."}, {"type": "sentence", "content": "Many product teams have difficulty communicating with each other, the designers don't understand the developers, and the developers don't understand the designers."}, {"type": "sentence", "content": "Poor communication creates a lot of friction and misunderstanding between the designers and developers and leads to rework, stress, and bad relationships inside the team."}, {"type": "sentence", "content": "In the last six years, I worked closely with developers, which enabled me to understand them from various perspectives."}, {"type": "sentence", "content": "The purpose of the article is to share some tips I have learned about relationships and communicating with the developers. I am convinced that you will find those tips useful and will be able to implement them into your day-to-day operations."}, {"type": "subtitle", "content": "Ensure that all team members are familiar with the users, the product, and its purpose"}, {"type": "sentence", "content": "Sometimes not all team members know what the product does, who the users are, and its purpose. It seems funny at first, but sometimes developers indeed work on the product without being aware of all these aspects."}, {"type": "sentence", "content": "In most product teams, the product manager needs to align the entire team about it, but it is not always happening."}, {"type": "sentence", "content": "This knowledge gap can cause unnecessary discussions since developers may not be aware of these key factors."}, {"type": "sentence", "content": "How to avoid this gap of knowledge?"}, {"type": "subtitle", "content": "Talk elegantly when implementation problems arise"}, {"type": "sentence", "content": "As designers, we are very critical of our work. We think about every pixel on the screen, and if the implementation differs in any way from our design, we can experience stress."}, {"type": "sentence", "content": "If that occurs, we should talk with the developers with respect and explain to them the differences between the design and the development."}, {"type": "sentence", "content": "When you talk with them, it is better to praise them for the good work they have done, and after that, explain why it is necessary to fix some parts because it's not the same as in the design."}, {"type": "sentence", "content": "So be calm and review with them all the things that they need to change. Explain in a meeting why you designed it that way and why it is important to the user."}, {"type": "sentence", "content": "If you notice a pattern of repeated errors, try to understand why they are occurring and fix them the next time."}, {"type": "sentence", "content": "For example, if you notice that a developer always makes mistakes with the flow, talk with them to understand how they work; maybe they don't notice the flow chart you add to the file or they don't know how to use the prototype in Figma? I believe it is not difficult to show the developer how to work with the software correctly."}, {"type": "subtitle", "content": "Ask to be sure the developers understand you."}, {"type": "sentence", "content": "As a designer, you should be sure the team understands you. We talk and explain ourselves to the developers on a lot of points during the process. It can be in a design review, in a sprint meeting, or also in slack conversation."}, {"type": "sentence", "content": "Often, we need to explain a complex flow or a complex interaction, so it is not always easy to explain and understand some topics."}, {"type": "sentence", "content": "So when you explain something to your team members, ask always if you explain it well. It is your responsibility to explain yourself in a way people can understand the topic."}, {"type": "sentence", "content": "You can ask something like:"}, {"type": "sentence", "content": "People do not like to admit that they do not understand, so this question encourages them to ask questions to figure out gaps in their understanding.I can remember that in one design review meeting I needed to explain how the loading works in our app."}, {"type": "sentence", "content": "I said something like, \"Don't forget to add the skeleton screen before the app finishes rendering.\""}, {"type": "sentence", "content": "After I finished explaining, I asked, Is there something I didn't explain well? A few seconds later, a junior developer who joined the team a month before asked me, \"What is a skeleton screen?\""}, {"type": "subtitle", "content": "Explain your ideas with visual examples"}, {"type": "sentence", "content": "When working on interactions, it is difficult to explain everything with words alone. Always use images, videos, and prototypes when presenting your ideas."}, {"type": "sentence", "content": "Let's take an example of a data table. If you want to explain its complete behavior, including bulk actions, expanded options, and animation, it is impossible to explain it only with words."}, {"type": "sentence", "content": "In that case, you can provide videos from other data tables and create a simple wireframe prototype. These visuals will support your explanation, provide a complete understanding for the team and reduce your explanation time."}, {"type": "sentence", "content": "Some time ago, I heard the following excellent phrase:One picture is better than 1000 words, and one video it's better than 1000 images.I believe it explains this point well."}, {"type": "subtitle", "content": "Speak simple"}, {"type": "sentence", "content": "Designers often rely on technical terms that only they understand, like typography x-height, complementary color, or typeface names."}, {"type": "sentence", "content": "When communicating with developers, try to speak as simply as possible to clarify things. If you notice that people don't understand, ask them if there is anything unclear."}, {"type": "subtitle", "content": "Be open to hearing and studying new ideas."}, {"type": "sentence", "content": "Designers sometimes believe that they know better than other people, but this is not true."}, {"type": "sentence", "content": "Designers indeed have a lot of knowledge about users and visual design. Still, I must say my most significant learning about software was from the developers that I worked with."}, {"type": "sentence", "content": "Knowledge of software is an essential part of being a product designer. It is impossible to attend a meeting and understand only the design process, the user's needs, and the visual aspects. It is necessary to understand some basic concepts from the developing world such as merge, brunch, deployment, React, and API."}, {"type": "sentence", "content": "If you are not familiar with some basic concepts, you will not have a complete view of a product, and this can cause problems when you make decisions regarding the design."}, {"type": "sentence", "content": "A simple example is when a designer sits in a kick-off meeting about a new project. The designer hears from the developers that they want to use a React library to build the product faster. If the designer does not know what a React library is and does not ask, the designer will not be aware that they can use the library to design visual assets faster."}, {"type": "sentence", "content": "So if you are work with developers on a project, and they start talking about topics with which you are unfamiliar, ask them to explain them. In most cases, they will be happy to elaborate on this topic."}, {"type": "sentence", "content": "Another good way is to write each concept you don't understand and read about it on Wikipedia or search for it on google. You will be surprised how you can improve your knowledge with this technique."}, {"type": "subtitle", "content": "Show examples for the solution from other companies"}, {"type": "sentence", "content": "In many cases, we don't need to invent the wheel when we design a solution. We can copy the solution of other products."}, {"type": "sentence", "content": "I always try to explain it with the login feature. It is not necessary to design it from scratch. Many companies have done it, and we only need to investigate another company's solution and copy it."}, {"type": "sentence", "content": "Sometimes it is necessary to adapt it to your needs, but it is unnecessary in many cases."}, {"type": "sentence", "content": "For example, if you wish to explain to the developers how you would like the login feature to work, you might show them in a meeting how it works with another company's product."}, {"type": "sentence", "content": "For sure It is also necessary to create a prototype and flow chart before handoff, but this technique can be used as social proof for the solution and may save discussion and meetings. If Google, Apple, and Microsoft use the same solution, we can guess that it will work."}, {"type": "subtitle", "content": "Educate the developers about design"}, {"type": "sentence", "content": "One of the things that I saw in different product teams was that the developers do not understand design. Of course, they don't need to know everything about design, but understanding the basics is a significant advantage."}, {"type": "sentence", "content": "Based on my experience working with different teams, I can say a developer with some basic design knowledge could help us when we need to consult on our solutions. Additionally, a developer who understands design can propose excellent solutions and recognize when we are making design mistakes."}, {"type": "sentence", "content": "Imagine when you are stuck with something, and a developer helps you figure it out based on design principles. Is it cool, no?"}, {"type": "sentence", "content": "So if you want to do it, you can start with the basic, set a meeting to explain:"}, {"type": "sentence", "content": "You can invite the team to have a meeting every month and share this information. This is a slow process, but over time you will have a much more powerful product team that can support you and help you build better products."}, {"type": "sentence", "content": "In case you have no time to set meetings. Try to explain it during the process. For example, when you present a solution to the team, please explain why you selected that solution and how it works with the design principles."}, {"type": "sentence", "content": "They will appreciate you when you try to share this information with them. Often, I hear from developers that they want to have this knowledge, but they don't know where to start."}, {"type": "sentence", "content": "Involve the developers in the design process.Typically, product teams hold a design review meeting before sending the design to implementation to ensure that all team members understand the same thing and ask for their opinion. That is fine. However, I recommend involving the developers in the design process and work in collaboration from the beginning, rather than leaving it to the last minute before the actual implementation begins. You can be surprised how much they can help to shape the solution."}, {"type": "sentence", "content": "In some cases, in addition to asking them for their opinion, I also conduct exercises, like crazy eight. Together we sketch some solutions and discuss what we should select."}, {"type": "sentence", "content": "When developers are actively involved from the beginning and add their opinion and ideas, three things happen:"}, {"type": "sentence", "content": "Some actions that you can do:"}, {"type": "sentence", "content": "Here is an important thing. If you ask for their opinion, you need to be open to making changes. It is not enough if you only ask for their opinion for the show. It is necessary to consider their ideas and never disregard them."}, {"type": "subtitle", "content": "Distract the developer's attention as little as possible"}, {"type": "sentence", "content": "Today, it's sometimes hard to work and concentrate all day. Many Slack messages, emails, people ask questions, mobile phone messages ring, and other interruptions make it difficult to focus on the task."}, {"type": "sentence", "content": "It is difficult to come back to focus when something interrupts our focus, so if you have some questions for the developers, it is better to take half an hour with them and ask them all the questions. An alternative method for teams who work when their time zones are different would be creating a video and asking all the questions there or add notes in a collaboration tool like Figma."}, {"type": "sentence", "content": "If you ask them a new question every 5 minutes, they can feel you poke them, so try to cluster all of your questions and ask them at one time, so you respect their time."}, {"type": "subtitle", "content": "Negotiate with the developers to reduce complexity"}, {"type": "sentence", "content": "When talking with developers to explain the solution, ask them about the complexity of the development."}, {"type": "sentence", "content": "It is better to do it because development is complex work, and if we send to develop a solution with a big complexity, it can take time to build and release."}, {"type": "sentence", "content": "An example can be something like this:Imagine that the developers need four weeks to implement your solution, but the team needs to release it in two weeks. You can ask them how much you can do in two weeks?"}, {"type": "sentence", "content": "From that point, you can divide the solution into two parts. In the first release, the team completes the feature with the basic characters, and in the second release, the entire feature is to be completed."}, {"type": "sentence", "content": "The product owner or the product manager usually manages this situation. However, if the role does not exist in the team, It is expected that you will need to help to solve these issues."}, {"type": "subtitle", "content": "Research before asking questions"}, {"type": "sentence", "content": "Before you ask the developers a question, try to research the topic to save Slack messages, calls, and, of course, meetings."}, {"type": "sentence", "content": "You can read the documentation of the product and ask Google for some topics. Apart from saving your colleges' time, my perspective is that your confidence grows when you can find information independently."}, {"type": "sentence", "content": "Of course, it is necessary to come after that and confirm with them about the topic, but it is better to go after you research the things you want to ask because you come with some idea, and the developers do not need to explain it to you from zero."}, {"type": "sentence", "content": "When you do it, the people that work with you will feel that you take ownership of the job, and you don't ask them every five-minute question because you are too lazy to find the information by yourself."}, {"type": "subtitle", "content": "Organize well and share all the information"}, {"type": "sentence", "content": "We always have a lot of information about the product we work on. In most companies, we work with a design system that helps us organize the visual assets and the design patterns in one place and that is excellent."}, {"type": "sentence", "content": "Apart from the visual assets, we also want to deliver more information like flows and prototypes and some explanations about the solution. If you want to communicate it well, organize the information well and share it with the team."}, {"type": "sentence", "content": "It is not necessary to put it all inside one collaboration tool like Figma, but it will be good that the team always knows how the consult the information easily."}, {"type": "sentence", "content": "And of course, all the information you share with the team don't forget to give access (Please avoid saving essential information in your local machine).In that way, the developers will not ask you where the information is and why they cannot access it."}, {"type": "subtitle", "content": "Make retrospective meetings"}, {"type": "sentence", "content": "If you notice a problem within your team and that things are not going well, set up a retrospective meeting."}, {"type": "sentence", "content": "A retrospective meeting is a meeting hold by the team to review how the team works and how it can improve. I can say to you that I had a problem with the development team when I needed to deliver the design assets."}, {"type": "sentence", "content": "After conducting some retrospective meetings, we established a better method for delivering information to them. It has improved our performance within the team, and many of the frictions disappeared."}, {"type": "sentence", "content": "If you want to find out more about the retrospective meeting, I share a link to a template by Atlassian that explain it in detail, and it is very recommended to check them out."}, {"type": "subtitle", "content": "Create a real relationship"}, {"type": "sentence", "content": "Maybe this is the most important thing that I can share with you in this article."}, {"type": "sentence", "content": "The best way to work together well is to create a human relationship with the developers by talking about things outside the office."}, {"type": "sentence", "content": "I mean to talk with them about regular life, the issues and interest in their daily lives. By doing it, you will earn their trust. You will start to be a friend of them and not only a teammate."}, {"type": "sentence", "content": "One of the factors that create empathy among people is understanding the life of the person. For example, if you know that your team member's child starts school today, you can ask: Hey, today is your child's school's first day. Are they excited?"}, {"type": "sentence", "content": "Maybe it seems like nothing, but this kind of empathy and understanding makes up the relationship between people in actuality."}, {"type": "sentence", "content": "I hope this article will help you. Feel free to share it with your friends or team members, and if you have any questions, feel free to leave a comment."}], "topic": "design", "uuid": "4e5514750b67684835f69e5fb2e4b9d8bd7721f2d6e2f8321fc569d6", "link": "https://edwche.medium.com/how-to-improve-communication-between-developers-and-designers-f066c2d20116"}