{"title": "Thoughts on a beach", "data": [{"type": "sentence", "content": "Growing up, I wasn't a fan of the ocean. It was always so vast and endless that it added to my fear of voids. In my world, the sea crystallized death because of the after-life rituals my family would partake in. We practice Sikhism and in our faith, when someone dies, it's customary to throw their ashes into a body of water. Throughout my childhood, my dad would take us on these family road trips to coastlines across America just to see the ocean. He could never get enough of those views and I couldn't quite comprehend why, they all looked the same. To add to that, I can't even swim."}, {"type": "sentence", "content": "Honestly, it seems to be a universal thought to associate the beach with peace. It's no secret that blue is cardinally known as the color of relaxation. Why else do you see the color slapped on the walls of office spaces for therapists and doctors? Facebook hasn't faltered from its blue background since its inception. More notably, the ocean is blue and the beach is the centerpiece for most people's vacations."}, {"type": "sentence", "content": "Once I began to travel on my own, the ocean began to transcend into a source of comfort for me. No matter how much stress would pile up in life, the waves had a way of teaming up to sweep those thoughts out of my mind. I could sit for hours, letting my thoughts match the tune of the ocean. Those long hours of thought taught me the importance of being quiet, staying tranquil, and embracing fear head-on with no strings attached."}, {"type": "image", "content": "https://miro.medium.com/max/1656/1*23dvCkeZrjEciVBoOfqacg.jpeg"}, {"type": "subtitle", "content": "Silence is Golden"}, {"type": "sentence", "content": "Sometimes the greatest lessons are learned in utter silence. The older I grow, the more I realize the importance of listening with your eyes, not your ears. Most people know when to say the right things, but your eyes hold the capability of undressing the truth. Our eyes narrow with disdain, pupils dilate in tandem to pleasure, and non-stop blinking is a primary indicator of stress. As I sat on the beach in Bermuda, I learned the true value of silence. During the time I was about to enter my senior year of college. My job at American Airlines made it abundantly clear that they would not let me move to part-time work at the airport. They were not supportive of me finishing my degree. How am I supposed to pay for school if I don't have a job? The ocean stretched infinitely in front of me. I let myself get lost in those waves, watching them shift, sway, and splash. The ocean beckoned a sense of tranquility that allowed me to pause. At that moment, I understood how stressing about stress would not pave a way for a solution. Life happens the way it's meant to happen, and you just have to give into it. Staring at the ocean gave me much-needed peace of mind, showing me the true power in silence."}, {"type": "image", "content": "https://miro.medium.com/max/1656/1*O5ueBmI_3IfepBKjmbj8-w.jpeg"}, {"type": "subtitle", "content": "Stay Harmonious"}, {"type": "sentence", "content": "The beach is the ultimate form of cohesive living. Through copious amounts of algae and plankton, the ocean can create oxygen for us to breathe in. It is the foundation for all walks of life, small or large. The palm trees thrive with growth due to the salty soil of the sand, which permeates the landscape. The seashells get pushed towards the shorelines and become a home for hermit crabs or a haven from predators for fish. I was in New Zealand, taking in the scene piece by piece when I wondered why election year brought out the worst in people. My Facebook feed was smeared with Pro-Trump and Pro Clinton posts and arguments were lined up through the comments. Why couldn't everyone just pretend they were on a beach, allowing themselves to harmoniously connect regardless of their views? Too many people were busy thinking about how the candidate would affect them individually but no one is thinking about the big picture. The beach reminded me to choose peace, regardless of the predicament you find yourself in."}, {"type": "image", "content": "https://miro.medium.com/max/1656/1*F2rO3QSGGodZRmI2df4pTw.jpeg"}, {"type": "subtitle", "content": "Embrace your fears"}, {"type": "sentence", "content": "As I mentioned before, I have a slight phobia of the ocean. When I was younger, the apprehension would bubble inside me as I watched the waves crash in front of me. Even when I took this picture back in Morocco, I had an unnecessary fear that I would tip over and drown. The more I watched those waves swell and crash against the shoreline, the more I understood how important it is to embrace your fears boundlessly. I wasn't about to jump into the water to try and learn to swim, but I thought of other aspects in life where I'd benefit from being in the unknown. The ocean encouraged me to go after grander things in life. Take a chance on the promotion, approach that cute person, own your truths and roar. Just like how the shock of cold water wakes you up, taking a step outside of your routine will allow for the same sense of surprise."}, {"type": "sentence", "content": "I went from thinking the ocean was a deadly force of nature to appreciating the magic within those waves. Taking the time to pause and reflect allowed me to have an admiration for the sea. I even learned valuable life lessons along the way. Do any of you have fond memories of the beach? I would love to hear it!"}], "topic": "mindfulness", "uuid": "4eca345bfc8a03cbc1e4fed862ff3a22ac6f4d34d6337dc6f2de615c", "link": "https://treadingxwater.medium.com/thoughts-on-a-beach-ca44b8be1c8c"}