{"title": "LinkedIn Posts That Drove Sales", "data": [{"type": "image", "content": "https://miro.medium.com/max/11768/0*qpZPZj0Aab8l7oyR"}, {"type": "sentence", "content": "The secret to getting clients on LinkedIn is not automated bots, and it's definitely not about mass connections or sending pitches to people you've never talked to. It is about networking and building a relationship."}, {"type": "sentence", "content": "Who would have thought, to be successful on the largest networking site in the world, you need to actually network?"}, {"type": "sentence", "content": "I joke, but so many people just don't get it and then complain that social selling doesn't work, that LinkedIn keeps changing the algorithm so it doesn't work for them, etc. Nothing major has changed. It has always been a platform that rewarded the people that engaged with it."}, {"type": "sentence", "content": "To get sales, you need to identify your audience, talk to their pains and engage them in a conversation to build trust. Networking and a sales process - simple really!"}, {"type": "subtitle", "content": "Ask People About Their Pain"}, {"type": "sentence", "content": "This article assumes you know who your customer is, which means you know what pains they have (which you can solve). This is what you need to be talking about in your posts to attract the people you want to work with."}, {"type": "sentence", "content": "This is not a sales message. I'm not suggesting you say, \"If you are struggling with your marketing, message me\". Talk about the pain, build up interest in the topic and get people to engage with the discussion. It's the topic that matters, not you or your business."}, {"type": "sentence", "content": "Let's think about a good example. You are a freelancer that helps companies with GDPR. You don't pile in with, \"Need help with GDPR? I am an expert that can assist\". Instead, ask a question related to their pain: \"Concerned you don't have the right processes in place for GDPR?\""}, {"type": "sentence", "content": "If the person is worried about that, this will grab their attention. You want prospects that are concerned. Now follow it up with another question to expand the pain or start pointing out solutions (not from you) that will keep them reading, such as: \"I've recently found this resource that people struggling with GDPR use.\""}, {"type": "sentence", "content": "How far you go with this depends on your message and content, but the key is to explore the pain before you really enter into how you might solve it. But before that, let's have a think about how to get their attention in the first place."}, {"type": "subtitle", "content": "Stand Out From the Crowd"}, {"type": "sentence", "content": "Even when your post is getting shown in multiple feeds, this is no guarantee that people will look at it. The average LinkedIn user has hundreds of posts and will be scrolling through them to find things of interest, you need to make them stop and look."}, {"type": "sentence", "content": "The starting point is a good photo. This is not a corporate or branded photo. It shouldn't be a boring/generic photo either. You want to be different, so find something that surprises people."}, {"type": "image", "content": "https://miro.medium.com/max/8000/0*CrY7zQ4x2buSLWAj"}, {"type": "sentence", "content": "Made you look, didn't it? Imagine scrolling through a feed with lots of text or similar corporate photos, this photo would really stand out."}, {"type": "sentence", "content": "Combine this with a compelling opening line and you start to get people stopping and looking. That headline sentence needs to be short and punchy, it needs to appeal directly to the customer's pain and compel the reader to move to the next line on the post - at which point you've captured their attention."}, {"type": "subtitle", "content": "Short and Simple Sentences"}, {"type": "sentence", "content": "People on LinkedIn don't want long and complicated paragraphs. You should aim for simple to read, clear statements. Someone said the other day, write on LinkedIn as if writing for a 10-year-old, I think this is a nice way of describing it."}, {"type": "sentence", "content": "Start with a powerful headline, that first sentence. Don't go with clickbaity headlines, people see through this. Focus on that problem you solve and that the reader will react to. The reaction you want is: \"I have that problem!\""}, {"type": "sentence", "content": "Build on the first sentence by explaining the post one point at a time. No long paragraphs, as people tune those out. Build intrigue so people want to keep reading. You want posts of a decent length so that it takes someone time to read, as this tells the LinkedIn algorithm you have a post worth promoting."}, {"type": "image", "content": "https://miro.medium.com/max/9004/0*gPpLkjFuRO30M3-0"}, {"type": "subtitle", "content": "The Humble Brag"}, {"type": "sentence", "content": "We've already discussed not pushing too hard with a sales message, but what you can do is reinforce the pain point and humbly explain how you've been able to sort this. Make it subtle, almost like this is a fortunate thing you've discovered and looking to share, such as: \"I got to work with a great business last month that had this exact problem.\""}, {"type": "sentence", "content": "This way, you are showing you have experience with the problem the reader has, but you are not hard selling you are the person that solves this problem. Follow this up with another question that engages the user and enables you to identify potential prospects like: \"Can anyone share a similar experience they have?\""}, {"type": "sentence", "content": "Your goal is to highlight a problem that people identify with, show how it can be solved, and indicate you are involved in the conversation about how to fix it, then give people a reason to engage with the post. From there, you can build a conversation."}, {"type": "sentence", "content": "Remember, it's a networking site, the goal of your post is to appeal to potential customers so you can engage in ongoing discussions that will lead to a proposal and ultimately a sale."}, {"type": "subtitle", "content": "Post Early and Often"}, {"type": "sentence", "content": "One final key to attract attention and give yourself the best chance to find these new clients is quite basic: post early. It gives you longer in the day for people to react. Most people when they get up and on their commute to work will be checking their phones, looking at messages, checking email and LinkedIn."}, {"type": "sentence", "content": "The other thing is to post regularly. This doesn't mean pointless posts, remember that if your post gets no engagement then LinkedIn will quickly shrink its reach. You need posts that intrigue, posts that are fun, and posts that are a little more meaningful, related to those pain points."}, {"type": "sentence", "content": "The more posts you are doing, the more you are testing. See what works. Learn what works with your audience and continue to test. Posting on LinkedIn is just like marketing, there is no perfect answer that works for everyone, it's about trying different ideas, taking risks, and learning."}, {"type": "sentence", "content": "Please, do reach out on LinkedIn, I'd be delighted to connect with Medium readers and see how we can help each other."}], "topic": "marketing", "uuid": "4fdda8d494fa41fdb26693308b6128c43ebd94c796d577c7302b1441", "link": "https://bettermarketing.pub/linkedin-posts-that-drove-sales-2ebffd9de98"}