{"title": "Unsub Optimal", "data": [{"type": "sentence", "content": "When I ask CEOs \"Do you value your long-term relationship with your customers?\" they all emphatically answer YES! \"Do you value your customers' time and respect their choices when you interact with them?\" They again nod their heads and say OF COURSE."}, {"type": "sentence", "content": "The objective of this post is to shine a light on the current email marketing practiced by the largest consumer websites in the United States, and celebrate the brands that are doing it right."}, {"type": "sentence", "content": "Of course this is a subjective topic and my definition of \"doing it right\" is based on two simple principles:"}, {"type": "sentence", "content": "In the summer of 2020, we analyzed the email unsubscribe experience of the top 100 US websites (according to Alexa) and scored them with the following methodology:"}, {"type": "sentence", "content": "The positive points are pretty self-explanatory: 50 points for an easy-to-find link and 25-50 additional points depending on how many clicks it takes to unsubscribe."}, {"type": "sentence", "content": "The negative points are more nuanced:"}, {"type": "sentence", "content": "In simplest terms, if you make your unsubscribe link clearly visible in your emails and give your customer a one-click experience with no added friction, you get a perfect score of 100. Sounds simple enough, right? Well... the results of our test were surprising."}, {"type": "subtitle", "content": "The Good"}, {"type": "sentence", "content": "Out of the 100 sites tested, these fourteen achieved the perfect score of 100:"}, {"type": "sentence", "content": "Let's use Walmart as an example of an optimal unsubscribe experience:"}, {"type": "image", "content": "https://miro.medium.com/max/2024/1*rCXBjxLm-ZxAbhZboz-qRQ.png"}, {"type": "image", "content": "https://miro.medium.com/max/2442/1*FBGcol1LtsCq-jKZ47iVBg.png"}, {"type": "subtitle", "content": "The Bad"}, {"type": "sentence", "content": "Half of the sites we tested scored between 85 and 40, largely due to requiring multiple clicks or requiring login before allowing the consumer to unsubscribe."}, {"type": "sentence", "content": "14 of these brands require more than two clicks to unsubscribe, including Apple. 28 sites require that you enter your email and password before you can unsubscribe. If you've ever received marketing email because someone else signed up with your email you know how incredibly frustrating this experience can be!"}, {"type": "sentence", "content": "Another popular dark pattern, utilized by 32 of the 100 sites tested, is to sign you up for multiple \"channels\" of email marketing and then set each email unsubscribe link to only work for one channel. Often you have to log in, navigate to communication preferences, and click one by one to unsubscribe from the other channels."}, {"type": "sentence", "content": "In our test Amazon.com scored in the bottom three, with a score of 15, largely due to an unsubscribe link that is hard for the consumer to find. In fact, the word \"unsubscribe\" does not appear anywhere in their email:"}, {"type": "image", "content": "https://miro.medium.com/max/1808/1*Rw8PV-x3G45ce_fJ7fSWCQ.png"}, {"type": "sentence", "content": "In addition, Amazon plays the \"channel\" game and requires you to log in and turn off other email subscriptions. Shouldn't the inventor of 1-Click shopping give us 1-Click unsubscribe? Instead we get this:"}, {"type": "image", "content": "https://miro.medium.com/max/2552/1*T6wAajaRQK_Qud8uW5OpfA.png"}, {"type": "sentence", "content": "Finally, our worst performer, PayPal, with a score of -10. PayPal was the only site that we dinged -50 points for a hidden unsubscribe link, and because of that PayPal was the only brand to achieve a negative score on this test."}, {"type": "sentence", "content": "You might disagree with us (and I'm sure PayPal will) but our conclusion was that the decision to place a small unsubscribe link in the middle of a dense set of legal boilerplate could only have been to intentionally obfuscate it:"}, {"type": "image", "content": "https://miro.medium.com/max/1738/1*e8zOS9vcLtSz7cIlDV37FQ.png"}, {"type": "sentence", "content": "Here's a link to a Google Sheet with the full list of web sites tested and their scores. Huge thanks to our 2020 summer intern Josh Love who performed the research work of subscribing, unsubscribing, and scoring over several months."}, {"type": "subtitle", "content": "Making the Jump to Better Email Marketing"}, {"type": "sentence", "content": "I hope this inspires consumer brands to play the long game and audit and improve all their customer touch points, including email unsubscribe."}, {"type": "sentence", "content": "The carrot is improved customer experience, and the stick is that email clients like Gmail and Outlook are building their own unsubscribe functionality into the toolbar of the client. Here's what Gmail's looks like:"}, {"type": "image", "content": "https://miro.medium.com/max/1472/1*ddQ62PhX16hu6FYee30jiQ.png"}, {"type": "sentence", "content": "In the short term, this may push email marketers to add friction and require login before unsubscribe to thwart Gmail. But if enough consumers press that 'report spam' button the company's email deliverability will ultimately suffer."}, {"type": "sentence", "content": "For the consumer companies playing the long game, they'll continue to improve their marketing tactics in order to delight their customers, and move from brand frustration to brand adoration."}, {"type": "sentence", "content": "If you have email marketing experiences, positive or negative, that you'd like to share: send 'em my way as a DM on Twitter to @jamesjoaquin."}], "topic": "marketing", "uuid": "50fbbd7f63eacebf809ee1ae13066761d329cca3c560fddd0ad0eeb3", "link": "https://worldpositive.com/unsub-optimal-b2c91397c42f"}