{"title": "Is LiquidPiston, the Startup reimaging the combustion engine, worth investing in?", "data": [{"type": "image", "content": "https://miro.medium.com/max/2824/1*1DPWcIgpRHGuo1NFmsqcvQ.jpeg"}, {"type": "sentence", "content": "LiquidPiston utilizes its patented engine technology and has completely revolutionized the combustion engine. There really isn't any other way to state it, because they took the current combustion engine, and have made it better in nearly every way. It is smaller, produces more horsepower, and is more fuel-efficient. These claims have all been tested, with the results published that are published in peer-review journals, so there's no dispute it's the real deal."}, {"type": "subtitle", "content": "A Combustion Engine in 2021?"}, {"type": "sentence", "content": "I'll admit, they seem like they're entering the market at a bad time. Trying to sell people on a new combustion engine in 2021 and beyond might be a tough sell, but people have been realizing the potential here. That's why the company currently has over 10 million raised, with no signs of slowing down. They do have tested and working products, including functioning products in things like small drones, go-karts, generators, and several contacts with the military to produce these things."}, {"type": "sentence", "content": "As well, they claim this is actually a complement to the EV revolution, in that it could drastically extend the range in hybrid vehicles, and be a strong alternative to solely EV style vehicles. Honestly, I am skeptical about this specifically due to the fact that nearly every major car manufacturer has committed to going full electric within the next 10-20 years, and EV sales are rocketing while combustion engines are declining, and most people aren't a fan of hybrids (No one wants to charge their car AND spend money on gas)."}, {"type": "sentence", "content": "That being said, there is still plenty of applications. Specifically in its application to aircrafts and portable generators. We don't have the technology yet to really have a great alternative to a generator, and things that produce more power using less gas are great for generators. As well, the nearest timeline for an electric jet is 10 years away, and even then, we're looking at a long timeline before industry-wide adoption."}, {"type": "subtitle", "content": "Financials"}, {"type": "sentence", "content": "For a startup, it's not bad, but there is some concern."}, {"type": "subtitle", "content": "Revenue/Profit"}, {"type": "sentence", "content": "They have a long history from crowdfunding and raises, so we can track their financials for a while. With this most recent raise, this is the first time they have generated actual sales (it looks like), whereas from 2016 to 2019 their revenue was grants and so forth."}, {"type": "sentence", "content": "That being said, their revenue has been steadily decreasing for the past 3 years, which is somewhat concerning. Obviously, things like this take a while to develop, but they might be running out of time. This project is over 20 years in the works, and they are only just now generating organic revenue from sales. They have had some positive net income one year, which is good, but the majority of their income is from DARPA grants, which seems to be decreasing."}, {"type": "subtitle", "content": "Other Financials"}, {"type": "sentence", "content": "Other than that, it's not too bad. They have a lot of debt, and a substantial net loss, but with a 10m raise currently, and substantial income from grants and other sources, they won't be bankrupt. Other than the declining revenue, there's nothing to worry about."}, {"type": "sentence", "content": "As well, I don't the valuation is particularly unfair. They have several products, and patents for those products, not to mention, several million in revenue. They have also raised 10 million dollars, so that also contributes to the valuation."}, {"type": "subtitle", "content": "Bull Case"}, {"type": "sentence", "content": "Even though the combustion engine is on the way out, there are still trillions of dollars to be made on the way out. There hasn't been any innovation in a viable combustion engine in ages. There is a Wankel engine, but those really haven't been used in production in a while, and aren't viable in many instances. That being said, it was used in several different instances, including a Mazda car. If they were to get their engine into a line of cars before the companies stop selling them, that would be massive. They could also carve out a market for themselves in other niche markets as well."}, {"type": "sentence", "content": "As well, they have several market opportunities ahead such as generators, drones, airplanes, etc. Simply getting decent adoption going into this, even on the way out could be big for them. There is plenty of options for growth in the air propulsion market for drones, aircraft, helicopters, and so on. These will not be able to go electric for another decade at least, and even then, who knows if it's viable. As well, this is a great motor to make generators."}, {"type": "sentence", "content": "There's also a chance someone like Boeing could see the potential and buy them out to manufacture jet engines, drones, etc."}, {"type": "subtitle", "content": "Bear Case"}, {"type": "sentence", "content": "There are a few things here for their bear case."}, {"type": "sentence", "content": "First, is the fact people will be hesitant to invest money in new combustion engine technology because the industry is going to all-electric. People would be hesitant to spend hundreds of millions of dollars at this point to buy out a company like LiquidPiston, or even attempt to rework a car to make it fit this specific engine. It will probably need specialty parts, the car to be designed around this engine specifically, and people might be hesitant to make these commitments with the combustion engine going out the window. Most will decide it's better to just put that money into EV tech"}, {"type": "sentence", "content": "Second, there is no guarantee they can even scale all of this. This has been over 20 years in the works, and there really is no telling how much longer it would take. By the time they are ready to scale, the industry could have very well moved on from combustion engines in general. Several European countries are already looking to ban combustion engines in their entirety, and this could pose further concerns."}, {"type": "subtitle", "content": "Conclusion"}, {"type": "sentence", "content": "My overall concern is whether or not we would see a return or not. I think they will ultimately do well, and carve out various Niches for themselves, but as combustion engines become more scarce and the demand dwindles, will they ever make it big enough to give a return? I don't know what the odds of them being bought out are as well given company's inevitable resistance to investing in new combustion engine tech. Personally, I don't think it's a bad company, but I don't think it's for me."}], "topic": "startups", "uuid": "54b7ffb4011a4dd2240ac874e5031b925f75b05c5ec435ae8060d249", "link": "https://medium.datadriveninvestor.com/is-liquidpiston-the-startup-reimaging-the-combustion-engine-worth-investing-in-238c1ddee55c"}