{"title": "How to Handle Client Revisions as a Freelance Writer", "data": [{"type": "image", "content": "https://miro.medium.com/max/11310/0*BrLRitmlNehHBPZn"}, {"type": "sentence", "content": "Once, a freelance writing client returned my work splashed red with revisions. Self-doubt sunk in. Am I even qualified to write for a living? Should I even be charging? I asked myself."}, {"type": "sentence", "content": "Needless to say, I was devastated."}, {"type": "sentence", "content": "I eventually realized freelance writing revisions are part of the process. Nobody is perfect - that includes your writing, ever after self-polishing. Here are a few tips for how to handle client revisions in a (mostly) pain-free way."}, {"type": "subtitle", "content": "How to Handle Freelance Writing Revisions"}, {"type": "subtitle", "content": "1. Don't take it personally."}, {"type": "sentence", "content": "Nobody is perfect. Even with the right preparation and training, you sometimes miss the bulls-eye. Also, writing is deeply subjective - \"great\" writing will often fluctuate by the client and industry."}, {"type": "sentence", "content": "Revisions a fine-tuning process. You have most of the legwork done with the first submission. Now it's time to do some final tweaking to perfect the piece, together with the client."}, {"type": "sentence", "content": "Use the revisions process as an opportunity to showcase your professionalism. Rarely your client intends to offend you. This is a product of their company and it's your responsibility - literally the terms of your contract - to deliver on what they're paying you for. Tackling revisions with the right attitude and professionalism looks impressive and may position you for recurring work with that client."}, {"type": "subtitle", "content": "2. Review the revisions."}, {"type": "sentence", "content": "Before pulling your sleeves up and getting to work, review all the issues. This will give you an overview of what's being asked of you and how to improve on future freelance writing jobs."}, {"type": "sentence", "content": "For example:"}, {"type": "sentence", "content": "Ask for clarification, if necessary. It's best to take a few moments to understand what you're being asked before getting started than to assume and potentially make things worse."}, {"type": "subtitle", "content": "3. Apply the revisions."}, {"type": "sentence", "content": "Tackle each revision at a time and move to the next one. Be sure to execute all that is being asked of you - missing the mark slightly the first time is fine. Making avoidable mistakes is sloppy and unprofessional."}, {"type": "sentence", "content": "When you complete all the revisions, do a final editing sweep. Edits can sometimes change the flow of your article, which may require you to move things around. Also, remember to run your article through spell check and consider using Grammarly (it has a free version)."}, {"type": "subtitle", "content": "4. Study your revisions."}, {"type": "sentence", "content": "I started making a copy of my revision requests and storing them in a separate document for studying. I would put the original version and the approved revised version side-by-side to understand how they differ and how I can improve."}, {"type": "sentence", "content": "This is useful for understanding the client's style and brand voice. It's also helpful for sharpening your writing skills - with enough practice and constructive feedback, you gain greater mastery over language and structure."}, {"type": "sentence", "content": "Here are a few examples of notes I take when studying (using Google Docs):"}, {"type": "image", "content": "https://miro.medium.com/max/744/1*7TGi-4l2pFfHzYym027B5Q.png"}, {"type": "subtitle", "content": "Tips For Minimizing Revisions"}, {"type": "sentence", "content": "Below are a few tips for helping busy freelance writers save themselves from another (often time-consuming) round of revisions."}, {"type": "subtitle", "content": "Freelance Writing FAQs"}, {"type": "subtitle", "content": "How can I improve my freelance writing?"}, {"type": "sentence", "content": "While a college degree is not necessary for freelance writing, some forms of education can help you improve your writing skills. Online courses and books are great resources for studying how to write on the internet."}, {"type": "subtitle", "content": "Can you make a living off freelance writing?"}, {"type": "sentence", "content": "Yes, some freelance writers earn enough income to support themselves full-time. Self-starters who can dedicate the time and energy to studying writing and business skills are most likely to succeed."}, {"type": "subtitle", "content": "How do I break into freelance writing?"}, {"type": "sentence", "content": "Building your freelance writing portfolio is typically the first step for beginner freelance writers. Also, studying sales and marketing will help writers market their services and secure clients."}, {"type": "subtitle", "content": "About the Author"}, {"type": "sentence", "content": "Dan Marticio is a freelance writer specializing in SEO content for FinTech and B2B companies. From startup guides to business loan reviews, Dan loves making complex concepts easy to understand and apply."}, {"type": "sentence", "content": "Considering freelance writing? Be sure to grab his free guide: 19 Profitable Freelance Writing Niches."}], "topic": "freelancing", "uuid": "56772e309039bd65e767e231352e9628d8cab37ab9324c0ce9a8aa1a", "link": "https://medium.com/swlh/how-to-handle-client-revisions-as-a-freelance-writer-ed25f0dfab8f"}