{"title": "How to Build a More Resilient Brain", "data": [{"type": "subtitle", "content": "YOUR POOR PANDEMIC BRAIN"}, {"type": "sentence", "content": "A lot has been written (including by this reporter) about the mental health toll of the pandemic, and for good reason. The latest numbers from the National Pulse Survey, a weekly mental health screen conducted by the National Center for Health Statistics and the U.S. Census Bureau, estimate that nearly 40% of Americans are currently experiencing symptoms of either anxiety or depression, a 50% increase over pre-pandemic times."}, {"type": "sentence", "content": "In some ways, though, it's surprising that this number isn't even higher given the stress, trauma, loss, and loneliness of the past year. The vast majority of people have spent the last 12 months locked inside their homes, terrified of catching a deadly virus, and trying not to kill their spouse, children, or roommates - in more ways than one. People living alone have marked births, deaths, graduations, and layoffs with no one to hug but our pillows. And yet the majority of Americans seem to have made it through with their mental health still intact. How?"}, {"type": "sentence", "content": "If the root of much of the mental illness that's emerged during the pandemic is unrelenting chronic stress, the opposite is also true: Resilience to trauma lies in the ability to adapt positively to stress."}, {"type": "sentence", "content": "\"Resilience is really this ability to bounce back in the face of adversity,\" says Steven Southwick, MD, an emeritus professor of psychiatry at Yale University. \"From a biological standpoint, it's the ability to modulate and hopefully constructively harness the stress response.\""}, {"type": "sentence", "content": "In the brain, resilience means protecting against many stress-induced changes, particularly in regard to the size, activity, and connectivity of the amygdala, hippocampus, and prefrontal cortex - the brain's fear, memory and mood, and executive control centers, respectively."}, {"type": "sentence", "content": "How does one prevent these neural changes? Some of it is genetic - gene variants affect the levels and activity of circulating stress hormones, as well as the hormones that counteract them. But perhaps more importantly, behavioral interventions can also build resilience and serve as a buffer against stress for those important brain systems."}, {"type": "sentence", "content": "\"Resilience is not an on-off switch,\" says Deborah Marin, MD, a professor of psychiatry and director of the Mount Sinai Center for Stress, Resilience, and Personal Growth, which was launched in 2020 to help health care workers cope with pandemic stress. \"Some people may be born with more resilience, there may be some genetic component there, but there's a lot of environmental interaction at play - everything from poverty, access to health care, education, community support.\""}, {"type": "sentence", "content": "Southwick has been studying resilience for decades, interviewing countless combat veterans and other trauma survivors with and without post-traumatic stress disorder. Based on these conversations, he, along with collaborator Dennis Charney, MD, dean of the Icahn School of Medicine at Mount Sinai, developed a rubric of 10 behaviors and traits that contribute to people's resilience."}, {"type": "sentence", "content": "\"We and many others believe that a big part of resilience is knowing how to regulate the stress response,\" Southwick says. \"Resilience, in many ways, is a set of skills that can be learned, and pretty much any of us can, to some significant degree, learn these skills.\""}, {"type": "sentence", "content": "Several of these skills, along with a few other strategies, are outlined below, but the basic premise is to engage in activities that strengthen your brain's executive control center (the prefrontal cortex) so that it doesn't get overrun by the brain's fear and arousal center (the amygdala) during times of stress."}, {"type": "subtitle", "content": "Optimism and cognitive flexibility"}, {"type": "sentence", "content": "Negative emotions - fear, anger, disgust - prepare the body to fight or to flee through activation of the sympathetic nervous system, which narrows people's focus and restricts our behaviors to those actions. Positive emotions, on the other hand, lower arousal levels, broaden attention, and increase creativity, which helps people be more flexible in their thoughts and behaviors."}, {"type": "sentence", "content": "While some people are naturally more optimistic than others, you can train yourself to think more positively through the skill of cognitive reappraisal. During times of stress, this means seeing a threat not as an insurmountable problem but as a challenge to be solved. For example, many people have tried to see the bright side of the extra time spent at home during the pandemic, viewing it as an opportunity to learn a new skill or pick an old hobby back up. It doesn't change the outcome of the pandemic, but it does make the best of a bad situation. Instead of being bored at home and lamenting the loss of your social life, you might have learned a new language or started playing the guitar again now that you have more free time."}, {"type": "sentence", "content": "Southwick calls this type of reframing \"realistic optimism.\" \"The realistic optimist basically has a future-oriented attitude and the belief that things will turn out okay,\" he says. \"The realistic optimist actually tends to see as much of the negative information that a more pessimistic person might, but they don't remain focused or glued to this negative perception, and they have the ability to rapidly disengage, particularly from those negative perceptions that are not solvable. And they tend to be pretty darn good at turning their attention to solvable problems.\""}, {"type": "sentence", "content": "This type of cognitive flexibility is associated with activity in the prefrontal cortex, and stronger executive control from the region, particularly over the threat response triggered by the amygdala, is important for not letting stress and anxiety run wild. Chronic stress can damage the connection between the prefrontal cortex and the amygdala, taking the brakes off of the brain's alarm system and potentially leading to anxiety and PTSD. Having a stronger prefrontal network that can protect against this negative effect of chronic stress may help support resilience."}, {"type": "subtitle", "content": "Meditation"}, {"type": "sentence", "content": "Another resilience strategy that exercises the prefrontal cortex is meditation, which can largely be thought of as a practice of attention. Every time your mind wanders while you meditate, it requires cognitive control exerted by your prefrontal cortex to bring it back to focusing on your breath. And just like working out your biceps will make them stronger, so will working out a brain region in this way. Activate an area enough times, and your neurons start to wire new connections there, making the thought process more automatic."}, {"type": "sentence", "content": "\"Our brain structure is changing from moment to moment. It's much more plastic than we ever thought; it's like a muscle, you can strengthen it or weaken it,\" Southwick says. \"It's called 'use-dependent neuroplasticity' - the more I practice accurately, the more my brain will respond, and it will be less effortful in the future.\""}, {"type": "sentence", "content": "On a more immediate time scale, taking a few deep breaths in a moment of stress can turn on the parasympathetic nervous system - the counterpart to the fight-or-flight response - and start to undo some of the body's stress response. Deep breathing also lowers levels of noradrenaline, a brain chemical that increases arousal, which is also released in response to stress."}, {"type": "subtitle", "content": "Stress inoculation and facing your fears"}, {"type": "sentence", "content": "You can also train your brain to handle stress better through exposure to smaller stressors, particularly early in life. Scientists call this stress inoculation: Just like exposure to a tiny amount of a virus will educate your immune system on how to respond to it better next time, learning how to deal with mild stressors teaches your brain how to handle bigger stressors later."}, {"type": "sentence", "content": "\"There's some evidence that exposure to chronic stress early in life can actually make you resilient to stress later in life. Like that initial experience changes your resilience capacity,\" says James Herman, PhD, a professor of psychiatry and behavioral neuroscience at the University of Cincinnati and director of the Laboratory of Stress Neurobiology. \"You have all of these stressors that are present all the time, but if you're used to them, you become resilient to them. They can help you later on in life, and they might even be beneficial.\""}, {"type": "sentence", "content": "Part of this process is facing your fears, which, again, involves the prefrontal cortex overcoming the alarm bells ringing from the amygdala."}, {"type": "sentence", "content": "\"Fear is completely natural. It's, in many ways, a signal or something that is warning us, it's a guide,\" Southwick says. \"But if you allow fear to hang around too long, it might evolve into panic. And when someone's panicked, there tends to be a flooding of noradrenaline to the prefrontal cortex, which has a tendency to take the prefrontal cortex offline, which means that I'm now operating much more via my amygdala because my prefrontal cortex is no longer inhibiting the amygdala to the same degree that it normally does.\""}, {"type": "sentence", "content": "Practicing facing your fears in lower stakes situations teaches your brain how to maintain control during stressful scenarios so that fear doesn't turn into panic and spiral out of control. This isn't something you can magically do right now to help you deal with the rest of the pandemic, but as things quiet down, consider it to help build your resilience for the future. Maybe challenge yourself to sign up for a class you've been intimidated to take or speak up in a meeting if normally you stay silent. In clinical settings, facing your fears is called exposure therapy and is used to treat anxiety disorders, particularly phobias and PTSD. With it, you gradually build up your exposure to the thing you're afraid of while practicing relaxation techniques to prevent your amygdala and sympathetic nervous system from running out of control. The goal is ultimately to desensitize yourself to your fear, but the therapy can help you learn how to remain calm in any stressful situation."}, {"type": "subtitle", "content": "Exercise and sleep"}, {"type": "sentence", "content": "Maintaining good physical health is also critical for your mental capabilities. If you've heard it once, you've heard it a million times: Exercise is one of the best things you can do for your brain. Physical activity helps the brain grow new connections between brain cells and maybe even new neurons themselves. Much of this growth takes place in, you guessed it, the prefrontal cortex, as well as in the hippocampus, an area involved in regulating mood and memory. The new growth can help offset the loss of connections that occurs in those regions with chronic stress. Exercise also boosts levels of the feel-good neurochemicals dopamine and serotonin, both of which are depleted in people with depression."}, {"type": "sentence", "content": "On the flip side, lack of sleep can exacerbate many of the problems seen in the brain with chronic stress. One study from 2019 showed that sleep deprivation can cause a decrease in activity in the prefrontal cortex, while the amygdala becomes more reactive after a poor night's sleep. This shift in activity correlated with people's feelings of anxiety."}, {"type": "subtitle", "content": "Social support"}, {"type": "sentence", "content": "A crucial resilience strengthener experts bring up again and again is social support. In many ways, social connection counters the stress response from the sympathetic nervous system. Being with a friend or family member, especially during a stressful situation, dampens the activity of noradrenaline and cortisol. It also activates the reward center of the brain, providing a boost in dopamine."}, {"type": "sentence", "content": "\"Human beings have many, many sources of resilience, but I think the most important is our relationships and social support and the way that we can help each other,\" says Ann Masten, PhD, a psychologist and professor of child development at the University of Minnesota. \"Feelings of belonging and support are powerful protective factors for many different kinds of situations.\""}, {"type": "sentence", "content": "This aspect of resilience can be tricky during a pandemic when physical distancing from people outside of your household is necessary for safety. However, just knowing you have people in your corner who love and support you\u201a even if you can't currently be with them, still has a protective effect."}, {"type": "sentence", "content": "\"The perception that you have others you can count on, even if they're not presently there, has been shown to buffer some of the physiological effects [of stress],\" says Julianne Holt-Lunstad, PhD, a professor of psychology and neuroscience at Brigham Young University. \"[We've shown that] people who simply have more supportive people in their social network are less cardiovascularly reactive to a stressor task. Other studies have shown that even just thinking about someone who is very supportive is enough to buffer some of those physiological responses.\""}, {"type": "subtitle", "content": "Purpose and self-efficacy"}, {"type": "sentence", "content": "Another key protective factor is having a sense of purpose and not feeling like you're helpless in the stressful situation you're facing. Similar to cognitive reappraisal, viewing the stressful scenario as an opportunity and that you have something to contribute provides a powerful sense of self-efficacy, which can prevent people from despairing. Scientists have known for decades that a feeling of helplessness is strongly tied to the development of depression, while having a sense of control is linked to resilience."}, {"type": "sentence", "content": "This factor is particularly relevant for frontline health care workers who have seen some of the greatest trauma during the pandemic. While roughly half of doctors, nurses, and other hospital staff are understandably experiencing depression, PTSD, and anxiety as a consequence, the other half have remained resilient. One reason may be because they can directly impact the course of the pandemic and have the ability to save people's lives."}, {"type": "sentence", "content": "\"Even if you're working really hard, [if you're] able to feel that your work has a sense of meaning and purpose, and that sense of meaning and purpose is aligned and shared by your colleagues and your institution, then you can tolerate an incredible amount of stress,\" says Ronald Epstein, MD, a professor of family medicine at the University of Rochester Medical Center who has studied physician burnout."}, {"type": "sentence", "content": "If you're not a frontline worker, it may be a little harder to feel like you have a role to play or any control over the situation. However, just because you can't change the larger course of the pandemic doesn't mean that you can't take steps to control your own risk and the day-to-day unfolding of your life within it. Staying home for a year and forgoing social interactions and a normal life has been hard on everyone, but keep in mind that you're doing it for a really important purpose - you're potentially saving a life, maybe even your own. Every time you wear a mask, you're taking your health into your own hands. Even just making and sticking to a daily schedule that slots in exercise or meditation can give you back some semblance of control."}, {"type": "sentence", "content": "\"The pandemic and catastrophes like this can give you a sense that everything is out of control,\" Masten says. \"We don't have a lot of control over what's happening at a global level, but in our own lives, day by day, we can plan, take things one step at a time, and we can give ourselves a sense of accomplishment just in daily planning and setting manageable goals that provide us with a sense of self-efficacy.\""}, {"type": "subtitle", "content": "Preparation"}, {"type": "sentence", "content": "Another reason that there isn't more mental illness among health care workers is that they've trained for these types of situations. If someone was pulled off the street to work a day in the intensive care unit, their stress levels would go through the roof and they could very quickly become overwhelmed by the pressure and high stakes of the work, not to mention being exposed to so much suffering and death. But health care workers deal with this every day as part of their jobs."}, {"type": "sentence", "content": "Notably, many of the health care workers who did develop symptoms of depression or anxiety said that they had been transferred to a different department during the pandemic. In other words, they wound up doing a job that they had not been trained for. For example, nurses and doctors who normally work in rehabilitation were redeployed to the intensive care unit, where they saw much more death than they were used to. Some health care workers had to use ventilators for the first time since graduating from medical school, a skill they may not have felt as competent at."}, {"type": "sentence", "content": "\"Redeployment was definitely a factor that contributed to having more symptomatology, either depression or anxiety or PTSD,\" says Marin, the Mount Sinai psychiatrist who directs the Center for Stress, Resilience, and Personal Growth. \"That probably is because when you're redeployed, you're doing a new skill set that you haven't been doing or you're used to, and you're removed from an environment that may have your own community resilience.\""}, {"type": "sentence", "content": "Virtually no one was prepared for the pandemic and all that it threw at us (how could you be?), and many people - and systems - broke down as a result. But there are at least lessons to be learned should disaster strike again in the future. Perhaps you still have a cache of beans and toilet paper stocked away that can give you a little peace of mind if there's another stress on grocery store chains. Maybe you finally got to know your neighbors, and now you know who on your street might need a little more help getting groceries, or who has kids around the same age as yours. Or if your pandemic hobby was gardening or hiking or spending more time outdoors, maybe you developed some new survival or self-sufficiency skills you can keep in your back pocket to feel a little more competent and confident going forward."}, {"type": "sentence", "content": "Hopefully, government and institutions have also learned how to better support under-resourced groups, including parents, the elderly, and the unemployed. \"I think this pandemic is a wake-up call for a lot of disasters that probably are going to come in the future, either other pandemics or climate disasters related to weather,\" says Masten. \"I think we need to think about how do we organize work and cities, and how do we support families with enough child care and financial support to give us flexibility?\" These are big complicated questions, but many organizations, particularly those focused on public health, are starting to ask them, which is an important first step."}, {"type": "sentence", "content": "The past year has turned our lives upside down. People have lost loved ones, jobs, social lives, and any sense of normalcy. It's entirely understandable, and even expected, that living through a year of a deadly pandemic would take a toll on mental health. But it's also important to remember that depression, anxiety, and PTSD aren't an inevitable result, although it does take some work to protect against them."}, {"type": "sentence", "content": "\"As humans, we have this immense capacity to get through transient stresses,\" Epstein says. \"That's why humans have survived - we're not physically strong creatures, and we don't have a lot of natural protection, so we rely on our ability to adapt to different circumstances.\""}, {"type": "sentence", "content": "Epstein, who leads resilience workshops for health care workers, advises people to embed small habits into their day that can help relieve their stress, at least temporarily. This could be a five-minute meditation or breathing exercise when you feel yourself getting worked up; a quick walk around the block every day at lunch; a standing text or phone check-in with a friend; or a daily gratitude list you make at bedtime."}, {"type": "sentence", "content": "\"Try to find something really, really small that you can do every day that will improve your own sense of positive potential, gratitude, community presence, your ability to be attentive - something that will actually make you feel a bit more aware and in control of your own inner life,\" he says. \"There's a whole catalog of things that people can do that are awfully simple, easily accomplished, and doable, it's just a question of reminding yourself and making that commitment.\""}, {"type": "sentence", "content": "It's also important to keep in mind that you don't have to go through this alone. Again, social support is one of the most beneficial factors when it comes to resilience, so reach out to a friend or colleague if you're struggling - they probably need to talk just as much as you do."}, {"type": "sentence", "content": "\"Yes, we each can take actions, we each can be optimistic or practice meditation by ourselves to help deal with trauma. But a lot of the capacity for human resilience comes from the ways we interact with each other in relationships, in our friendships, in our congregating in cultural practices,\" says Masten. \"Human beings have a lot of capabilities to come up with ideas and share them of how to deal with whatever current issues are coming up with the pandemic or other kinds of struggles.\""}, {"type": "sentence", "content": "She continues, \"We're great at ingenuity, and you can see [...] as the challenges unfold, the mobilization unfolding at the same time. We respond when we're challenged.\""}], "topic": "neuroscience", "uuid": "5b96b9facdb8fdacab12024d301bcb071cc05e24a1d54c46b1732bbe", "link": "https://elemental.medium.com/how-to-build-a-more-resilient-brain-5b00785868cc"}