{"title": "7 Awesome Design Inspiration Resources for All Web Developers", "data": [{"type": "image", "content": "https://miro.medium.com/max/12000/0*pND0k8hlASAxTFqa"}, {"type": "sentence", "content": "Design is a very important part of any software or application. It's the first thing that the user sees and it allows to know the purpose of the software. As a developer, you don't have to deal with design, especially if you're working with a team of designers."}, {"type": "sentence", "content": "However, sometimes you need to make the design yourself, especially if you're an independent developer. The problem is that not all developers are good with design. That's why it's always beneficial to get some inspiration from other resources if you want to make your projects more appealing to the users."}, {"type": "sentence", "content": "In this article, we will give you a list of some useful resources where you can get some design inspiration as a developer. So let's get started."}, {"type": "subtitle", "content": "1. Dribbble"}, {"type": "sentence", "content": "Dribbble is one of the popular platforms where you can get design inspiration. It's a good place where designers post their designs and share them with the world. Any type of creative design is available on Dribbble."}, {"type": "sentence", "content": "Besides inspiration, you can learn design, browse design jobs, and hire designers if you want."}, {"type": "image", "content": "https://miro.medium.com/max/2662/1*wOOJ1aYLiK80ELgolR7k9Q.png"}, {"type": "subtitle", "content": "2. Behance"}, {"type": "sentence", "content": "Behance is also a popular destination for every type of designer. There is a lot of creative work there as well. As a developer, Behance allows you to search for any type of design you're looking to get inspiration from."}, {"type": "image", "content": "https://miro.medium.com/max/2658/1*PP5RSksEBEEJWw1q5T5WAA.png"}, {"type": "subtitle", "content": "3. One Page Love"}, {"type": "sentence", "content": "One page love is a great website where you can find page website designs, templates, and resources. You can browse there for any type of website design you want to get inspiration from."}, {"type": "image", "content": "https://miro.medium.com/max/2640/1*RlOcVbzGrQSRdlYK88OE6g.png"}, {"type": "subtitle", "content": "4. SaaS landing page"}, {"type": "sentence", "content": "SaaS landing page is a popular website that curates high-quality SaaS website designs. You can filter for any type of SaaS webpage design you're looking for(landing page design, about us page design, blog, and etc). It's a great resource if you're building a SaaS product."}, {"type": "image", "content": "https://miro.medium.com/max/2632/1*NLQRzAnHk5N6Qt-svjPzEw.png"}, {"type": "subtitle", "content": "5. Landingfolio"}, {"type": "sentence", "content": "Landingfolio is a useful website that provides landing page design inspiration and resources. There a lot of types of landing page designs out there that you can filter from such as login pages, product pages, SaaS pages, and so on. This is a very useful resource for all web developers."}, {"type": "image", "content": "https://miro.medium.com/max/2692/1*P_b6tgxnUBXZR6MToaP9uw.png"}, {"type": "subtitle", "content": "6. Humans"}, {"type": "sentence", "content": "Humans is the right destination if you're looking for portfolio related design inspiration."}, {"type": "sentence", "content": "Humans curate a lot of personal portfolio sites that you can visit and get inspiration from. You can search for any type of portfolio(developer portfolio, designer, photographer, and etc). You can even filter portfolios by technology, color, and country."}, {"type": "image", "content": "https://miro.medium.com/max/2686/1*stjeH3REykxghyokR2Gu4w.png"}, {"type": "subtitle", "content": "7. Shopify Themes"}, {"type": "sentence", "content": "Shopify themes is the best place to get design inspiration if you want to develop an Ecommerce website. There are plenty of e-commerce templates created by creative designers. As a web developer, you can explore those template designs and get inspiration to build your next store."}, {"type": "image", "content": "https://miro.medium.com/max/2534/1*s2-9tHfmUexO9_uOH2zr8A.png"}, {"type": "subtitle", "content": "Conclusion"}, {"type": "sentence", "content": "As I said, design is an essential part of any software. That's why as a web developer, you should take care of your designs by creating awesome user interfaces and user experiences. Design inspiration is very important if you want to have a designer eye even if you're a developer."}, {"type": "sentence", "content": "Thank you for reading this article. I hope you found it useful."}, {"type": "sentence", "content": "Further Reading"}, {"type": "sentence", "content": "More content at plainenglish.io"}], "topic": "design", "uuid": "6112d669382d62f49f694f60934e6ab0b236687cb065ccbd1f984eac", "link": "https://javascript.plainenglish.io/7-awesome-design-inspiration-resources-for-web-developers-9c42c4db7cac"}