{"title": "The Bird Club", "data": [{"type": "image", "content": "https://miro.medium.com/max/2000/0*e7084Y61NWnKa8pH"}, {"type": "sentence", "content": "Gawky, spindly youths on the cusp of manhood, insecurity rifeCould have gone either way - fight! fight! fight! - baying for bloodChanting in the playground, no shortage of takers, crowds gatheredBlood spats, broken noses, and never a good outcomeMr. Few, the Geography teacher, took Ornithology classes after schoolHe tried to tempt them in; the wayward boys, the no-hopers, the loafersWith promises of field trips and a free badge to sport on their Crombie coatsAs if that would lure them in; a field trip - maybe but a badge. No way.Binoculars nick-named 'bins' and educational pamphlets crumpled in disrespectThe core of the class keen and interested in birds wore their binoculars with pridePencils sharpened and notebooks at the ready, they were a pleasure to teachEven the boys at the back quietened, intrigued, happy to be doing something differentThe bird table near the fountain at the main entrance to the school buildingWas where they gathered at a distance on school benches, hushed by Mr. FewA tiny Goldfinch skittered to the feeder clinging to the side, pecking the seedsIt's blood-red cap and bright yellow go-faster stripes on its wings pretty and alluringUrban landscapes in the concrete jungle of the new-town where the school was builtOffered little scope for wildlife to flourish, save for handkerchief-sized gardensAttached to rows and rows of identical plain brick houses, every front door the sameThe residents scratching a living in the post-war era of 1950s Britain - food-rationingFresh in people's minds, second-hand clothes the norm, home-made uniformsA necessity to make ends meet.\"Your boy in that Bird Club, Marge?\"\"Yes. Is yours?\"\"No! Said it was for sissies. Left school early and got a job. Brings home a fortune\"Marge unpacked her groceries and stashed them neatly in the larderHer two kids, Shirley and Billy, were out in the garden, hiding in some tent they'd madeEating jam sandwiches and watching birds through their binocularsThe ones they'd had to borrow from school. Pete's wages could never have stretched that farShe'd seen Paul, her friend's son, driving a flashy new car and wondered how he could afford itNone of her business. She had a meal for four to prepare out of a few scrapsShe was used to it. Pete would get promotion one day. She was looking for work.Besides, she enjoyed listening to Shirley and Billy discussing birds at the dinner table"}, {"type": "sentence", "content": "Thanks for reading. If you would like to read more of my work, click here to find more poetry, non-fiction and some short stories."}], "topic": "fiction", "uuid": "6172653c9942354c28c1673a925b04af42b07a8a78b3c4463edb9196", "link": "https://medium.com/lit-up/the-bird-club-7bdb8cb2fc72"}