{"title": "The Music Cafe", "data": [{"type": "sentence", "content": "A hidden gem in Damascus, Maryland"}, {"type": "image", "content": "https://miro.medium.com/max/8064/1*8L9INVXpZqSBx67nxh7PGg.jpeg"}, {"type": "sentence", "content": "In 2019 a friend and I discovered the Music Cafe in Damascus, Maryland. It has a wonderful back patio for outdoor dining. I've been there three times now and have yet to sit in the dining room because I've enjoyed eating outside on their back patio. Though (pre-pandemic) I've visited the loo while there was live music playing in the dining room."}, {"type": "sentence", "content": "The last time we were there pre-pandemic, we were joined by more friends for her birthday celebration. With hanging outdoor patio lights, good music, and wonderful company, it was the perfect way to celebrate my friend's birthday. There was enough room for all eight of us."}, {"type": "sentence", "content": "To celebrate a year of missed birthday celebrations we met up again at our beloved spot in Damascus for some good music, yummy sandwiches, and relaxing outdoor dining. Unfortunately, when it was time to leave, we were missing out on the live entertainment that was just beginning on the patio. The singer was a crowd favorite as tables started to fill up as we were leaving."}, {"type": "sentence", "content": "The Music Cafe is tucked away next to a vet clinic in Damascus. If you blink, you'll miss the long driveway up to the restaurant."}, {"type": "sentence", "content": "Being children of the 80's my friend and I enjoy the selection of 80's music that plays as the backdrop to our dining experience. I love the relaxed ambiance at the Music Cafe. We've never been rushed or pushed out the door, sometimes deciding to partake in dessert if we decide to stay longer as we continue to chat and catch up. I love that you are not just a number to them. They encourage you to, \"Come inside, take a load off, and let the good times roll. Oh yeah, and you're not just a number to us. We want to remember your name.\""}, {"type": "sentence", "content": "The menu is fun with names from various songs throughout history. My friend is a fan of the \"Eye of the Tiger\" Sandwich and I like their \"Viva Las Vegas\" vegetarian wrap filled with yummy veggies, avocado slices, black bean burger, and smeared with hummus. They have something for everyone. I love that they have vegan options. My doctor put me on a super low-fat diet for my cancer diagnosis and I am easily able to find something to fit my new dietary restrictions."}, {"type": "sentence", "content": "When the pandemic hit in Maryland, The Music Cafe pivoted and in May 2020 began providing online ordering and curbside pickup for breakfast, lunch, and dinner. More than 13 months later, they have remained open and continue to offer wonderful entertainment for their outdoor dining. Montgomery County approved beer and wine curbside pickup, so go ahead and order yourself a little something to go with your meal. You must order food to go alongside your adult beverage."}, {"type": "sentence", "content": "In addition to their musically named gourmet sandwiches, the menu includes a robust breakfast menu, especially popular with their after-church crowd on Sundays. Appetizers, soups and salads, and flatbread pizzas round out their menu."}, {"type": "sentence", "content": "There's a wonderful community feel to The Music Cafe and it's a staple in Damascus. So why don't you \"Walk This Way\" enjoy some \"Sweet Emotion\" at \"Our House\" \"If it makes you happy.\""}, {"type": "sentence", "content": "Do you have a favorite venue that you can't wait to visit again after a year of isolation? What makes it special for you?"}, {"type": "sentence", "content": "Originally published on News Break on April 19, 2021"}], "topic": "travel", "uuid": "6198dd5270af0a80596aa69586424754af34b0eb479eeed45ab2636e", "link": "https://hjauquet.medium.com/the-music-cafe-4ea71061606b"}