{"title": "The Now Habit by Neil Fiore: Summary and Notes", "data": [{"type": "image", "content": "https://miro.medium.com/max/400/0*k51MTNLA0F7SSGtN.jpg"}, {"type": "sentence", "content": "\"The choice is not working or not working, but which type of work; even feeling guilty because of procrastinating takes some effort. When you commit to a goal, you're committing to a form of work that brings ongoing rewards. When you procrastinate, you're choosing a self-punishing form of work.\""}, {"type": "sentence", "content": "Rating: 7/10"}, {"type": "sentence", "content": "Related Books: Solving The Procrastination Puzzle, Eat That Frog, Hyperfocus, The Procrastination Equation, Atomic Habits, The Power Of Habit"}, {"type": "sentence", "content": "Print | Ebook | Audiobook"}, {"type": "sentence", "content": "Get all my book summaries here"}, {"type": "subtitle", "content": "The Now Habit: Short Summary"}, {"type": "sentence", "content": "The Now Habit by Neil Fiore tackles procrastination. Neil focuses on the emotional issues making people procrastinate. The biggest of which is the anxiety associated with completing a task. Neil offers strategies on how to beat procrastination. Most of the strategies are excellent, and you will find them useful."}, {"type": "subtitle", "content": "Why We Procrastinate"}, {"type": "sentence", "content": "Procrastination: \"A mechanism for coping with the anxiety associated with starting or completing any task or decision\""}, {"type": "sentence", "content": "Warning signs of procrastination:"}, {"type": "sentence", "content": "One of the reasons why we procrastinate is to protect our self-worth. Procrastination helps us temporarily relieve our deeper inner fears. These fears include the fear of failure, the fear of being imperfect, and the fear of impossible expectations."}, {"type": "sentence", "content": "The fear of judgment stems from over-identifying who we are now with our work. Because of this fear, people engage in a counterproductive drive towards perfectionism."}, {"type": "subtitle", "content": "How We Procrastinate"}, {"type": "sentence", "content": "To improve performance, you've got to know how you do anything."}, {"type": "sentence", "content": "The key to knowing how you procrastinate is to log your time. Create a journal and write down all the activities that take up your time."}, {"type": "sentence", "content": "The five stages of anxiety and procrastination:"}, {"type": "sentence", "content": "Successful people fail many times, but they bounce back to work on another success."}, {"type": "subtitle", "content": "How To Talk To Yourself"}, {"type": "sentence", "content": "In many cases, procrastination is an act of rebellion and assertiveness. By learning to challenge and replace your negative internal dialogue, you can free yourself from negative attitudes."}, {"type": "sentence", "content": "Rather than saying that I don't want to, or I have to say I choose to. Saying I choose to gives you power over the task at hand."}, {"type": "sentence", "content": "Learn to say no to take control over your life and time."}, {"type": "sentence", "content": "How to change from a procrastinator to a producer:"}, {"type": "subtitle", "content": "Guilt-Free Play, Quality Work"}, {"type": "sentence", "content": "The most tragic form of procrastination is putting off living. It prevents us from completing really important tasks in our lives and lessens respect for ourselves."}, {"type": "sentence", "content": "To sustain high levels of motivation, we need to lessen the urge to procrastinate in the face of life's demands."}, {"type": "sentence", "content": "We are more likely to be productive when we can anticipate pleasure and success rather than isolation and anxiety in our work."}, {"type": "sentence", "content": "To minimize procrastination, structure your rewards such that you will be motivated to start on the task each day."}, {"type": "sentence", "content": "Schedule for guilt-free play. This will give you a sense of freedom over your life and will allow you to settle more easily into short and focused periods of quality work."}, {"type": "subtitle", "content": "Overcoming Blocks To Action"}, {"type": "sentence", "content": "Procrastination is a phobic response to what you fear as it allows you to avoid what you fear. If It is your only defense against fear, procrastination will become a hard habit to unlearn."}, {"type": "sentence", "content": "There are three major fears that block action and that lead to procrastination. They are the fear of failure, the terror of being overwhelmed, and the fear of not finishing."}, {"type": "sentence", "content": "The Now Habit tools that diminish stresses and worries:"}, {"type": "subtitle", "content": "The Unschedule"}, {"type": "sentence", "content": "Only work can diminish your anxiety."}, {"type": "sentence", "content": "While 30 minutes is not a lot of time, the important thing is to get started."}, {"type": "sentence", "content": "The unschedule begins with an image of play followed by quality work. By incorporating breaks as you work, you can use them as rewards to motivate yourself. Also, recording each work period will give you a visible reward that allows you to see how much work you have achieved each day."}, {"type": "sentence", "content": "To create your own Unschedule:"}, {"type": "subtitle", "content": "Working in The Flow State"}, {"type": "sentence", "content": "A flow state is a state that is intensely focused and also calm."}, {"type": "sentence", "content": "Learning to work creatively will increase your level of excitement as you work."}, {"type": "sentence", "content": "Performing relaxation exercises can make you focus at work. Breathing exercises in which you focus on your breathing are especially helpful when it comes to building focus."}, {"type": "subtitle", "content": "Fine Tuning Your Progress"}, {"type": "sentence", "content": "To strengthen your new habits, you can use planned setbacks. Here is the process:"}, {"type": "sentence", "content": "Your planned setback will point you to when you are most likely to procrastinate, and you will be in a better position to fight the habit next time."}, {"type": "sentence", "content": "How to set goals effectively:"}, {"type": "subtitle", "content": "The Procrastinator in Your Life"}, {"type": "sentence", "content": "We live and work with people whose procrastination affects us negatively."}, {"type": "sentence", "content": "To work effectively with procrastinators, managers must keep in mind the many emotional issues that make people procrastinate."}, {"type": "sentence", "content": "Managers should address the emotional problems in terms of commitment rather than compliance. They should focus on manageable objectives."}, {"type": "sentence", "content": "Managers should also minimize negative criticisms as that leads to the very fears that cause procrastination."}, {"type": "sentence", "content": "Combine constructive recommendations with praise. If a job is well done, start with recognizing that before offering any criticism."}, {"type": "sentence", "content": "More articles on productivity at DanSilvestre.com."}, {"type": "sentence", "content": "Originally published at https://dansilvestre.com."}], "topic": "productivity", "uuid": "69ac60deaa837a7ecf7b55f2d01c0e5b9d28466f70b22629fb0aa98f", "link": "https://dansilvestre.medium.com/the-now-habit-by-neil-fiore-summary-and-notes-b5a74f8e9155"}