{"title": "How to Position Yourself as a Copywriter", "data": [{"type": "image", "content": "https://miro.medium.com/max/1000/1*29DaRPDCS9qAve8BQh4Q8Q.jpeg"}, {"type": "sentence", "content": "The word niche should be scrubbed from the copywriting lexicon."}, {"type": "sentence", "content": "It's confusing, misleading and unhelpful. It's supposed to be the opposite."}, {"type": "sentence", "content": "Raw rookies go out searching for their niche, come back wearing a goofy grin and waving a demographic around like it's a winning lottery ticket, then wonder where all the clients are hiding."}, {"type": "sentence", "content": "I don't say this to condescend. I say this because not long ago that goory rookie was me."}, {"type": "sentence", "content": "But here's what I discovered:"}, {"type": "sentence", "content": "Niches aren't the same as demographics."}, {"type": "sentence", "content": "As a copywriter, the copy is read by a demographic.As a service provider, your service is needed by a niche."}, {"type": "sentence", "content": "So you want to position your service, your offer, your USP, around a niche, NOT a demographic."}, {"type": "sentence", "content": "Another word - a better word - for a niche is A VERTICAL."}, {"type": "sentence", "content": "And another word for a vertical is A PROBLEM."}, {"type": "sentence", "content": "YOU, my friend, are a master of language, and the problems you can solve with that skill, the glorious, gargantuan power derived from being able to place the right words in the right order to supercharge the exact biochemical reactions required to move people to action..."}, {"type": "sentence", "content": "Frankly, this power TRANSCENDS industries."}, {"type": "sentence", "content": "So my \"high-level\" advice for positioning is this:"}, {"type": "sentence", "content": "Forget demographics. Ignore niches. Position yourself around a problem and there's no way to lose."}, {"type": "sentence", "content": "Follow P.S.P. French on Twitter"}], "topic": "freelancing", "uuid": "6ad9a3689c0dd607bb4563018c7407a76d0eec0cb5f783ba4cb98028", "link": "https://pspfrench.medium.com/how-to-position-yourself-as-a-copywriter-36f7f7eadfa1"}