{"title": "More of Roadmap your product or service portfolio with a MESA", "data": [{"type": "subtitle", "content": "Previously on..."}, {"type": "sentence", "content": "In my article Roadmap your product or service portfolio with a MESA, I presented the roadmap diagram that serves as the core and primary visualization of a MESA (Michigan Enterprise Strategic Assessment)."}, {"type": "image", "content": "https://miro.medium.com/max/3622/1*FQzZoPrs-LO9av2_s0VIdg.png"}, {"type": "sentence", "content": "This diagram provides a great one-page visualization of the roadmap for a collection of products or services in a portfolio. The design is simple and intuitive. The use of position, color, and shape for the items makes the diagram information-rich without being cluttered."}, {"type": "subtitle", "content": "Putting the diagram in context"}, {"type": "sentence", "content": "The MESA was created by the Enterprise Architecture group in the Office of the CIO at the University of Michigan (thus the Michigan in the MESA acronym). We wanted to provide a means for internal service providers to show the strategy for the products or services they provided to the rest of the university. For example, within the IT Infrastructure Department, there would be separate MESAs for File Storage, Databases, Operating Systems, etc. I also worked with our research administration technology team to build a MESA for tracking how their applications would support changing federal research regulations. Through experience, we showed that the MESA was a versatile tool for roadmapping and strategy development across multiple domains."}, {"type": "sentence", "content": "When we developed the MESA, we had two goals in mind. First was the most obvious one. We wanted to provide a means for visualizing and presenting a strategy roadmap. The second goal wasn't made public. We specifically designed the sections of the MESA document to encourage (force?) the authors to think about and document aspects of their service that might not be captured anywhere else."}, {"type": "sentence", "content": "This latter goal was only mildly successful. Oftentimes these \"difficult\" sections were simply ignored or were completed using the bare minimum of information. In the end, they became a burden for the authors and a disincentive for them to use the MESA. In fact, the Enterprise Architecture team has migrated to a MESA Lite format that omits most of the extra material we were recommending."}, {"type": "subtitle", "content": "The MESA 3.0 diagram is part of a larger (but not too large) document"}, {"type": "sentence", "content": "In MESA 2.0, the MESA diagram was embedded in a document with a number of additional pages. The document was created using Google Slides. So the diagram was a single slide, and each page I will mention was a separate slide. There was one slide for Scope and Goals, one for Initiatives, and a slide each for the items indicated on the MESA diagram. These latter slides asked for a great deal of information about the status of the item, how it was supported, what was its history, and whom to contact about it. It was these slides that the MESA Lite omits."}, {"type": "sentence", "content": "As with the design of previous versions of the MESA, in MESA 3.0, I have a couple of goals in mind. First, as before, it's to provide a useful visualization of a strategic roadmap. Second, I want to provide a structure that encourages the MESA document to actually be strategic. The previous versions were great for outlining a high-level plan, but there was nothing to encourage it to be a strategic plan. That is, the elements of strategy in it were weak."}, {"type": "sentence", "content": "To move toward making the MESA more strategic, I'm going to make use of the concepts from my Strategy 101 and Strategy on a Page articles. Specifically, a strategy should have:"}, {"type": "subtitle", "content": "Mission and Vision"}, {"type": "sentence", "content": "The first slide states the Mission and Vision of the MESA. Since the MESA shows the strategy for a portfolio of related items, the Mission describes that portfolio and explains why it exists. There may be many reasons for grouping a particular set of products together. They may provide the same layer in the IT infrastructure, such as database technologies. On the other hand, you might group products that serve a particular customer segment, like High Performance Computing. The Mission is where you tell the reader why you've chosen the items to show in the MESA."}, {"type": "sentence", "content": "The Vision describes the overall value or outcome that the MESA's items hope to achieve as a group. For me, if you want to call something a strategy, it has to clearly state a Vision. The Vision sets the direction for the strategy. Without it, all you have is a plan. The previous versions of the MESA included Scope (effectively, the Mission) and Goals. There was nothing to tie the Goals together to achieve a common purpose. I think this was a serious deficit. It opened the possibility for the authors of a MESA to list unrelated goals for their different products without considering what overall value they were trying to provide. Adding the Vision makes the MESA strategic."}, {"type": "sentence", "content": "This one slide sets the context for the rest of the MESA. Everything should be aimed at achieving the Vision within the scope of the Mission."}, {"type": "image", "content": "https://miro.medium.com/max/3412/1*i_wyBFjUA-vWvKwCzXqjlg.png"}, {"type": "subtitle", "content": "Current State and Objectives"}, {"type": "sentence", "content": "The Current State and Objectives are show graphically by the MESA diagram. No more information is needed than that."}, {"type": "subtitle", "content": "Principles"}, {"type": "sentence", "content": "In my Strategy on a Page, I capture the Principles in the Diagnosis and Policy to Apply sections. In the MESA, I'm going to follow my trend of not labeling the section Principles by instead calling it \"Strategic Decisions\". The movement of items on the MESA and the fact that some items don't move represent a set of strategic decisions. This slide makes those decisions explicit. It's not necessary to have a separate decision for each item. It's OK to say \"Item X is more secure than older item Y, so retire Y and put X into production.\""}, {"type": "image", "content": "https://miro.medium.com/max/3502/1*S1L6pJKAb2HtJN0MbWo3vw.png"}, {"type": "subtitle", "content": "Goals and Tactics"}, {"type": "sentence", "content": "Again, taking the example from the Strategy on a Page, MESA 3.0 captures the Goals and Tactics in an Action Plan slide. Whereas the Strategy on a Page only listed First Steps, the standard 3-year projection for the MESA lends itself to expressing a longer timeline for actions."}, {"type": "sentence", "content": "I want to keep the timeline for the MESA flexible, but I want to acknowledge that not all the moves in the MESA can be done at the same time. There may be some preferred order to them. Thus, I'm adopting part of the \"Now\", \"Next\", and \"Later\" framework that I first encountered in Chaz Mee's article on roadmapping. Specifically, I'm including \"Now\" and \"Next\" for the MESA. It's my experience that, for most uses of a MESA, these two are enough. MESAs were designed to allow someone to express a strategic roadmap without spending hours and hours of analysis. Including \"Later\" in the MESA may imply the need for greater analysis, resource planning, financial projection, etc., and that might discourage some people from using it."}, {"type": "image", "content": "https://miro.medium.com/max/3418/1*fYuToVz0gwS0AYzrZPq5TQ.png"}, {"type": "subtitle", "content": "Components"}, {"type": "sentence", "content": "In my evolution to MESA 3.0, I'll follow the lead of the MESA Lite. I agree that the individual slides for each item on the diagram should be omitted. They were onerous to fill out and of less use than we hoped. In their place, MESA 3.0 has a single slide containing a table with relevant information about the items. It's important that the reader of the MESA be able to find more information about any particular component. Thus, I've included a short description, a link to other documentation, and contact information."}, {"type": "image", "content": "https://miro.medium.com/max/3356/1*MmZtSnspOc07v86_OatlsA.png"}, {"type": "subtitle", "content": "MESAs in Action"}, {"type": "sentence", "content": "We used MESA to document strategies for over 50 different services in the central IT organization of the University of Michigan. It was also adopted by Enterprise Architects and strategists at other universities. In 2016, we presented MESAs with a colleague from Yale University at the Educause Annual Conference."}, {"type": "sentence", "content": "By updating the MESA to MESA 3.0, I have made some important changes based on my observations in how people developed and used MESAs. I was also informed by the 5+ intervening years that I spent studying and applying strategy principles and techniques. I hope you will find it useful."}], "topic": "business", "uuid": "6bc92e9ffae4fd5d7c0cadb0ec2a5582b79d1dc48895c962b557dad8", "link": "https://publication.usingstrategy.com/more-of-roadmap-your-product-or-service-portfolio-with-a-mesa-eadf045e354a"}