{"title": "Learn design from a 10-year-old", "data": [{"type": "image", "content": "https://miro.medium.com/max/1190/1*t4PCPqz4JyulvFVK-69B6w.png"}, {"type": "sentence", "content": "Recently, I found an ancient file, saved somehow, on my external harddrive. A disco poster, or invitation, from when I was in 3rd-5th grade. You can't really blame me for not remembering the exact year. Considering the amount of exclamation marks however, I must have been excited about this particular disco, or maybe just discos in general."}, {"type": "sentence", "content": "Translated into English the poster says:"}, {"type": "sentence", "content": "Welcome to Erika's DISCO!!!!Place: - Time: 6-9When: Friday 29th of MarchBe prepared to be outside if the weather is nice!We will provide crisps, popcorn, fizzy juice, and some dancing.Outside we will vote on some different activities to do!If you cannot attend call Erika: - -. Or Emilia: - -.If you are allergic write below:Allergies:............"}, {"type": "sentence", "content": "My first reaction was laughter because, let's be honest, it's ugly. My next reaction brought out the visual designer in me and I criticized the use of colours, fonts, and graphic elements. Then finally the UXer in me surfaced and I commented on the information given; would it not be better to call if you CAN attend? And why would you receive allergen info via a poster, or invitation, that you most likely won't get back?"}, {"type": "sentence", "content": "Right, just a reminder, this thing was created by someone(me) around 10 years old. Even if I get all this stuff now, I clearly did not as a child. As I thought about this, laughed about this, and had a brief bout of nostalgia, I realised that analysing this ugly thing could actually be kind of fun. It has several great examples of bad design, but it also shows the beginning of a passion for design (or maybe just discos)."}, {"type": "sentence", "content": "So, let's break this 10 year old's hard work to pieces, shall we?"}, {"type": "subtitle", "content": "First, let's talk about the jarringly obvious - Colours."}, {"type": "sentence", "content": "Studying design, especially UI/UX design, you learn to stick to shades of grey and one, maybe two other colours. I did not know this 17 years ago. Most likely, the colour choices came from whatever I thought was a nice colour - I guess green was a favourite. This colour mash-up is a clear example of how just a little extra dash of red, green, and blue, can quickly create a confusing mash-up of information. The yellow is unreadable, so whatever information is given there is most likely skipped. The darker colours stand out better against the background and therefore draws the eyes of readers to elements such as: \"March\", who and the numbers to call, and allergy, probably the snacks sections too. The green colours just hurts. Avoid at all cost. And of all things, the welcome text and the when text is the least saturated. The one, single thing that actually should stand out aside from the title to grab attention looks like it's been out in the sun for too long. Even the little hearts and smilies are higher up in the visual hierarchy."}, {"type": "sentence", "content": "About the hearts and smilies...Yes, they are weird. I clearly was too cool for the usal clip art. They are not really relevant for the activity advertised, maybe the smilies are, but even then maybe not a thousand of them?"}, {"type": "sentence", "content": "The last part of the visual design aspect would be the fonts and their sizes. All hail Times New Roman, am I right? At least I chose an easy to read font and made sure it was large enough to read for those who were drawn in by the massive font size of \"DISCO!!!\". Maybe not the font you'd choose for a disco poster though. Go sans serif for that cool party feeling. Honestly, I'm just glad it isn't comic sans."}, {"type": "subtitle", "content": "Following in the footsteps of my inital reactions, let's talk about UX."}, {"type": "sentence", "content": "The many, many exclamation marks provides a sense of urgency. If this disco was advertised the same week, maybe we could consider the exlamation marks necessary. For the most part, it just feels like the poster is screaming at you. Not very inviting."}, {"type": "sentence", "content": "The underlined text marks it as important, however, it isn't. Knowing this disco is Erika's might be, but not that it is in March. If we're going with the underlined text, I'd rather see it on the entirety of when and not just Erika but the whole welcome text as well to make sure the reader doesn't just read Erika but the fact that they are welcomed to her party."}, {"type": "sentence", "content": "Now, the information itself is part of what made me laugh out loud when I found this gem. It is simply a list of things. It would be great UX if you could actually read it since it helps you to quickly find the information you are looking for, but there are some parts that are separated that maybe shouldn't be. Time, when, and place for instance. You usually want all that information at once. Maybe the place could be on its own, but time and when should be listed together on the same line."}, {"type": "sentence", "content": "Another thing about the information is that it barely says anything. \"Be prepared to be outside if the weather is nice! Outside we will vote on some different activities to do!\" - It basically says that we might be outside and we don't have any planned activites. The only certain thing about the disco is that crisps, popcorn, fizzy juice, and some dancing will be provided. (Maybe that is all 10 year olds need)."}, {"type": "sentence", "content": "Then we have the most fun part about this poster. You should only call if you cannot attend and write your allergies on the poster. How do we know who have seen the poster? Why would we collect allergy information ON the poster? Why not instead make people call if they CAN attend and tell us if they have any allergies at the same time? That way we don't have to account for possibly hundreds of kids attending and collect all the posters we have put up before the disco to know if someone with an allergy might attend."}, {"type": "subtitle", "content": "What 10 year old me actually did well"}, {"type": "sentence", "content": "For all the bad, let's not forget the good. The information is there, no matter how difficult it is to read. Looking at it, you understand that it is a disco poster, or invitation. People would probably show up to a disco and not be disappointed. They would be prepared to play outside and dance. That's what's important; kids having a good time, and the poster helped with that, even if it could be better. At least, I made a poster for something I was clearly excited about and looking at all the smilies, hearts, and the rogue Spanish question mark, I had fun designing too."}, {"type": "sentence", "content": "Finally, I decided to help my 10 year old self out and designed some alternatives based on the original design. If only I could time travel, I'd give these to myself with cool shades on and say \"I've got your back, kid\" before disappearing to 90s techno music."}, {"type": "sentence", "content": "Why not try it yourself? Redesign something you did as a kid, or try a disco poster design based on mine. I'd love to see it."}], "topic": "design", "uuid": "6fa8abb8967b813c5d336be19cc4a90210b7c54acd5c5b8f12636a91", "link": "https://emiliaanell.medium.com/learn-design-from-a-10-year-old-a3d1b123a217"}