{"title": "A year in the lives of Asian-American restaurant workers: racist graffiti, harassment on the street, and carrying pepper spray to feel safe", "data": [{"type": "sentence", "content": "Insider spoke to Asian-American restaurant workers across the US, who detailed the racist attacks and harassment they've experienced this last year."}, {"type": "sentence", "content": "By Anneta Konstantinides"}], "topic": "business", "uuid": "7198eb25e676b014f26d562493be18f2ca1135b494e7623e93903394", "link": "https://medium.com/insider/a-year-in-the-lives-of-asian-american-restaurant-workers-7332d03904f6"}