{"title": "Book Notes: David Badre - On Task", "data": [{"type": "sentence", "content": "This book transformed my understanding of cognitive control. It's the most up-to-date and comprehensive introduction to the topic that I have seen. If you ever wondered how we can explain cognitive control without assuming a tiny controller pulling levers in the brain, then this book is for you."}, {"type": "image", "content": "https://miro.medium.com/proxy/1*v3zBkWLioGv6U-BwwE4C4Q.jpeg"}, {"type": "subtitle", "content": "The Book"}, {"type": "sentence", "content": "Badre, D (2020): On task - How our brain gets things done. Princeton, NJ: Princeton University Press. Publisher Link"}, {"type": "subtitle", "content": "Review"}, {"type": "sentence", "content": "How do we manage to make a cup of coffee without planning every single step? How can we deal with new situations that we never encountered before and come up with good solutions? Why do we struggle to remember things when we get older? This and other questions are addressed in David Badre's authoritative text on the science of cognitive control - a similar, commonly used concept is executive function. Across 10 chapters, Badre introduces the history of thinking about cognitive control, the evolutions of this field, and the current state-of-the-art. He skilfully manages to provide a conceptual understanding without shying away from getting into the computational models that have driven much of the progress in this field in recent years. I found it especially refreshing that the book was so up-to-date. Many books from eminent scientists reflect insights that have become textbook knowledge with only the occasional morsel of new and exciting developments sprinkled in. In contrast, this book is a true reflection of current thinking and provides an excellent overview for anyone who is interested in this field. That being said, I would not consider this book to be a popular science book. While it is very readable, the level of detail may be a bit too much for someone without any foundational knowledge in psychology, cognitive science, or related fields."}, {"type": "subtitle", "content": "Summary"}, {"type": "sentence", "content": "Please note: This is my summary of the content of the book. While I tried to capture the main points, this is necessarily a subjective and incomplete overview. I highly recommend that you pick up the book yourself to get the full details."}, {"type": "subtitle", "content": "Chapter 1: What lies in the gap between knowledge and action?"}, {"type": "sentence", "content": "When we formulate abstract goals like making a cup of coffee, we are not explicitly thinking about all the small steps that are necessary to accomplish this goal. Cognitive control is concerned with explaining how our brain plans and executes tasks."}, {"type": "sentence", "content": "Nowadays, cognitive control is inextricably linked to the prefrontal cortex (PFC). However, the function of the PFC was elusive for much of the history of psychology."}, {"type": "sentence", "content": "Descriptions of patients with damage to the PFC showed that they had difficulties carrying out complex but routine tasks, like preparing food for a dinner party, organising their belongings, or arranging travel to be in time for appointments."}, {"type": "sentence", "content": "The difficulties exhibited by patients with PFC damage are hard to capture with laboratory tests. Even modern gold standard assessments explain only 18-20% of the variance in patient's everyday difficulties."}, {"type": "sentence", "content": "A theory of cognitive control needs to explain:"}, {"type": "sentence", "content": "1.1 selecting one option from many possibilities"}, {"type": "sentence", "content": "1.2 planning across multiple time scales and levels of abstraction"}, {"type": "sentence", "content": "2. how action policies and plans are learned"}, {"type": "sentence", "content": "2.1 generalising learning to new situations"}, {"type": "sentence", "content": "2.2 isolating the most important aspects of a problem"}, {"type": "subtitle", "content": "Chapter 2: The origin of human cognitive control"}, {"type": "sentence", "content": "Cognitive control goes beyond inhibiting impulses, making rational choices, and switching between tasks. Cognitive control probably evolved to make complex planning possible. It enabled humans to select the best actions from a vast array of possible actions, and even to come up with entirely new solutions by combining the building blocks of actions in new ways."}, {"type": "sentence", "content": "A generative and compositional action system made it even possible to imagine an entirely different future (episodic future thought) and devise plans to make it reality."}, {"type": "sentence", "content": "At brain level, the increase in cognitive control in humans is reflected in the expansion of the prefrontal cortex and its increased connectivity with the rest of the brain."}, {"type": "subtitle", "content": "Chapter 3: The stability-flexibility dilemma"}, {"type": "sentence", "content": "The cognitive control system needs to be able to adapt action policies according to the context. For instance, you should pick up the phone when it rings, but not if you are driving a car. Some associations between a cue and an action are so strong that they are almost automatic. Other associations are weak. The weaker association will lose if the cognitive control system does not step in."}, {"type": "sentence", "content": "The cognitive control system is thought to achieve control by manipulating so-called gates:"}, {"type": "sentence", "content": "These gates are probably implemented in the brain as connections between the frontal cortex, basal ganglia and thalamus that can either let impulses pass through or inhibit them."}, {"type": "subtitle", "content": "Chapter 4: Hierarchies in the head"}, {"type": "sentence", "content": "Plans consist of various levels of abstraction ranging from high-level goals, e.g. \"get a cup of coffee\", to the lowest level of implementation, e.g. \"move the hand forward by 2 cm towards the cup...\". There are different possibilities of how the cognitive control system may deal with these levels of abstraction. Early chaining theories suggested that one action triggers the next action in a sequence. However, these theories could not explain why we can accomplish a goal even when we fail at one of the subtasks, e.g. typing to the end of a sentence despite a typo halfway through. Karl Lashley proposed an alternative theory that assumed a central representation of an overall goal that is separate from the representation of the subgoals. However, this cannot explain some kinds of errors. For example, someone is making coffee every day by boiling water and then getting a coffee filter. One day, the person decides to make tea but absent-mindedly continues to get the coffee filters out (capture error). This suggests that the subgoal of boiling water is somehow linked to the next step in the sequence."}, {"type": "sentence", "content": "This partial representation of the overall task in the subtasks is also reflected at the brain level. Subtasks of the same overall goal show similar patterns of brain activation."}, {"type": "sentence", "content": "Lashley's hierarchical model is correct for unfamiliar tasks, though. For unfamiliar tasks, there is a distinct abstract representation. The representation of the overall goal is used to put together a sequence by selecting appropriate automatic routines and monitoring the progress on the task. This hierarchical organisation makes behaviour flexible and adaptable, even for completely novel tasks. At the neural level, the hierarchical organisation is implemented through cortico-striatal-thalamic loops that gate working memory. More anterior areas tend to influence the gating of more posterior area."}, {"type": "subtitle", "content": "Chapter 5: The tao of multitasking"}, {"type": "sentence", "content": "Interleaving two tasks leads to decrements in performance and speed compared to doing both tasks separately. For instance, driving in a car simulation and simultaneously doing a cognitive task leads to much slower break times and lower performance on the cognitive tasks. The multi-tasking costs arise from shared bottlenecks in cognitive processing."}, {"type": "sentence", "content": "The overlap in the representations required by both tasks created a conflict that needs to be resolved. This can either happen 'bottom-up', e.g. when we automatically attend when hearing our name, or 'top-down' when we select the input that matches the current goal."}, {"type": "sentence", "content": "With experience, we can reduce the overlap between representation and, thereby, decrease the multi-tasking cost. For instance, most people have no problem with walking and chewing gum at the same time."}, {"type": "sentence", "content": "This model of multitasking implies that we cannot train a general multitasking ability - \"there is nothing to train there\". However, people with better cognitive control will do better in multi-tasking situations because they will be better equipped to minimise the interference between tasks through top-down selection."}, {"type": "subtitle", "content": "Chapter 6: Stopping"}, {"type": "sentence", "content": "Inhibition is a central term in Psychology with a long tradition. It is generally understood as an ability that allows a person to control their behaviour by suppressing thoughts, memories, or movements. However, the term inhibition is also used to in different contexts with different meaning. For instance, at the neural level, inhibition is a physiological interaction by which one neuron's activity leads to a suppression of activity in the other neuron. Further, it is possible to have inhibition as an outcome, i.e. something is not carried out, without having inhibition as a separate process."}, {"type": "sentence", "content": "Experimental evidence from the stop-signal task suggests that there is a separate process for inhibiting a motor response. This process is implemented in a frontal-basal ganglia network. Stopping is not selectively, i.e. activation of the inhibitory network leads to suppression of all motor responses. The same network is also involved in stopping cognitive processes. However, this does not imply that all psychological inhibitory processes are mediated by the stopping network. For instance, selecting between different responses via competition and gating is likely to support many processes that appear like inhibition at the psychological level."}, {"type": "subtitle", "content": "Chapter 7: The cost and benefits of control"}, {"type": "sentence", "content": "Cognitive control and motivation are closely linked. For instance, when the incentives are increased, people perform better on tasks of cognitive control. At the brain-level, dopamine neurons in the striatum signal reward. Their firing enhances the stability of working memory representations in the cortex."}, {"type": "sentence", "content": "There seems to be a cost to exerting cognitive control. Given the choice between two tasks, people will pick the one that requires less cognitive control. Different theories have been proposed that try to explain this phenomenon. Some theories assume that cognitive control depletes some resource, e.g. ego depletion hypothesis. However, this does not explain why people can continue with a task when the incentives are increased. Further, there are several failed replication attempts for the original ego depletion studies."}, {"type": "sentence", "content": "So, why do we not like exerting cognitive control on the same task for a long time? It might be a mechanism to keep us from missing out on potentially better opportunities (opportunity cost hypothesis). The experience of mental effort and the relative comparison of rewards that can be gained from different courses of action is likely to be mediated by the anterior cingulate cortex."}, {"type": "subtitle", "content": "Chapter 8: The information retrieval problem"}, {"type": "sentence", "content": "There are two components to systems that successfully solve the information retrieval problem, namely being sensitive to the frequency at which items are accessed and being sensitive to the context in which they are relevant. Human memory fits both descriptions. It is easier to retrieve memories that are more often accessed and that are relevant in the current context. Cognitive control plays a role in retrieving the memory and processing the retrieved information afterwards. This is akin to putting together the right search string for a Google search and then going through the results to find the most relevant hits."}, {"type": "sentence", "content": "Controlled retrieval is mediated by a network of areas in the frontal lobe associated with cognitive control and temporal areas important for memory, such as the hippocampus. In contrast, regions involved in post-retrieval control overlap with the frontoparietal control system."}, {"type": "subtitle", "content": "Chapter 9: Cognitive control over the lifespan"}, {"type": "sentence", "content": "Cognitive control takes a long time to develop with increases that extend into the third decade of life. Some theories describe children as if their frontal lobes are not operational and highly vulnerable to environmental influences - Badre calls this the Death Star model. However, it is unlikely that humans would have evolved with such a glaring vulnerability in their system. Further, the Death Star model does not explain why cognitive control takes so long to develop. The alternative theory suggests that the long development reflects the malleability of cognitive control. Because of the abstract, complex, and adaptable nature of cognitive control, a lot of experience is needed to adjust the cognitive control system to the requirements of the environment."}, {"type": "sentence", "content": "This view suggests that children should be exposed to diverse experiences to train their cognitive control, i.e. environmental enrichment. In particular, unstructured activities that place a higher demand on cognitive control are likely to be beneficial."}, {"type": "sentence", "content": "This view also has implications for cognitive control problems. They may arise when there is a mismatch between the current environment and the environment that shaped the tuning of the cognitive control system over development."}, {"type": "sentence", "content": "At the other end of the lifespan, the picture looks less positive."}, {"type": "sentence", "content": "This is not only an academic concern. Measures of cognitive control are associated with the ability to live independently in older adults. Part of the decline is explained by brain ageing in the systems supporting cognitive control. However, other systems may also be involved. Older adults show higher engagement of cognitive control systems during challenging tasks, which may indicate that they use cognitive control to compensate for deficits in other systems. Unfortunately, there is no easy fix for this. The scientific evidence suggests that currently available brain training games marketed to combat cognitive decline do not translate to real-world improvements."}, {"type": "subtitle", "content": "Chapter 10: Postscript - Getting things done that matter"}, {"type": "sentence", "content": "Many of factors that govern cognitive control in humans apply more widely to many complex systems. For instance, to tackle climate change, society must devise policies to translate the knowledge about climate change into action."}], "topic": "neuroscience", "uuid": "75db2658dc3fda4f6b152a2fe0465cd45706f7ea829c324a7451d19b", "link": "https://joebathelt.medium.com/book-notes-david-badre-on-task-9e4303fe82e7"}