{"title": "The Tragic Tale of Ouya", "data": [{"type": "image", "content": "https://miro.medium.com/max/2400/1*1Kam8A1lNggyMtbXDces9A.png"}, {"type": "sentence", "content": "The Ouya is the most-funded gaming project ever on Kickstarter, raking in an astonishing US$8.5 million. For a short period, the Ouya was the hottest story in gaming, at a time when Android gaming itself was still new."}, {"type": "image", "content": "https://miro.medium.com/max/2560/1*grh3CkH2Avhb1N6GU2T_dQ.jpeg"}, {"type": "sentence", "content": "Ouya was announced on July 3, 2012, as a new home video game console, led by Julie Uhrman, the chief executive officer of Santa Monica, California-based Boxer8, Inc. (later rebranded Ouya, Inc. on August 13, 2012)."}, {"type": "sentence", "content": "The Ouya was created with developers in mind, hence the \"Free The Games\" fund. But, the outdated hardware of the console and shoddy build quality gave it a bad reputation from the start."}, {"type": "sentence", "content": "In my opinion, the Ouya was a groundbreaking console that laid the groundwork for platforms like the Google Stadia. It was undoubtedly ahead of its time, and perhaps it was a victim of mismanagement."}, {"type": "sentence", "content": "Nevertheless, let's take a moment to reminisce about one of the most interesting console experiments (and one of the most notable failures) in video game history."}, {"type": "image", "content": "https://miro.medium.com/max/2560/1*7ImiwVNLqULXoCKL6qXKoQ.jpeg"}, {"type": "subtitle", "content": "The Failure of the Ouya"}, {"type": "sentence", "content": "If you remember the Ouya (many today do not), the console was positioned as the \"indie\" game console. While this was an interesting concept at the time it just didn't latch on with consumers."}, {"type": "sentence", "content": "Without the big box brands that we are used to seeing carry a console brand, the Ouya just didn't have the \"it\" factor. For me, it was more interesting as an emulation console."}, {"type": "sentence", "content": "Because the system was based on the Android operating system it could play Android games on the big screen. This was a great concept back then but when you think about it the mobile scene didn't have much going on."}, {"type": "sentence", "content": "I mean, who wanted to play Angry Birds on the big screen? And this was part of the problem with what the Ouya was bringing to the table. On top of that, most Android games weren't compatible with a controller at the time and still are not to this day."}, {"type": "sentence", "content": "Julie Uhrman who was heading Ouya was not experienced in the video game business. Thus, she didn't know how to present this thing in the appropriate light. The Ouya system was also already outdated by the time that it hit stores."}, {"type": "image", "content": "https://miro.medium.com/max/2560/1*DMRHOdSSDYVckVi0Oh8rfg.png"}, {"type": "subtitle", "content": "A Lack of Quality"}, {"type": "sentence", "content": "Sure, the Ouya was a crowdfunded project but the quality could have at least been a little bit better. The major complaint among gamers was the extremely cheap design of the controller."}, {"type": "sentence", "content": "The buttons are extremely tactile and cheap feeling, and at the time Uhrman was trying to compare this to the PS3 controller. Gamers saw right through this laughable comparison and were not enthused with anything about the hardware."}, {"type": "sentence", "content": "One of the most frustrating things about the Ouya was the fact that it had to be constantly connected to the internet. This has always been a point of contention with gamers, as seen around the same time with the launch of Xbox One. Now that the hardware is becoming obsolete, the console has become a brick."}, {"type": "sentence", "content": "I like a console that will age gracefully, and I had hoped that the Ouya could still be used as a capable emulation machine. Nevertheless, the console is now pretty much useless in every sense of the word."}, {"type": "sentence", "content": "The machine itself had a sort of generic feeling to it as well, lacking the traditional quality that you'd expect from a game system. Even the power adapter was sub-standard when you compared it to other game systems."}, {"type": "image", "content": "https://miro.medium.com/max/3840/1*09rzihNOJ796RuTy-vM8pg.jpeg"}, {"type": "subtitle", "content": "Ouya Exclusives"}, {"type": "sentence", "content": "Perhaps the biggest problem with the Ouya was the lack of exclusive games. TowerFall is a well-done game that comes to mind that just couldn't connect with the audience. The game is a couch-multiplayer game that closely mimics the gameplay of Smash Bros, albeit with the Nintendo characters. You'll find that most of the first-party games for the Ouya had a very \"indie\" feeling to them."}, {"type": "sentence", "content": "This is partly why I believe that the console just couldn't resonate with gamers. There was not that one \"killer app\" that differentiated every other console from the pack."}, {"type": "sentence", "content": "When you thought of the Ouya it was sort of a child's toy when compared to other consoles that were on the market. I know that the CEO would have loved to think otherwise, but the Ouya was a toy in every sense of the word."}, {"type": "sentence", "content": "Ouya, unfortunately, resembled those Atari Flashback consoles that got super popular for a minute and then faded into obscurity. The Ouya also had a lot of scamming going on with developers who were trying to milk the company for money. Games like Super Crate Box were pushed by Ouya like they were some next-generation console exclusive. But, in reality, this was just an underpowered Android experience on the big screen."}, {"type": "sentence", "content": "And sadly this was an early Android experience which we know was not the best anyway. Time and time again the Ouya came off feeling like an inferior console that didn't offer much in the way of evolution."}, {"type": "image", "content": "https://miro.medium.com/max/5120/1*rzWW1zSUyIInACHZl_OcxA.jpeg"}, {"type": "subtitle", "content": "Is There Room for an Android Game Console?"}, {"type": "sentence", "content": "Although the Ouya went the way of the graveyard there has been a steady stream of Android-based game consoles hitting the market. The most recent of course is the Nvidia Shield."}, {"type": "sentence", "content": "There was the MadKatz Mojo, Google Stadia (to some degree), and countless emulation boxes you can find online. Sadly the consoles never seem to generate all that much buzz around them."}, {"type": "sentence", "content": "The console market is pretty much dominated by the big three, all of which have worked hard to established installed userbases. The Android consoles are also missing the \"killer\" apps that make us want to buy these consoles."}, {"type": "sentence", "content": "When you are lacking the hit titles that make people buy video games, you aren't going to have much luck. Likewise, unless you are deep into the emulation scene (like me) you probably won't use an Android game box."}, {"type": "sentence", "content": "For a short period there the Ouya was a fascinating console that had a lot of hype surrounding it. But, the final package was lackluster at best and the Ouya will forever be a relic of the gaming past."}], "topic": "gaming", "uuid": "76b9018e7252c227703fb1717b37b68dee447acfb3e28010c31a07e1", "link": "https://medium.com/super-jump/the-tragic-tale-of-ouya-152bd63b58cc"}