{"title": "How to design popup forms in 2021: best practices + examples for inspiration", "data": [{"type": "sentence", "content": "It's already 2021, and pop-ups still exist. Yes, they aren't dead yet. Popups do the job and can help any business get subscribers or generate leads. But if you shoot them at visitors without having proper planning, your visitors would get annoyed and they may leave the page. And, in the worst scenarios, unplanned popups might cause you a Google Penalty!"}, {"type": "sentence", "content": "So, what are the parameters to decide your pop-ups are effective? How would you know they don't end up being an annoying popup?"}, {"type": "subtitle", "content": "Here we are going to share a few tips plus best practices to design the best pop up forms in 2021."}, {"type": "sentence", "content": "1. Stay simple and focused"}, {"type": "sentence", "content": "Whenever you start a campaign, think from a customer's point of view. They hardly have a few seconds to scan your website. And if they find your pop-ups being confusing, clumsy or irritating, they won't return. Therefore, you have to be straightforward. Create simple and to the point pop ups."}, {"type": "sentence", "content": "Look at this popup design created from GetSiteControl's Promo Widge. No fancy visuals, but clean and clear image. And that's a focused popup!"}, {"type": "sentence", "content": "2. Add a simple call-to-action"}, {"type": "sentence", "content": "Did you know personalized CTAs convert about 202% better than basic CTAs? CTAs are meant to encourage users to take an action. Therefore, when you create a popup, add a call-to-action to it. Remember that while the visitors read or browse through your website, the sudden emergence of popup will disturb their activity. However, you just want to appear, get their email address, and vanish as soon as possible. A CTA should encourage them to hit the button in that short notice. Here is an excellent example of a pop-up design with a good call-to-action. Volusion's email capture popup has a personalized call-to-action button. There is no issue to figure out what it wants. It just wants to subscribe you for its newsletter."}, {"type": "image", "content": "https://miro.medium.com/max/2500/0*PYMcvroxazN_e0G_"}, {"type": "sentence", "content": "3. Give your popups a personal touch"}, {"type": "sentence", "content": "Personalization simply means making your popups feel like a friend, not an intruder. You can add a logo created by a professional graphic designer or a logo maker tool to make it brand-specific. Or, you can add elements that the audience would find worth clicking. But wait for a minute! Have you checked your target audience? If you don't have any idea about it, how will you personalize the popups?"}, {"type": "sentence", "content": "Well, one of the best ways to do is to utilize the referral source. Use the referrer detection tool to identify visitors that come from a particular domain. Now, use the gathered information to personalize your popups."}, {"type": "sentence", "content": "GlassesUSA has a targeted pop-up design with customization."}, {"type": "image", "content": "https://miro.medium.com/max/2250/0*RDKYJDeaized_ERw"}, {"type": "sentence", "content": "4. Introduce irresistible incentive or special offers"}, {"type": "sentence", "content": "Want to build your subscribers' list? Start giving incentives to people. Special offers and incentives, such as coupons combined with free shipping, help you grow your email list. Well, that doesn't mean you start offering discounts to everyone and every day. Also, keep in mind that incentive doesn't mean dollars. It could be anything from an e-book to free shipping and more."}, {"type": "image", "content": "https://miro.medium.com/max/1472/0*lOjei6WAA7hM4ffh"}, {"type": "sentence", "content": "5. Focus on design as it matters a lot"}, {"type": "sentence", "content": "A popup has a tougher job to accomplish than you can imagine. It has to blend well with your website's theme such as packaging design, color, etc. At the same time, it should also stand out in the competition. You need to focus on both aspects for your popup to attract the audience."}, {"type": "sentence", "content": "Backlinko's popup design matches its branding theme. When it appears, it attracts the attention all of a sudden with its bright colors. It aligns each of the elements perfectly."}, {"type": "image", "content": "https://miro.medium.com/max/1200/0*QelIAQuO20T67nNJ"}, {"type": "sentence", "content": "6. Consider timing for maximum success"}, {"type": "sentence", "content": "Timing is crucial for your popup to be successful. Triggering it too early will end up annoying your visitors. At the same time, too late means losing their focus. Therefore, considering A/B testing before a proper popup plan is going to help you find the right timing for your visitors."}, {"type": "sentence", "content": "Given below is an example of A/B testing done on a Shopify visitor. The company used time-based approach every 10, 20 and 40 seconds to test the success of their pop-up focused on lead generation."}, {"type": "image", "content": "https://miro.medium.com/max/1240/0*TbFM_mH_ptQJSili"}, {"type": "sentence", "content": "Here you can notice that waiting to trigger the popup ended up with a more significant conversion rate. But the email numbers reduces drastically. It's because the popup takes longer to appear."}, {"type": "sentence", "content": "The next example showcases the popup success when shown on the landing page versus on the 3rd page."}, {"type": "image", "content": "https://miro.medium.com/max/1240/0*LZpNcAG5g_InI3Wr"}, {"type": "sentence", "content": "Here, once again you observe that the longer customers stay on your website, the more they engage with the popup."}, {"type": "sentence", "content": "A/B testing can help you have an informed idea related to popup timing. This can help you achieve your goal. For example, suppose you need to create a list of email subscribers, including various types of audiences then triggering your popup quickly is the best strategy. However, if you need to build a list of visitors who spend most of their time on your website, wait for a few minutes for the popup to appear."}, {"type": "sentence", "content": "Another way is to trigger popups that are scroll-based. Such pop-ups appear after visitors have scrolled a specific percentage of the page. Exit popups can also be used to capture the attention of people leaving your website."}, {"type": "sentence", "content": "7. Target abandoned visitors"}, {"type": "sentence", "content": "This may surprise you but it the truth that about 70% of shoppers abandoning a website never return. If you focus on an exit popup, about 2-4% of visitors can be converted into your subscribers. Later on, you can turn them into loyal customers. For this, you will have to track their mouse movement. When they move sooner at the top, trigger the popup. This will give your audience another opportunity to subscribe or opt for your service. Remember, the exit-intent popup doesn't mean turning your visitors into prisoners. They hold the right to close it and leave. It's just another interaction with them before they leave."}, {"type": "image", "content": "https://miro.medium.com/max/1240/0*c-iENEdlCh5T9nb3"}, {"type": "sentence", "content": "The bottom line"}, {"type": "sentence", "content": "Popup isn't something that you should ignore. Take it seriously as it holds power to increase your subscribers. The best popups are those with a purpose, have an attractive design, are easy to use, and triggered at the right time."}, {"type": "sentence", "content": "Take inspiration from the seven tips we explained here. They will help you build your email list and grow customer base."}], "topic": "marketing", "uuid": "773d3b6118fca5774a61c8effb71c740c54f871cd5cc50a98c55b5bf", "link": "https://medium.com/@alice.jackson/how-to-design-popup-forms-in-2021-best-practices-examples-for-inspiration-c974b785a31a"}