{"title": "HSBC Manager's Heart Attack Prompts Viral Post About Overwork", "data": [{"type": "sentence", "content": "By Lananh Nguyen and Harry Wilson"}, {"type": "sentence", "content": "When Jonny Frostick realized he was having a heart attack this month, the first thing that occurred to the HSBC Holdings Plc contractor was: \"I needed to meet with my manager tomorrow, this isn't convenient.\""}, {"type": "sentence", "content": "Then he thought about funding for a project, his will, and finally, his wife."}], "topic": "business", "uuid": "774a363c6518a0cf93f13852616cf1b92f69b1f7165be9a539c5fd2f", "link": "https://medium.com/bloomberg/hsbc-managers-heart-attack-prompts-viral-post-about-overwork-c1dddef72a8a"}