{"title": "Monkey Michaels Knows the Game", "data": [{"type": "subtitle", "content": "Tutor Tales"}, {"type": "image", "content": "https://miro.medium.com/max/790/0*N7Bja3Fqarb23DvH.jpg"}, {"type": "sentence", "content": "Recognize cunning and exercise patience."}, {"type": "sentence", "content": "Speaking with a child can be an uplifting and therapeutic experience because a child's viewpoint can be silly, carefree, and idealistic which can easily break my face into a smile."}, {"type": "sentence", "content": "Several of my Preparatory Year and Primary students love my 'friend' and teaching assistant, Monkey Michaels."}, {"type": "sentence", "content": "In particular, this one Preparatory student really loves to sticker, but as an additional incentive during one lesson, I had promised her a game with our 'friend', if time permitted. With this student's short attention span, something we were working on weekly, however, our lesson was dragging on a little, and time ran out before getting to our game. But happy the lesson was over, and the door flung open, this student ran out of the room merrily to find her parent, her loud childish talking trailing."}, {"type": "sentence", "content": "Just before I was about to leave the centre, though, she sharply stopped running around, remembering suddenly, and asked loudly from afar if we could play with the monkey. Her movements froze and her eyes gazed at me in anticipation of getting her request. But I said to her that we could do it next time."}, {"type": "sentence", "content": "At this reply, momentarily she pitched up her voice in a slow whine and stamped her feet."}, {"type": "sentence", "content": "I couldn't help but grin widely. The familiar fake tantrum to get what she wanted was entertaining. I had learned of her cunning during our multiple lessons together. Negotiating with her with incentives to get her to do work in class was essential in keeping her productive during each lesson. By my being consistent in my approach, I was able to set the boundaries of my authority in our lessons too."}, {"type": "sentence", "content": "However, her noises summoned her mother's attention raptly. The mother was speaking with another tutor in another classroom and had sped out, caught only a few words, and in desperation, offered immediate placation to her daughter by offering to buy her another monkey. But of course, this would not satisfy the girl."}, {"type": "sentence", "content": "The extra time was no longer part of the lesson, but in sympathy for the mother, I decided to stay for one game, so I caved in. \"Just one game,\" I had finally told my student. A pure fit of glee and sudden change in her demeanor with a bunny jump further affirmed that her earlier dissatisfaction was trickery indeed. The mother looked relieved."}, {"type": "sentence", "content": "I would exercise some patience."}, {"type": "sentence", "content": "Nevertheless, I enjoyed watching how cheerful my student became from such a small gesture to play one game. It was darling to see this student try to outsmart me. I played dumb, of course, and claimed defeat of where our 'friend' was hiding. Smug, the student squealed in delight in complete satisfaction and did not ask to play for more. She very much respected when a promise was delivered."}, {"type": "sentence", "content": "I left the centre in better spirits than I had arrived."}, {"type": "sentence", "content": "- Based on journaling notes from October 21, 2016."}, {"type": "sentence", "content": "Copyright \u00a9 2021 (Revised for title, grammar, and formatting).\u00c9lan-Writer. All rights reserved."}], "topic": "education", "uuid": "774d1c5ed7f9cb36457fec5560ba8a07125be9511f096e24dff4543b", "link": "https://medium.com/relish-language/monkey-michaels-knows-the-game-c9e6d0703278"}