{"title": "Pieter Abbeel Team Proposes Task-Agnostic RL Method to Auto-Tune Simulations to the Real World", "data": [{"type": "image", "content": "https://miro.medium.com/max/2516/1*31ugp7vWDu9HFTerJ-92jw.png"}, {"type": "sentence", "content": "The real world is complex and ever-changing. Applying deep learning (DL) techniques to complex control tasks relies on learning in simulations before transferring models to the real world. But there is a problematic \"reality gap\" associated with such transfers, as it is difficult for simulators to accurately capture or predict the dynamics and visual properties of the real world."}, {"type": "sentence", "content": "Domain randomization methods are among the most effective ways to tackle this issue. A model is incentivized to learn features that are invariant to the shift between simulation and reality data distributions. However, this approach requires task-specific expert knowledge for feature engineering, and the process is often time-consuming and laborious."}, {"type": "sentence", "content": "In the paper Auto-Tuned Sim-to-Real Transfer, a research team from UC Berkeley and Carnegie Mellon University proposes a task-agnostic reinforcement learning (RL) method that reduces the task-specific engineering required for domain randomization of both visual and dynamics parameters. Using only raw observations as inputs, the approach can auto-tune the system parameters of a simulation to map reality."}, {"type": "image", "content": "https://miro.medium.com/max/2048/0*myB9lA96hNSDpp77.png"}, {"type": "sentence", "content": "The researchers summarize their contributions as:"}, {"type": "sentence", "content": "In the case of a real-world RL problem defined by a partial observation Markov decision process, the reward function depends on an unobserved state, and it is very challenging to fully and accurately simulate the real world in order to assign such rewards to an agent. One of the highlights of this paper is that the researchers train the agent in a simulation where unobserved state space and reward functions are easily accessible."}, {"type": "sentence", "content": "The dynamics and visuals of the simulator are defined by simulator system parameters. Domain randomization samples the simulator parameters from a distribution of system parameters and aims to train the policy in simulation to maximize these parameters."}, {"type": "image", "content": "https://miro.medium.com/max/2048/0*VIanODw1VFnQQ80K.png"}, {"type": "sentence", "content": "To this end, standard practices use expert knowledge and spend time manually engineering the environment so that the simulator parameters (represented as \"\u03bemean\") can reasonably approximate to real-life parameters (\u03bereal). The selection of \u03bereal can be made by comparing trajectories from differently parametrized simulations and from the real world. However, measuring trajectories requires obtaining state-space information in the real world, which is not practically possible. Thus, the team only used raw pixel observations in the real world to find \u03bemean and auto-tune their simulator."}, {"type": "sentence", "content": "The proposed approach aims to automatically find \u03bemean \u2248 \u03bereal using a function that maps a sequence of observations and actions to their corresponding system parameters. To achieve this, the team reformulated the auto-tuning problem as a search procedure rather than predicting \u03bereal exactly, and proposed Search Param Model (SPM)."}, {"type": "sentence", "content": "SPM is a binary classifier designed to iteratively \"auto-tune\" \u03bemean to be closer to \u03bereal. The researchers first train the SPM on simulated trajectories generated using the current simulation system parameters, then train again using logistic regression. As the hyperparameter E (a uniform distribution with the mean of simulator parameters and range proportional to the mean) may change significantly from the initial distribution as auto-tuning continues, it is not sufficient to only pretrain the SPM. The team therefore apply a joint training procedure that enables them to continue to train and update the SPM as they slowly shift E."}, {"type": "image", "content": "https://miro.medium.com/max/1222/0*nDQ3h4XkYHqo35tJ.png"}, {"type": "sentence", "content": "To validate that SPM can effectively update simulators to the correct system parameters and improve real-world return over sim-to-real transfer with naive domain randomization, the team conducted experiments on six sim-to-sim transfer tasks: four from the DeepMind Control Suite and two robotic arm tasks (Rope Peg-in-Hole and Cabinet Slide)."}, {"type": "image", "content": "https://miro.medium.com/max/2048/0*9mV8gr6gOP1yQ-wR.png"}, {"type": "sentence", "content": "In all DeepMind Control Suite environments, SPM matched or exceeded the two baselines: domain randomization and a variant of the SPM method that directly regresses on the simulation parameter values."}, {"type": "image", "content": "https://miro.medium.com/max/2048/0*hHb3eyAILPtaKwgF.png"}, {"type": "sentence", "content": "For the rope task, the baseline failed to move the peg towards the hole, whereas SPM consistently succeeded. SPM similarly succeeded in the cabinet slide task, while the baseline moved towards the box but consistently overshot and failed. The results validated SPM's ability to adjust the randomization mean to be closer to the real system parameters, ultimately leading to improved transfer success in the real world."}, {"type": "sentence", "content": "The paper Auto-Tuned Sim-to-Real Transfer is on arXiv."}, {"type": "sentence", "content": "Author: Hecate He | Editor: Michael Sarazen"}, {"type": "image", "content": "https://miro.medium.com/max/1580/0*jTFPT7UriVhkF6Ii.png"}, {"type": "sentence", "content": "We know you don't want to miss any news or research breakthroughs. Subscribe to our popular newsletter Synced Global AI Weekly to get weekly AI updates."}], "topic": "artificial-intelligence", "uuid": "788167aa2db40c496a146c821fcd38785eae2415b5b54e09e4090647", "link": "https://medium.com/syncedreview/pieter-abbeel-team-proposes-task-agnostic-rl-method-to-auto-tune-simulations-to-the-real-world-d1501393712a"}