{"title": "9 Facts That Can Totally Change Your Trajectory as an Online Creator", "data": [{"type": "image", "content": "https://miro.medium.com/max/12032/1*8SDTJuFfQk8xs5tBf0kDpQ.jpeg"}, {"type": "sentence", "content": "What separates a successful content creator from those who aren't yet?"}, {"type": "sentence", "content": "Even if you don't believe me, everyone has the same chance of being successful. Some have more obstacles than others. But the opportunity is there for everyone to achieve it."}, {"type": "sentence", "content": "The difference is that many will focus on lamenting that their views are not growing or focusing on things that are don't really add any value to their career, while others get up every morning to take advantage of every opportunity."}, {"type": "sentence", "content": "But there is no luck or privilege behind all that. There is hard and consistent work for a period. There is no secret key to being successful overnight, but there are steps that all content creators have taken, and it has worked for them."}, {"type": "sentence", "content": "Perhaps you think that your last goal is to earn 4 figures per month or to reach a certain number of followers. But it's not just like that. The process that gets you there is the actual goal. Nobody reads a book to reach the end but learn, know, entertain and understand."}, {"type": "sentence", "content": "I will share with you 9 facts that helped me change my perspective on content creation, and make an impact on my audience."}, {"type": "subtitle", "content": "If you know how algorithms work, you don't have to worry about marketing"}, {"type": "sentence", "content": "Many people are so focused on marketing that they don't realize that understanding the algorithm is the key. They write an article and look for a way to promote it on all the social networks they can find instead of learning how it works first."}, {"type": "sentence", "content": "Therefore, we see books on Instagram, scientific articles on Wattpad, and fiction on Newsbreak. The result is little interaction from readers who are not interested."}, {"type": "sentence", "content": "No matter how much advertising you put on those posts, they won't go far because you don't understand how those platforms work."}, {"type": "sentence", "content": "When I review a new platform, I always see what predominates on it. For example, in Instagram, the focus is visual. Therefore, if you want to grow there, you must have wonderful photographs that catch an audience's attention."}, {"type": "sentence", "content": "You can use the same content for different platforms as long as you know how to adapt it. Once you know how the algorithm works, you won't have to worry about advertising yourself, just posting content."}, {"type": "subtitle", "content": "If you do not have in mind to impress your audience, you will not have any impact"}, {"type": "sentence", "content": "There is a popular saying around writers that says \"write to express, not to impress,\" which gives us a false belief that our feelings are the most important thing for content."}, {"type": "sentence", "content": "Sure, it is an important part. Nobody likes to read something that seems to be written on a machine, but it is not the principal thing."}, {"type": "sentence", "content": "I will give you an example. If you have to choose between reading two articles, one that says \"10 things that will help you be happier\" and another that says \"I feel better,\" Which one would you choose? The one that will help you be happier."}, {"type": "sentence", "content": "If you don't know the author of \"I feel better,\" why would you care if he feels better?"}, {"type": "sentence", "content": "One of the biggest mistakes we make as writers is to write about something without first analyzing if it's really worth writing about it. If you will impress no one with what you have to say, why are you talking about it?"}, {"type": "sentence", "content": "Unfortunately, not everything that is published matters to most people. So if you keep your mind what really matters to a reader, you will avoid writing about things that won't generate any views."}, {"type": "subtitle", "content": "Posts are well received if they not only point out issues but also suggest the fixes"}, {"type": "sentence", "content": "Tim Denning once wrote an article about why he blocked a Writer for the first time in his life:"}, {"type": "sentence", "content": "Everybody has problems. Talking about more problems won't help anyone. People are focused on solving theirs to pay attention to a post that only talks about issues."}, {"type": "sentence", "content": "So if you're going to talk about \"10 reasons why you won't be a millionaire,\" explain how changing those habits can help someone financially. Nobody cares to know that they have a problem with money, but how to solve it."}, {"type": "subtitle", "content": "Clarity on your goals creates objectives"}, {"type": "sentence", "content": "If you set a goal this year to \"be a successful content creator,\" I'm sorry to tell you that you won't get anywhere. The reason is that if you are not clear on your goals, you will never find a way to achieve them."}, {"type": "sentence", "content": "The more specific you are with what you want to achieve, the faster your mind will search for solutions to achieve those goals. For example, this year, I wanted to have more followers."}, {"type": "sentence", "content": "The simple fact of wanting more followers was not going to help me at all. So I set a more specific goal: I want 5000 followers."}, {"type": "sentence", "content": "This helped me set a monthly goal and everything I would do to achieve it, like how many posts I have to write to have more exposure or what I need to offer in my newsletter to get more attraction."}, {"type": "subtitle", "content": "You can develop an idea in a lot of different ways"}, {"type": "sentence", "content": "Your ability to develop an idea in multiple ways will help you diversify your writing across different platforms. You don't need a lot of ideas to be active on various platforms. You just need to adapt that same idea in different ways."}, {"type": "sentence", "content": "For example, the price of Bitcoin is a topic that is currently generating a lot of curiosity in general."}, {"type": "sentence", "content": "However, how you develop the idea for different platforms is what will make people want to see your content. The best way to do this is to know the audience:"}, {"type": "sentence", "content": "It is not that you lack ideas; it is that you don't know how to develop them for different publications."}, {"type": "sentence", "content": "I know people who only talk about exercises, and they have been part of the best editorials and talk about different types of topics based only on exercises."}, {"type": "subtitle", "content": "Growth is unpredictable and non-linear"}, {"type": "sentence", "content": "In November, I made less than $100 writing. Then in December, I made over $4000. You cannot predict how you will be in the future simply by analyzing previous months as long as you are doing things correctly."}, {"type": "sentence", "content": "This is a huge advantage because it helps us focus on what really matters: producing content and improve."}, {"type": "sentence", "content": "If we knew that every month we would have $100 more dollars, we would not try to grow. We will know that we will have the same $100 even if we do the minimum."}, {"type": "sentence", "content": "But the ability to be unrecognized one day and then be viral the next day is what motivates us to keep improving with each post. So if you keep in mind that your next post is the one that will be viral and seen by millions, it will help you increase the quality of every word."}, {"type": "subtitle", "content": "If you don't expand your knowledge, your posts will be predictable"}, {"type": "sentence", "content": "Many people will tell you to \"write only what you know.\" After all, if you write about a topic from a perspective that you are completely unfamiliar with, readers are going to notice the inaccuracies."}, {"type": "sentence", "content": "But if you only write about what you know, eventually everyone will already know what you will say."}, {"type": "sentence", "content": "To change that, you have to expand your knowledge. If you're interested in a topic that you know little about, take the time to research it thoroughly. Speak to people outside your regular social circle to get more ideas. The more you know, the more you can create."}, {"type": "subtitle", "content": "Experiences are your best source of ideas"}, {"type": "sentence", "content": "Experiences will always be your best source of ideas when you write because only you can talk about what you lived."}, {"type": "sentence", "content": "You can even talk about a topic that you do not know, as I explained above, as long as you include your experiences on the topic, and that will help you validate your arguments."}, {"type": "sentence", "content": "We're human beings, not robots. We actually need to experience real feelings. Personal writing can take the reader from not knowing someone at all to really feel like they have been reunited with a long-lost relative. Also, personal writing captures people's imagination in a way that no other type of writing can."}, {"type": "subtitle", "content": "Your writer's brain and your editor's brain are two completely different brains"}, {"type": "sentence", "content": "If you are in the middle of writing your first draft and decide to go back and edit before continuing, you'll find it a lot harder to get back into writing the rest of the post."}, {"type": "sentence", "content": "Your focus when writing the first draft should be getting all your ideas on the page. With that in mind, you should expect a good portion of what you have written to be cut during the editing process."}, {"type": "sentence", "content": "When I separated those two processes, I started finishing my posts faster. This happens because I am only focusing on one thing at a time. Your brain works faster when it only has one thing to do."}, {"type": "subtitle", "content": "Final thoughts"}, {"type": "sentence", "content": "The goal is not to achieve an endpoint in your content. It is able to learn and continue to grow over time. Because this is not a linear process, one day you can be down and another day completely viral."}, {"type": "sentence", "content": "There are two types of content creators. Those who feel that everybody should follow him because they are publishing content and deserves recognition; and the ones that keep learning in order to make an impact."}, {"type": "sentence", "content": "Once you understand which of those two is successful, you will begin to change your trajectory as a writer."}], "topic": "marketing", "uuid": "7999a8f36701f6d6ceeeeddb5a2518fb6206dcc1b9815b32e17ac2f2", "link": "https://medium.com/swlh/9-facts-that-can-totally-change-your-trajectory-as-an-online-creator-c8516273298d"}