{"title": "The Eight Commandments of Hybrid Teaching", "data": [{"type": "sentence", "content": "In the years before the pandemic, I sometimes imagined myself a master pianist in the classroom, my fingers dancing over a Steinway in glorious rhapsody. There were days when I felt more than just competent at my job - I felt the equal of even the best teachers."}, {"type": "sentence", "content": "But when schools were shuttered, and remote learning became the order of the day, my grand piano got replaced with a kinderklavier: with much effort, I could render the same melodies, but the feeling was gone. Online teaching proved to be my kryptonite. I felt like Job in the midst of a trial by fire, with the faith I once had in my teaching abilities being put to a daily test."}, {"type": "sentence", "content": "But there was hope on the horizon. Better mitigation strategies, a firmer grasp on the science, and the arrival of vaccines left my district an opening: to bring all teachers and some students back to school in person under the guise of a hybrid model."}, {"type": "sentence", "content": "As with traditional in-person teaching and remote-only instruction, delivering content effectively as a hybrid teacher required learning some new pedagogical skills while refining many others. With my school operating in a hybrid mode since January, the similarities and differences between the instructional models have never been in starker relief."}, {"type": "sentence", "content": "With all that in mind, what follows are eight \"commandments\" that characterize effective hybrid instruction, along with their implications for teaching practice."}, {"type": "subtitle", "content": "I. Thou Shalt Never Be Too Careful"}, {"type": "sentence", "content": "Driving home after my first full day of hybrid teaching, I felt dirty. Contaminated. Diseased. I felt as if I should quarantine from the rest of my family - immediately. Drive straight to a hotel instead of my house, sparing my loved ones from certain infection."}, {"type": "sentence", "content": "But I also knew that such a route of extreme risk-aversion was neither feasible nor possible. I had to go home, had learn how to live with a certain degree of risk. And I had be ready to forgive myself if, despite my best efforts at staying safe, I nevertheless contracted the virus - or, much worse, passed it on to my family."}, {"type": "sentence", "content": "Though we were repeatedly assured by school administrators - those epidemiologists-in-training - that the possibilities of linked transmission were low, that schools didn't contribute appreciably to community spread, most of the staff at my high school remained unconvinced, and were scrupulous with their hygiene habits. So scrupulous, in fact, that one teacher told me that she washed her hands so often now, she found herself peeling dry skin off her bleeding knuckles."}, {"type": "sentence", "content": "We all had to rely on the good-faith efforts of others: our colleagues and our students. Everyone had to keep their distance; everyone had to don their masks and wear them properly. (In fact, most teachers wore two masks; some even fitted themselves with face shields.) We each had a part to play to minimize the spread - not only to ourselves, but to others. Never before did we, as a school community, feel as close-knit; never before did we feel as interlinked. It's a shame it took a pandemic to recognize how much we must all lean on each other."}, {"type": "subtitle", "content": "II. Thou Shalt Find It Disorientating to Meet Virtual Students in Real Life"}, {"type": "sentence", "content": "\"Hi, Mr. Arnesto!\" the student enthusiastically said to me while walking through my classroom door."}, {"type": "sentence", "content": "\"Oh, hi, nice to meet you! How are you?\" I responded, not quite sure of the identity of the student standing in front of me - despite the fact that I had interacted with her remotely for the first half of this school year."}, {"type": "sentence", "content": "And it wasn't just disorientating meeting my students who had primarily utilized on-screen avatars. Even those who had made it a habit to keep their faces firmly planted in full view of their webcams didn't quite look the same in real life, especially when wearing masks. The screen plays tricks on the mind."}, {"type": "sentence", "content": "The neurologist and prodigious author Oliver Sacks famously struggled with prosopagnosia, or face blindness; he found it difficult to correctly recognize faces. As student after student filed into my physical classroom during those first few days of hybrid instruction - students I had interacted with online for months on end - I strained to square their in-person visages with what I thought they looked like. This was a new form of prosopagnosia, one tailor-made for the digital age."}, {"type": "subtitle", "content": "III. Thou Shalt Keep a Safe Distance From Everybody"}, {"type": "sentence", "content": "My first department chair was an irreverent man with a silly sense of humor. He would go out of his way to build personal connections with students: through humor, including physical comedy, as well as relaying autobiographical stories. At the end of every class period, as his students lined up to leave, he would position himself at the classroom doorway and demand a high five, a handshake, or a fist bump from each student as they passed him. \"This is how you connect with kids,\" he told me. \"You greet them when they come in, acknowledging their humanity, and you show them how much it meant to you that they were in your class today.\""}, {"type": "sentence", "content": "Although I rarely followed his example on such matters, others in my department - and other teachers in the school - certainly looked to my former department chair as someone to be imitated. Of course, social distancing rendered such tactics strictly verboten."}, {"type": "sentence", "content": "But there are a host of other reasons why teachers might deliberately move through the physical classroom space during instruction. For instance, circulating around the room - a basic skill taught to education students to encourage and ensure on-task behaviors - is no longer a feasible strategy. Reflexively moving toward a student when he or she has a question is only natural, but the pandemic has mostly put the kibosh on that as well. And if students want to show a teacher their work these days, they have to digitally share it, rather than simply calling the teacher over to take a look."}, {"type": "sentence", "content": "Keeping a distance from everyone might be necessary during these challenging times, but it sure is contrary to the best practices of teaching - and to human nature as well."}, {"type": "subtitle", "content": "IV. Thou Shalt Not Hand Out Papers to Students"}, {"type": "sentence", "content": "A dream of mine finally came true: paper was not in short supply. But, of course, it no longer mattered."}, {"type": "sentence", "content": "In one of the many ironies to emerge since the pandemic began, my school was never more stocked with blank typing paper - there were more than one hundred reams in the copy room alone - but teachers were not permitted to distribute paper copies of anything, including physical textbooks, to students."}, {"type": "sentence", "content": "Learning how to teach sans paper was certainly an adjustment for hybrid educators, but the concept itself wasn't new. Since the spring of 2020, when the schools were first closed, teachers and students alike had to make do solely with paperless instruction. Prior to the pandemic, the move away from paper had been inevitable, though it was not imminent. But now we all lived in that inevitable future, a future in which we were wedded to technology like never before. All of our eggs were now cradled in one electronic basket, and heaven forbid the WiFi goes out."}, {"type": "subtitle", "content": "V. Thou Shalt Not Reprimand Students for Using Their Personal Technology"}, {"type": "sentence", "content": "Months ago, reflecting on the negatives of an impending turn to hybrid instruction, I also forced myself to consider some of the positives. \"At least I'll finally get to meet my students,\" I thought. \"And though I won't be allowed to hand out papers, I'll be able to hold my students to higher standards when they take tests and quizzes. No more surreptitious collaboration! No more looking stuff up on the internet!\" Through those early, challenging months of this school year, in which I had to effectively relearn how to teach, I would either designate time during live classes for students to work on assessments, or else assign them during asynchronous days. But anything resembling a traditional, relatively secure testing environment - no cell phones, no communication with other students, no using the internet, no looking up questions in class notes or textbooks - simply wasn't possible with students remotely learning from their homes."}, {"type": "sentence", "content": "When my school first pivoted to a rudimentary form of online instruction in the spring of 2020, I was uneasy about uploading quizzes and tests to an online platform like Canvas. My assessments would now be compromised, I figured, because students could easily share them en masse, in perpetuity. \"When things return to normal, I'm going to have write all new sets of evaluations for all my courses,\" I thought."}, {"type": "sentence", "content": "Before the pandemic, trusted colleagues had tried to convince me of the benefits of switching from paper assessments to utilizing software tricks such as lockdown browsers instead. \"Trust me, it works well; the kids aren't able to access websites while they're taking a test online,\" one early adopter assured me."}, {"type": "sentence", "content": "So, once students returned to my brick-and-mortar classroom during hybrid instruction, I could finally tighten up and enforce a stricter testing environment, right?"}, {"type": "sentence", "content": "Wrong. Nothing could change. True, during any given class period, there were now students in the same physical space with me, and I could certainly compel them to comply. But there were also many remote students still ensconced in their homes, with all the attendant benefits therein - access to cell phones, class notes, the internet, nosy older siblings, and so forth, irrespective of the use of a lockdown browser. Thus, it wouldn't be fair to take any of those benefits away from in-person students during a class period, either."}, {"type": "sentence", "content": "In fact, regardless of whether hybrid students were taking an assessment or not in my classroom, reprimanding them for their use of personal technology, such as cell phones or even portable gaming systems, made no sense and was inequitable given the fact that I couldn't simultaneously enforce those same rules with students learning remotely. Furthermore, with social distancing guidelines in place, the days of walking over to students and gently attempting to wrest away their personal possessions were long gone."}, {"type": "sentence", "content": "When I discussed this issue with a fellow long-tenured teacher, he said, \"You're right that we don't have the ability to monitor a strict testing environment with the students who are at home. But those kids at home shouldn't be on their phones, they shouldn't be looking things up anyway - that's cheating. And if I catch them doing it, I can give them a zero.\""}, {"type": "sentence", "content": "\"But you just said that you can't control their environment at home.\""}, {"type": "sentence", "content": "\"Yes, that's right,\" he responded, and then admitted, \"I don't know how I could catch them.\""}, {"type": "sentence", "content": "\"So it really is a distinction without a difference,\" I concluded."}, {"type": "subtitle", "content": "VI. Thou Shalt Manage Two Classrooms at Once: One In Person, and Another Online"}, {"type": "sentence", "content": "On my first period of my first day teaching hybrid, fifteen kids filed into my classroom - one more than I had expected. The class period was at the absolute limit: fifteen students was the cap. Although we weren't shoulder to shoulder, the room nonetheless felt full. As I fumbled around with the technology, not quite knowing where to look - into the webcam, at the second monitor, through the plexiglass installed on top of my teacher desk- the principal walked into the room."}, {"type": "sentence", "content": "\"Wow, how many do you have in here?\""}, {"type": "sentence", "content": "\"I think fourteen,\" I mistakenly replied."}, {"type": "sentence", "content": "\"Are you sure? I just counted...check your math, it's fifteen.\""}, {"type": "sentence", "content": "\"Yeah, I need to check my math. You're right! If one more student walks in here, though, I'm walking out!\" I joked."}, {"type": "sentence", "content": "Even with only a handful of students attending in person, juggling a classroom split in two is both time consuming and challenging. There are numerous problems to contend with: for starters, only the virtual students are able to log in to Google Meet; those in the physical classroom are shut out of the online space, forced to contend with staring across the room at the Smartboard. Everything - from the Google Meet chat, to breakout rooms, to students polling - is no longer simultaneous."}, {"type": "sentence", "content": "My high school simply doesn't have the requisite bandwidth to permit in-person students to log on to the virtual classroom along with their remote-learning peers. But even if the bandwidth wasn't an issue, other problems would surface. For example, consider audio feedback. How would students sitting only several feet apart from each other be able to speak with multiple microphones (built in to their laptop computers) picking up the same signal? To counteract this, all in-person students would need to be equipped with noise-canceling headphones, adding yet another expense for the district."}, {"type": "sentence", "content": "But then if all students, both in person and virtual, logged into the virtual classroom - thus effectively recreating the pre-hybrid remote learning experience - what would be the point of hybrid instruction?"}, {"type": "sentence", "content": "Regardless of the set up, it still wasn't clear to whom I should be directing my teaching: students with me in the physical space or students attending the class online. Should I speak solely into the webcam? Or should I ignore the students at home in favor of teaching to the bodies in the room?"}, {"type": "sentence", "content": "So I asked a colleague. He told me, \"It's a delicate balance. I've been focusing my instruction on wherever the majority of the kids reside. If most students are virtual, I'll look into the camera. Otherwise, I perform for those in the room.\""}, {"type": "sentence", "content": "Either way, I had to keep a more accurate count of how many students were in my classroom."}, {"type": "subtitle", "content": "VII. Thou Shalt Cover Many Classes for Absent Teachers"}, {"type": "sentence", "content": "Teachers like routine. Teachers thrive on routine. But once hybrid teaching began, routines were thrown out the window."}, {"type": "sentence", "content": "On some days, the number of teachers who called out of work was so high that \"operational closures\" were triggered - meaning that the school didn't have enough staffing to provide sufficient in-person coverage of classes, thereby putting students and adults at risk and thus forcing the building to close and schedules to revert to virtual learning. In fact, our first operational closure occurred during the high school's second scheduled week of hybrid instruction. While they were often hesitant to use such entitlements in the past, during the pandemic teachers had no compunctions about taking sick days, or even unpaid leave, when it came to matters of life and death. A paycheck was sometimes not enough of an incentive to place oneself in harm's way."}, {"type": "sentence", "content": "The morning of that initial operational closure was jolting, chaotic, and confusing. At 5:30 AM, staff received an email to \"work remotely\" because of a \"staff shortage,\" but no other details were provided. What did \"work remotely\" mean in this case? Did it entail driving into the high school building and teaching students remotely from our classrooms, as we had in the lead up to hybrid? Or did it mean for us to deliver instruction once again from our homes?"}, {"type": "sentence", "content": "During those early days of hybrid, numerous colleagues predicted that it wouldn't last and that we'd be back to full virtual instruction sooner or later. The most convincing of these predictions came from one of my younger departmental colleagues, who noted, \"Because the district started hybrid instruction so much later than other districts in the area, there are no long-term substitutes to hire to replace teachers on unpaid leave because all those subs have already been claimed by other schools. We'll probably close down because of this.\""}, {"type": "sentence", "content": "Four weeks into hybrid instruction, with nearly ten operational closures under our belts, the superintendent appealed to the school board for additional funding. \"Every day it's like a crapshoot if we can open the high school, like rolling the dice, like a snow day,\" he explained. \"Staffing is our problem. With numerous teachers out on medical leave, in addition to the teachers that randomly call out for a variety of reasons, sometimes we just can't open up safely, without putting our students and staff at risk. We need more money to hire substitutes and aides which, if I'm being honest, are in very short supply.\""}, {"type": "sentence", "content": "This emergency school board meeting found parent after parent testifying to the debacle that's been hybrid learning at the high school - where students typically have at least one and as many as four substitutes during the day. Typically, those substitutes are other full-time teachers who have been directed to cover the classes. Oftentimes, in these situations, students aren't given work or instruction. \"I don't understand why you [the administration] are preventing the teachers on medical leave from teaching their students remotely,\" one parent complained. \"It's outrageous that my son is losing his education!\""}, {"type": "sentence", "content": "\"The problem, ma'am, is that part of the educational experience is indeed the delivery of instruction, which these teachers could do remotely,\" the superintendent explained. \"But the other part is supervision, of having an adult in the room. Obviously, that cannot be done remotely.\""}, {"type": "sentence", "content": "\"But why can't we just hire an aide to watch the students so the teacher can continue teaching the class from home?\" It would not be the last time the question was asked during this contentious evening."}, {"type": "sentence", "content": "\"Frankly, ma'am, it is a matter of equity,\" the superintendent began. \"If a teacher feels unsafe to be in the building, then why would another adult - an aide - want to be a sacrificial lamb? That's an unappealing prospect and part of the reason why we've had such trouble hiring people to fill positions during these challenging times, despite the rigorous health and safety measures we've put in place in all district buildings, and especially the high school. Ninety-five percent of district staff have reported for work during this hybrid reopening. But high school scheduling is much more complex than in the district's elementary or middle schools. With staff absences at such a high degree at the high school, it is logistically difficult to remain open for hybrid instruction every day. Therefore, on any given morning, we might have to call it [a building closure] for the safety of all involved.\""}, {"type": "sentence", "content": "Several hundred years ago in France, automation in textile mills threatened the employment of many in the industry. In retaliation, textile workers tossed their wooden clogs into the machinery, gumming up the works. The French word for clog is sabot - thus, these workers were saboteurs."}, {"type": "sentence", "content": "No, my high school's teachers didn't go on strike, nor did they ever explicitly threaten that action. Nonetheless, the small contingent of teaching staff who weren't showing up for work were throwing their proverbial clogs into the machinery, and they certainly had the district over a barrel. They were saboteurs in a year of the plague."}, {"type": "subtitle", "content": "VIII. Thou Shalt Not Stay in the Same Classroom Where Another Teacher's Class is Being Held"}, {"type": "sentence", "content": "Before the pandemic, it was common practice for teachers who shared classrooms to park themselves in their rooms throughout the school day - even when classes taught by other teachers were running in those spaces. Temporarily off-duty teachers would be content to sit silently in the back of their rooms, ignoring the hustle and bustle while grading papers and planning for the periods ahead."}, {"type": "sentence", "content": "Perhaps due to my insecurities, I've always found it uncomfortable when another adult is in the classroom while I'm teaching. It feels like they're silently judging me, even when they're (probably) not. So, I usually tell my teacher roommates not to stay while I'm conducting class, conversations which inevitably turn awkward. \"I'd appreciate it if you would leave while I'm teaching, and I'll always do the same for you,\" I tell them, wondering all the while if I just ruined any chance at a collegial relationship through the coming school year."}, {"type": "sentence", "content": "Now, with the ever-urgent need to social distance, to find open space and fresh air in the school building, the expectation - the default, in fact - was that teachers would quickly scurry out of any space populated with students. That I didn't need to have any awkward conversations with my colleagues about vacating the classroom was a rare, albeit small, silver lining."}, {"type": "sentence", "content": "Nevertheless, there was frequently no place to go during non-instructional periods. Itinerant teachers were forced to walk the halls, looking for a spot in the building to hide - much like students who, in pre-pandemic times, sought refuge to avoid attending dreaded pep rallies and motivational assemblies."}, {"type": "sentence", "content": "Mariel, a new teacher this year, realized that volunteering for class coverages killed two birds with one stone: showing administration that she was serious about her job, as well as having a classroom to travel to during non-teaching periods. \"At least I'll be able to station myself at a desk and do some work,\" she told me, as we walked to the stairwell. I pushed the doors open and motioned for her to walk in front of me."}, {"type": "sentence", "content": "\"Thanks, it's like a new form of chivalry,\" she said."}, {"type": "sentence", "content": "\"What do you mean?\""}, {"type": "sentence", "content": "\"Because now I don't have to touch the doors to open them!\""}, {"type": "sentence", "content": "So chivalry wasn't yet dead in the age of pandemic. Perhaps some might consider that yet another silver lining in an otherwise dreadful school year."}], "topic": "education", "uuid": "7ba966843458a08bf1686ff105c9413553a1fe974cffef0428aea230", "link": "https://medium.com/the-faculty/the-eight-commandments-of-hybrid-teaching-c6da519f58c5"}