{"title": "How Multitasking Fries Your Brain", "data": [{"type": "image", "content": "https://miro.medium.com/max/15226/0*3nDaDz5NX4Y1bN-e"}, {"type": "sentence", "content": "Multitasking: We all do it. Sometimes, multitasking is rather innocuous- you listen to the radio while driving, or talk on the phone while emptying the dishwasher. These aren't really that big of a deal because they don't require as much concentration or effort. However, multitasking on higher-level projects can have some serious cognitive side effects."}, {"type": "sentence", "content": "A corporate coaching client was telling me recently that she struggled with focus. She's easily distracted and can't seem to complete tasks. She also can't seem to communicate effectively with others in her organization. When we were discussing her role within the organization, I learned she wore several hats. No wonder she has difficulty with focus, communication, and completing tasks. She has to constantly switch between different roles, tasks, responsibilities, and even teams throughout any given day."}, {"type": "sentence", "content": "She's not alone here. We all have experienced the hamster wheel where we feel we have to do everything at once so we can get everything done. We feel the need to be more efficient and productive. We type out an important email during an important client call (multitasking); switch from one task to another then back to the first (task-switching), or watch TV while simultaneously using our smartphones and tablets (media multitasking)."}, {"type": "sentence", "content": "In a review of recent studies on everyday multitasking, cognitive psychologist Mark L. Carrier and his colleagues found that some who use multiple devices simultaneously have developed a kind of ADHD-like disorder. We feel we are getting a lot accomplished when really we are accomplishing less. When our brain is constantly switching gears to bounce back and forth between tasks - especially if those tasks are more complex and require more concentration or attention - we become less efficient and more likely to make mistakes."}, {"type": "sentence", "content": "According to analyst and author Jonathan B. Spira, extreme multitasking and information overload cost $650 billion annually in lost productivity."}, {"type": "sentence", "content": "This is your brain on multitaskingWhy is multitasking a productivity killer? The term itself is somewhat of a misnomer as the human brain lacks the cognitive and neural building blocks and systems that give rise to mental functioning. The brain simply isn't capable of performing two or more tasks simultaneously. When we try to force it to do so, we are essentially overloading it with information it is not capable of handling all at once. This is when we begin to feel overwhelmed, anxious, easily distracted, lethargic, and stressed. Your cognitive processes such as thinking, knowing, remembering, judging, and problem-solving can become impaired. Media multitasking can lower the grey-matter density in different parts of your brain, which can lead to poor attention skills, anxiety, and even depression. It can also cause us to be less socially engaged with those around us, be it friends, family members, a date, or during meetings."}, {"type": "sentence", "content": "If you are feeling the effects of multitasking, here are some things you can do about it:"}, {"type": "sentence", "content": "Personally, when I try to multitask, I feel kind of dopey, like my brain is fried. I know how easy it is to get distracted when our lives are so busy. We want everything to be done, off our plates, and out of our minds. We have so many things, which demand our attention both online and off. However, when we stick to the task at hand, we are more likely to get more done. We will feel better mentally, emotionally, and physically. We will also be more present in our tasks, interactions, and conversations. We will appreciate our work more and feel better about it. Contrary to popular belief, the benefits of monotasking and avoiding multitasking far outweigh the perceived notion that we are getting more done by cramming it all in at once. Productivity isn't about doing too many things at once. It's about doing the individual important tasks well."}, {"type": "sentence", "content": "Namaste."}], "topic": "productivity", "uuid": "7ef0c4f39a4b68f625c0ff4b0ed6de8320cdb77b495f37646092e405", "link": "https://kellyleereeves.medium.com/how-multitasking-fries-your-brain-c9b69c9f71bb"}