{"title": "Up Your Game With Post-Processing!", "data": [{"type": "sentence", "content": "Post-processing can really bring your game to the next level and is often one of the big differences between an Indie game and a AAA game, but it can take a lot of tweaking and fine tuning to get the most out of it."}, {"type": "image", "content": "https://miro.medium.com/max/1510/1*YX2rAiE5Wn3fgCV3DrwzYg.gif"}, {"type": "sentence", "content": "To get started install the Post Processing Package from the Package Manager."}, {"type": "image", "content": "https://miro.medium.com/max/3840/1*pMX4Ej0GBqadCVrk20GyIg.gif"}, {"type": "sentence", "content": "Then add the Post-process Layer component to the Main Camera, add a new Layer named \"Post Process\" and assign the Layer in the component to it."}, {"type": "image", "content": "https://miro.medium.com/max/1650/1*wOgQQOCtQpdAowO9QtUTdw.gif"}, {"type": "sentence", "content": "Next you need to create a Post-process Volume, set Is Global to enabled, create a new Profile, and change the Layer to Post Process."}, {"type": "image", "content": "https://miro.medium.com/max/1650/1*-hEIeQ2rha9A7XGiomtjCA.gif"}, {"type": "sentence", "content": "Make sure to change the Color Space from Gamma to Linear if you want to get the most out of effects like Bloom and Color Grading."}, {"type": "image", "content": "https://miro.medium.com/max/3840/1*Xj89xX5-GLtNFAOmBxjHWA.gif"}, {"type": "sentence", "content": "To begin adding effects I am going to put them on the Profile that was just created that way I can use those as the default settings in each scene."}, {"type": "image", "content": "https://miro.medium.com/max/1650/1*M8iph8e-FwHpiwnMbZMqkg.gif"}, {"type": "sentence", "content": "The first thing I added was the Bloom effect so that the bright objects in the scene could have a nice glow around them."}, {"type": "image", "content": "https://miro.medium.com/max/760/1*uE3YGSHQr0865Yg-bPyihw.png"}, {"type": "image", "content": "https://miro.medium.com/max/2414/1*WYkJAlpIA5jL7EhpRF-G9g.gif"}, {"type": "sentence", "content": "Next I added the Color Grading effect, this effect is probably one of the most powerful with it you can change so much of how your game looks."}, {"type": "image", "content": "https://miro.medium.com/max/732/1*EbimQL4F5GMZ8AovANQMZw.png"}, {"type": "image", "content": "https://miro.medium.com/max/2414/1*8NGaV_wl47Y0wdlstPnB-g.gif"}, {"type": "sentence", "content": "Then I added the Vignette effect to bring in the player's focus since the enemies and power ups don't spawn on the edge of the screen."}, {"type": "image", "content": "https://miro.medium.com/max/760/1*7brjedHLDKNSz_8OsxOoCA.png"}, {"type": "image", "content": "https://miro.medium.com/max/2414/1*3J4HE-myEnwiVkX8EBTd8A.gif"}, {"type": "sentence", "content": "Finally, I added the Grain effect because I thought it added a subtle texture to the image."}, {"type": "image", "content": "https://miro.medium.com/max/756/1*ktCvaKO508JJABVfndyaEQ.png"}, {"type": "image", "content": "https://miro.medium.com/max/2414/1*7b7fHBMiBJBxmke83v1RIQ.gif"}], "topic": "gaming", "uuid": "7f21bc3cab66dfb7f03e0a265192b2dbc6d63a923cea69dce6da53ab", "link": "https://kwpowers.medium.com/up-your-game-with-post-processing-fda1ee7aef0f"}