{"title": "Untying the Google Knot (It's not me. It's you!)", "data": [{"type": "sentence", "content": "To explain the magic that happened after I hit 'send', I need to uncover all the s**t that happened right before..."}, {"type": "subtitle", "content": "Robots vs. Humans"}, {"type": "sentence", "content": "I had spent months writing the word cloud that then became \"The Devil Wears Patagonia Swag\". It was my third month of medical leave and I had gone through a few therapy sessions by then - trying to make sense of it all. I was beaten up, my demeanor was low, I was feeling trapped. Wasn't this time supposed to make me feel better and enable me to get back on track? And yet the same racing thoughts kept getting bigger."}, {"type": "sentence", "content": "I had been suppressing those thoughts for a really long time - again - while too busy covering, playing the game, and running my race. I had kept my head down until then. An incessant feeling of uncontrollable rage was growing inside me - fueled by all that hypocrisy, that inauthentic disingenuous communication, and the pervading sense of unfairness. Why was I the only one feeling that way, while everyone around me looked so complacent?"}, {"type": "sentence", "content": "As an Italian expat, during one of my therapy sessions I discussed how much I was struggling with the lack of authenticity and vulnerability in American (Californian?) culture. Where everything is built on storytelling, but stories are largely based on identity and a sense of (sometimes artificial) belonging. Where everyone tells the story other people expect to hear (e.g. \"you're gay, hence your struggles must arise from bullying / an abusive family / societal oppression / fill in the blank\"). Corporate \"culture\" talking about diversity and inclusion felt like another episode of RuPaul's Drag Race to me: dramatic soundtrack in the work room; zoom in on one of the \"girls\"; short outburst of a past trauma; suspense; some quick 'aww-reactions' by the other \"girls\". All resolved, the equilibrium is restored. Back to the main challenge! All of this plays out and comes to a scripted end within 120 seconds."}, {"type": "sentence", "content": "Sounds familiar? \"Let's talk about these really important issues. Here's a collection of resources. Here's a TED Talk for you to watch. Done? Now back to work!\" Everyone talks the talk, but no one really walks the walk. I used the example of a manager at the beginning of yet another Zoom call asking the group \"what are you grateful for today?\" The intent is positive (she is trying to apply what she learned from the HR 'instruction manual' to emulate empathy and foster some virtual team bonding). She gets them to open up and share. But then she entirely misses the point and fails when she herself gives a meaningless, safe, and fabricated answer of her own - and the ever-present danger is if you are too open and honest she may identify your vulnerabilities and weaponize them against you. Just hypothetically speaking..."}, {"type": "sentence", "content": "In this fictional world of the Golden Cage, corporate messages from above and American reality TV shows had started melding in my mind. Both sounded so scripted, constructed, artificial. I rejected them as inauthentic and disingenuous, as they started to cause a physical reaction of disgust."}, {"type": "sentence", "content": "The machine is trying really hard to act and sound human - let me give it some credit. When a couple of roles on my team were eliminated back in February 2020, I was assigned yet another lovely human face to \"support' me. Her title - ironically in retrospect - was \"Retention and Progression Strategist\". She was such a kind, personable human and I really enjoyed our conversations - I fell for it as she provided me exactly with what I needed: a false sense of belonging, being heard, and that how I felt mattered."}, {"type": "sentence", "content": "(Then, soon thereafter I realized that my other teammate - white and straight - whose role had also been eliminated, did not get assigned a similar liaison. Google was trying to do right by me and other minority groups, by providing an additional layer of support, or at least the impression of it. That sounded nice. But what about my colleague? Did she not deserve to be supported and retained too? Why was I more worthy than her? It felt unfair, and it made me so incredibly uncomfortable. And yet - once again - I kept quiet. The machine made me quietly ashamed of my \"diversity\".)"}, {"type": "subtitle", "content": "Digging deep"}, {"type": "sentence", "content": "My therapist interrupted and asked me: \"So what's the one American movie or TV show you do identify yourself with?\" I'm absolutely terrible at impromptu questions so I froze and did not reply on the spot (a scene that played way too many times with colleagues over lunch or drinks...they must have thought I was so aloof!) But I did think about it and a few days later - while fantasizing about resigning - \"The Devil Wears Prada'' came to mind (especially the final scene where Andy throws her Blackberry into the fountain). I've watched that movie probably ten times, and - although it has such a clich\u00e9d storyline - there's something about it that always gets me and transports me to a different world. A world that is so comfortingly relatable, where good values, integrity, and the truth all triumph by the end. And that ending...when Andy looks finally liberated and wearing her true skin, walking through Manhattan's skyscrapers, finally in her own element (while Miranda gets trapped in that dark and corrupted world, but she finally sees Andy - and for a moment, a minuscule instant, she shows an inch of humanity, a smile, a \"that could have been me\", but yet she's trapped in the machine)."}, {"type": "sentence", "content": "My experience almost perfectly fit that story arc and I soon realized that, the only way to get rid of all those thoughts was to put them down on paper (obviously after watching the movie one more time and collecting some GIFs from the web). I didn't know who I was going to write that for - if it was a journal entry, a writing exercise, or a blog post - all I knew was that I had to write). Like a purge, I started vomiting one word after another and my story started to take shape. I didn't want to start from the rage or the pain, I wanted to start from the joy, the novelty, the youth - right at the beginning of this rollercoaster that lasted a decade. I owed it to myself to put things in the right perspective and consider the whole journey to now."}, {"type": "sentence", "content": "There weren't chapters in the beginning - it was just a massive blurb - and the whole narrative changed and evolved day to day, just like I did. I was modeling this thing like clay, and as it became alive, I could finally see and make sense of all those thoughts, feelings and emotions I had been neglecting for a long time. The more my hands regained confidence, the more I was able to give my story the right shape. It started with a lot of shame. At the beginning, I was still trying to fit the mold - just like those thousands of googlers leaving the company and writing empty and prescriptive farewell emails filled with \"thank yous\", \"I learned a lot\", \"wonderful people\", \"empowering this, empowering that\", \"grateful for the opportunity\", \"next adventure\", \"memories\" etc."}, {"type": "sentence", "content": "My 'story' started exactly in the same way: with lots of gratitude, admissions of guilt (as if it was my fault - \"I pushed myself too hard and then I ended up breaking myself\"), and only positive notes about Google. When I re-read it the first time, I didn't recognize myself - that wasn't my writing...it was what they taught me people would expect of me. Like an inception, I couldn't get rid of this forma mentis, it was deeply rooted inside my soul (ten years in a \"corporate cult\" do that to you)."}, {"type": "subtitle", "content": "Into the Tunnel"}, {"type": "sentence", "content": "By then, all the HR complaints I had raised right before initiating my medical leave in November 2020, had been dismissed with no resolution in my favor - \"consider this matter closed!\" So this past February, I found myself in a corner, drained of energies and out of options. My leave was coming to an end; I hadn't found another suitable role (to \"start again from scratch\", remember?); and I wasn't going to head back to the robots (to \"rebuild trust and get promoted next time, you were so close!\") Therefore, I started to raise my voice with HR and escalated to one of their Directors (who never bothered to respond or get involved)."}, {"type": "sentence", "content": "I told my therapist what Google HR recommendation was and she was indignant, warning me that what they were encouraging was an ethically fraught position, at the absolute least. (She also sent me this NBC News article: Google advised mental health care when workers complained about racism and sexism.)"}, {"type": "sentence", "content": "For the first time ever, I started to see a pattern of malpractice and my sense of justice blew up even more. First, they failed to recognize, progress, and retain me; then they made me question my mental state by conflating an HR issue with a medical one; now they were asking me to misrepresent my case to keep me warehoused."}, {"type": "sentence", "content": "That's when I went back to my story and I rewrote it almost entirely. The narrative suddenly changed, not just in my writing, but also in my mind. Something in my psyche had finally clicked. I, and I now recognized many other people, had been abused by a system that wanted us to feel bad - disabled, incapacitated - and I was none of those things."}, {"type": "sentence", "content": "I decided I had no choice but to go. Google, it's not me - it was you all along!"}, {"type": "subtitle", "content": "New Chapter"}, {"type": "sentence", "content": "Having made up my mind, and in a final attempt to get some sense of justice or reparation after such a torrid year with no satisfactory conclusion, I asked HR for a severance package. No figure in mind, just a token. Why? I wanted to give one last chance to reset the clock and go back to what they had offered when this saga began back in early 2020, when they eliminated my role and they put me in the position of finding and settling for that \"shitty\" job - my doctor's words, not mine - to save myself and my partner from both having to give up everything and leave the country. After ten years of service, it sounded reasonable to me - and the final opportunity for the machine to redeem itself and do right by me."}, {"type": "sentence", "content": "I gave a clear, unmistakable message: I was not going to leave quietly."}, {"type": "sentence", "content": "The (latest assigned) HR People Consultant paused and swallowed, then asked me: \"What do you mean by you're not leaving quietly..? Can you elaborate on that?\" (Which in retrospect is a fair clarifying question to ask, as I'm sure certain disgruntled employees may represent a severe threat to these companies and the safety of their people). With a firm, icy calmness unknown to me until that point, I responded that I wrote a piece, that I had an audience, and that I was going to make it my mission to make it as publicly available as possible, to ensure that every person I know and can reach is aware of what I was put through."}, {"type": "sentence", "content": "To my surprise, that's when she mentioned severance could be back on the table, and then she went off and initiated a second \"investigation\" into my case. (I really did feel for these poor people. I thought I was the one with a shitty job, but what about them? All they do is listen to googlers' bad experiences: complaints, harassments, frustration, abuse, unfairness, injustices)."}, {"type": "sentence", "content": "I mentioned my article again, she said it was OK for me to openly tell the story of my personal experience at Google, obviously without publicly disclosing any confidential or proprietary information. I said \"very well, I think we know where we stand then\". I was given less than 24 hours to make my decision (was I really given a choice?) and was told that - obviously - she was there to support me in case I needed anything (???) Again - support, what an abused word..!"}, {"type": "sentence", "content": "It may sound strange to you, but I was electrified to not have received any form of payout - it empowered me to tell my story even more vocally. To maintain my integrity and to walk away keeping my head held high. I was suddenly liberated of any (non-contractual) obligations, of any residual gratitude, and it just reinforced my conviction that I was making the best decision for myself - not because I felt forced to leave, but because I no longer felt forced to stay quiet. I had been unmuzzled."}, {"type": "sentence", "content": "I had no idea what would happen once I finally shared my story. I didn't write it for a mass audience. I didn't write it for press or for attention. I wrote it for me, to help me - hoping to help somebody else too in the process. It wasn't a rant, it wasn't resentful, it wasn't the work of yet another disgruntled employee."}, {"type": "sentence", "content": "The following day - a Tuesday - from our hotel room in Vieques, Puerto Rico (my husband and I had timed a trip to these Caribbean islands, specifically in anticipation of this moment), I initiated the \"exit protocol\", formatted my story into the Medium post you're now familiar with, saved it as a draft, and then ascended to the rooftop pool to celebrate with a beer at sunset (soon followed by dinner and some proper - well deserved - champagne)."}, {"type": "sentence", "content": "But it wasn't over yet. The cherry on top is when HR asked me if I wanted to send a note to the team or have my manager send an empty-shell communication saying \"Marco's last day will be Friday\" (and \"everything else will be kept confidential\"). That actually made me laugh out loud: again, they failed to understand that I didn't want confidentiality - I wanted the opposite of it. I wanted to spread awareness, tell my story out loud, and let it all out in the open. I don't think they were ready for (or understood) the disrupting and liberating power of vulnerability."}, {"type": "sentence", "content": "The email continued: \"If you plan to share your own note with the team, I only ask you to share with [manager's name] what you intend to write and who you're sending it to\"..."}, {"type": "sentence", "content": "WHAT THE ACTUAL F*CK!"}, {"type": "sentence", "content": "I could literally not believe my eyes (I read it at least ten times and replayed it in my head 10x more). Was my manager really that delusional and detached from reality to expect she'd be the one to \"review and approve\" my ten year farewell email to friends and colleagues from across three geographies? A manager I never met in the flesh, who barely (and poorly) \"managed\" me for less than five months, blatantly lied to me, blindsided me, and pushed me off the cliff to mental health leave...to then email me four months later: \"Welcome back. I have scheduled a 1:1 tomorrow to catch up, cover what's new with the business, and discuss your responsibilities\" (!!!) Can you believe that?"}, {"type": "sentence", "content": "My first instinct was to reply immediately and crush her under an avalanche of words, to shake her out of her alternative reality. But then I counted to 1,000, took a lot of deep breaths, and waited until the next day. In pure tech-Californian style, using the same robotic, apathetic, unemotional, passive-aggressive weapon, I responded: \"Thanks for confirming for Friday. I will send my own farewell email.\" Full stop. That full stop meant more than any insult (and I had a lot running through my head). She had no idea what was coming. Shame on her."}, {"type": "sentence", "content": "We then flew back to San Juan, but I couldn't sleep on Wednesday night. So I composed my farewell email (below) to all the people I have ever worked with. By then, I was no longer hot headed, I was extremely lucid and I knew exactly what message I wanted to send across. I added a link to \"The Devil Wears Patagonia Swag\" post in there and meticulously revised every word, every comma, every one of the contacts and email aliases on bcc. Again, it wasn't the work of an angry, insane person. It was calculated and irrefutable. And - just like with every other project I had worked on at Google - I poured my heart in it (a heart Google never deserved)."}, {"type": "sentence", "content": "On Thursday morning, while getting ready for check-out, I only had one thing left to do. I needed to pull the trigger and hit 'send'."}, {"type": "sentence", "content": "I was paralyzed, terrified, and I had no idea what was going to come out of it. I knew I was probably going to get ignored - as usual - that I was going to be easily dismissed as that disgruntled whiny employee, that emotional Italian who settled for that shitty job and now was complaining. I was afraid of the consequences, or the possible retaliation, of the future job implications."}, {"type": "sentence", "content": "Turns out it was no longer my story. It became ours."}, {"type": "subtitle", "content": "[To be continued...]"}, {"type": "sentence", "content": "If you'd like to chat, you can reach me at: marcoinabox@gmail.com"}, {"type": "sentence", "content": "\ud83d\udc49 Let's connect on: YouTube \u2022 Instagram \u2022 LinkedIn \u2022 Facebook \u2022 Twitter"}], "topic": "mental-health", "uuid": "7fd137b1a7a5767b07d46b386c714eb7bf69771709634176aeabf311", "link": "https://marcoinabox.medium.com/untying-the-google-knot-adc370af445f"}