{"title": "Green Marketing Is the New Black", "data": [{"type": "image", "content": "https://miro.medium.com/max/5358/1*QG3c_M6cPPqRZVSVzX2YZg.jpeg"}, {"type": "sentence", "content": "Electric cars. Organic cotton. Solar panels."}, {"type": "sentence", "content": "These eco-friendly products now have enough awareness to be considered part of everyday life. Just yesterday, at the World Car Awards for 2021, we saw the top two positions being filled by electric models: Volkswagen ID.4 and Honda e."}, {"type": "sentence", "content": "But you don't have to own a car brand, a fashion brand, or an energy-related company, to ride the wave of sustainability. Reusable or recyclable packaging, for instance, can find a purpose almost anywhere."}, {"type": "sentence", "content": "Demand for green products is on the rise and it will keep going up."}, {"type": "sentence", "content": "That is largely thanks to younger generations - millennials and Gen Z - that have a stronger desire than previous ones to positively impact the world. However, in their mission to do good, they need assistance. Help these generations make a difference and your brand will be appreciated!"}, {"type": "subtitle", "content": "Be Natural"}, {"type": "sentence", "content": "Aim to create sustainable products, whether local, organic, recyclable, or with \"pronounceable\" ingredients. Offer your customers an experience that helps them connect to bigger, more important things, like taking care of the environment."}, {"type": "subtitle", "content": "Be Authentic"}, {"type": "sentence", "content": "\"Consumers are bombarded with products and services, all supported by a broad range of aggressive promotional and advertising techniques. The response for a large part of today's consumers is increasing resistance to traditional advertising, and the use of Word-of-Mouth as a more personal and trustful source for products and services related information.\" [1]"}, {"type": "sentence", "content": "In the past 11 years, since the above abstract was written, social media only added to this \"resistance to traditional advertising\", creating and fueling a desire for authenticity and reality. In short, consumers expect more transparency and connection from brands to deem them genuine."}, {"type": "sentence", "content": "While on the Green Path, make sure you tell a compelling story:"}, {"type": "subtitle", "content": "Be a Catalyst"}, {"type": "sentence", "content": "Pioneers of green marketing have taken on the challenging role of educating consumers towards a sustainable lifestyle. Late adopters will only get the crumbs. The time is now to act and become the much-needed catalyst that will accelerate the personal development of consumers."}, {"type": "sentence", "content": "Take advantage of their awareness and their tendency to tribalize around specific interests and causes. Build on the healthy foundation that was laid by others before you and address their current needs, while anticipating future ones. Find that unique angle that differentiates you from the competition and grow together with your audience."}, {"type": "subtitle", "content": "How To Find Your Green Path"}, {"type": "sentence", "content": "Try to foresee your brand adapting as climate change becomes a bigger issue. Think of the ways you can better use and promote sustainable solutions, focusing on the reduction of environmental harm."}, {"type": "sentence", "content": "Ask yourself how your brand could better meet the expectations of eco-friendly consumers, prioritizing environmentally friendly production and ensuring a more sustainable packaging initiative."}, {"type": "sentence", "content": "Pick a cause and incorporate it consistently!"}, {"type": "image", "content": "https://miro.medium.com/max/15000/1*QUXIem9ywixFTylSjE4TWg.jpeg"}, {"type": "sentence", "content": "Here are a few examples from various walks of life, to inspire you on this journey:"}, {"type": "subtitle", "content": "Cosmetics"}, {"type": "subtitle", "content": "Foods & Drinks"}, {"type": "subtitle", "content": "Home & Deco"}, {"type": "subtitle", "content": "Stay Clear of Greenwashing"}, {"type": "sentence", "content": "The prospect of tapping into new market segments by adhering to eco-friendly practices tempts many brands into making false claims and promises. However, the key to success is genuinely believing in what you stand for because greenwashing will backlash beyond a recovery point."}, {"type": "sentence", "content": "If you deceptively use green PR and marketing to persuade the public that your products are environmentally friendly, the truth will eventually come out and that's a stain you won't be able to remove."}, {"type": "sentence", "content": "Always keep in mind that brand authenticity, trust, and loyalty are on the line. The grass may be greener on the green side of marketing, but it takes pure water not to wilt."}, {"type": "sentence", "content": "More on greenwashing here, courtesy of "}, {"type": "sentence", "content": ""}, {"type": "sentence", "content": "Now, get ready to honestly ride the sustainability wave and educate others along the way! As a branding and content marketing specialist for an organic cotton baby clothing brand, I am telling you it's totally worth it!"}], "topic": "marketing", "uuid": "816f3bf8fe4c6161cc2ef0c8fce88ec8845dc4e27f489c1525e157a9", "link": "https://bettermarketing.pub/green-marketing-is-the-new-black-e69855393344"}