{"title": "5 Steps to Start Meditating If You Don't Know How to Begin", "data": [{"type": "sentence", "content": "Meditation. It sounds kind of cliche. That's what I thought for an extended period of my life: candles, incense, and all the stuff you may imagine. Was I wrong? Today, I can definitely say I was. Will it work for everybody? Be sure it won't."}, {"type": "sentence", "content": "But, if you're here it's because, at least, you're curious about it."}, {"type": "sentence", "content": "That's why I started digging into the meditation world. Nothing to lose, a lot to win."}, {"type": "sentence", "content": "The point is you can feel overwhelmed, reading pages and pages on the Internet, books, videos, podcasts, opinions, critiques, reviews, advocates, and detractors... Chaos!!!!"}, {"type": "sentence", "content": "That's why I'm writing this article. To prevent you from wasting your time and give you a piece of filtered and straight-to-the-point information, objective, based on my experience, to decide if this could work for you."}, {"type": "sentence", "content": "I would have loved to have this information first hand, concrete, precise, and brief when I was a newbie."}, {"type": "sentence", "content": "So, without further ado, let's dive in!"}, {"type": "subtitle", "content": "Step 1: Understanding the concepts"}, {"type": "sentence", "content": "Even I love humor, laughing, and enjoying life at its most, I'm a serious guy. Both things are compatible."}, {"type": "sentence", "content": "I like to take things seriously. I don't like to waste my time. When I bet on something, I go all in. Sorry, that's my way of living."}, {"type": "sentence", "content": "So, to take things seriously, you have to understand the foundations, the basic concepts when you enter into a new world. To do so, I recommend reading Andy Puddicombe's book \"The headspace guide to... meditation and mindfulness\"."}, {"type": "sentence", "content": "Here you can see a video to know Andy Puddicombe's basic concepts."}, {"type": "sentence", "content": "Mindfulness: simple act or technique based on paying attention, noticing, and being present in whatever you're doing."}, {"type": "sentence", "content": "For example: when you're brushing your teeth, mindfulness would be paying attention to how the brush touches your teeth, the sensation of the toothpaste, the flavor of it..."}, {"type": "sentence", "content": "Just focus your attention on the activity you're performing."}, {"type": "sentence", "content": "Meditation: practice to train attention and awareness, achieving a mentally clear and emotionally calm, and stable state."}, {"type": "sentence", "content": "So, meditation is a practice that can use a technique such as mindfulness to be performed."}, {"type": "sentence", "content": "It's what will give you focus, concentration, performance, relaxation, calm, peace. A lot of positive capabilities to improve your life."}, {"type": "sentence", "content": "Mindfulness is just being present, forgetting about the past or the future."}, {"type": "sentence", "content": "Meditation is a practice you can use to improve your mindfulness skills."}, {"type": "subtitle", "content": "Step 2: Your why"}, {"type": "sentence", "content": "You need a why in your life to get into something. Don't waste your time."}, {"type": "sentence", "content": "Life is not about willpower."}, {"type": "sentence", "content": "In my case, I see mindfulness and meditation as tools that can give me many positive things I am looking for, such as:"}, {"type": "sentence", "content": "It sounds amazing and incredible, but those are the things I've achieved or improved since I took mindfulness into my life and use meditation as one of its practices."}, {"type": "sentence", "content": "I'm convinced it works. I have data like:"}, {"type": "sentence", "content": "That's why these practices and techniques not only become a habit within my life, but I have identified with them: I am a \"mindfulnesser\", and I am a meditator."}, {"type": "sentence", "content": "When you are something, you don't need willpower at all. Those things are a part of yourself. They are you."}, {"type": "subtitle", "content": "Step 3: First practice"}, {"type": "sentence", "content": "I perfectly remember my first meditation practice."}, {"type": "sentence", "content": "I used the app Insight Timer. I recommend it for newbies. There is a lot of guided meditations for free for beginners."}, {"type": "sentence", "content": "You just have to download the app, select the course or experience, and follow the guide. I recommend being in a quiet place, not being in a hurry and use headphones."}, {"type": "sentence", "content": "I remember I enjoyed a Sarah Blondin's session. It was Saturday. I was on my own, first time in the morning. It was amazing!"}, {"type": "sentence", "content": "I'm a very active person, and I had never tried not to do anything at all. It was like a sudden brake in my life. Everything stopped."}, {"type": "sentence", "content": "Suggestion?"}, {"type": "sentence", "content": "It can be, but I don't care. If someone goes to a strange healer and he feels better, what's the problem?"}, {"type": "sentence", "content": "Although I don't think it's a suggestion case. There's a lot of physiological and scientific explanation behind it."}, {"type": "sentence", "content": "Here you can find some, just in case you want to dig deeper:"}, {"type": "sentence", "content": "In any case, it doesn't matter:"}, {"type": "subtitle", "content": "Step 4: Believing in it"}, {"type": "sentence", "content": "Having said the above, I do have to tell you one thing. You cannot fall into skepticism."}, {"type": "sentence", "content": "... leave it. It won't work. You better look for some other stories in life because there are thousands or millions of other things you can dedicate your time and life to."}, {"type": "sentence", "content": "No team has ever won anything without a firm belief in victory. It is materially impossible."}, {"type": "subtitle", "content": "Step 5: One step beyond"}, {"type": "sentence", "content": "Once you have a consolidated habit and want to keep growing, I recommend trying Sam Harris' waking up app."}, {"type": "sentence", "content": "I followed Sam Harris a lot before deciding to bet on him."}, {"type": "sentence", "content": "If you look for information about Sam Harris on the Internet, you will find he's the author of five New York Times bestsellers. He received a degree in philosophy from Stanford University and a Ph. D. in neuroscience from UCLA. His resume is awesome. Period."}, {"type": "sentence", "content": "Just the initial meditation course is worth it if you want to learn about yourself, how your brain works, what consciousness and emotions are, how you can control them."}, {"type": "sentence", "content": "The rest of the app is full of unique and fantastic content about the topic."}, {"type": "sentence", "content": "You can enjoy as many meditations as you want to. It's a never-ending way."}, {"type": "sentence", "content": "I'm learning a lot with Harris and, although I wouldn't recommend it at the beginning of your journey, whenever you feel this story fits you, go for it without hesitation."}, {"type": "subtitle", "content": "Takeaways"}, {"type": "sentence", "content": "As I said along with the article, don't force yourself about this."}, {"type": "sentence", "content": "If you're curious, give Andy's book a try. It will take you 4-5 hours. No more."}, {"type": "sentence", "content": "Learn the basic concepts and see if you feel you want to keep on walking."}, {"type": "sentence", "content": "Try some meditation practices using guided ones. I recommend Insight Timer. There are a ton for free."}, {"type": "sentence", "content": "Later on, observe your evolution, if anything within your deepest self has changed:"}, {"type": "sentence", "content": "Last but not least, if you see this really goes with you, keep on learning with interesting people such as Sam Harris. His podcast \"Making Sense\" was selected by Apple as one of the \"iTunes Best\" and has won a Webby Award for best podcast in the Science & Education category."}, {"type": "sentence", "content": "There's always been something that caught my eye."}, {"type": "sentence", "content": "Why is it that we're always talking about training our body, and we don't talk about training our mind, something that creates the difference between us and the rest of the species?"}], "topic": "mindfulness", "uuid": "81866b725e2e7e8425e25407ce9b9481ba79dd7a22de0a0b663c14dc", "link": "https://medium.com/curious/5-steps-to-start-meditating-if-you-dont-know-how-to-begin-2697eda6fa59"}