{"title": "Do this for a dose of \"Before Times\" normalcy", "data": [{"type": "sentence", "content": "\ud83d\udccb Today's Tip: Make that boring appointment you've put off. (It'll be fun!)"}, {"type": "sentence", "content": "Imagine it: You go to a place that's not your home. You sit down. Someone talks to you, while you look at something that's not the wall above your WFH desk. Someone else is in charge; your job is just to relax and be still. That's right...you're at the dentist's office."}, {"type": "sentence", "content": "\"This is what a year of quarantine does to a person: It makes a dentist appointment feel like the spa,\" as Kristin Wong writes on Medium.\"I'd forgotten what everyday life was like before COVID. It's exciting to think that by summer, we might be able to travel, see friends, celebrate. It's also exciting to think about the return to a mundane world full of dentist appointments and waiting in line.\" Boring, necessary things like dentist appointments are back, or are about to be. Make that appointment you've put off for the past year. And when you get there, savor the sheer stupid normalcy of it. We may some day take normal life for granted again, but for now, it feels so good."}, {"type": "sentence", "content": "\u26a1 More from Forge on taking care of business:"}, {"type": "sentence", "content": "Close Some Open Loops TodayRead more>>"}, {"type": "sentence", "content": "The Most Efficient Way To Deal With EmailRead More >>"}, {"type": "sentence", "content": "7 Time-Tested Ways to Beat ProcrastinationRead more>>"}, {"type": "sentence", "content": "The Forge Daily Tip is sent every morning via email. \u2600\ufe0f Subscribe to the Forge Daily Tip here."}, {"type": "sentence", "content": "You're subscribed to receive emails from Forge. You can adjust your settings via the link at the bottom of this email."}], "topic": "productivity", "uuid": "82f36fdcc39c87a7e117d808acca82b55d9a05baffcfe67d7b80f816", "link": "https://forge.medium.com/do-this-for-a-dose-of-before-times-normalcy-ffa0db2cfa4f"}