{"title": "Surviving in Raccoon City - An Analysis of Resident Evil 2", "data": [{"type": "sentence", "content": "A few weeks late, I return to the blog to report another chapter of my experience with this great franchise, this time with Resident Evil 2, released in 2019, for Playstation 4, Xbox One, and PC."}, {"type": "sentence", "content": "Like its predecessors, RE 2 is a production of the Japanese giant Capcom, developed by Shinji Mikami, the same director from the previous games. The difference here is in its version since the game is a remake of an original released in 1998. Curiously, both games, both the remake and the original, are the result of rather troubling developments."}, {"type": "sentence", "content": "The '98 edition had its original version completely dropped, even after nearly 80% of the job completed - a prototype that came to be known as Resident Evil 1.5. And a remake for RE 2 came to be considered there in the early 2000s, after the success of its predecessor relaunch, but due to other titles, the project was postponed and only came to be announced much later, in 2015, with its first trailer only in 2018, during that year E3."}, {"type": "sentence", "content": "During all these long years the fans were quite restless in awaiting this that would be the best Resident Evil of all time. And, much of this delay, was due to the team itself, which decided to strive to capture the franchise essence (which apparently got lost over the years) and to meet the demands of an increasingly modern market, bringing a series of improvements in aspects like gameplay and graphics, using a completely new graphics engine, RE ENGINE."}, {"type": "sentence", "content": "Plot"}, {"type": "image", "content": "https://miro.medium.com/max/3840/1*Ew8TX0MEeOc7Nat5yLWiQQ.jpeg"}, {"type": "sentence", "content": "The history takes place a few months after the end of the first one, still in 1998. In it, we accompany Leon S. Kennedy, a recruit from the Raccoon City police forces who, after a few days of delay, heads to the city for his first day in the new job. On the way, Leon makes a stop at a gas station and, arriving there, realizes that something is wrong. Several cars are parked on-site and a strange movement is happening at the convenience store next door."}, {"type": "sentence", "content": "Like every good cop, Leon decides to investigate the place, and there finds a series of zombies. At the same time, Claire Redfield, a college student who is also going to the city, trying to find her missing brother, stops at the same gas station and, moments later, bumps with Leon trying to escape the bloodthirsty creatures that infested the place. After a short sequence of action and terror, they both manage to escape and head to Raccoon City, not knowing that the worst awaits them."}, {"type": "sentence", "content": "From there the characters are separated by an incident and each goes their way, in which they come within an investigation involving biological weapons, monsters, and the dark and already known Umbrella Corporation which, as in previous games, is \"mysteriously\" involved with all the zombie appearances recorded so far."}, {"type": "sentence", "content": "Gameplay"}, {"type": "sentence", "content": "Before we begin to detail the gameplay, I think it's important to describe some central elements. As in the previous title, Resident Evil 2 has two different campaigns, each dedicated to one of the characters. The two take place almost at the same time, with a few hours of difference, starting and ending jointly, with the characters together."}, {"type": "sentence", "content": "That said, let's get to the gameplay. The game still presents itself as a survivor horror, with elements of action, exploration, and puzzles. Unlike the games analyzed so far, which were much older, RE 2 has a much freer camera, framed on the character's back, also, its movement is quite fluid, abandoning those hard actions of previous games."}, {"type": "sentence", "content": "With this new camera, the developer's team was able to get as much detail from each of the scenarios as possible. Places as the police station, the sewers, and even the laboratory are extremely rich, full of colors, textures, decorative objects, and, obviously, dead bodies. This detailing, together with the lighting, which is quite dark, creates a very tense setting, able to scare the player at various times."}, {"type": "image", "content": "https://miro.medium.com/max/3200/1*K7uRkyjN9hfIw7LPHS53wg.jpeg"}, {"type": "sentence", "content": "A highlight here goes to the environment's construction during the gameplay. Unlike what we commonly see in current games, enemies killed during combats do not disappear from the scenarios, quite the contrary, they fall in the same place where they died. This element is quite impressive and contributes unpredictably to the creation of an increasingly tense environment since at any time any of those bodies can rise once again."}, {"type": "sentence", "content": "Another important aspect of this tension is the sound design, filled with noises, grunts, groans, steps, and a variety of sound effects that can take any player's breath away."}, {"type": "sentence", "content": "The combat here is also much better since now we can aim, very accurately, in all combats, which helps the items economy, since we can focus most shots on the enemy's head. The camera also contributes positively to the combat, for being freer, the player can get a better idea of the spaces around him, using movement strategies to dodge enemies or even avoid battles."}, {"type": "sentence", "content": "Following the previous game's logic, the player can still use medicinal herbs, grenades, and knives, all very limited. A new addition was the gunpowder capsules, which, when combined with each other, creates ammunition for all weapons, ranging from the good old pistol to more heavy weapons, such as the grenade launcher and the flamethrower. Another differential is that throughout the campaign, all of them can be improved with scopes, suppressors, extended combs, grips, and more, the player just needs to find the right pieces for each weapon and the right weapon for each enemy."}, {"type": "sentence", "content": "Speaking of which, the enemies here are numerous and, unlike RE 0 and RE, much more believable. Capcom's attempt to make the game more serious is clear, and because of this, all the most differentiated enemies were cut, such as the spiders, crows, and sharks that we faced in the previous game. The focus here is on the classic zombie and its variations, such as the already known mutant dog and the new and dangerous licker, a quadruped creature, skinless and brain exposed. This care was also taken with the bosses, who are basically two; Tyrant (T-103), a rather frightening, agile, and resilient enemy who pursues us throughout the campaign; and G-Type, a violent creature that varies in shape with each new encounter, becoming increasingly lethal and disgusting."}, {"type": "sentence", "content": "Leon Kenedy"}, {"type": "sentence", "content": "As stated earlier, the game has two distinct plots, each with its own peculiarities, however, both having the same starting point, following the same structure and scenarios. Considering my playing order, let's go to them."}, {"type": "sentence", "content": "After the separation of Leon and Claire, on one of the main city avenues, both are surrounded by dozens of zombies and, moments before fleeing, combine to meet at the police station, the main game scenario. Arriving there, Leon comes up with a completely abandoned building, full of barricades, broken windows, bodies, and of course, zombies. Besides, there are also very few survivors, among them Marvin Branagh, a proud policeman who even wounded does not cease to help Leon solve some of the place mysteries."}, {"type": "sentence", "content": "It is Marvin who gives the player several details of what happened in the city, reporting a sudden viral outbreak and the appearance of several human flesh-eating creatures. He is also the one who instructs us and gives us details of how we can escape the place, going through a series of tunnels that will eventually arrive outside the city."}, {"type": "image", "content": "https://miro.medium.com/max/3840/1*gkB916yONcyJuLSt_Y9zBA.jpeg"}, {"type": "sentence", "content": "During this campaign, we also met another rather mysterious character, Ada Wong, a seductive woman who presents herself as an FBI agent tasked to investigate Umbrella Corp.'s involvement with the disaster that devastated the city. Alongside her, Leon begins to thoroughly investigate the company's relationship with the development of two biological weapons, the T-virus (already known from previous games) and the G-virus, developed by the scientist William Birkin, one of Umbrella's leading researchers."}, {"type": "sentence", "content": "Claire Redfield"}, {"type": "sentence", "content": "Apparently, Claire's campaign takes place moments after Leon's, since in some rooms and scenarios we find letters written by the other protagonist, with tips and information. So, while Leon is doing all his research, Claire is looking for her brother, the S.T.A.R.S. agent Chris Redfield, who disappeared after the final events of the first game."}, {"type": "sentence", "content": "After separating from Leon, she goes to the same police station and, throughout this area, traces almost the same routes as him. Things don't change until we get to the sewers and come up with Sherry Birki, a frightened little girl who got lost to her parents during the undead uprising."}, {"type": "image", "content": "https://miro.medium.com/max/2400/1*WM_sA4ijnol4bXCFU12b9A.jpeg"}, {"type": "sentence", "content": "From there we began to protect the child and help her find her mother, who later we found out to be Anette Birki, an Umbrella's researcher, William's wife, and one of the worst mothers in the history of video games."}, {"type": "sentence", "content": "At various points the game puts us in dramatic situations, in which we need to protect or rescue Sherry while presenting us and exploring certain characters and areas of Raccoon City; as in the case of Brian Irons, a greedy police chief who, at one moment, kidnaps the girl, taking her to the city's main orphanage. There, we have an extremely tense sequence in which, controlling Sherry, needs to escape the clutches of this detestable character."}, {"type": "sentence", "content": "From these sequences, the game also manages to create a very good relationship between the characters, almost as if they were mother and daughter, exploring Claire's motherly instinct and strength and Sherry's impotence and courage. Speaking of motherly, Anette manages to be the worst of all moms, since, from the first scene in which she appears, she simply ignores the needs of her daughter, leaving to worry about her in the final moments of the campaign, where she is on the verge of death."}, {"type": "sentence", "content": "Bonus Campaigns"}, {"type": "sentence", "content": "In addition to the main plot, the game also features three extra stories, which present the player with hypothetical scenarios of some of the characters that we encounter throughout the main campaign. They are No Time to Mourn, starring Robert Kendo, owner of the city's main gun store; Runaway, in which we control the mayor's daughter, Katherine Warren, and Forgotten Soldier, centered on one of umbrella's security service soldiers."}, {"type": "sentence", "content": "For been much shorter, about 20 minutes, they cannot develop the characters in such an efficient way, but they still contribute to the city and its inhabitant's construction, showing other facets of this place so mysterious and interesting that is Raccoon City."}, {"type": "image", "content": "https://miro.medium.com/max/3840/1*1ACagYUcG_4B99_tVP6Jbg.jpeg"}, {"type": "sentence", "content": "In addition to these, we still have The 4th Survivor, a mini-campaign that can only be unlocked after the end of the two main game stories. It introduces us to Hunk, one of Umbrella's deadlier soldiers. This is certainly one of the most challenging extras, with very limited ammo, we have to get Hunk, safe and sound, to the extraction point, passing through the game's most dangerous scenarios, such as the sewers and the police station, filled with zombies, lickers and dogs."}, {"type": "sentence", "content": "Final Considerations"}, {"type": "sentence", "content": "\"Exquisite\", I believe it is the adjective that best defines this game. Everything here is perfect, the story, characters, ambiance, sound design, enemies, and especially the gameplay (even the boring and tiring backtracking has managed to entertain me)."}, {"type": "sentence", "content": "Thanks to these qualities, Resident Evil 2 becomes a great title, working well both as a remake and as a separate game, which it possibly is, since in some interviews Capcom's representatives have stated that this is not a canonical game, pleasing from long-time fans to new ones. And even though I didn't play the 19998 original and without being a regular fan of the franchise (yet), I felt like this was one of my best experiences within the gaming media, much better than the previous ones, animating me, even more, to continue playing this game series."}, {"type": "sentence", "content": "I over recommend this experience to all of those who want to meet interesting characters and who dare to venture into the dark and dangerous streets of Raccoon City. So, until next time, when we're going to look at the controversial Resident Evil 3 Remake."}, {"type": "sentence", "content": "Did you like the article? Do you have any opinions about the game? So be sure to share them with me here in the comments."}, {"type": "sentence", "content": "[Some images used in this article were taken from Google or from game community profiles on Steam]"}], "topic": "gaming", "uuid": "83635cac3d4f514e846f70776ae7a50a2e6a77270dcd9f07ac2459a6", "link": "https://guilhermefmota99.medium.com/surviving-in-raccoon-city-an-analysis-of-resident-evil-2-7bd47857c6b"}