{"title": "Character Development by Lucy Zhang", "data": [{"type": "image", "content": "https://miro.medium.com/max/4000/1*LuZeJWjZpKbufg3ZHF-Yeg.jpeg"}, {"type": "sentence", "content": "Dad convinced mom to let ye ye take me back with him to Shanghai. It's too much work raising two kids, we should focus on the eldest, leave the youngest in China for a few years, he said. I grew up watching ye ye nai nai slam knives into fish heads, sucking on slimy fish eyeballs, telling me that eating a particular organ would nourish my body's corresponding organ. They fed me pork blood and chicken hearts and beef tendon, all the meat they could afford, which wasn't much, just enough for microscopic pieces to poke out from a dish covered in vegetables. Maybe I could've grown taller had I been raised on gallons of cow's milk, like my white classmates who sprouted like bamboo shoots. Maybe I wouldn't be the last to be chosen for a kickball team. When my parents picked me up at the airport, they wrapped me in a hug that smelled like gasoline, and I looked at those two faces, two pairs of glasses, two heads of black hair without a speck of white. They held my hand and led me to the parking lot. A year after I returned to the United States and enrolled in kindergarten, I recalled my elementary school teacher saying \"eyes are the windows into the soul.\" I wondered how many fish souls I had eaten, how rich a soul I must have, why ye ye left me when he'd put so much effort into nourishing it."}, {"type": "sentence", "content": "During my first year in America as a kindergartener, I wore Chinese sweaters with gibberish English stitched on the front and when asked what \"happpy\" meant, I said nai nai bought me it, she thought it looked pretty, and honestly, I thought it looked pretty too, like three \"p\"s conveyed extra happiness. The girls who wore Uggs left me alone after that and the boys didn't like to bully girls who didn't get embarrassed so they left me alone too. I guess none of them were my friends to begin with, but it stung when the only other Chinese kid in my class, the boy who memorized his multiplication tables in one day and won all of the class spelling bees, began to ignore me too."}, {"type": "sentence", "content": "But that was ok because I had found a wasp nest hanging from the eave of the abandoned shed near school. Our teachers would threaten to send us there for timeout if we were bad enough. Once, I ventured in while everyone left for a kickball tournament. The shed was just an empty, dusty room, surrounded by enough windows for sunlight to warm the air. I liked counting the wasps that emerged from their gray, papery nest. They were temporary friends: leaving before I could tell one from another. If I looked closely, I could see neat, hexagonal-shaped cells from within a small opening in the nest. A few weeks before summer break, I found the nest torn open on the ground, surrounded by a group of students poking at it with a baseball bat. Layers of hive littered the floor. Black carcasses slumped out of the open holes. Some didn't even make it that far, stuck in partially covered cells as brown and white larvae. I turned around before I could be seen."}, {"type": "sentence", "content": "Lucy Zhang writes, codes and watches anime. Her work appears in Best Microfiction 2021 and Best Small Fictions 2021. She edits for Barren Magazine, Heavy Feather Review and Pithead Chapel. Find her at https://kowaretasekai.wordpress.com/ or on Twitter @Dango_Ramen."}], "topic": "fiction", "uuid": "8397b0ee238f9a30246dcab3bc812c2a3f53299d00aa58c81fe68143", "link": "https://medium.com/oyez-review/character-development-by-lucy-zhang-2a65df830449"}