{"title": "Acquire and Analyze Mass Shooting Data with Google Sheets and Tableau Public", "data": [{"type": "sentence", "content": "On October 1, 2017, thousands of partiers listened to live music at the Route 91 Harvest music festival on the Las Vegas Strip. At 10:05 pm, Stephen Paddock opened fire on the crowd below with semi-automatic rifles from his suites on the 32nd floor of the Mandalay Bay Hotel. Within 10 minutes, he had fired over 1,000 rounds. Paddock had murdered 60 people and wounded 411 more. The panic that ensued raised the number of injured to 867."}, {"type": "sentence", "content": "The carnage in Las Vegas shocked the nation and the world. Mass shootings had occurred regularly in the United States for years. But the Las Vegas shooting was the bloodiest mass killing by a single person in modern U.S. history. Still, mass shootings continue at a rate of over 400 incidents per year."}, {"type": "sentence", "content": "How can data analytics be used to understand more about mass shootings? Can well-prepared data data analytics dashboards persuade elected officials to enact laws and policies that will make a difference and save lives?"}, {"type": "sentence", "content": "This article will show you how to obtain mass shooting data, prepare it for analytics, and create a dashboard in Tableau Public to identify trends in mass shooting incidents and the deaths and injuries they produce."}, {"type": "subtitle", "content": "Overview of Mass Shooting Issue"}, {"type": "sentence", "content": "There is no standard definition of the term mass shooting within the United States. Gun Violence Archive (GVA) defines it as an incident with a \"minimum of four victims shot, either injured or killed, not including any shooter...\" The Investigative Assistance for Violent Crimes Act of 2012 of the U.S. Congress defines the term mass killings as events resulting in at least three victims, excluding the perpetrator."}, {"type": "sentence", "content": "GVA reported 417 deaths resulting from mass shootings in the U.S. in 2019. The U.S. Federal Bureau of Investigation (FBI) reported 16,425 murders in the U.S. in 2019. Given these figures, mass shootings accounted for 2.54% of all homicides in the U.S. in that year."}, {"type": "subtitle", "content": "Primary Data Source Examples"}, {"type": "sentence", "content": "Many organizations provide free mass shooting files. Following are several examples. Note that each organization may define mass shootings differently."}, {"type": "sentence", "content": "GVA - CSV files contain data for each mass shooting incident from 2014 through 2019."}, {"type": "sentence", "content": "Mass Shooting Tracker (MST) - JSON files include data for each mass shooting incident from 2013 through early 2021."}, {"type": "sentence", "content": "The Violence Project - An Excel file contains over 100 variables about each mass shooting."}, {"type": "subtitle", "content": "Copying and Prepping Data from Mass Shooting Tracker"}, {"type": "sentence", "content": "I used the steps listed in the following sections to transcribe mass shooting data from the MST website to a spreadsheet in Google Sheets."}, {"type": "subtitle", "content": "Copy Data from MST to Google Sheets"}, {"type": "sentence", "content": "For my mass shooting data analytics project, I chose data from MST. While I could have downloaded data in JSON format, I copied data directly from its web pages and pasted it into a worksheet in Google Sheets named MassShootingTracker.site Source."}, {"type": "sentence", "content": "I generally acquire public data by downloading a file. When data needs to be retrieved multiple times, I prefer to acquire it with a call to an application programming interface (API) from a program, if available. While manually transcribing data from a web page into a spreadsheet is not my preferred data acquisition method, it took fewer than ten minutes to copy more than eight years of mass shooting data from MST's site. The spreadsheet format met my needs better than a JSON format would have."}, {"type": "image", "content": "https://miro.medium.com/max/2838/0*CjHuzm-WnSIrLiFB"}, {"type": "subtitle", "content": "Prepare the Draft Worksheet"}, {"type": "sentence", "content": "This section describes the steps I took to prepare data from MST for use in a Tableau Public visualization dashboard. The Google Sheets worksheet shown below shows the data copied from MST web pages and additional temporary columns that I created to prepare the data for use later."}, {"type": "sentence", "content": "Follow these steps after transcribing data from the MST web pages into the Google Sheets worksheet (refer to the worksheet shown above):"}, {"type": "subtitle", "content": "Copy and Simplify the Final Worksheet"}, {"type": "sentence", "content": "After completing the preparation steps listed above, copy and paste the data into a new worksheet named Mass Shootings. But be sure to paste only values without formulas."}, {"type": "sentence", "content": "After you have created the new worksheet, then delete all columns except for these:"}, {"type": "sentence", "content": "The Mass Shootings worksheet should look like the one shown below."}, {"type": "subtitle", "content": "Data Analysis Design"}, {"type": "sentence", "content": "While I have more ambitious plans for mass shooting data, probably from sources with more data than reported by MST, I will demonstrate how to connect to the data with Tableau Public to build a basic dashboard for this article. Here are the charts and graphs that I created to see trends in data across time:"}, {"type": "sentence", "content": "The dashboard also shows deceased victims, injured victims, and the number of incidents on a map by state."}, {"type": "sentence", "content": "Finally, the following filters are included to allow subsets of the data:"}, {"type": "subtitle", "content": "Data Visualization Dashboard"}, {"type": "sentence", "content": "This section describes a mass shooting dashboard developed in Tableau Public. Feel free to download the dashboard and use it as a starting point for your own project."}, {"type": "subtitle", "content": "Tableau Public"}, {"type": "sentence", "content": "For this project and article, I used Tableau Public, a free version of the popular Tableau business intelligence and data visualization software. While it can be used to create stunning and impacting data visualizations, here are some of its limitations when compared to the full Tableau Desktop and Server products:"}, {"type": "sentence", "content": "To install Tableau Public, enter your email address on its home page and click on [DOWNLOAD THE APP]."}, {"type": "image", "content": "https://miro.medium.com/max/2788/0*0IKzx8Js7AGCppea"}, {"type": "subtitle", "content": "Connecting to Data in Google Sheets with Tableau Public"}, {"type": "sentence", "content": "Tableau Public can connect to various data sources, including Microsoft Excel, text files (including CSV files), JSON files, and Google Sheets. It cannot connect to databases."}, {"type": "sentence", "content": "In this example, when you open the Tableau Public application, the Connect page will be displayed."}, {"type": "sentence", "content": "Follow these steps to connect to the Google Sheets spreadsheet created in a previous section:"}, {"type": "subtitle", "content": "Selecting a Data Source"}, {"type": "sentence", "content": "To select the data source to use in Tableau Public worksheets and dashboards, click on [Data Source] in the screen's bottom-left corner. Then, drag the Mass Shooting sheet to the data pane. As you can see in the screenshot below, Tableau Public displays the data it imported from the spreadsheet."}, {"type": "subtitle", "content": "Tableau Worksheets and Dashboard"}, {"type": "sentence", "content": "I created the Mass Shootings in the United States dashboard shown below with Tableau Public. While this article is not a Tableau tutorial and does not provide details about building the dashboard or another design, you can learn how to create visualizations and dashboards with free training videos."}, {"type": "sentence", "content": "Other Data Points of Interest and Potential Improvements"}, {"type": "sentence", "content": "As shown in the screenshot below, the Mass Shootings dashboard (pictured above) contains these worksheets:"}, {"type": "subtitle", "content": "Observations from the Mass Shootings Dashboard"}, {"type": "sentence", "content": "While the graphs presented in the Tableau visualizations are elementary and include limited data, I used them to draw these conclusions about mass shootings in the United States:"}, {"type": "subtitle", "content": "Other Potential Data Points of Interest and Analysis"}, {"type": "sentence", "content": "The basic charts and graphs described and shown above inform about trends in the mass shooting problem. But when augmented with additional data and well-designed charts, graphs, and statistics, a skilled data analyst or data scientist could create a rich information source and decision-making tool."}, {"type": "sentence", "content": "Following are some ideas to expand upon and improve the mass shooting data analytic solution. Not all of these data types will be readily available to the general public, of course."}, {"type": "subtitle", "content": "Conclusion"}, {"type": "sentence", "content": "While mass shootings are horrific crimes that destroy lives, they represent a small fraction of the homicides committed in the U.S. each year. Still, like other violent crimes, they indicate serious societal and individual issues. With the appropriate data and good presentation, well-tuned analyses could better inform the public about the problems. They could also provide elected officials with the tools to craft laws and regulations to save lives."}, {"type": "subtitle", "content": "About the Author"}, {"type": "sentence", "content": "Randy Runtsch is a writer, data engineer, data analyst, programmer, and photographer. He and his wife live in Southeastern Minnesota in the U.S.A."}, {"type": "sentence", "content": "Randy writes about how to leverage data from public datasets. For more ideas about how to use public datasets in data analytics and data science projects, see his recent articles, Acquire and Analyze Weather and Climate Data with Python and Tableau and Use Public Datasets Cataloged on Data.gov to Power Data Science Projects."}], "topic": "data-science", "uuid": "851cff15a557b1b31df118a95d40e67206e6472a91d2716bd2d4f706", "link": "https://towardsdatascience.com/how-to-perform-a-data-analysis-of-mass-shootings-in-the-united-states-57a4290f9175"}