{"title": "Regarding The \"Are Video Games Art?\" Debate: It Depends on the Game", "data": [{"type": "image", "content": "https://miro.medium.com/max/2400/1*gWLy_-HHLHINTcRM_Yzzzg.png"}, {"type": "sentence", "content": "Remember when Martin Scorsese said Marvel films aren't cinema and pissed off a ton of people? Yeah, that was fun."}, {"type": "sentence", "content": "He clarified later what he was really trying to say, though, in a piece written for The New York Times. \"It was about confronting the unexpected on the screen and in the life it dramatized and interpreted, and enlarging the sense of what was possible in the art form,\" he wrote. \"That was the key for us: it was an art form... And we came to understand that the art could be found in many different places and in just as many forms.\""}, {"type": "sentence", "content": "You see, to a guy like Martin Scorsese who helped grow the art form of cinema, our favorite summer blockbusters aren't cinema because they don't offer anything unexpected. They are, as he said, like theme parks. It's a fun ride, but ultimately you know what you're going to get. The roller coaster doesn't change the second, third, or fourth time you ride it."}, {"type": "sentence", "content": "Or, to use another example, they're like fast food. Your Baconator is always going to taste like a Baconator. That's why you ordered it. I wouldn't call it \"cuisine,\" though."}, {"type": "sentence", "content": "I still love Marvel movies and Baconators (though, if I'm being honest, I'm more of a 4 for $4 guy) because, well, they're good. Some Marvel films are even great. Even the bad ones are still enjoyable to a degree. When something gets to the size, scope, and bureaucratic level of Disney, Marvel, Star Wars, Wendy's, McDonald's, or Universal there is a certain expectation that accompanies it: It's meant to appeal to everyone, provide the same experience every time, and earn a shit ton of money."}, {"type": "sentence", "content": "Do you know what else earns a shit ton of money every year? The gaming industry. A whopping $134 billion, to be exact. Actually, as of last year, the gaming industry was bigger than North American sports and film combined. I don't need to tell you that video games are popular, though. Pretty much everyone plays video games now."}, {"type": "image", "content": "https://miro.medium.com/max/4000/1*9OnP1WhaWOUNJWg3caqY_Q.jpeg"}, {"type": "sentence", "content": "Just like with other large bureaucratic industries, the video game industry needs its appeal-to-everyone-and-earn-money product. There are games on regular release schedules that offer a similar experience every time you pick up your controller."}, {"type": "sentence", "content": "I'm sure you've got a list going through your head, but to name a few, I'm thinking:"}, {"type": "sentence", "content": "That's not to say there's anything wrong with these games - Animal Crossing is one of my favorite series, after all - just that they are all, for lack of a better word, safe. These massive series have pushed technical boundaries, innovated with controls, and pioneered the medium, but I wouldn't consider them art."}, {"type": "sentence", "content": "They aren't art the same way Marvel films aren't cinema and Baconators aren't cuisine."}, {"type": "sentence", "content": "Scorsese continues, \"That's the nature of modern film franchises: market-researched, audience-tested, vetted, modified, revetted and remodified until they're ready for consumption.\""}, {"type": "sentence", "content": "You could switch out the word \"film\" for the word \"game\" and it would still be true."}, {"type": "sentence", "content": "But just like we can't say that movies aren't art - we've confirmed that they are - we can't say all video games aren't art. We just have to know which games we're talking about."}, {"type": "image", "content": "https://miro.medium.com/max/3840/1*jktyMFX6UmhPa28WWLpQEA.jpeg"}, {"type": "subtitle", "content": "When are video games art?"}, {"type": "sentence", "content": "Let's go back to what Scorsese had to say about the nature of cinema as art:"}, {"type": "sentence", "content": "For me, the line between a game as art and a game as a product comes down to just more than the story it's telling. After all, some large gaming franchises have told very impactful stories. Some indie games have been made with non-existent stories."}, {"type": "sentence", "content": "No, it's not about the story. This is where films and games diverge in characterization: Games don't exist just to tell a story. While filmmaking is, at its core, visual storytelling, we make and consume video games for a much wider variety of reasons."}, {"type": "sentence", "content": "Some games, like Animal Crossing, replicate an ideal life and offer players a chance to relax and socialize. Other games, like Rocket League, replicate our desire for competition and entertainment. Others, like Goat Simulator, exist in a pseudo-meme/entertainment/humor category."}, {"type": "sentence", "content": "Roger Ebert once wrote, \"No one in or out of the field has ever been able to cite a game worthy of comparison with the great poets, filmmakers, novelists, and poets.\" He then doubles down on that in a piece written in April 2010 - almost exactly 11 years ago to the day. By that point in the year, Assassin's Creed: Brotherhood, Mass Effect 2, and Grand Theft Auto: Episodes From Liberty City had all been released. And yeah, I'd probably agree with his assessment that, while great, these games aren't art."}, {"type": "sentence", "content": "But Ebert may have jumped his pretentious gun too fast when he said, \"Let me just say that no video gamer now living will survive long enough to experience the medium as an art form,\" because just 3 months later Limbo was released."}, {"type": "sentence", "content": "Limbo is an eerie, dark, visceral game that tackles heavy themes - death, trauma, fear of the unknown - and presents them in an aesthetic, artistic way. Some reviewers even likened it to film noir and German expressionism. It uses techniques like film grain, minimal ambient music, and greyscale color palette to present its story and themes in a meaningful, impactful way."}, {"type": "sentence", "content": "In other words, it's art."}, {"type": "sentence", "content": "But hey, Ebert also said this about Braid: \"You can go back in time and correct your mistakes. In chess, this is known as taking back a move, and negates the whole discipline of the game. Nor am I persuaded that I can learn about my own past by taking back my mistakes in a video game.\""}, {"type": "sentence", "content": "This sounds to me like less of an open-minded discourse about whether games are art and more like the stubbornness of an old man who failed to see the emergence of a new art form when it was staring him in the face."}, {"type": "sentence", "content": "The other large, glaring distinction between video games and film is the interactivity of the former. A man like Ebert failed to recognize the powerful potential of this."}, {"type": "sentence", "content": "Video games form a connection between the protagonist and the player in a way that film could never hope to replicate. At least, not in its current state. I mean, think of any game where you're able to make your protagonist. You could quite literally be seeing yourself in the game. Films, at the end of the day, will always be about someone who isn't you, no matter how similar they are."}, {"type": "image", "content": "https://miro.medium.com/max/3840/1*F1JSpUIJti8h4uCEdoL3ZQ.jpeg"}, {"type": "sentence", "content": "To break it down even further, when Ebert compared - or rather, refused to compare - video games to the \"great poets, filmmakers, novelists and poets,\" and redundancy aside, he neglected to acknowledge other forms of art which are inherently present in game design."}, {"type": "sentence", "content": "Take Gris, for example, which was released in 2018 and features a beautiful, watercolor art style and handles themes of depression and grief. From the standpoint of art direction alone, it's on par with works that you could find in a museum."}, {"type": "sentence", "content": "On the opposite end of the spectrum, the game Thomas Was Alone features characters that are simply uni-colored squares and rectangles, yet it tells an insightful, poignant, and moving story."}, {"type": "sentence", "content": "I could list probably a thousand games from the past decade that transcend the medium, push it into new boundaries, and break the mold of conventional storytelling. They've introduced game mechanics that don't just break the fourth wall, they shatter it."}, {"type": "sentence", "content": "To make as asinine a statement as \"video games will never be art\" ignores the hours of labor and love that developers, concept artists, composers, and actors put into their works."}, {"type": "image", "content": "https://miro.medium.com/max/2560/1*K8aObQ8UKLowRa8IeP1TSA.jpeg"}, {"type": "sentence", "content": "Video games, just like films did before them, exist as an art form that is a culmination of all the art forms that came before. Art perpetually builds upon itself - we moved from cave paintings to written language, from campfire stories to stage plays, from photography to cinematography - and will always continue to do so."}, {"type": "sentence", "content": "No, I don't believe that every video game is art. I don't think that every film is art. Not every drawing is art. But there are video games that represent the best of every art form that came before them - sometimes they even elevate them."}], "topic": "gaming", "uuid": "869138666e8ebe84e1764ce2863a842ea4df30680f972a4678409a6d", "link": "https://medium.com/super-jump/regarding-the-are-video-games-art-debate-it-depends-on-the-game-c8ee640f7086"}