{"title": "Japan's Love Hotels: A Secret Love-Making Place for Adults", "data": [{"type": "image", "content": "https://miro.medium.com/max/2048/1*uCkHmZFOSec9KLB0Qqk2QQ.jpeg"}, {"type": "sentence", "content": "While searching for the reasons behind Japanese people's reluctance to marriage and family life, I encountered these love hotels, a not-so-hidden place for couples, secret lovers, and others to have secret pleasures."}, {"type": "sentence", "content": "Surprisingly, there are more than 30,000 love hotels in Japan. They are in almost every big city and town. It's a 40 billion dollar industry."}, {"type": "sentence", "content": "Love hotels offer you an experience of a lifetime for a pay-by-the-hour or overnight cost. The facilities and privacy you will get there are beyond your wildest imagination."}, {"type": "sentence", "content": "Well, if you are wondering - you will not meet any staff in a love hotel, and your identity will also be kept secret. But before diving too deep, let's have a tiny bit of Japan's love hotel history."}, {"type": "subtitle", "content": "A Tiny Bit of Japan's Love-Hotel History"}, {"type": "sentence", "content": "The boom of Japan's love hotels industry has its root in the Hotel Love, the first of its kind opened in Osaka in 1968. That hotel was a short-stay secretive destination for couples and young lovers."}, {"type": "sentence", "content": "In postwar Japan, people generally lived with their extended families. So, to have some private moments, the adventurous couples started to visit love hotels."}, {"type": "sentence", "content": "Moreover, the introduction of the automobile in the 1960s gave this pleasure motel concept a great push. Couples and adults started engaging with their partners privately in the love hotels more than ever - not because the environment was secretive but all the comfort and amenities love hotels offered to them."}, {"type": "sentence", "content": "Thus the love hotels business started booming. It is to mention that The Meguro Emperor, the first castle-style love hotel, opened in 1973 started earning approximately \u00a540 million a month."}, {"type": "sentence", "content": "In the late '80s and early '90s, love hotels turned out to be a status symbol dating spot for lovers in Japan."}, {"type": "image", "content": "https://miro.medium.com/max/4096/1*QNsMeqCjth4bFRYRaUz4ZA.jpeg"}, {"type": "subtitle", "content": "How to Identify Love Hotels in Japan"}, {"type": "sentence", "content": "Well, for some, it is very easy. If you see a hotel with a neon sign outside that says rest and stay with rates, you can be sure that it is a love hotel."}, {"type": "sentence", "content": "Rest means a short stay from 2-4 hours that costs between \u00a53,000-\u00a57,000, while an overnight stay can cost anywhere from \u00a53,900 to well over \u00a520,000. The cost fluctuates depending on the room, availability, date, facilities, etc."}, {"type": "sentence", "content": "The names of the love hotels are quirky too - Hotel Zebra, Hotel Oz, Casablanca, Hotel Public Jam, Hotel Fooo, Hotel Papion, Hotel Edoyado, etc."}, {"type": "sentence", "content": "Many love hotels based are theme-specific. One is like the shape of a big ship - another one is like the set of Jurassic Park or a spaceship. And the interior is thematic too. Some can go beyond your imagination. I mean literally, there can be rooms designed like doctor's chamber, prison cell, and so on. I think you get it."}, {"type": "subtitle", "content": "Where Privacy Is Paramount"}, {"type": "sentence", "content": "Your visit to love hotels is extremely private. You will not meet any staff during your stay in the love hotel."}, {"type": "sentence", "content": "When you first enter the hotel, you will see a screen displaying the rooms and facilities with the cost involved. All you need is to select your desired room on that screen, and the machine will give you an anonymous membership card and access to the room."}, {"type": "sentence", "content": "You can take food, drinks, costumes, or any other necessary items to make your stay comfortable from the hotel. All will be delivered to you through a tiny hole in the wall next to the entrance. You don't need to meet anyone."}, {"type": "sentence", "content": "Even when you park your car in the parking lot of the love hotel, the number plate of your car will be covered to keep your identity secret."}, {"type": "image", "content": "https://miro.medium.com/max/1600/1*-LkigFp0FBqqzEgshndj7w.jpeg"}, {"type": "subtitle", "content": "What to Expect In a Standard Love Hotel"}, {"type": "sentence", "content": "A standard room has an extravagant look as it is spacious and well-decorated with hundreds of amenities. The smallest room is about 20 square meters, while more luxurious suites are anywhere from 25 to 80 square meters in size."}, {"type": "sentence", "content": "You will find the following things in a standard room -"}, {"type": "sentence", "content": "It's like your dream bedroom. Whatever can make your stay comfortable and lengthy, you will definitely find there either free or on rent."}, {"type": "subtitle", "content": "Future of Japan's Love Hotels Industry"}, {"type": "sentence", "content": "Shishido-san, who runs a love hotel in northern Japan, explains, \"Japanese people tend to not be very publicly open about sex, so love hotels are necessary as a space to free their sexual desires.\""}, {"type": "sentence", "content": "According to government data, over 40% of men and women aged between 18-34 have never had sex. And they are also reluctant to get involved in physical activities. However, Japan Family Planning Association discovered that 45% of women from 16 to 24 are not interested in or despise any sexual contact."}, {"type": "sentence", "content": "As Japan has shown a less restrictive attitude than many other countries during the pandemic, its love hotels are doing quite well. But considering the constant population shrinking and the growing celibacy syndrome in Japanese people, the future of Japan's love hotels industry is not at all shiny."}, {"type": "sentence", "content": "We may assume that this multibillion-dollar industry will become more dependent on foreign tourists than its own people day by day."}, {"type": "sentence", "content": "Thank you for reading."}, {"type": "sentence", "content": "References"}, {"type": "sentence", "content": "If you are interested to know more about Japan and its culture, you may check out the following article."}, {"type": "sentence", "content": "You can share your outstanding stories and inspire others. Just click the below image and be a writer for The Masterpiece."}, {"type": "image", "content": "https://miro.medium.com/max/2666/1*t-cgXCOfVdMLOyOaTsnk1A.png"}], "topic": "travel", "uuid": "8742de58b81853a0878a6af2219e2d0b94e14b94723d9023b2c3824d", "link": "https://medium.com/the-masterpiece/japans-love-hotels-a-secret-love-making-place-for-adults-855099cc3781"}