{"title": "The Dark Side of Profit Making", "data": [{"type": "image", "content": "https://miro.medium.com/max/3038/1*yVPZKEfGuz6DYF-R2Egkbw.png"}, {"type": "subtitle", "content": "Survival is a Greater Incentive than Profit"}, {"type": "sentence", "content": "Profit is not the incentive that makes people work. Survival is. The only reason people work for money (which is not the same thing as profit) is because it is the only means of survival they know. If money wasn't the currency of survival, then they wouldn't work for money."}, {"type": "sentence", "content": "Ninety five percent of the world's population go to jobs which pay a wage or a salary, and salaries and wages are not the same thing as a profit. A salary is a monthly wage, irrespective of hours worked; wages are based on time worked, and profit is the money left over after all business expenses and provisions have been paid (or set aside) for the year."}, {"type": "sentence", "content": "The business owner not only receives an elevated salary, a dubious expense account where private entertainment can be charged to business, but receives year-end profits as well. Shareholders receive a percentage of the profits. If a shareholder holds enough high-paying shares, shareholders don't need to work at all."}, {"type": "sentence", "content": "While the business community will insist that people wouldn't open up businesses (and thereby 'benefit' the world), it simply isn't true. The fact that non-profits, charities, foundations, etc. all exist without being profit-driven reveals the lie. People work in order to survive and in order to increase the ease of their survival."}, {"type": "subtitle", "content": "Profit-making Drives Inequality Through Over-priced Products"}, {"type": "sentence", "content": "Technically, goods can be priced at the break-even point (or a little higher for safety), and this will ensure the continuation of the business. The advantage of selling goods at cost is that all citizens benefit because a greater number can afford the goods. Over the longer period, this practice also elimintes the greater disparities in inequality."}, {"type": "sentence", "content": "The more profit is added to products, the less people are able to afford them. This can have a destructive effect on citizenry. Take, for instance, Microsoft and Adobe software. Also look at the prices charged for training on this software. The prices mean that those on minimum wage cannot afford either to purchase the software or to be able to afford to pay for them. The truth of the matter is that software, once developed, costs absolutely nothing to reproduce, and so they could probably be sold at 5% of their current prices. Of course, then Bill Gates wouldn't be as rich as he is!"}, {"type": "sentence", "content": "One of the great attractions of capitalism in the early part of the 20th century was that the greater the quantity of goods produced, the cheaper the price of the product. This model was based on pricing the item according to the cost plus a percentage profit (maybe 50% or 100% to cover the costs of running the business). In the mid-70s, with the introduction of laissez-faire (neoliberalism) capitalism, the 'cost-plus' model was abandoned for the 'charge-what-the-market-will-bear model."}, {"type": "sentence", "content": "This meant that business could charge whatever people were willing to pay. So, for instance, if there was a water shortage, people would be willing to pay huge prices because water was essential for health. This is one of the reasons that the medical industry has become so expensive in America."}, {"type": "sentence", "content": "So profit-sharing has driven inequality and rising poverty. Anyone who tells you that the World Bank has said that poverty is decreasing needs to go go their head read. People can no more live on $2 a day than they could on $1 per day (and that's their measurement). Considering the fact that the wealth of billionaires has risen - not by 100% but by several thousand percent, it is the height of insensitivity to claim that poverty is decreasing. The middle classes have been shrinking ever since unions were shut down and neoliberalism introduced."}, {"type": "subtitle", "content": "The Drive for Profits Means Cutting Costs - Workers' Wages"}, {"type": "sentence", "content": "Alongside increasing the price of goods, in order to make larger and larger profits, the cost of wages must be kept down. The less business has to pay its labor force, the more money there is for the owners and shareholders. There is no pity or compassion in virtually enslaving the labor force."}, {"type": "sentence", "content": "The cry by business that if they increased wages they would have to increase profits is bullshit deluxe. They don't have to increase prices - they have to decrease profits. Of course, they're not going to mention that. They don't want you to even begin to think about that."}, {"type": "sentence", "content": "There is a huge price to society when poverty begins to dominate. People can no longer afford nutritious food. Certainly, they might pick up a used TV set from the local charity shop for $50, but it's the ongoing costs that determine quality of life - not the occasional purchases. Those that cry that if people have a TV in the home, they must be able to afford decent food and rent are being deceitful. At some level, they are well aware that they are talking nonsense - they just know that people don't know how to respond to that. So they get away with it."}, {"type": "sentence", "content": "The boomerang effect to not having nutritious food is ill-health. The effect of having ill-health is a decreased number of works and increased medical costs. Of course, if workers are being replaced by robots, it's irrelevant to company bosses that workers can't afford decent food, medical care, adequate accommodation, warm clothing, and other basics. Forget a decent education. At this point, only the very rich can afford it. The rest are either saddled with lifelong student debt or they spend their lives working for McDonalds."}, {"type": "subtitle", "content": "Profit-Making Discards Producing Essential Products"}, {"type": "sentence", "content": "Some years ago, it was decided by drug companies not to make anti-venom products because the cost of producing antidotes to venomous snakes wasn't profitable."}, {"type": "sentence", "content": "In the UK, both post offices and banks have closed in the more outlying areas because they weren't profitable. This directly harms the people living in those areas. It also begins the slow process of making fewer and fewer essential products. As the demand for higher and higher products arises, there is a decreasing variety in what is available."}, {"type": "sentence", "content": "In retail shops, this process is called consolidation. Only those products that sell large numbers are retained. This means people have less and less choice. This doesn't matter so much when the products involved are a choice between a $4000 pair of purple Jimmy Choos and a $3500 pair of slip-on Hermes. It does matter when it's a choice between having to do without antivenom when one has been bitten by a rattlesnake."}, {"type": "sentence", "content": "Eliminating the production of essential products because they aren't sufficiently profitable, or eliminating essential services like the post or the bank for the same reason, have a destructive effect on humanity as a whole."}, {"type": "subtitle", "content": "Profit-Making Results in Over-Production and Excessive Pollution"}, {"type": "sentence", "content": "Somewhere in the mid-60s, we reached a point where we were producing enough for everybody. Nobody needed anymore than they already had. At that point, business began to panic."}, {"type": "sentence", "content": "Profits would not increase if people didn't buy more than they needed. Nor would there be a place for opening new business. Once more, the strategies of Edward Bernays came into operation. Advertising and public relations went into overdrive! The consumer society was born. The purpose wasn't to provide people with things they wanted or needed, but to keep business going."}, {"type": "sentence", "content": "Advertising is a method of soft brainwashing and indoctrination invented by Edward Bernays at the end of the Great Depression. The leading reason for the Great Depression was over-production. Something like 75% of the population lived in rural areas, and they had no need for fancy goods."}, {"type": "sentence", "content": "Bernays, Freud's nephew, understood how the human brain could be influenced to indulge in behavior that wasn't rational. Human brains evolved by equating repetition with truth. If the bite of an animal was continually deadly, then it could be said with accuracy that being bitten by that animal was not a life-friendly event. If the sun always rose earlier in August than it did in December, then it could be assumed that August would always be a warm month."}, {"type": "sentence", "content": "Bernays determined that if people were constantly informed through television and radio that Lucky Strike cigarettes should be smoked by women, then women would do so. He was right. Repeating something over and over again, in small sound bytes, influenced the human brain to believe something in the face of all evidence to the contrary. \"Deutschland uber alles\" was used by Hitler to great effect. Trump won an election on \"Make America great again.\""}, {"type": "sentence", "content": "Advertising is there in order to ensure that people always buy things even when they don't want them or don't need them. I once knew someone who was contemplating closing his business of building barns because people used them to store all their unwanted paraphenalia. He was distressed by all the waste."}, {"type": "sentence", "content": "Business has become a vicious merry-go-round in which the only way to sustain it is to keep up a system of production and distribution which has become highly destructive to the earth."}, {"type": "sentence", "content": "Consider that some 700 million pairs of blue jeans are manufactured every year, of which 350 million go to America. America has some 330 million people, including babies, children, and adults. I'm still trying to figure why Americans need to buy more than one pair of jeans per year. In fact, jeans tend to last a lot longer than one year. Why does anyone need to buy so many pairs of jeans?"}, {"type": "sentence", "content": "Denim jeans have destroyed entire rivers and towns in China. Viscose (rayon) is so deadly in the fumes it produces in the manufacture of the product that the USA eventually banned its production on American soil. (Or so I was taught when I was studying textiles at college.) Yet it continues to import both the fabric and clothing made from it. After all, profit is more important than the health of the general public and the earth to some."}, {"type": "sentence", "content": "The over-production of goods has led to vast landfills with plastics and other earth-unfriendly substances leading to increased pollution and the death and extinction of ther species. The earth's eco-system is being systematically destroyed as a result of drive to make larger and larger profits. Production and distribution should be a means of providing for humanity as a whole, not a means for enriching some at the expense of others."}, {"type": "sentence", "content": "Who, on this earth, needs yellow plastic ducks, toothpicks with decorative ends, a television in every room, and a wardrobe full of shoes? The advertising industry has convinced billions of people the world over that their status is dependent on their possessions, and so despite it making no sense whatsoever, people buy and buy and buy. And our earth is dying. All of this is caused by production been driven by profit."}, {"type": "subtitle", "content": "Business Owners and CEOs Tend to Psychopathic Traits"}, {"type": "sentence", "content": "There's a reason that the more successful a person is in business, the more likely he is to be a psychopath. You see, it doesn't take much of a brain to make a profit in business. It takes a disregard for the well-being of others and a lack of conscience to underpay people and overcharge on products."}, {"type": "sentence", "content": "When people are driven to make more and more money when they are already multi-millionaires and billionaires, there is something disturbingly wrong with them. You and I might consider retiring from work with a few million in the bank. If we inherited many millions or billions, we might even decide to spend most of that money on building homes for the poor, providing free medical or dental care, or some such. Psychopaths don't think that way. And they don't care who they hurt or what harm they cause, just so long as they make more and more money."}, {"type": "sentence", "content": "Psychopaths destroy anything that stands in their way - be it workers, the environment, partners, or communities and nations. Psychopaths go after anything that will give them the power to do what they like. That is one of the reasons that psychopaths gravitate towards business ownership. It gives them the tools they need in order to satisfy their appetites. In other words, benevolence is not a factor in business ownership - profit is."}, {"type": "subtitle", "content": "Inventors and Creators are Not Driven by Profit"}, {"type": "sentence", "content": "The idea that creativity and invention would come to an end if there was no profit in it is bullarkey. Tesla invented electricity because he wanted to provide people with energy - free. Frederick Banting gave the formula for insulin to the world free, and he refused to take a patent on it. Timothy Berners-Lee gave away the code for the world wide web free. John Walker invented matches. He didn't patent it because he wanted everybody to be able to have access to it."}, {"type": "sentence", "content": "The myth is pepetuated by those who have a vested interest in maintaining profit. The truth is that a great many of us are satisfied with doing good. We do not have to profit from our good. In fact, in Judaism, it is forbidden to let other people know your good works. As Jesus said, if you're speaking about them, you have already earned your reward."}, {"type": "sentence", "content": "People also don't always go into business for profit. Some go into business simply for survival because they can't find a job or hold down a job. My late father only went into business because he couldn't get himself out of bed before ten in the morning, and bosses weren't keen on those type of hours. My mother went into business because nobody would employ her so she didn't have a choice. Many people are self-employed for the same reason. In these cases, it is more about survival than profit."}, {"type": "image", "content": "https://miro.medium.com/max/1900/1*31197UyOvxN6OU98u17g7g.png"}, {"type": "subtitle", "content": "Profit Didn't Create the Modern World - The Enlightenment Did."}, {"type": "sentence", "content": "Repeatedly when capitalism is criticized, the comment comes up that capitalism is responsible for the modern world."}, {"type": "sentence", "content": "No, it isn't."}, {"type": "sentence", "content": "When the Enlightenment kicked out the idea that something had to be believed and acted upon because the church or some religious mumbo-jumbalist said so, facts became the new basis of data. When that happened, discoveries and inventions became rapid."}, {"type": "sentence", "content": "It would have been virtually impossible to get the world to accept that many illnesses were caused by bacteria and viruses as opposed to the devil entering the mouth when sneezing and leeches removing them through bloodletting, if it hadn't been for the Enlightenment."}, {"type": "sentence", "content": "As a result of the Enlightenment, intellectuals, inventors, academics, creatives, etc. were permitted to explore without being vilified and/or put to death by the Church and/or the State for contracting the dogma of those times. Analysis and observation became the currency as opposed to superstition and faith. As a result of analysis and observation, many theories were tested and these led to inventions like the aeroplane and steam engines, as well as discoveries that washing one's hands enabled one to remain healthier longer."}, {"type": "sentence", "content": "Discovering germs, bacteria, and antibiotics were all the results of observation and analysis (science). Observation and analysis is the foundation of modern society - not profit. Certainly some men made a lot of money by taking advantage of the Enlightenment, but the motive for discovery and invention was not and is not profit."}, {"type": "subtitle", "content": "People Wouldn't Fund Business if Profit Wasn't a Motive"}, {"type": "sentence", "content": "That's simply not true. Look at Kickstarter. Many are quite content to simply provide the money in exchange for a product - in other words they're simply making a purchase. Of course, they realize they're funding a business at the same time. However, they're not investing in a business in order to take a profit. A purchase and a profit are two very different things. It is quite possible to find great ideas without profit being the motive."}, {"type": "sentence", "content": "Crowdsourcing can raise sufficient money for all ventures. Crowdsourcing enables owners to retain possession of their inventions, thereby doing away with the practice of employees having to sign over their inventions and discoveries to the company they are working for."}, {"type": "subtitle", "content": "The Business Sector Would Become More Creative Without Profit-Making"}, {"type": "sentence", "content": "One of the really interesting things about proving free money (Universal Basic Income) to those who are very poor is the dispelling of the myth that if people were given free money, they would go out and squander it all. They would become lazy, the lords of the universe said."}, {"type": "sentence", "content": "Imagine if you were able to start a business and all you had to do was cover your costs. Those costs, as I've mentioned before, would naturally include your salary, the salaries of those you employ, provision for the future, running costs like rent, insurance, capital expenditure like machinery, etc. You would be able to sell your products for a much lower price, and that would immediately draw more clients."}, {"type": "sentence", "content": "There's also an exponential effect when everybody cuts out profits. You would immediately be able to purchase all you needed to launch your business at a much lower cost. You would also be able to maintain it at a much lower cost. You would also need less money to survive because everything was so much cheaper."}, {"type": "sentence", "content": "Inventors would find it easier to afford the resources they needed. Likewise creators in other fields .Artists would have a much easier chance of earning a living. That's because technology would be substantially cheaper than it is (because vast profits wouldn't drive up its price), and there would, therefore, be money over for the arts."}, {"type": "sentence", "content": "Because there would be no need for profits, salaries and wages would automatically become higher. That's because there wouldn't be a vested interest in keeping costs low. Product prices would decrease as well for the same reason."}, {"type": "sentence", "content": "Just imagine the world we could live in."}, {"type": "subtitle", "content": "Life Without Profit"}, {"type": "sentence", "content": "Life would be really good if profit-making were outlawed. So many problems would vanish."}, {"type": "sentence", "content": "Inequality would virtually be eliminated. There wouldn't be billionnaires anymore. The difference in prices between a better and a much better product wouldn't be so high. That's because the costs of production aren't nearly as extreme as business would have you believe. People would have much more free time and be in better wealth. Why? Because they wouldn't be working theselves to death trying to stay alive in a dog-eat-dog competitive environment."}, {"type": "sentence", "content": "I'm sure you can think of many more benefits. Personally, I'm totally convinced that profit has to go. What do you think?"}], "topic": "economy", "uuid": "875d6f87d425598fc9bebb175ed995ab4a4ec7030cf697bc257f6a74", "link": "https://medium.com/world-issues-politics-economics-and-more/the-dark-side-of-profit-making-22fe576806e8"}