{"title": "Money Revolution Is Knocking at Your Door: Why You Should Be An Early Adopter", "data": [{"type": "sentence", "content": "How can the meek survive when technology disruption steals most jobs?"}, {"type": "sentence", "content": "We want to believe life is going well, the economy is working smoothly until it doesn't. Housing prices are going to the roof, cars are getting pricy, the stock market is at all times high, and the party goes on."}, {"type": "sentence", "content": "On the other hand, tech devices, clothes, and services are getting cheaper (especially online)."}, {"type": "sentence", "content": "If technology is causing a deflationary movement, why are certain things getting more and more expensive?"}, {"type": "sentence", "content": "It seems we have two worlds colliding with each other, and they actually are. Why?"}, {"type": "sentence", "content": "Robots will take most jobs, and technology disruptions will move into just about every industry, and we should be watching a deflationary environment with the cost of everything going down."}, {"type": "sentence", "content": "Governments will do everything to stop deflation and control inflation at 2 percent a year, so they can keep money printing to increase spending. It's much easier for politicians to manage a country with endless budgets."}, {"type": "sentence", "content": "So, central banks and governments fuel the economy with credit and debit to mask what is really happening underneath."}, {"type": "sentence", "content": "Meanwhile, to join the party, a new digital world is being born, full of financial innovation, within the blockchain, in a deflationary movement unparalleled in human history."}, {"type": "sentence", "content": "The next episodes may have dramatic scenes if politicians do not realize that deflation will bring abundance. The problem is that this abundance can only appear if they lose some control of their power. And there, by itself, is already a huge problem."}, {"type": "subtitle", "content": "Lightning makes no sound until it strikes."}, {"type": "sentence", "content": "Several silent revolutions have been taking place while technology innovation thrives worldwide. Entire new networks have been built under new premises, like Facebook, Amazon, Apple, or Tesla."}, {"type": "sentence", "content": "The social network was dematerialized, and retail, mobile devices, and automobiles also entered into technological revolutions. Yet, money, wish is the most important one, has been left behind. Meanwhile, a new network surges to take control- the Bitcoin network."}, {"type": "sentence", "content": "It's crucial to make the distinction between Bitcoin the asset and Bitcoin the network."}, {"type": "sentence", "content": "Bitcoin the asset is volatile, like any new safe-haven financial entity, and it's hard to custody."}, {"type": "sentence", "content": "Bitcoin the network, when compared to the Visa or Paypal network, gives you identity out of the box, gives you payment specifications, and combined with the lightning network, gives you instant cash finality in real-time at no cost."}, {"type": "sentence", "content": "The Bitcoin lightning network is the most inclusive monetary network of all time. Why? Simple. Can a citizen of El Salvador or Venezuela use a Visa or Mastercard free of charge or without being subjected to such a violent exchange that it leaves them with no money to spend? No."}, {"type": "sentence", "content": "The Bitcoin lightning network works in El Salvador as well as in Chicago, Lisbon, or Sydney. That's why it's the most inclusive network."}, {"type": "sentence", "content": "So, what is the Bitcoin lightning network, after all?"}, {"type": "subtitle", "content": "The Bitcoin lightning network."}, {"type": "sentence", "content": "There is a big issue standing in the way of Bitcoin the asset, which is its scalability."}, {"type": "sentence", "content": "One example is Visa, which provides 4,000 transactions per second, and can scale to a maximum of 65,000 transactions per second."}, {"type": "sentence", "content": "On the other hand, Bitcoin can handle up to 7 transactions per second with the current blocksize of 1MB. This main blockchain isn't very scalable, but it doesn't have to be."}, {"type": "sentence", "content": "The blockchain community comes up with a new technique called the lightning network that solves the scalability issue."}, {"type": "sentence", "content": "Everyday transactions don't have to be stored on the main blockchain. Transactions can be stored in an off-chain system."}, {"type": "sentence", "content": "Let's make an example to simplify the lightning network."}, {"type": "sentence", "content": "Imagine that Martha is buying a cappuccino every day at Starbucks. Creating a transaction on the Bitcoin blockchain for a simple cappuccino is hard to do, and it's costly. Yet, with the lightning network, Martha can set up a payment channel with Starbucks. Both have to deposit a certain amount of Bitcoin in a multi-signature address."}, {"type": "sentence", "content": "Imagine Martha is depositing 0.05 BTC, and Starbucks deposit nothing. The multi-signature address is like a safe that can only be opened when both parties agree."}, {"type": "sentence", "content": "When the open channel is produced, the two parties can create a balance sheet that says how the funds on the address should be distributed. All this process is in the blockchain, so it's fully transparent."}, {"type": "sentence", "content": "Starbucks can see that the customer Martha deposited 0.05 BTC and by so, be rest assured that they will get their money once the channel closes."}, {"type": "sentence", "content": "Now, the cappuccino costs 0.001 BTC, and Martha has to change the balance sheet, subtracting the cost of the cappuccino from her balance and adds it to Starbucks."}, {"type": "sentence", "content": "When Martha and Starbucks sign the updated balance sheet with their private keys, each of them keeps a copy of it, and that's it."}, {"type": "sentence", "content": "Martha can keep ordering stuff from Starbucks as long as she has sufficient BTC on her balance sheet. Martha can do thousands of transactions, and the system is cheaper and quicker than the main blockchain. The payment channel can be closed at any time by Martha or Starbucks. They just have to take their BTC from that specific address and brought it again to the Bitcoin network. Miners will validate the signatures of the balance sheet and, if everything checks out, release the funds according to the balance sheet."}, {"type": "sentence", "content": "The lightning network can significantly reduce the traffic on the main blockchain, and it's safe because both parties have a signed copy of the balance sheet."}, {"type": "sentence", "content": "If Martha's mother wants to buy a tea at Starbucks, she doesn't have to create another payment channel. The lightning network has a highly efficient system. It looks for the quicker address and uses it with the two parties who agreed to play new transactions."}, {"type": "subtitle", "content": "How young engineer Jack Mallers designed the future of Strike."}, {"type": "sentence", "content": "Kjell Inge R\u00f8kke, a Norwegian billionaire, recently wrote to his shareholders a letter about Jack Mallers that says:"}, {"type": "sentence", "content": "Mallers' grandfather directed the Chicago board trade, and since a young age, Jack has been surrounded by all kinds of conversations between his grandfather, his father, and his family about stocks, bonds, derivatives, and financial tools."}, {"type": "sentence", "content": "In an innovative disruptive era, Jack emerges as this fantastic entrepreneur, with an extreme notion about the markets, but better than that, ultimately appeared in the ecosystem of blockchain and Bitcoin."}, {"type": "sentence", "content": "So, to explain what Strike does, let me explain monetary networks. Some of the most popular financial networks are the SWIFT, Visa, Paypal, Square, and Mastercard. As networks, what do all these known systems do? For example, Visa uses ACH (automated clearing house) plus the Visa network to move US dollars, implementing things like identity, payment protocols, credit, and debit."}, {"type": "sentence", "content": "We use Visa cards without realizing behind them is a network with protocols to protect our money."}, {"type": "sentence", "content": "The particular thing about these networks is that they are developed in private. Someone in the Paypal network cannot participate on the Square network. My Paypal account can't pay to your CashApp account. You can't because they are different networks."}, {"type": "sentence", "content": "The insight behind Strike is that the Bitcoin lightning network is the first and most efficient, cheapest, and fastest open monetary network ever created. It achieves all of these characteristics the previous networks do, like identity and payment specifications, but Strike was designed under the Bitcoin lightning network."}, {"type": "sentence", "content": "Jack Mallers thinks the Bitcoin lightning network plus the ACH network will outcompete the previous ones. Because it's an open network, Jack feels it gives him a competitive advantage over the other Fiat networks."}, {"type": "sentence", "content": "How will it work with Strike? Let's pick Martha again. Martha is in the USA, and she has a friend in the UK. She wants to send $100 to her friend."}, {"type": "sentence", "content": "Through Strike App, Martha will do the operation that will debit $100 from her account. Then, Strike will programmatically trade it into Bitcoin in real-time in the American lightning infrastructure to the English lightning network that converts it automatically into pounds to her friend. All of that, using Bitcoin as cash finality."}, {"type": "sentence", "content": "This technique may be the ultimate breakthrough into international transaction disruption. But more than that, it can disrupt an entire sector."}, {"type": "sentence", "content": "The notion that we have a decentralized and open-source network makes everything possible, and if other entrepreneurs follow this innovative technique, it can potentially be the end of Visa, Mastercard, Square, and Paypal business models."}, {"type": "subtitle", "content": "Blessed are the meek, for they will possess the Earth."}, {"type": "sentence", "content": "What I think is extraordinary about Strike and Jack Mallers is his willingness to fight centralization. The way he talks in several podcasts about control and close sources made him a very libertarian entrepreneur. All he wants is to make money accessible to the entire world with the same rules."}, {"type": "sentence", "content": "Jack Mallers, a young bright entrepreneur from Chicago, may become one of the precursors of a unique revolution in human history."}, {"type": "sentence", "content": "Never before has technology made the same fair rule for the use of money reaching the entire population of planet Earth."}, {"type": "sentence", "content": "Mallers has a pilot project in El Salvador, but with the enthusiasm, cunning, knowledge, and willpower that Jack shows, we can be in the presence of yet another powerful phenomenon of technological disruption."}, {"type": "sentence", "content": "It certainly has a unique flavor, as every citizen of the world will be able, for the first time, to trade money on a fundamental pillar - the Bitcoin lightning network."}, {"type": "subtitle", "content": "Final Thought"}, {"type": "sentence", "content": "In an open system, winners will be companies that offer the best experience and the most attractive brand."}, {"type": "sentence", "content": "One day you'll go to Starbucks and find a QR code system where you can scan it with thousands of possible apps, but the winners will be the ones that treat you best, that gives you the best user experience and rewards, that are free, that over-invest in customers support, and that is most attractive."}, {"type": "sentence", "content": "Western nations are going to compete aggressively with each other to try to attract these technologies. If they over-regulate these companies, entrepreneurs will migrate to the best country that gives them the best choices. Why? Because this is a nomad technology."}, {"type": "sentence", "content": "You can create a new company using the Bitcoin lightning network in the US, but if they try to over-regulate, you can go to Portugal, the Caiman Islands, or Singapore and develop it there. It's an open-source technology, and by that, you can go to places where people embrace abundance."}, {"type": "sentence", "content": "Jack Millers opened the Pandora Box. He made it possible to use the Bitcoin lightning network in a way citizens from all over the world can use it to fight their fragile monetary systems."}, {"type": "sentence", "content": "I believe that more of these technologies will be born soon, and we can see an emergence of competitive systems that can disrupt money and give people, especially from developing countries, the opportunity to have a decent life."}, {"type": "sentence", "content": "Senators and politicians from the US are starting to embrace Bitcoin. I believe the USA will lead this revolution and embrace abundance, and more than that, to see the dollar increase its power. And that is good because the dollar offers peace to the world. We still have oppressive risks in the international landscape, with Russia and China trying to fight the dollar."}, {"type": "sentence", "content": "So, if people from Nigeria or India have a system to shift their currencies to another international currency, of course, they will choose the strongest one."}, {"type": "sentence", "content": "We will assist in the following decades to a massive transformation in the way we use money. People like Jack Mallers will be one of the sorcerers who create the magic formulas. Money will be dematerialized, just as Facebook did with social networks, Amazon did with retail, Apple did with mobile devices, and Tesla did with automobiles."}, {"type": "sentence", "content": "It's inevitable, and therefore, early adopters will undoubtedly be the winners. But above all, if the United States embraces this revolution, it will bring abundance to the entire world, that is the central premise."}, {"type": "sentence", "content": "Bitcoin was created to fight the disparity between rich and poor and to give equal opportunities to everyone on the planet. Many countries will try to corrupt Bitcoin."}, {"type": "sentence", "content": "Yet, no one will be able to defeat the code!"}, {"type": "sentence", "content": "Sign up for my email list and join the happiest readers on Medium.(This is where you get exclusive access to my daily activities, experiences, and daily thoughts)"}], "topic": "startups", "uuid": "88052a29527a1615d6a2c0bf3ba7b3473ecb2182396c93a226ac4667", "link": "https://medium.com/the-price-of-tomorrow/money-revolution-is-knocking-at-your-door-why-you-should-be-an-early-adopter-660a8974ed0e"}