{"title": "This new startup is a digital expert wedding planner, available to all.", "data": [{"type": "image", "content": "https://miro.medium.com/max/2276/1*rotq-2Q1eq1RXClbjn8_Og.png"}, {"type": "sentence", "content": "My wife and I got married five years ago (it was the second time around for both of us). Like most couples, we found out that wedding planning starts off fun and exciting - and then inevitably turns into spreadsheets, checklists, scribbled notes, vendor disagreements and email inbox overload."}, {"type": "sentence", "content": "So when I met two young entrepreneurs, Jesse and Arielle, who have founded a new startup developing a digital assistant for wedding planning, I was immediately intrigued."}, {"type": "sentence", "content": "For many young couples, their wedding is the most expensive project they've ever managed, with a lot of moving parts. It's also, needless to say, one of the most important days of their lives. Expectations are high, and so is the potential for stress. Families who can afford it will often hire an expensive wedding planner to manage the process, but most people aren't able to shell out thousands of dollars for a personal wedding planner."}, {"type": "image", "content": "https://miro.medium.com/max/2276/1*YqD855M8UKHRR_Lnpuq58g.png"}, {"type": "sentence", "content": "Jesse and Arielle's new startup, Rella, is a complete suite of wedding planning tools from automated budgeting to guest list and RSVP tracker, from centralized notes to vendor conversation tracking. And yes, you can sync your Pinterest boards! Rella is a digital wedding expert, and tips and advice, all in one platform. And, of course, the platform leans about what kind experience you want to create, so that you're creating a personalized experience for yourself and your guests. It also allows you to invite your partner, bridesmaids (even your mother-in-law!) to collaborate on the platform so that you \"share the love and ease the work\"."}, {"type": "sentence", "content": "Others have tried to build platforms for wedding planning, but most of them get their revenue from selling you things. Part of what makes Rella unique is that it's a subscription-based service - they make their money by helping you produce a fabulous wedding, not by selling you anything along the way."}, {"type": "sentence", "content": "Nobody in the history of marriage has ever said \"the thing I loved most about our wedding was managing all the complex spreadsheets\". Rella lets couples focus on the fun parts of wedding planning, while leaving the grunt work to Rella's digital application. It's pretty cool."}, {"type": "sentence", "content": "Rella is currently participating in the 4thly Startup Accelerator. Join us for our Demo Day on May 21st!"}], "topic": "startups", "uuid": "8939ff16647d147981a481a925790007ee7cfc308492d33a269b5376", "link": "https://bretwaters.medium.com/this-new-startup-is-a-digital-expert-wedding-planner-available-to-all-e23d2a875d10"}