{"title": "6 Ways To Deal With Criticism From Customers", "data": [{"type": "image", "content": "https://miro.medium.com/max/10368/0*dphBW13MdrKF5PFw"}, {"type": "sentence", "content": "\"Last chance before I lose my patience. You had one week to solve the problem. Your professionalism and customer service are embarrassing. You should make sure the job is done properly before informing me!\""}, {"type": "sentence", "content": "That's a message I received from a customer who purchased a pair of prescription glasses from me (I am an optometrist). But because of miscommunication, I'd gotten him the wrong pair of lenses. I told him I would get the new lens in one week. However, because of the supplier's unforeseen circumstances, the order had to be delayed for two more days. I got the message above after he learned of the additional delay."}, {"type": "sentence", "content": "I always want to give my 100% in everything I am doing. This comment feels like a punch in the gut. I got myself thinking \"am I that bad?\" It affected me for several days. I stopped thinking about it and started making things right."}, {"type": "sentence", "content": "Here are six ways I've learned to deal with criticism from customers constructively."}, {"type": "subtitle", "content": "Apologize, and Don't Prove Them Wrong"}, {"type": "sentence", "content": "The first thing you need to do is to say sorry. No matter whether you caused the problem, apologize first. One sincere sorry is enough; don't overdo it."}, {"type": "sentence", "content": "Even if what they're complaining about is not your fault, don't prove them wrong. Apologize and try to solve the problem instead of arguing who's right or wrong."}, {"type": "image", "content": "https://miro.medium.com/max/10368/0*1z17r-NsXw2vOCHK"}, {"type": "subtitle", "content": "Put Yourself in Your Customer's Shoes"}, {"type": "sentence", "content": "Imagine that a similar situation happened to you - how would you feel? Try to understand what your customer is going through and what the impact is on them. Or they might be in a bad mood on that day and just be releasing anger on you."}, {"type": "sentence", "content": "Seeing the whole situation from a unique perspective can help you understand the situation better. You might realize that what seems acceptable to you might not be adequate for others."}, {"type": "subtitle", "content": "Don't Let Your Emotion Take Over"}, {"type": "sentence", "content": "It's natural to feel anger or defensiveness when faced with criticism. It is essential, however, to respond rationally."}, {"type": "sentence", "content": "Take a deep breath, put your thoughts together, and remain calm before you reply to the criticism."}, {"type": "sentence", "content": "After the whole thing had been concluded, you can release your emotions in private by talking with your friends and family."}, {"type": "subtitle", "content": "Solve Their Problem ASAP"}, {"type": "sentence", "content": "What your customer wants is their problems solved. If there's a delay in delivering the product or service, try to make up for it by expediting the process."}, {"type": "sentence", "content": "There is no point blaming anyone. Your customer wants their job done for them fast. Get to the root of the problem and fix it so this does not happen again."}, {"type": "sentence", "content": "In my case, there had been a miscommunication between the customer and me. But blaming either of us for that would not solve the problem; instead, I had to get to the root of the problem and get the product delivered to him ASAP."}, {"type": "subtitle", "content": "Listen"}, {"type": "sentence", "content": "Negative comments or feedback are an opportunity to improve yourself. Don't take it personally or get too stressed about it. Criticism is always a learning opportunity. It is important to own it up and admit that you messed up."}, {"type": "sentence", "content": "Listening to your critics can widen your perspective. You will have a better understanding of the matter from a different point of view."}, {"type": "image", "content": "https://miro.medium.com/max/10368/0*15heE7xLVtWZ76jz"}, {"type": "sentence", "content": "Those that refuse to listen to criticism will never improve. They will think that they are always right. Remember, nobody is perfect."}, {"type": "subtitle", "content": "Move On"}, {"type": "sentence", "content": "Don't let the criticism consume you. It's normal that we make mistakes in our lives. Giving criticism this much attention is not worth it. You are diverting your energy towards negative feedback when there are so many positive things you can do. Instead of dwelling on your mistakes, why not use the time to do better things?"}, {"type": "sentence", "content": "This won't be the first or last time you receive criticism. After dealing with it, it's time to move on to better things in life. It is human to make a mistake; it has nothing to do with your self-worth."}, {"type": "subtitle", "content": "Takeaway Message"}, {"type": "sentence", "content": "For every positive comment, there will be negative feedback."}, {"type": "sentence", "content": "Criticism can be a double-edged sword."}, {"type": "sentence", "content": "If you embrace criticism and take it as a learning experience, it can help you grow and become a better person."}, {"type": "sentence", "content": "If you keep on dwelling on criticism, it can lower your self-esteem, make you stressed, and consume you. It's up to you how you deal with it."}, {"type": "sentence", "content": "It is in human nature that we make mistakes all the time. Nobody likes criticism. But it's important to remember that so the next time you face criticism, you embrace it, make the best out of it, and move on."}], "topic": "freelancing", "uuid": "89bc9203e6feb6689a87fa1d85ad67ee0f56e831d4a14df4e84a454e", "link": "https://betterhumans.pub/6-ways-to-deal-with-criticism-from-customers-9833ae92921d"}