{"title": "It's Called \"Self\"-Improvement for a Reason, Don't Be So Quick to Follow", "data": [{"type": "image", "content": "https://miro.medium.com/max/16512/0*OIx-Bj2UMW1L2MMM"}, {"type": "sentence", "content": "I'm a big fan of Tim Ferriss's podcast. His two-hour-long episodes are the perfect companion during my long walks along the sea."}, {"type": "sentence", "content": "My non-negotiable need to space out and disconnect from reality every once in a while is actually a running joke in my family. When I was little, I used to tell people not to speak to me during car rides because \"I was thinking\". For someone as needy as I am, I was surprisingly antisocial on road trips. And still today, I cherish my \"me time\". Except now I make an exception for Tim Ferriss and Dax Shepard."}, {"type": "sentence", "content": "The latest episode I listened to on the Tim Ferriss show is the one with Ramit Sethi, author of the New York Times bestseller \"I Will Teach You To Be Rich\". Ramit is a financial guru who, together with his team, builds premium digital products about personal finance, entrepreneurship, psychology, careers, and personal development for top performers."}, {"type": "sentence", "content": "These guys are the cr\u00e8me de la cr\u00e8me of self-improvement, and yet, there were several points on which they disagreed."}, {"type": "sentence", "content": "Now I'm a big believer in self-improvement. I like to experiment with different morning routines and try out different planning methods in an attempt to boost my productivity. But I'll admit some advice makes me feel like I'm the Robin to the Batman of \"the person I could be\". And this feeling isn't the best breeding ground for positivity and productivity."}, {"type": "sentence", "content": "So, for those of you who, like me, love a dose of self-improvement, but recognize there are probably more \"productivity tips\" than there are \"fish in the sea\", here's confirmation that it's all subject to a whole lot of nuance."}, {"type": "sentence", "content": "Even Tim and Ramit disagreed on a range of things, including the very basics of self-improvement, morning routines, and tools. Whilst Tim has essentially built an empire sharing his tips on how to wake up feeling energized and how to 'batch' your time to optimize your productivity, Ramit starts his day with a good old scroll through Instagram and doesn't really use any particular \"tools\" to \"10x\" his performance."}, {"type": "sentence", "content": "He believes it's all much more about your psychology on any given day. And I agree."}, {"type": "sentence", "content": "I can completely relate. Over the past six years, I've lived in four different countries, worked in four different companies, and studied two different masters. I don't say this to promote my CV; quite the opposite. Whilst in many ways I've loved the ride, these years have been unsettling. I've felt overwhelmingly lonely, crippled with doubt and the lack of certainty and purpose took a toll on my mood and my confidence."}, {"type": "sentence", "content": "Hence why I very often turned to any form of self-improvement content. Planning my days, my weeks, my months, and adopting certain habits into a routine gave me a semblance of control and certainty, even when it felt like my life looked like Dolly Parton's coat of many colors."}, {"type": "sentence", "content": "But the advice that's proved helpful to me has constantly changed. I need different things depending on how I'm feeling, what I'm doing on a particular day, how well I've slept, or even who I might be interacting with."}, {"type": "sentence", "content": "So the key take-away I took from listening to these savvy entrepreneurs is this:"}, {"type": "sentence", "content": "Real self-improvement, when you think of it on a daily level, will depend on your ability to strike the right balance between two things:"}, {"type": "sentence", "content": "(1) Your ability to reduce decision-making, and"}, {"type": "sentence", "content": "(2) Your psychology on any given day."}, {"type": "sentence", "content": "When it truly comes down to it, productivity and success don't depend so much on the detail. The details need to change day to day because your context will change day-to-day. When successful people talk about consistency, it's not about having the same coffee at the same, in the same place, after a cold shower every morning. Consistency is about self-improving every day, but in the context that applies to you on that particular day."}, {"type": "sentence", "content": "When discussing the things they like to spend their money on, for both Ramit and Tim, it kept coming down to convenience."}, {"type": "sentence", "content": "Ramit explained he's mercilessly frugal with the things that don't matter to him, admitting he still has a 7-year-old laptop which he probably won't replace until it refuses to switch on. But what he loves to spend his money on, is making his life more convenient."}, {"type": "sentence", "content": "The thing Tim loves to spend money on is travel. But when asked what his travels would look like if he 10x-ed his budget, he said he'd have a \"fixer\" on the ground, organizing and taking care of any issues that arose throughout his trip. Convenience was overwhelmingly the common theme."}, {"type": "sentence", "content": "And that's part of the reason why morning routines are considered to be so important. They reduce the number of decisions you need to make in the morning, and hence, eliminate distractions. They're supposed to be convenient. The same goes for tools and apps that provide automated systems that reduce the input required from you."}, {"type": "sentence", "content": "But the same routine might not have the same effect on a different day. I'm not saying don't have a routine. I have a routine and it works great. Most of the time. But there are days where sticking to my routine isn't what's going to help me make the most of the day."}, {"type": "sentence", "content": "There's at least one important decision I would advise everyone to make every morning, and that's \"do I need something different today?\""}, {"type": "sentence", "content": "This is why meditation is possibly the only habit I don't tend to deviate from as an all-time-always-applicable-and-helpful-way to start the day. Even if it's for five minutes, it reminds you to look inwards before you focus on anything external to yourself. It's a quick way to assess whether you're more in need of an endorphins boost and some vitamin D from an outdoor run, or a yoga video and some tea to calm your nerves."}, {"type": "sentence", "content": "Whatever your thoughts about success and productivity, know that some of the most successful people wildly disagree when it comes to the minutia. What there seems to greater consensus about is the outcome, which often boils down to convenience; eliminating distractions and discomfort by reducing the decisions you need to make, so you can focus on your goals."}, {"type": "sentence", "content": "But this needs to be applied in context. And your context is, of course, unique to you on any given day. Only you can decide what will work and what won't. So, apply your need for structure and control, and take control. You can't blindly rely on other people's advice when it comes to \"self\"-improvement. Because it's about your-\"self\"."}], "topic": "productivity", "uuid": "8c23026a5651293959d76a4111f71b18be1d3daf6b04d1c866eb7adc", "link": "https://medium.com/curious/its-called-self-improvement-for-a-reason-don-t-be-so-quick-to-follow-de97d292e3fd"}