{"title": "CSAT: An emperor with no clothes?", "data": [{"type": "image", "content": "https://miro.medium.com/max/1300/1*KmabwsjlFZ8eL88C_03yGw.png"}, {"type": "sentence", "content": "CSAT is the king of customer satisfaction surveys. It's the go-to metric that companies use to measure customer satisfaction for a variety of experiences: online searches, product purchases, customer support, and more."}, {"type": "sentence", "content": "Because of CSAT's popularity, numerous how-to guides describe how the survey works and how the results are calculated. But the guides often stop there. They fail to point out that, because CSAT is a survey, companies need to account for uncertainty in their results. Statistics gives us the necessary tools to deal with that uncertainty - to put results into perspective - but the how-to guides often overlook (or avoid) that step in the analytical process, making it seem optional."}, {"type": "sentence", "content": "It's not."}, {"type": "sentence", "content": "Unless companies account for uncertainty in their CSAT scores, they risk wasting time chasing meaningless period-over-period changes, investing in ineffectual programs, and missing opportunities to improve overall customer satisfaction."}, {"type": "subtitle", "content": "How CSAT works"}, {"type": "sentence", "content": "There are two way of calculating CSAT, as a score or as a percentage. Both start with a simple survey asking how satisfied customers are with an experience. Possible answers range from least to most satisfied, creating a familiar five-point scale:"}, {"type": "sentence", "content": "1. Highly dissatisfied2. Dissatisfied3. Neither satisfied nor dissatisfied4. Satisfied5. Highly satisfied"}, {"type": "sentence", "content": "The more satisfied the customer, the more points."}, {"type": "sentence", "content": "At Microsoft, we sometimes present the survey as a set of stars, smiley faces, or other easily interpretable signs of satisfaction. I recently sent my wife's Surface Laptop in for service. After the laptop was repaired, the last email that I received from Microsoft included this survey:"}, {"type": "image", "content": "https://miro.medium.com/max/1012/1*xEzmJGd49svuhqJU57bDqw.png"}, {"type": "sentence", "content": "Surveys like this reduce the cognitive load of having to read the five options and making nuanced distinctions among them. Rather than having to decide, \"What's the difference between satisfied and highly satisfied?\", customers can simply rank their level of satisfaction on a scale of 0 to 5. In this case, the more satisfied the customer, the more stars."}, {"type": "subtitle", "content": "CSAT score"}, {"type": "sentence", "content": "The first of the two ways to calculate CSAT is simply to take the average of all survey responses. The following example shows how CSAT is calculated for a survey that received 10 responses: 1, 5, 3, 4, 5, 2, 1, 4, 3, 4."}, {"type": "sentence", "content": "CSAT = (sum of CSAT scores) / (number of responses)CSAT = (1 + 5 + 3 + 4 + 5 + 2 + 1 + 4 + 3 + 4) / 10CSAT \u200f\u200f\u200e= 32 / 10CSAT \u200f\u200f\u200e\u200f\u200e= 3.20"}, {"type": "subtitle", "content": "CSAT percentage"}, {"type": "sentence", "content": "The second way to calculate CSAT is to group scores together as high (4 - 5) or low (1 - 3). In fact, some companies reduce the survey itself to a simple choice between thumbs-up or thumbs-down:"}, {"type": "sentence", "content": "High scores (thumbs-up): 4, 5Low scores (thumbs-down): 1, 2, 3"}, {"type": "sentence", "content": "Here's the survey that appears on docs.microsoft.com:"}, {"type": "image", "content": "https://miro.medium.com/max/362/1*pXrA-zsyNyniGmJFO-8LtA.png"}, {"type": "sentence", "content": "The CSAT percentage is simply the number of surveys that received a high score (or a thumbs-up), divided by the total number of responses:"}, {"type": "sentence", "content": "CSAT = (number of high scores) / (number of responses)"}, {"type": "sentence", "content": "Using the same example from above, we first transform our 10 responses from scores to 1s or 0s:"}, {"type": "sentence", "content": "P: {1, 5, 3, 4, 5, 2, 1, 4, 3, 4}P: {0, 1, 0, 1, 1, 0, 0, 1, 0, 1}"}, {"type": "sentence", "content": "Then calculate the percentage:"}, {"type": "sentence", "content": "CSAT = 5 / 10CSAT = 0.50"}, {"type": "sentence", "content": "In either case - score or percentage - the results of these calculations aren't as exact as they might seem. More formally, they're only point estimates of customer satisfaction."}, {"type": "sentence", "content": "Unfortunately, this is all the further that most companies take their CSAT calculations."}, {"type": "subtitle", "content": "Confidence intervals"}, {"type": "sentence", "content": "It's important to remember that a CSAT score is based on a subset of a population - just those customers who've responded to the survey - but is intended to represent the satisfaction of the entire population. Because not every customer responds to the survey, the results need to account for a degree of uncertainty."}, {"type": "sentence", "content": "Consider an extreme example: If a company had 100 customers complete a purchase, but only a single dissatisfied customer responded to the survey, the resulting CSAT would be low, regardless of the satisfaction of the other 99 customers."}, {"type": "sentence", "content": "To overcome that challenge, CSAT should always be reported with confidence intervals, representing the range in scores that will likely contain the population's true CSAT based upon the number of responses and the specified probability."}, {"type": "sentence", "content": "If you're a bit apprehensive about statistics but would like to calculate confidence intervals yourself, try an online calculator like this one on Bing. (Because CSAT is the mean score of all survey results, select \"Mean\" as the type of confidence interval that you want to calculate.)"}, {"type": "sentence", "content": "Otherwise, this formula is used to calculate the confidence interval (CI) for CSAT scores at a specified confidence level (1 - \u03b1):"}, {"type": "image", "content": "https://miro.medium.com/max/632/1*RV3H8DZjdznQ-fZ54JwBZw.png"}, {"type": "sentence", "content": "where"}, {"type": "sentence", "content": "\u1e8b = mean of the samplet_(\u03b1/\u2082, df) = critical value of t at the desired confidence level and relevant degrees of freedom\u03b1 = 1 - confidence leveldf = degrees of freedom \u03c3_\u1e8b = standard error of the mean"}, {"type": "sentence", "content": "Some of these variables might look daunting, particularly \u03b1 and t, but \u03b1 is simply the complement of a confidence level that you get to choose, and t is a look-up value based upon \u03b1 and the degrees of freedom (in this case, n - 1): See \"Critical Values of the Student's t Distribution\" at NIST.gov."}, {"type": "sentence", "content": "For the sake of simplicity, this article focuses on CSAT scores, but the same approach is used for CSAT percentages. The only difference is how to calculate the standard error of the mean for a continuous value (\u03c3_\u1e8b) versus the percentage of a population (\u03c3_\u1e57):"}, {"type": "image", "content": "https://miro.medium.com/max/520/1*1decvm8GWBHHCSj-CuDq-A.png"}, {"type": "sentence", "content": "where"}, {"type": "sentence", "content": "s = standard deviation of the samplen = size of the sample"}, {"type": "sentence", "content": "The following shows how the confidence interval is calculated for the same 10-response example from above at a 95% confidence level (i.e., \u03b1 = 0.05):"}, {"type": "sentence", "content": "CI_\u2080.\u2089\u2085 = \u1e8b \u00b1 t_(\u03b1/\u2082, df) * \u03c3_\u1e8bCI_\u2080.\u2089\u2085 \u200f\u200f\u200e= \u1e8b \u00b1 t_(\u2080.\u2080\u2085/\u2082, \u2089) * (s / \u221an)CI_\u2080.\u2089\u2085 \u200f\u200f\u200e= 3.20 \u00b1 t_(\u2080.\u2080\u2082\u2085, \u2089) * (1.48 / \u221a10)CI_\u2080.\u2089\u2085 = 3.20 \u00b1 2.26 * (0.47)CI_\u2080.\u2089\u2085 \u200f\u200f\u200e= 3.20 \u00b1 1.06CI_\u2080.\u2089\u2085 \u200f\u200f\u200e= [2.14, 4.26]"}, {"type": "sentence", "content": "The result provides a very different perspective on CSAT. Instead of the false precision of the score taken to two decimal places (3.20), the range represented by the confidence interval (i.e., |2.14 - 4.26| = 2.12) spans over half the Likert scale (|1 - 5| = 4, and 2.12 is more than half of 4), calling into question that false precision."}, {"type": "image", "content": "https://miro.medium.com/max/2400/1*bgFoHrtqM6jHs735lSGRUg.png"}, {"type": "sentence", "content": "In this case, the primary reason that the interval is so wide is that it's based on such a small sample, only 10 responses. The law of large numbers tells us that the more responses we get, the closer the point estimate will be to the real CSAT of the overall population and the more narrow the span will be. If our example survey had received 1,000 responses, but the results had the same mean (3.20) and standard deviation (1.48), the CI would be \u00b1 0.09 (instead of \u00b1 1.06 for just 10 responses)."}, {"type": "sentence", "content": "Don't presume that a survey with just 10 responses is merely an academic example, however. Results based on a small number of responses are common, especially when companies analyze their CSAT scores. Quite often, they'll slice aggregate scores by various factors, such as support topic or product category, trying to isolate areas where customer satisfaction is higher or lower. With each slice, the sample sizes get smaller and confidence intervals get wider."}, {"type": "sentence", "content": "Regardless of their size, confidence intervals are important: They remind people that CSAT is an estimate, not an exact score."}, {"type": "subtitle", "content": "Finite population correction"}, {"type": "sentence", "content": "CSAT is designed to measure customer satisfaction with a specific transaction, and companies often know how many customers completed that transaction. If the response rate for a survey is 5% or higher, companies should apply the finite population correction (FPC), which accounts for an increase in accuracy when a relatively large proportion of a population is sampled:"}, {"type": "image", "content": "https://miro.medium.com/max/396/1*KT2DIvaYDxxjpXQHUktWmg.png"}, {"type": "sentence", "content": "where"}, {"type": "sentence", "content": "N = size of the populationn = size of the sample"}, {"type": "sentence", "content": "The formula for the standard error of individual CSAT scores becomes:"}, {"type": "sentence", "content": "\u03c3_\u1e8b = s / \u221an * FPC\u03c3_\u1e8b = s / \u221an * \u221a[(N - n) / (N - 1)]"}, {"type": "sentence", "content": "And the formula for confidence intervals becomes:"}, {"type": "sentence", "content": "CI_(\u2081 - \u03b1) = \u1e8b \u00b1 t_(\u03b1/\u2082, df) * \u03c3_\u1e8bCI_(\u2081 - \u03b1) = \u1e8b \u00b1 t_(\u03b1/\u2082, df) * s / \u221an * \u221a[(N - n) / (N - 1)]"}, {"type": "subtitle", "content": "Period-over-period comparisons"}, {"type": "sentence", "content": "Oftentimes, companies compare CSAT scores on a period-over-period basis to see how customer satisfaction is changing over time. Period-over-period perspectives are especially useful when companies want to track salient changes in trends or they're actively trying to increase their customers' satisfaction."}, {"type": "sentence", "content": "The challenge, however, is knowing when there's a meaningful difference in CSAT scores from one period to the next. Just because one CSAT score is larger (or smaller) than another doesn't mean that there's a real difference in the satisfaction of the two populations."}, {"type": "sentence", "content": "Consider the case where a company is trying to improve its CSAT score. The company tries multiple programs and initiatives before finally seeing their CSAT increase from 2.87 to 3.80. The difference of 0.93 seems significant, but unless the company evaluates the difference in scores from a statistical perspective, they cannot know. If the improvement is real, they can justifiably celebrate their success and invest more heavily in the new initiative. If not, any further investment in that initiative is probably wasted, and continuing down that path would result in missed opportunities to further improve customer satisfaction."}, {"type": "sentence", "content": "Here are the survey results from the two consecutive periods, P\u2081 and P\u2082:"}, {"type": "sentence", "content": "P\u2081: {1, 3, 4, 5, 4, 4, 2, 3, 2, 3, 1, 2, 4, 3, 2}P\u2082: {4, 5, 4, 5, 2, 5, 3, 4, 4, 5, 2, 3, 5, 3, 3}"}, {"type": "sentence", "content": "The resulting CSAT scores with confidence intervals are:"}, {"type": "sentence", "content": "P\u2081: 2.87 \u00b1 0.66P\u2082: 3.80 \u00b1 0.60"}, {"type": "sentence", "content": "While the 0.93 increase from P\u2081 to P\u2082 seems significant, the confidence intervals for both periods overlap, making it difficult to determine whether the difference is statistically significant: If both scores can lie in the 3.20 - 3.53 range, perhaps there's no real difference between periods."}, {"type": "image", "content": "https://miro.medium.com/max/2400/1*NQpwzPBz_P_AXliy7Z5aZw.png"}, {"type": "sentence", "content": "However, we can't rely on confidence intervals around the individual scores to compare them. We need to account for the additive nature of errors (i.e., the combination of the error around P\u2081 and the error around P\u2082). The pooled standard error is the quadrature of the individual surveys' standard errors:"}, {"type": "image", "content": "https://miro.medium.com/max/674/1*gSGDfX8xv8VB5RZJaU2cCw.png"}, {"type": "sentence", "content": "Much like the difference between Euclidean and Manhattan distance, the pooled error is smaller than the sum of individual errors:"}, {"type": "sentence", "content": "\u03c3_pool = \u221a [0.31\u00b2 + 0.28\u00b2]\u03c3_pool \u200f\u200f\u200e= 0.41"}, {"type": "sentence", "content": "As a result, the confidence interval for the difference in CSAT scores is likewise smaller."}, {"type": "sentence", "content": "We start by calculating the difference itself:"}, {"type": "sentence", "content": "\u1e8b_diff = | \u1e8b_p\u2081 - \u1e8b_p\u2082 |\u1e8b_diff = | 2.87 - 3.80 |\u1e8b_diff = 0.93"}, {"type": "sentence", "content": "The formula for confidence interval remains the same, but t needs to account for the fact that the two CSAT scores are based on two surveys, so the number of degrees of freedom increases to (n_p\u2081 - 1) + (n_p\u2082 - 1) = 28:"}, {"type": "sentence", "content": "CI_\u2080.\u2089\u2085 = \u1e8b_diff \u00b1 t_(\u03b1/\u2082, df) * \u03c3_poolCI_\u2080.\u2089\u2085 \u200e= 0.93 \u00b1 2.05 * 0.41CI_\u2080.\u2089\u2085 \u200f\u200f\u200e= 0.93 \u00b1 0.85CI_\u2080.\u2089\u2085 \u200f\u200f\u200e= [0.08, 1.78]"}, {"type": "sentence", "content": "If the resulting confidence interval contains 0, the difference in CSAT scores is not statistically significant (i.e., if the interval could be 0, it's possible that there's no real difference). Conversely, if the interval doesn't contain 0, the difference is statistically significant (i.e., if the interval can't be 0, there must be a real difference)."}, {"type": "sentence", "content": "In this example, the confidence interval (0.08 - 1.78) does not contain 0, so the difference in the CSAT scores is significant."}, {"type": "subtitle", "content": "Multiple comparisons"}, {"type": "sentence", "content": "The technique for period-over-period analysis is really only valid when comparing one survey to another. To compare three (or more) surveys, we'd have to compare each of the surveys with the others: S\u2081 to S\u2082, S\u2081 to S\u2083, and S\u2082 to S\u2083. Because each pairwise comparison has a 95% confidence level, the uncertainty in the overall analysis multiplies rapidly: 95% * 95% * 95% = 86%. As a consequence, the probability for an error - the complement of confidence level - nearly triples, going from 5% to 14%!"}, {"type": "sentence", "content": "Nonetheless, the need to make multiple pairwise comparisons is real. For example, a company might want to evaluate its all-up CSAT score across 12 product categories, hoping to identify the categories where customer satisfaction is especially high or low. But k product categories require \u2211(k - 1) comparisons, so an analysis that subsets CSAT into 12 product categories would require 66 pairwise comparisons. The result would not be tenable."}, {"type": "sentence", "content": "A Tukey HSD (Honestly Significant Difference) test offers one solution. The test evolves from the same family of inferential statistics as the preceding techniques, so the concepts are fundamentally similar, but it controls for the errors that arise when multiple comparisons are made. When the number of surveys in each category is different (n\u1d62 \u2260 n\u2c7c), which is typical, the test uses the Tukey-Kramer method to calculate confidence intervals:"}, {"type": "image", "content": "https://miro.medium.com/max/1054/1*xsog0GoYlC2wJYJJq1uHMg.png"}, {"type": "sentence", "content": "where"}, {"type": "sentence", "content": "q_(\u03b1, k, df) = critical value of q, the studentized range distribution  \u03b1 = 1 - confidence level  k = number of groups  df = degrees of freedom (N - k) N = total sample size MS\ud835\udccc = mean within-group sum of squares (\u2211\u2211(x - \u1e8b)\u00b2 / df)  n = number of surveys in a group i, j = 1, ... , k (i \u2260 j)"}, {"type": "sentence", "content": "The test calculates the difference between every pair of scores as well as a confidence interval. As before, if any of the resulting confidence intervals contains 0, the difference in that pair of scores is not statistically significant."}, {"type": "subtitle", "content": "Truncated intervals"}, {"type": "sentence", "content": "Finally, this article has focused on the techniques most commonly used for surveys principally because they are the techniques most commonly used for surveys, which should help with the initial adoption of confidence intervals for the analysis and reporting of CSAT results."}, {"type": "sentence", "content": "There are multiple alternative ways of calculating confidence intervals, however, including some that address shortcomings of these more familiar approaches. The most obvious of these shortcomings occurs near the upper and lower limits of the Likert scale. Because CSAT surveys are based on fixed discrete scales (e.g., 1-5, 0-5, and so on), scores cannot exist outside of those ranges. The familiar approaches don't enforce that constraint, so their CI formulas can return intervals that extend slightly above or below the allowable range. From a practical perspective, though, it's sufficient to simply truncate the CI at the upper and lower limits of the scale."}, {"type": "subtitle", "content": "The foundation of good analysis"}, {"type": "sentence", "content": "The simplicity of CSAT is deceptive. The survey itself is relatively easy to implement, and raw results are easy to calculate, but interpreting those results requires a much more careful approach."}, {"type": "sentence", "content": "With any survey, there are multiple issues that companies might need to consider: participation bias, geographic bias, survey fatigue, and more. Most of these vary depending on the context of the survey, but one thing that's always true is the need to account for uncertainty in the results. Calculating confidence intervals is essential to putting survey results in the right perspective."}, {"type": "sentence", "content": "Ultimately, the emperor does have clothes: confidence intervals. Without them, though, CSAT is just as naked as the proverbial king and, frankly, not something you should really look at!"}, {"type": "sentence", "content": "Ron Sielinski is on LinkedIn."}], "topic": "data-science", "uuid": "8cbe9001fe81db4dfc669c81c3aa3847d085c693fb4a736f7d2218b3", "link": "https://medium.com/data-science-at-microsoft/csat-an-emperor-with-no-clothes-e1c27a1b93eb"}