{"title": "When a Masterclass Really Isn't a Masterclass", "data": [{"type": "image", "content": "https://miro.medium.com/max/11520/1*TXJPUwEQ09lrDmN7o5yrOg.jpeg"}, {"type": "sentence", "content": "Picture this. You're setting up your working day. Your eyes try not to drown in the flood of unopened inbox emails, each bringing a new \"to do\" for the ever-growing list for the weekend and beyond."}, {"type": "sentence", "content": "Yes, it's Saturday. Because what better time to get a headstart on the week than on a day that should conventionally be devout to relaxing?"}, {"type": "sentence", "content": "Your eyes pinpoint a subject line lifeboat: \"[free masterclass]\"."}, {"type": "sentence", "content": "Free? How can a masterclass be free? The mere curiosity of it has you piqued. But you hold off from this distraction for the time being."}, {"type": "sentence", "content": "Fast forward to the following Monday and a few more lifeboats had emerged from the same captain. You ask yourself questions such as:"}, {"type": "sentence", "content": "Will the time I spend be worth the information I gain?"}, {"type": "sentence", "content": "Should I take this chance to improve myself and my future career prospects?"}, {"type": "sentence", "content": "Can what has been promised really be delivered in a free masterclass?"}, {"type": "sentence", "content": "And you decide to register for a spot in Wednesday's masterclass. After all, today is the \"last chance\" to sign up for it."}, {"type": "sentence", "content": "Wednesday arrives and the masterclass is underway. It's about 30 minutes into the one-hour session, and you are still eagerly holding out for the promised strategies and systems that when applied, will transform you into a lucrative writing machine. It's now nearing three-quarters in and you've noticed that the majority of talk has surrounded the individual's success and their beliefs about cultivating it. Still nothing about how to carry out this success for yourself. It was at this moment, it dawned on you..."}, {"type": "sentence", "content": "This was not a masterclass; this was a sales presentation."}, {"type": "sentence", "content": "Surprise! This recently happened to me."}, {"type": "sentence", "content": "I am a self-employed writer trying to up their game in certain areas, and when I see a trusted industry expert claiming to offer anything free that could help me achieve my goals, I'm usually a moth to the flame. But I find it infuriating when a masterclass promises actionable takeaways that can be immediately applied, only to slap me with a price tag before that can actually happen."}, {"type": "sentence", "content": "Free masterclasses might as well be called teaser trailers for the paid show. They only reveal the tip of the iceberg of what tuned in audiences need to know while wasting precious time that could have been spent doing something of greater value."}, {"type": "sentence", "content": "There are exceptional online courses, learning communities, and masterclasses out there that do deliver what they promise. There are even online courses on how to make successful online courses. And yes, these all usually come with a price tag that reflects their merit and the undeniable effort that has been put into them."}, {"type": "sentence", "content": "From my experience of subscribing to the hype of getting \"something for nothing\", there are clear signs that show when a masterclass isn't really a masterclass. In the interest of saving time and disappointment, I have collected my findings below, along with some points to consider while formulating your judgment."}, {"type": "subtitle", "content": "Before Clicking In"}, {"type": "sentence", "content": "Any well-marketed masterclass (or a sales presentation in disguise) is bound to have a series of preempting emails (if you are opted in to receive them) and social media posts, along with online content to review about it before launch time. It is here where you can find the following indicators that it might not be a masterclass after all."}, {"type": "subtitle", "content": "Check how long it lasts"}, {"type": "sentence", "content": "Any good entrepreneur knows that to promote during the lead-up to a big event, you don't sell the sausage; you sell the sizzle. So it would be unrealistic to expect a full breakdown of what will be covered in the masterclass beforehand."}, {"type": "sentence", "content": "However, if it lasts anywhere between 30 minutes and an hour, and claims to cover a lot of ground or teach you something quite substantial, then you can assume it's not a masterclass."}, {"type": "subtitle", "content": "Check if the instigator has launched anything new online"}, {"type": "sentence", "content": "The pandemic has allowed a majority of us to realize the flexibility, cost-effectiveness, and convenience of online training, which in turn drove a number of technical advances within the e-learning space."}, {"type": "sentence", "content": "In 2020, 82% of the globe turned to YouTube for access to self-learning content."}, {"type": "sentence", "content": "Setting up a relevant online course is a proven way to turn expertise into an additional profit, and is advocated by some of the leading entrepreneurs within the marketing space. And with the worldwide e-learning market projected to be worth $325 Billion in 2025, it's no wonder that entrepreneurs, experts, and educators would invest in making their own online courses."}, {"type": "sentence", "content": "Checking their (or their company) websites and social platforms is your best bet at unveiling what the \"masterclass\" might have been calculatedly designed for."}, {"type": "subtitle", "content": "Check online if there are any reviews"}, {"type": "sentence", "content": "When in doubt, look to social proof. The amount of social media users stood at a colossal 4.2 billion worldwide at the start of 2021, so, of course, businesses and entrepreneurs are there promoting their wares. And so too will be those who have already tried and tested them to give you their honest two cents."}, {"type": "sentence", "content": "Did you happen upon news of this masterclass on an Instagram reel? A Facebook ad? A tweet? A LinkedIn post? You get the idea."}, {"type": "sentence", "content": "From my experience, people often leave reviews for two reasons:1. They are pleasantly surprised.2. They are bitterly disappointed."}, {"type": "sentence", "content": "Both reasons are fuelled by emotion and the need to influence and guide others. Perhaps viewers have even taken the liberty of creating new posts that could be tracked down with hashtags with the masterclass name in them, or other popular ones from the specific niche it is in. There may even be a review left on the provider's website."}, {"type": "sentence", "content": "It's easier to spot a legitimate masterclass or course from it being hosted on reputable learning platforms out there. And with those come equally reputable online businesses giving their trusted reviews of them."}, {"type": "subtitle", "content": "Noticeable Trends"}, {"type": "sentence", "content": "For those who actually have free time in the working day to dedicate to their own personal and professional development, I both greatly commend and deeply envy you."}, {"type": "sentence", "content": "If you do decide to use this time to observe, then there are certain noticeable trends to look out for, which make it abundantly clear that what you are consuming is in fact not a masterclass."}, {"type": "subtitle", "content": "The overcrowding of personal storytelling"}, {"type": "sentence", "content": "Here is a rough estimate of the content levels within the recent example I referenced at the start:"}, {"type": "sentence", "content": "I was reminded here of Writer, "}, {"type": "sentence", "content": ""}, {"type": "sentence", "content": "I thought this a useful comparison to masterclass providers as, akin to writers if the majority of their offering is filled with a personal backstory, it will run the risk of boring and losing its audience. In the context of structuring a masterclass, this sort of content could also convey a lack of overall value and willingness to share the more important content that the audience tuned in for."}, {"type": "sentence", "content": "It certainly did with me."}, {"type": "subtitle", "content": "The lack of useful content"}, {"type": "sentence", "content": "Promising that there will be certain points covered in each section of the masterclass, instills some hope that you, the viewer, will actually finish it having actually learned something. Usually for me, however, I just leave learning that I have tried to be sold to."}, {"type": "sentence", "content": "The use of certain persuasive language in sales patterns can \"sell the sizzle\" and make audiences believe they are getting the sausage - or a part of it, at least."}, {"type": "sentence", "content": "Be careful not to fall for appetizing sizzling sounds."}, {"type": "subtitle", "content": "The almost predictable lack of actionable takeaways"}, {"type": "sentence", "content": "Despite giving a brief of what will be talked about at the beginning and an overview of what has been talked about toward the end (before the big sell), that is all that has usually been done, a lot of talk."}, {"type": "sentence", "content": "They might think it sounds helpful but it really comes across as rambling. And what the audience believes to be an actual lesson provided by a reputable and trustworthy source, now reveals itself as an intricate web, spun in just the right way to keep them blissfully unaware that they are actually the spider's product to be sold to."}, {"type": "sentence", "content": "Be sure to have a pair of scissors at the ready before you decide to tune in."}, {"type": "subtitle", "content": "Final Thoughts"}, {"type": "sentence", "content": "Ultimately, even if a masterclass isn't really a masterclass, it all boils down to the amount of value it imparts to the individuals tuning in. Some might feel that the content shared - and in most cases reiterated - was valuable enough to want to invest money into the full product or service advertised in the ending call to action."}, {"type": "sentence", "content": "It is important to remember that in the long run, those who provide these so-called \"masterclasses\" are wanting to contribute a helpful service to the world. However, people buy from people, and tactics like these actually end up creating a very dishonest image. It's vital to be upfront and honest to the communities we create, as not to abuse their trust in the interest of upping sales."}, {"type": "sentence", "content": "Those of us - like me - who aren't in the position to pay out, feel cheated out of time that could have been spent doing something more beneficial, like developing a side hustle, nurturing a craft, or even taking small, actionable steps toward forming a long-term habit."}, {"type": "sentence", "content": "So, the next time such a tantalizing finger trigger pops up on your screen, I hope you're able to make the right call. Because, let's face it, when a masterclass isn't a masterclass, it's just a lengthy advertisement in disguise."}, {"type": "sentence", "content": "Thank you for reading. If you enjoyed this story, feel free to connect and keep in touch. Or if you're feeling really generous, you can buy me a boost \u2728 here."}], "topic": "education", "uuid": "8dc068c8045c52c4c5c19ae1fddb8a066a94ad7c1ea3dad01babc3ae", "link": "https://bettermarketing.pub/when-a-masterclass-really-isnt-a-masterclass-ad62b4d323f9"}