{"title": "This Is How Reading Rewires Your Brain, According to Neuroscience", "data": [{"type": "sentence", "content": "We all know reading can teach you facts, and knowing the right thing at the right time helps you be more successful. But is that the entire reason just about every smart, accomplished person you can think of, from Bill Gates to Barack Obama, credits much of their success to their obsessive reading?"}, {"type": "sentence", "content": "Not according to neuroscience. Reading, science shows, doesn't just fill your brain with information; it actually changes the way your brain works for the better as well."}, {"type": "subtitle", "content": "The short- and long-term effects of reading on the brain."}, {"type": "sentence", "content": "This can be short term. Different experts disagree on some of the finer details, but a growing body of scientific literature shows that reading is basically an empathy workout. By nudging us to take the perspective of characters very different from ourselves, it boosts our EQ. This effect can literally be seen in your brain waves when you read. If a character in the book you're reading is playing tennis, areas of your brain that would light up if you were physically out there on the court yourself are activated."}, {"type": "sentence", "content": "Another line of research shows that deep reading, the kind that happens when you curl up with a great book for an extended period of time, also builds up our ability to focus and grasp complex ideas. Studies show that the less you really read (skim reading from your phone doesn't count), the more these essential abilities wither."}, {"type": "sentence", "content": "But what about the long-term? What does all that time spent mastering your letters as an elementary school student do to your brain? A recent article by The WEIRDest People in the World author and Harvard professor Joseph Henrich sums up the answer to these questions nicely."}, {"type": "sentence", "content": "The whole piece offers an account of how the Protestant reformation led to a huge increase in literacy rates. You don't have to care about the historical details (the research is super interesting if you do) to find Henrich's explanation of how learning to read permanently rewires our brains fascinating:"}, {"type": "sentence", "content": "No one is going to quiz you on brain anatomy, so you probably don't need to memorize the specifics here. But the overarching picture is worth remembering."}, {"type": "sentence", "content": "Reading isn't just a way to cram facts into your brain. It's a way to rewire how your brain works in general. It strengthens your ability to imagine alternative paths, remember details, picture detailed scenes, and think through complex problems. In short, reading makes you not just more knowledgeable, but also functionally smarter. Which is why the only thing that everyone you admire can agree on is that you should read more."}, {"type": "sentence", "content": "This post originally appeared on Inc.com."}], "topic": "neuroscience", "uuid": "8e645503a9f4e816f0aed557963ee741d625b60f1c343dc15b58f629", "link": "https://entrylevelrebel.medium.com/this-is-how-reading-rewires-your-brain-according-to-neuroscience-132fcc26307b"}