{"title": "Freedom tree case study: Flipping for a decade", "data": [{"type": "subtitle", "content": "Team members"}, {"type": "sentence", "content": "Raageshwari Kandaswamy | Shreya Dhar | Sindhura Palakandla | Maitreyi Mandrekar | Reshma Tomy"}, {"type": "subtitle", "content": "| Brief: A Decade in Design"}, {"type": "sentence", "content": "How will we end off the year and maybe even document Freedom Tree? Our beginnings, team, journey, design resources? The project travels through how the brand completed a decade in a design and evolution of themes and concepts."}, {"type": "subtitle", "content": "| About Freedom Tree"}, {"type": "sentence", "content": "\" Based in the gritty industrial heart of Mumbai, Freedom Tree is a Design and Color strategy studio. Our niche consulting practice has grown into joyous home stores in Bengaluru, Goa, Mumbai, and an online presence. We bring to you, versatile pieces that celebrate the modern Indian sensibility that has a global appeal.\""}, {"type": "subtitle", "content": "| Concept exploration"}, {"type": "sentence", "content": "To come up with a theme and impactful concept for the publishing design, we explored several concepts :"}, {"type": "subtitle", "content": "Concept 1 : Reflection"}, {"type": "subtitle", "content": "Concept 2 : Freedom of Expression"}, {"type": "subtitle", "content": "Concept 3 : The Germination of Freedom Tree"}, {"type": "subtitle", "content": "Concept 4 : Story time with Freedom Tree"}, {"type": "subtitle", "content": "Discussion"}, {"type": "sentence", "content": "The team and Freedom tree collectively went for Freedom of expression as it would be the best medium to document the life of the Freedom tree."}, {"type": "subtitle", "content": "Freedom of Expression"}, {"type": "sentence", "content": "Freedom Tree celebrates freedom of expression, freedom of thought, and freedom of being you. The feeling translates in the striking designs, vivid colors, and eye-catching patterns that travel seamlessly across multiple surfaces and elements.Hence, 'Freedom of Expression' is about celebrating the craziest of emotions while bursting with passion. This made us wonder if we could bring the concept into a publication. Why do pages of a book have to follow a rule?Can Freedom of expression move seamlessly across the pages of the book?"}, {"type": "subtitle", "content": "The content and the Concept"}, {"type": "sentence", "content": "The concept topics were built according to the comments and reviews that were left by the customers after rummaging intensely through Freedom Tree's social media and pages of Google search. The adjectives that caught our eye were highlighted, segregated according to categories, and then shortlisted to the top ten concept ideas we found befitting in the context of the brief."}, {"type": "subtitle", "content": "TONE OF VOICE"}, {"type": "sentence", "content": "We noticed that Freedom Tree has a poetic tone of voice when talking about its brand, in their blog, and while communicating to their audience about their products.We chose to maintain the same approach as we are aiming to create a product by Freedom Tree."}, {"type": "subtitle", "content": "Shortlisted Concepts"}, {"type": "image", "content": "https://miro.medium.com/max/1448/1*N8pqEjNEqse2O22HcSYltw.png"}, {"type": "sentence", "content": "We came up with a list of twenty-two concepts supporting our topic of agglomerating stories told through the lenses of the audience. Many of which were coinciding were combined while some eliminated. By the end of this process, we had ten solid concepts to work upon covering everything that Freedom Tree does, starting from them breathing a new life into user's space to a climactic timeless end."}, {"type": "sentence", "content": "These were then mailed for feedback and to our relief we got a thumbs up. Now, a reply awaits for approval to one of the multiple concept names as well as content we came up with!"}, {"type": "subtitle", "content": "| Book Construction"}, {"type": "subtitle", "content": "Making it Handmade"}, {"type": "sentence", "content": "At Freedom Tree, everything is handmade right from the prints to the ceramics and fabrics, all made with extreme precision and skill. So our group was given a suggestion to make the publication representing Freedom Tree's decade by hand and showing the skills of our group through the paper cutting, painting, and stitching and representing Freedom Tree's uniqueness through ours."}, {"type": "subtitle", "content": "Book"}, {"type": "sentence", "content": "The book is divided into ten sections for ten years of Freedom Tree. Each section talks about different kinds of experiences customers had while exploring what Freedom tree has to offer for their homes.Keeping the theme of 'Freedom of Expression' in mind, each section explores each experience in its own direction, with no limits to the kind of materials used. Instead of a pure digital print, the book would largely be made of a combination of printed elements as well as physical material including fabrics, threads, paint, wood, seed paper and so much more.Using a combination of physical and digital elements helps to better represent the contemporary as well as a bold and eclectic image of Freedom Tree."}, {"type": "image", "content": "https://miro.medium.com/max/2380/1*-yxNZk7sURMUj9RmxXWS9A.png"}, {"type": "sentence", "content": "The sections will be bound together using a kettle stitch bind. The method of hand binding the book will create the emotions of reading an old story."}, {"type": "image", "content": "https://miro.medium.com/max/2880/1*zj6B-Nf_szSEglXTQq-Ejg.png"}, {"type": "subtitle", "content": "| Content Description"}, {"type": "subtitle", "content": "1.Breathing a new life (A6 size)"}, {"type": "sentence", "content": "Breathing a new and fresh life for home d\u00e9cor Freedom tree is like the earthy smell before the rains. Freedom Tree has grown from a seed to a tree in a decade (2010-2020). A seed is a messenger of the past and holds the promise of tomorrow. Freedom Tree has grown from a seed to a seed collection (2020)."}, {"type": "image", "content": "https://miro.medium.com/max/2880/1*1AJ7PMOa6EYzcByyGy8Qvw.png"}, {"type": "subtitle", "content": "2.A Storytelling Masterpiece(A6 size)"}, {"type": "sentence", "content": "Through the juxtaposition of the real threads on top of the story piece by us, we depict how Freedom Tree inculcates a very unique and personal style of storytelling through their products. The Cut panels inside would narrate their story in parts and when combined together, it will form the entire world of storytelling that Freedom Tree has woven so intricately with their thread of illustrations, content, and products."}, {"type": "image", "content": "https://miro.medium.com/max/2880/1*tBkN8-V5WwXFzWUNspRnrQ.png"}, {"type": "subtitle", "content": "3.Contemporary Folklore"}, {"type": "sentence", "content": "This concept talks about how Freedom Tree inspired by historical locations and traditions. The idea is to use Cloisonne art with Freedom Tree's prints from Under the Southern Sun collection, to combine the traditional aspect along with contemporary colors and patterns, which is very much in tune with Freedom Tree's design language"}, {"type": "image", "content": "https://miro.medium.com/max/2880/1*uKiaJ-MZEcyHiLCdoeFKMg.png"}, {"type": "subtitle", "content": "4.Medley of Colours"}, {"type": "sentence", "content": "This concept portrays the colorful collections inspired by nature. The concept quenches one's thirst for colors and freedom to the soul. The eight holes are the peeping hole to the world of colors and one that opens it looks like small embroidered patterns of various colors. The user who touches the tactile patterns feels away from the noisy world and immerses his senses in touching the threads of colors."}, {"type": "image", "content": "https://miro.medium.com/max/2880/1*HKlDDDisiGz-wJv52byYYw.png"}, {"type": "subtitle", "content": "5.Evolution of the Humdrum"}, {"type": "sentence", "content": "Freedom Tree is known for transforming homes and spaces from monotonous walls to a colorful and enriching experience. The pages of this section aim to reflect just like that."}, {"type": "sentence", "content": "The grey-colored pages represent the dullness of spaces. Each page is cut out to act as a window or a frame for the words. As each page is turned, the section experiences the evolution of Freedom Tree does with space, from something so mundane to colorful and sublime."}, {"type": "image", "content": "https://miro.medium.com/max/2880/1*xUeF8DSn9Mw1o_Xhvgq-eQ.png"}, {"type": "subtitle", "content": "6.A Cheerful Home"}, {"type": "sentence", "content": "Freedom Tree makes spaces cheerful and happy. With the colors and patterns of Freedom, Tree home feels more comfortable and safe. This shows how different product of Freedom Tree when come together, make a beautiful space, which is cheerful and comfortable."}, {"type": "subtitle", "content": "7.The Whimsical Route"}, {"type": "sentence", "content": "This concept portrays the offbeat unexpected products we are not used to seeing, in a collage form. The collage looks unconventional and whimsical but different materials come together to weave a design."}, {"type": "image", "content": "https://miro.medium.com/max/2880/1*0Cb3CGGnc8HwqYpNQn2R1g.png"}, {"type": "subtitle", "content": "8. Going the Extra Mile"}, {"type": "sentence", "content": "Freedom Tree has always had an edge over its competitors and has always been effortless while standing out from the crowd.The title spilling over the pages expresses the ongoing feeling of being different from the rest. The crowd houses with one house standing out is straightforward and show how the brand has been successful over the years to be distinct."}, {"type": "image", "content": "https://miro.medium.com/max/2880/1*WUvBfsqmEBhGnnVHK6IU-Q.png"}, {"type": "subtitle", "content": "9. Quaint, yet so Happening"}, {"type": "sentence", "content": "Quaint is nothing but unusual, old-fashioned beauty. Freedom Tree as a brand has always been unusual and somewhat magical (almost fairytale-like), transforming houses over the decade with their beauty.Trees are always to be found magical. The hand represents creativity and handmade. The hand is growing out of a tree that has just been potted and has a long way to go. The threads and the fabricated patterns are an integral part of the Freedom Tree's identity. The pot depicts the phrase \"melting pot\" (Melting pot is a phrase used for a place where mixed together)."}, {"type": "image", "content": "https://miro.medium.com/max/2880/1*bIoQ_KK5PYoT084FcGMWzA.png"}, {"type": "subtitle", "content": "10.A Timeless Beauty"}, {"type": "sentence", "content": "Freedom tree strives to be relevant to all its ages, starting from their earliest buyers who might now be sixty years old to their youngest buyers from the generation. A Freedom Tree product never gets old and hence remains ageless."}, {"type": "sentence", "content": "Also, every design starts from the very basic sketching in monochromes, and the only thing constant throughout the varying ideas, colors and styles is the fact that monochromes remain a binding point and survive through the ravages of time filled with evolving ideas. Monochromes are eternal/timeless and ages like red wine, much like Freedom Tree."}, {"type": "image", "content": "https://miro.medium.com/max/2880/1*m1H6lBT9-HFTu6N2Dri36Q.png"}, {"type": "subtitle", "content": "| Final Flatplan and Content"}, {"type": "subtitle", "content": "1. Breathing a New Life"}, {"type": "subtitle", "content": "Content"}, {"type": "sentence", "content": "\"Breathing a new life\"A seed is a messenger of the past and holds the promise of tomorrow.A seed one decade old,now, a tree 10 years young.The seed of color and patternsnow, a tree of beautiful collections,A timeless tale,like grandmothers' storytime,Nurturing life and celebrating the energy within, with designs that are an ode to nature and the humble keepers of life"}, {"type": "image", "content": "https://miro.medium.com/max/2880/1*NL_of4t90OvHRB4G9t2VMA.png"}, {"type": "subtitle", "content": "2. A Storytelling Masterpiece"}, {"type": "subtitle", "content": "Content"}, {"type": "sentence", "content": "Under the roof of the Southern Sun,in a land far away,with undulating lines weaving and paving a way to strong waves,Lies a seed.The seed is sown in Spring,now promising a canopy of shade for the tigers, It branches dancing to the Earth's songand the thread of Flowers blooming, \udbc0\udc01\udbc0\udc02\udbc0\udc03\udbc0\udc04\udbc0\udc05\udbc0\udc06\udbc0\udc07\udbc0\udc08\udbc0\udc02\udbc0\udc09\udbc0\udc03\udbc0\udc04\udbc0\udc0a\udbc0\udc03\udbc0\udc07\udbc0\udc06\udbc0\udc0b\udbc0\udc06\udbc0\udc07\udbc0\udc06\udbc0\udc02\udbc0\udc0c\udbc0\udc06\udbc0\udc0dNear the wilderness, is another concrete jungle, with smaller settlements. Escaping into the pocket of Greenfields are people cycling and meeting their friends. And when night time strikes,There's no sliver of gloombut only hopes of a cheerful tomorrow,as they bathe in the glory of the Red moon.All is well in the land of Narration, we lovingly call it Freedom Tree."}, {"type": "image", "content": "https://miro.medium.com/max/2880/1*70ibhacAz-I5yiDkoiuCYg.png"}, {"type": "subtitle", "content": "3. Contemporary Folklore"}, {"type": "subtitle", "content": "Content"}, {"type": "sentence", "content": "Ages of stories untold,Albums of memories passed on.History lives on through thecolors dancing in our eyes,While reminiscent beauty strumson the strings of our hearts.Gravitating towards an aura of magic, We're tickled by the mystique of culture, \udbc0\udc1f\udbc0\udc01\udbc0\udc11\udbc0\udc12\udbc0\udc08\udbc0\udc02\udbc0\udc09\udbc0\udc03\udbc0\udc08\udbc0\udc02\udbc0\udc03\udbc0\udc11\udbc0\udc12\udbc0\udc06\udbc0\udc03\udbc0\udc1b\udbc0\udc01\udbc0\udc09\udbc0\udc02\udbc0\udc08\udbc0\udc15\udbc0\udc06\udbc0\udc02\udbc0\udc0c\udbc0\udc06\udbc0\udc03\udbc0\udc04\udbc0\udc0a\udbc0\udc03\udbc0\udc07\udbc0\udc08\udbc0\udc0c\udbc0\udc12\udbc0\udc03\udbc0\udc0a\udbc0\udc04\udbc0\udc16\udbc0\udc13\udbc0\udc16\udbc0\udc04\udbc0\udc07\udbc0\udc06\udbc0\udc0dFamily wound by traditionThoughts enlightened through tradition Contemporary inspired by traditionFreedom Tree at the pinnacle of culturally inspired creativity."}, {"type": "image", "content": "https://miro.medium.com/max/2880/1*S6LFKT2pPTaFSBVIh-41AA.png"}, {"type": "subtitle", "content": "4. Medley of Colours"}, {"type": "subtitle", "content": "Content"}, {"type": "sentence", "content": "It's the crack of dawn,I draw my green curtains to the right,The vigor of life balanced by my cream-stained walls. An orange hue enters, supporting a gracious light.I love to marry the vivid colors of freshnesswhen I arrange my breakfast bowl of chocolates, peaches, and lemons.Vibrant amber throws enveloping my bright Fuchsia couches, a calming sage,hinting a life beginning anew in my living's beige.The nearby market overpowered by surprisingly bright colors,Shine subsumed into everyday simplicityExperiencing the serendipitous joy of living in a palette, embracing colors every day, with Freedom Tree. At Freedom Tree, the vigor of life is reflected in vivid colors and natural hues.Folks say a picture speaks louder than words but here at Freedom tree we paint a picture, capture a moment, a smell, a scene in a a handful of colors."}, {"type": "image", "content": "https://miro.medium.com/max/2880/1*IROvceDINrvC_hEijWCpAw.png"}, {"type": "subtitle", "content": "5. Evolution of the Humdrum"}, {"type": "subtitle", "content": "Content"}, {"type": "sentence", "content": "Tired people, monotonous routines, bland flavor.Stuck on an uninspiring endless loopEncapsulated by mind-numbing boredom.A polychromatic thought dances around in our minds. A field of bright flowers doesn't have to be a fantasy. Let the power of color wash over you,And sing in hues of joyPale colors, dry air, mundane existenceSliding down a desaturated rainbow that seems to drag on for forever.Maybe that's the biggest danger of all.Being scared about evolution.We dream about an escape from the humdrum of life When life can be celebrated with a confetti cannonSometimes a flush of Freedom Tree is all you need to transforma seemingly dull wallto a sublime piece of art."}, {"type": "image", "content": "https://miro.medium.com/max/2880/1*cAcydeeYSUP029Oe7hyJXQ.png"}, {"type": "subtitle", "content": "6. A Cheerful Home"}, {"type": "subtitle", "content": "Content"}, {"type": "sentence", "content": "A space that I call mine,my cozy corner in my safe haven,The colors make me feel more at home,a home close to nature,a home I call my space.The patterns make me nostalgic,taking me on a journey of beautiful memories, memories close to my heart,memories I call my space.I call it my space,A haven so safe,it feels comfortable like my mothers' lap,just after a tiring day's nap.A medley of abstract lines, handsome checks, and florals that feel like a warm blanket on a chilly night. Freedom Tree's impeccable craftsmanship and comforts my space."}, {"type": "image", "content": "https://miro.medium.com/max/2880/1*iS-_i-Ffed7sStIIqbUKJA.png"}, {"type": "subtitle", "content": "7. The Whimsical Route"}, {"type": "subtitle", "content": "Content"}, {"type": "sentence", "content": "Offbeat, Unmatched yet the right balance,"}, {"type": "sentence", "content": "we trip to our own tunes"}, {"type": "sentence", "content": "Our dreams carry us to different worlds in"}, {"type": "sentence", "content": "a labyrinth of unconventional art,"}, {"type": "sentence", "content": "a myriad of boundless activities"}, {"type": "sentence", "content": "Come, lets wander onto a whimsical route"}, {"type": "subtitle", "content": "8.Going the Extra Mile"}, {"type": "sentence", "content": "Why does the Freedom tree stand out from the crowd? What's unique about it?A gentleman once came to our Goa store and said that a store is a happy place, so I'm going to use his words and say that Freedom Tree is a happy place that is more about the customers than anything else.\"a home is not where you come back to sleepit's where you come back to feel alive.a home is not a place to store your worries,it's a place to let your happiness thrive.So we let your homes be the reason you smileAnd for that, we are ready to go the extra mile."}, {"type": "image", "content": "https://miro.medium.com/max/2880/1*ItVp5YF3dJkom94SrZHR8g.png"}, {"type": "subtitle", "content": "9. Quaint, yet so Happening"}, {"type": "subtitle", "content": "Content"}, {"type": "sentence", "content": "Quaint is a small wooden cottage filled with snuggly nooks,"}, {"type": "sentence", "content": "A table cloth your grandma sewed, the dusty, well-loved books. Quaint is a candlelit dinner, quilts on a canopy bed,an arch of blooming roses high above your head.Quaint is charming, old-fashioned an echo of days gone by.The magic of modern life is convenient but quaint shall never die.At Freedom tree, we make everything handmade andan object that's handmade is a gift not replaced,Entrapping sweet memories, that can't be erased.The time and talent that goes into a patterned fabric or thread Are where the real gift lies, Made with two hands and the beauty of one's eyes."}, {"type": "image", "content": "https://miro.medium.com/max/2880/1*ZLP2xvnpBmy-eW9R1CEyOA.png"}, {"type": "subtitle", "content": "10. A Timeless Beauty"}, {"type": "subtitle", "content": "Content"}, {"type": "sentence", "content": "When we met the spokesperson of Freedom Tree, he said: \"We deliver happiness & we achieve it by repeat orders from our existing customers.\"The quest of delivering an ageless design language through times is representative of who we are,Be it rooted in a cultural nuanceor the Modern India we are living in.From a 'beauty to behold' for our oldies to a 'trendy work of art' for our youth,An heirloom for some,and for many a gallant display,Striving to provide a piece for life,We are who we are because,"}, {"type": "sentence", "content": "if we age, we do it like fine wine and yet"}, {"type": "sentence", "content": "We remain young at heart.A Timeless beauty, indeed."}, {"type": "image", "content": "https://miro.medium.com/max/2880/1*Xign4GZRShTH6_gf2Sx2ug.png"}, {"type": "subtitle", "content": "| Design"}, {"type": "subtitle", "content": "1.Breathing a new life"}, {"type": "image", "content": "https://miro.medium.com/max/2880/1*dkizdLoYn-imfFGE_gmvEg.png"}, {"type": "subtitle", "content": "2.A Storytelling masterpiece"}, {"type": "image", "content": "https://miro.medium.com/max/2880/1*PgnjYVulmUXj1WBWOKGDoA.png"}, {"type": "subtitle", "content": "3.Tradition meets Trend"}, {"type": "image", "content": "https://miro.medium.com/max/2880/1*u07g7_j79RIan9WHyhgQFw.png"}, {"type": "subtitle", "content": "4.Medley of colors"}, {"type": "image", "content": "https://miro.medium.com/max/2880/1*336i3wr4bTukRhfd0QJzUA.png"}, {"type": "subtitle", "content": "5.Mundane to sublime"}, {"type": "image", "content": "https://miro.medium.com/max/2880/1*NAuHHa9kpB-_dkNhFJnPwQ.png"}, {"type": "subtitle", "content": "6.A Cheerful Home"}, {"type": "image", "content": "https://miro.medium.com/max/2880/1*w2w-42wp-OGEJHJ7-mzLHA.png"}, {"type": "subtitle", "content": "7.The Whimsical route"}, {"type": "image", "content": "https://miro.medium.com/max/2880/1*4wQ-XbfnhISFwRj7gLcRjA.png"}, {"type": "subtitle", "content": "8.Going the extra mile"}, {"type": "image", "content": "https://miro.medium.com/max/2880/1*fjBnGVk_u6uW4n0jSBI9YQ.png"}, {"type": "subtitle", "content": "9.Quaint yet so happening"}, {"type": "image", "content": "https://miro.medium.com/max/2880/1*3rB0ag7gD_6GA83ulQzrrA.png"}, {"type": "subtitle", "content": "10.Timeless piece"}, {"type": "image", "content": "https://miro.medium.com/max/2880/1*L_OszSZlbNhtcDwvT0ENxA.png"}, {"type": "subtitle", "content": "| Book cover, Packaging and Binding"}, {"type": "subtitle", "content": "Content"}, {"type": "sentence", "content": "As life slowed down in the spring of this year, we found joy in the little things. The world as one looked for escaping the ordinary in little ways, seeking pleasure in the everyday mundane.The situation that we were unintentionally thrown into forcibly paused our lives and coerced us into taking deep breathes and re-evaluate what really matters. 'Through the Eyes of You' is an anthology of ten short stories narrated to take you through our journey of ten glorious years, showcasing what we really are grateful for and what has stood the test of time: the support from our loving customers.As we close in on a decade of filling your lives with color, we would like to take this opportunity to thank you by crafting this book as a token of gratitude for the continued patronage from your side. All the lovely messages we have received over the decade paved the way and solidified the idea of having a book about what 'you think of our brand. Thank you for joining us on our journey of creating spaces that bring you happiness, and contributing to a pivotal role in our growth. Freedom Tree will continue to make sure to bring out the light in your homes with hypnotical stories from around the country through all of our products."}, {"type": "image", "content": "https://miro.medium.com/max/2868/1*EPKfJOAVQKhPRQSAzVktlg.png"}, {"type": "subtitle", "content": "Typography"}, {"type": "image", "content": "https://miro.medium.com/max/4604/1*uMUdRy1OGvzHTasoYZfZig.png"}, {"type": "subtitle", "content": "Binding"}, {"type": "sentence", "content": "After the booklets were ready, we performed kettle stitch to bind them together."}, {"type": "subtitle", "content": "| Final Look"}, {"type": "sentence", "content": "The design was worked up in terms of what materials could be explored and how that material could bring forth the same emotion as the content of the book.After reiterating several times, here is the final look of the ten mini books that makes up the publication consolidating ten years if Freedom tree!"}, {"type": "sentence", "content": "Time to celebrate the final look and interesting behind the scenes"}, {"type": "image", "content": "https://miro.medium.com/max/2800/1*rA2FM0s4ghK6jx_P5yi0iw.gif"}, {"type": "sentence", "content": "Check out our portfolio :"}, {"type": "subtitle", "content": "Happy Reading!"}], "topic": "design", "uuid": "8f2f1b63f33568c9b804a94c0070214cce3f2e4b0d5ebe5b46323659", "link": "https://raagarox.medium.com/freedom-tree-case-study-flipping-for-a-decade-a0195eab1fc2"}