{"title": "UI/UX Case Study: Designing Mae's Cookbook, a product that provides food recipes for users.", "data": [{"type": "image", "content": "https://miro.medium.com/max/9120/1*bOkh13d_xdNvFQ1mvpUfsA@2x.jpeg"}, {"type": "sentence", "content": "\"Food, as a form of art is unique in many ways. Just like painting appeals to our sense of sight, and music appeals to our sense of hearing, food, when created at its best, appeals to all five senses at once. Textures, flavors, colors, and aromas of ingredients used greatly influences the overall taste of a meal.\" For some, cooking is an highly enjoyable task while for some others like myself, it's a tiring chore. However, when we think of cooking as an art practice or project than a chore it becomes a much more enjoyable process. To eliminate one of the factors that contribute to us seeing cooking as a chore, I designed a mobile application that walks you through the process of cooking a meal successfully and provides an opportunity for users to share their creative work of art."}, {"type": "subtitle", "content": "Introducing Mae's Cookbook"}, {"type": "sentence", "content": "The creation of Mae's cookbook is fueled by the desire to provide a database of recipes where users can have a directory of their favorite meals. To make the UX more extended, it allows users to search for its recipes by the supplies they have, preferred cuisine types, occasion and more"}, {"type": "sentence", "content": "The application layout is structured around intuitive navigation, high readability and eye catching background. However, it is enough to give users a product that solves their problem but much more better when you give users product that solves their problems according to their specific needs"}, {"type": "image", "content": "https://miro.medium.com/max/5724/1*DKXOOfwOptMREChoK-kzBA@2x.jpeg"}, {"type": "subtitle", "content": "How does Mae's Cookbook help?"}, {"type": "subtitle", "content": "Users: Mapping Needs and Priorities"}, {"type": "sentence", "content": "Initially, I conducted interviews asked participants, \"What if you had someone to walk you through the process of cooking your desired meal every time?\" and \"What benefits will a food recipe app bring to you?\""}, {"type": "image", "content": "https://miro.medium.com/max/4920/1*SagDciO0M0ZtsUlrlTd22A@2x.jpeg"}, {"type": "sentence", "content": "Through this, I arrived at the following:"}, {"type": "sentence", "content": "From here, I reframed my challenge into this question"}, {"type": "sentence", "content": "Understanding the users, their desires, and preferences is a step closer to designing important screens, crafting the perfect delivery process, and solving the outlined process within the app."}, {"type": "image", "content": "https://miro.medium.com/max/2448/1*dhdHdEYLPk8TyQ8TdHSH1Q@2x.jpeg"}, {"type": "sentence", "content": "From the diagram above, I grouped \"Potential features\" which are crucial to users into two; high and medium value."}, {"type": "image", "content": "https://miro.medium.com/max/3524/1*N2B1fIyf7v6DkhS9rFuyQQ@2x.jpeg"}, {"type": "subtitle", "content": "User Flow Mapping"}, {"type": "sentence", "content": "The next step was to sketch out the flow of the main features"}, {"type": "image", "content": "https://miro.medium.com/max/2434/1*L5Gwg2fUcYuDCZ5UT5vxYQ@2x.jpeg"}, {"type": "subtitle", "content": "Designing a solution"}, {"type": "subtitle", "content": "Can I know what works for you?"}, {"type": "sentence", "content": "To be able to customize the app experience for each user, I prioritized onboarding as a must-have feature. I looked at the onboarding process of comparators like Tasty and decided that I wanted Sandra, or any user, to feel excited and relaxed about cooking their meal. Having the users getting g anxious and asking questions about their desired meal fitting into their health needs wasn't an option. A two-part questionnaire screen was designed to understand the specific dietary requirement which in turn, would be used to determine and customize their experience."}, {"type": "image", "content": "https://miro.medium.com/max/5724/1*YqYTWcd2Shd_K1WVXb6ZIw@2x.jpeg"}, {"type": "subtitle", "content": "View Personalized Recipes"}, {"type": "sentence", "content": "Where users can explore recipes recommended to them based on the information provided during the onboarding process. On this screen, there are numerous options from which a user can choose. It navigates to another screen where the user can view the table of information on the page; Instruction, Utensils, Videos, and Ingredients. Cooking time, difficulty level suggested accompaniments, tips, and measurement of ingredients per serving are provided on the \"Ingredients\" section. To make the UX more extended, I added an audio reading option to relive users of the stress of having to hold a phone and cook simultaneously. Easy peasy"}, {"type": "image", "content": "https://miro.medium.com/max/6824/1*cdmeGEymG5heiiy6mwH8FA@2x.jpeg"}, {"type": "subtitle", "content": "Hierarchy of Data Points:"}, {"type": "subtitle", "content": "What's in your kitchen?"}, {"type": "sentence", "content": "Based on the insights I gained during the research stage, it wasn't enough, for users to search for the name of the recipe alone. Other options available to users are Ingredients, Cuisine Type, Diet, Occasion, Season, and Difficulty."}, {"type": "image", "content": "https://miro.medium.com/max/9024/1*XekiSeuaHAuxIqhoPpLPkA@2x.jpeg"}, {"type": "subtitle", "content": "Create your own Directory"}, {"type": "sentence", "content": "Users can create a directory of their favorite recipes and group them into categories"}, {"type": "image", "content": "https://miro.medium.com/max/4076/1*-TpcCNxK0t2ztSmQ_ObjCw@2x.jpeg"}, {"type": "subtitle", "content": "Profile"}, {"type": "sentence", "content": "This screen houses all the customized information and preference of uses from the onboarding process. On the top of this screen is a section for users to share their recipes. It navigates to another screen that compiles necessary data about the meal and the cooking process."}, {"type": "image", "content": "https://miro.medium.com/max/4188/1*44Ezfyl3L64HAymrysjoPw@2x.jpeg"}, {"type": "subtitle", "content": "Share"}, {"type": "sentence", "content": "This feature allows you to be creators. Users can fill in the required information about the meal, add a photo of the meal, and post."}, {"type": "image", "content": "https://miro.medium.com/max/7988/1*XNycnvawGlfaXhRldA3h_w@2x.jpeg"}, {"type": "subtitle", "content": "\ud83d\udca1 What's Next?"}, {"type": "sentence", "content": "The goal is to keep updating and creating. I look forward to adding:"}, {"type": "subtitle", "content": "Takeaway"}, {"type": "sentence", "content": "Working on this project was a way for me to sharpen my UX skills. It also made me understand how difficult it is to introduce the small new feature into a product which will change the enter User Experience."}, {"type": "sentence", "content": "Thanks for reading \ud83d\udc95. I'll love to have feedback from you whether it's on my writing, methodology, or any other thing you think I should improve. Don't forget to clap\ud83d\udc4f\ud83c\udffe for me if you love my designs and this documentation."}, {"type": "sentence", "content": "Reach out to me on \ud83d\udce9 oreoluwanimiadey@gmail.com, Twitter, or LinkedIn if you'll like to collaborate or have a chat. You can also check out more of my works on my portfolio"}], "topic": "ux", "uuid": "916eb19c8982420abe47a08ad704314de07d6aa6feaa6c32b435683d", "link": "https://medium.com/@oreoluwanimiadey/ui-ux-case-study-designing-maes-cookbook-a-product-that-provides-food-recipes-for-users-eb6cd6cfd546"}