{"title": "Security Research Ethics Review", "data": [{"type": "sentence", "content": "The band R.E.M. released a song on their 1994 album Monster inspired by an odd attack one night by two well-dressed individuals who physically assaulted TV news anchor Dan Rather on his way home while they demanded he answer a question:"}, {"type": "sentence", "content": "Luckily, Rather was not seriously harmed in the attack."}, {"type": "sentence", "content": "The question made absolutely no sense."}, {"type": "sentence", "content": "(Though the album made a lot of money!)"}, {"type": "sentence", "content": "When it comes to ethical review of research involving computer security, there are some situations that similarly seem to make no sense."}, {"type": "image", "content": "https://miro.medium.com/max/1212/1*xQmZ2ECv4LzNR1z1tI58QA.png"}, {"type": "subtitle", "content": "Ethics in academic research"}, {"type": "sentence", "content": "The following statement was released on April 21, 2021:"}, {"type": "sentence", "content": "That statement was in response to an action by the Linux Kernel developer community to a series of patch submissions purposely introducing vulnerabilities into the widely used source code to see how the community would respond."}, {"type": "sentence", "content": "The paper mentioned in the email thread is mirrored on the Wayback Machine. In it, the researchers describe their method for ensuring the vulnerable patches they submitted did not result in harm:"}, {"type": "sentence", "content": "Where the main controversy arises is in the very next paragraph where considerations of research ethics are discussed. It begins:"}, {"type": "sentence", "content": "This is where things start to make no sense to many, like the tweet above."}, {"type": "sentence", "content": "The last sentence suggests that the University of Minnesota Institutional Review Board (IRB) \"reviewed the procedures\" and gave the researchers a formal \"IRB-exempt letter.\""}, {"type": "sentence", "content": "So... the research passed ethical review, right?"}, {"type": "sentence", "content": "I was a member of an IRB committee for about six years. I was one of about two dozen people who participated in the Department of Homeland Security \"Menlo Report\" Working Group interpreting \"human subject research\" in the context of Information and Communication Technology (ICT) research. With a number of colleagues, I've written several papers on ethics in computer security research and \"hacking back\" (I'll list some relevant publications at the end of this article.)"}, {"type": "sentence", "content": "Based on my experience I would say a more accurate statement is that the regulations in the United States governing research ethics typically do not require research to undergo review if humans (or data identifying humans, or manipulation of the environment in which humans exist, etc.) are not directly involved as subjects of the research."}, {"type": "sentence", "content": "Yes, technically there is an initial review (I'll show a flow chart in a moment) of a study application. Some qualifying minimal risk research can go through expedited review by administrative staff. But if the research protocol and study circumstances don't conform with specific regulatory requirements, the study does not go before a committee for any rigorous ethical review."}, {"type": "sentence", "content": "Since this research was deemed exempt in an application response letter, it likely only went through an initial review."}, {"type": "sentence", "content": "And if you are not funded by federal grants, say you are a researcher in the private sector, you aren't subject to the regulations at all."}, {"type": "subtitle", "content": "Kenneth, what's the subject?"}, {"type": "sentence", "content": "Patches to source code are not humans. I don't think anybody will argue with that."}, {"type": "sentence", "content": "Whether patches are accepted or rejected by humans (the \"patching process,\" as the researchers describe in their paper) does not make the research human subject research."}, {"type": "sentence", "content": "Choosing to interact anonymously when collecting data is something done when deception is involved in research, which is a separate ethical issue apart from subject identifiability."}, {"type": "sentence", "content": "Think about it. Are you going to get valid experimental results after getting informed consent from someone to perform a phishing experiment on them when you just told them you were going to fool them right before you then try to fool them?"}, {"type": "sentence", "content": "That makes no sense."}, {"type": "sentence", "content": "Could the avoidance of collecting any identifiable information as part of what is clearly described as an \"experiment\" - meaning it is research, a primary criterion that could require an IRB to review the study - result in the research being exempt from review?"}, {"type": "sentence", "content": "Here is the flow chart:"}, {"type": "image", "content": "https://miro.medium.com/max/2440/0*ci3-0YgJsBqninfM.png"}, {"type": "sentence", "content": "Fun fact here. Referenced in this chart is a section of the United States Code of Federal Regulations - 45 CFR 46 - which was adopted by all U.S. federal government agencies funding human subjects research, which is why it is known as the Common Rule. Have you recently heard statements about people not trusting the government about COVID-19 vaccines because of the Tuskeegee experiments on syphilis patients? Yeah, that study is one of the primary reasons the Common Rule exists."}, {"type": "sentence", "content": "Getting back to the exemption from review, it would seem it stems from 45 CFR 46.104(d)(2), whose list of categories of human subjects research that are exempt as including (bolding to make it easier to follow):"}, {"type": "sentence", "content": "I'm actually not sure that email addresses are not identifiers linked to humans, but let's leave all that double-negative stuff aside."}, {"type": "sentence", "content": "Only one of the required criteria under (2) must be met, so satisfying (2)(i) means the research could be deemed exempt. It doesn't matter that (2)(ii) might not be met (and that description could sum up the motivation for imposing the ban on patch submissions)."}, {"type": "subtitle", "content": "Potentially human-harming research"}, {"type": "sentence", "content": "The Menlo Report was published as a notice in the Federal Register and went through an open public comment and revision process. It is not binding through regulation."}, {"type": "sentence", "content": "The Menlo Report Working Group summed up this issue this way:"}, {"type": "sentence", "content": "The Common Rule also underwent a proposed rule-making and open public comment process in the Federal Register a few years ago. The most recent changes went in another direction, one aimed at reducing the burden of review by increasing the number of studies that are exempt, allowing some researchers to self-declare their research to be exempt, using new expedited review procedures, etc., all maintaining the narrow \"human subject\" focus."}, {"type": "sentence", "content": "In addition to considering human-harming research studies, the Menlo Report also proposes two other things that would have helped in this situation:"}, {"type": "sentence", "content": "The article I mentioned above on the ethics of social honeypots includes a more detailed look at ethical review regulations in academia, shows a stakeholder analysis, and even includes mock IRB application language and a debriefing statement regarding deception. I wrote it that way intentionally to help computer security researchers in developing study protocols and working with their IRBs."}, {"type": "subtitle", "content": "What can you do?"}, {"type": "sentence", "content": "This situation presents a teachable moment!"}, {"type": "sentence", "content": "If this ethical review situation makes no sense to you, you can help by learning more about the issues, sharing the resources in this article with researchers you know, and participating in constructive dialog about them."}, {"type": "sentence", "content": "If you are a member of the ACM, IEEE, or FIRST (for those in the computer security community who are members) look at their ethical codes of conduct and related case studies. If you aren't a member, consider joining!"}, {"type": "sentence", "content": "If you are an academic researcher, take a look at the Menlo Report and the Companion to the Menlo Report and use them in developing your research protocols. Happily, these documents do get cited frequently in research papers."}, {"type": "sentence", "content": "You might also start a discussion in student groups at your local institution of higher ed. Exposing students to ethics early in their academic career helps get them thinking about the topic and learning how to reason about it. As we note in our paper, ethics is not typically a requirement in college degree programs, and having a conference program committee reject your paper after months of work is not the ideal time for you to learn about ethics! I wrote the social honeypot paper with such discussion (in the form of a mock IRB application) in mind."}, {"type": "sentence", "content": "Lastly, consider volunteering to be on an Institutional Review Board at your local university. They are required to have some non-scientist citizen committee members, and it especially helps to have those with computer security backgrounds to review studies involving ICT components and identifiable medical data."}, {"type": "sentence", "content": "You also get to learn about a lot of interesting new research that is going on right near you! For example, did you know that fecal transplantation is an efficacious medical treatment?!? Yep, that \"fecal!\""}, {"type": "sentence", "content": "OK, that one actually does make sense."}, {"type": "subtitle", "content": "P.S."}, {"type": "sentence", "content": "Aren't you glad I used an R.E.M. song as a metaphorical vehicle instead of the South Park Chewbacca defense?"}, {"type": "subtitle", "content": "Related publications that may interest you"}, {"type": "sentence", "content": "An Ethical Examination of the Internet Census 2012 Dataset: A Menlo Report Case Study, by David Dittrich, Katherine Carpenter, and Manish Karir, IEEE Ethics Symposium 2014, May 2014. (Best Paper award runner up)"}, {"type": "sentence", "content": "So You Want to Take Over a Botnet..., by David Dittrich, LEET '12: Fifth USENIX Workshop on Large-Scale Exploits and Emergent Threats, April 2012. (Slides and paper)"}, {"type": "sentence", "content": "A Case Study in Ethical Decision Making Regarding Remote Mitigation of Botnets, David Dittrich, Felix Leder and Tillmann Werner, in Workshop on Ethics in Computer Security (WECSR) 2010, Tenerife, Spain, January, 2010"}, {"type": "sentence", "content": "The conflicts facing those responding to cyberconflict, David Dittrich, USENIX ;login: vol. 34, no. 6, December 2009, pp. 7-15"}, {"type": "sentence", "content": "Active Response to Computer Intrusions, by David Dittrich and Kenneth Einar Himma, Vol. III, Chapter 182, \"Handbook on Information Security,\" edited by Hossein Bidgoli, John Wiley and Sons, ISBN 0-471-64833-7 (2005)"}], "topic": "education", "uuid": "91730925e191a148788b38b1198b10481dae7b1ffe459214746e5509", "link": "https://dave-dittrich.medium.com/security-research-ethics-review-cdcabf1bbabf"}