{"title": "How to Find the Shortest Route/Loop for Any Euclidean Travelling Salesman Problem", "data": [{"type": "image", "content": "https://miro.medium.com/max/6912/1*YECeOxlko9KoOJNw8RNm3A.jpeg"}, {"type": "subtitle", "content": "Mathematics"}, {"type": "subtitle", "content": "Table of Contents:"}, {"type": "sentence", "content": "I. Problem Statement"}, {"type": "sentence", "content": "II. Approach"}, {"type": "sentence", "content": "a. 2 points"}, {"type": "sentence", "content": "b. 3 points"}, {"type": "sentence", "content": "c. 4 points"}, {"type": "sentence", "content": "d. 5 and more"}, {"type": "sentence", "content": "III. Shortest loop Solution"}, {"type": "sentence", "content": "IV. Conclusion"}, {"type": "subtitle", "content": "I. Problem Statement"}, {"type": "sentence", "content": "The following is from Wikipedia:"}, {"type": "sentence", "content": "\"The traveling salesman problem (also called the traveling salesperson problem[1] or TSP) asks the following question: \"Given a list of cities and the distances between each pair of cities, what is the shortest possible route that visits each city exactly once and returns to the origin city?\""}, {"type": "sentence", "content": "It is an NP-hard problem in combinatorial optimization, important in theoretical computer science and operations research."}, {"type": "subtitle", "content": "Disclaimer"}, {"type": "sentence", "content": "This attempt is not based on optimizing cost but rather on simply the literal interpretation of the problem i.e., given a set of points, what is the shortest loop that can be made from a given point."}, {"type": "subtitle", "content": "II. Approach"}, {"type": "sentence", "content": "The approach here is that the shortest loop from the starting point is a non-intersecting polygon to the furthest point and back."}, {"type": "sentence", "content": "Let us take a quick look at some points:"}, {"type": "image", "content": "https://miro.medium.com/max/858/1*ZUqyzt8d_h9fEAxMyK2zBg.png"}, {"type": "sentence", "content": "Here are two points in the above image: Point A and Point B. The shortest loop between these points is understandable as follows:"}, {"type": "image", "content": "https://miro.medium.com/max/784/1*hWQQYmREzfPS50xTKAOn4A.png"}, {"type": "sentence", "content": "Simply take a path in a straight line from point A to point B and then come back the same way. If you deviate from a straight line, either way, it will not be the shortest loop."}, {"type": "sentence", "content": "Why is this seemingly simple 2 point example important for this approach?"}, {"type": "sentence", "content": "Let us now take a look at 3 points and four points. A 3 point example is simple to resolve and simply involves connecting the dots in a triangle:"}, {"type": "image", "content": "https://miro.medium.com/max/790/1*UIL3uKFIc1tdJAppsSAPYw.png"}, {"type": "sentence", "content": "Starting at point A, no matter which way you go, as long as you stay in the triangle, you will be fine. So far, none of this resolves how to get to the shortest path, and there is no pattern yet."}, {"type": "sentence", "content": "Let us now take a look at 4 points and how I would go about solving it."}, {"type": "sentence", "content": "Step 1: since you are given all distances, identify the farthest point."}, {"type": "sentence", "content": "Step 2: Draw a straight line to the farthest point (note that the salesman doesn't go through the line, the line is there to represent an axis to the problem which will be explained later)"}, {"type": "image", "content": "https://miro.medium.com/max/1418/1*41lM9dkL4n9xEKgVrCqiqg.png"}, {"type": "sentence", "content": "Alright, so the distance to the furthest point from the place the salesman is standing at is 4 units."}, {"type": "sentence", "content": "Let us imagine that the starting point is the origin (0,0) on a plane. Imagine the line to the furthest point is a line segment of the x-axis with length 4."}, {"type": "sentence", "content": "As mentioned, the assumption here is 2-D and we are not assuming lines on the surface of a sphere but rather simply on a piece of flat paper."}, {"type": "sentence", "content": "With this, we, therefore, know that all co-ordinates are the following:"}, {"type": "sentence", "content": "Let us use the distance formula on a 2-d plane to get the flattest angle non-intersecting loop path:"}, {"type": "image", "content": "https://miro.medium.com/max/538/1*qdvGepQo-hrsuHVS5QFFvg.png"}, {"type": "image", "content": "https://miro.medium.com/max/1410/1*erZ8ADLBmjtcIW-H0JsqzA.png"}, {"type": "sentence", "content": "For the above path, here is the total distance."}, {"type": "image", "content": "https://miro.medium.com/max/520/1*a-2QzZADNUUmZenhPkzrsg.png"}, {"type": "sentence", "content": "Let us assume for a second that we don't take the non-intersecting path and decide to take this path instead, going down the direction of the arrows:"}, {"type": "image", "content": "https://miro.medium.com/max/1178/1*VsFY7NlLH-R6LFZ-8pCN8g.png"}, {"type": "sentence", "content": "What is the distance of the above path? It is the following:"}, {"type": "image", "content": "https://miro.medium.com/max/494/1*YzHSu68w6OdIlfcutbN8sA.png"}, {"type": "sentence", "content": "As you can see, this path is longer."}, {"type": "sentence", "content": "So what exactly is going on? Why is the path of the flattest non-intersecting polygon shorter that the second one?"}, {"type": "sentence", "content": "It is because we are doubling back. This is easier to visualize if point C was on the axis itself like so. The below would be the wrong path to take and it is easy to see the double back. If we went to point C from point b and then went to the farthest point, we would then have to come back from the farthest point to point c again, thereby doubling the distance of the salesman between point c and the farthest point."}, {"type": "image", "content": "https://miro.medium.com/max/1442/1*Ohc8hB3FC65LJiEB-WBZ7A.png"}, {"type": "sentence", "content": "For the same set of points where point c is on the axis to the endpoint, the non-intersecting polygon would be made in this way. (there are four points, but three of them on the axis with no doubling back, so it looks like a triangle)"}, {"type": "image", "content": "https://miro.medium.com/max/1020/1*-dZzd4-TRcv2UPEaDzndng.png"}, {"type": "sentence", "content": "This non-intersecting polygon also happens to be once again the shortest path."}, {"type": "subtitle", "content": "5 and more points in a non-intersecting polygon"}, {"type": "sentence", "content": "Scenario 1:"}, {"type": "sentence", "content": "The 5th point is placed above point b perpendicular to the x-axis as determined by us earlier (starting point to furthest point). Note here that this basically means, the x coordinate of point b and d will be the exact same."}, {"type": "sentence", "content": "Firstly, let's start at the first step. Imagine the axis from the start point at the left to the farthest point. Now, we will focus only on the top half of the problem first since we know the answer is a non-intersecting polygon and we won't cross the x-axis that we made."}, {"type": "sentence", "content": "For the top half, let us look at these two options."}, {"type": "sentence", "content": "Option 1 is shown below. In this option, we go to point b first and then to point d after which we finish the polygon in a loop."}, {"type": "image", "content": "https://miro.medium.com/max/2258/1*FBPW0O47S4ui-taSKhmW1w.png"}, {"type": "sentence", "content": "Note that the distance of the imaginary axis is 7 in the above picture. The loop distance would be:"}, {"type": "image", "content": "https://miro.medium.com/max/650/1*dbI4F9XEbKL1kMdXP3F-og.png"}, {"type": "sentence", "content": "In this below option where we visit point d first, we will get the following length:"}, {"type": "image", "content": "https://miro.medium.com/max/1846/1*BGT-gwt_OIC_ZFR1gyRC7A.png"}, {"type": "image", "content": "https://miro.medium.com/max/536/1*zDlsR0dYTyKpkeCnrcfbdg.png"}, {"type": "sentence", "content": "Going back to our scenario \"The 5th point is placed above point b perpendicular to the x-axis\". In this scenario, the shortest loop happens when the point with the larger Y-coordinate is visited first, in our example point d."}, {"type": "sentence", "content": "Scenario 2:"}, {"type": "sentence", "content": "The second scenario that can occur for the fifth point is that the x-coordinate of the point is less than the coordinate of point b. Here is an illustration."}, {"type": "image", "content": "https://miro.medium.com/max/2306/1*JhLV0HW_sUFFkZnciWgLLA.png"}, {"type": "sentence", "content": "Here is a path taken:"}, {"type": "image", "content": "https://miro.medium.com/max/2310/1*dRJt6A55KmO6hpDE4dUUcQ.png"}, {"type": "sentence", "content": "Here is the distance for the path using distance formulas:"}, {"type": "image", "content": "https://miro.medium.com/max/506/1*msyxKMsTSp44OX79aXdcHw.png"}, {"type": "sentence", "content": "The other non-intersecting polygon involves a double back:"}, {"type": "image", "content": "https://miro.medium.com/max/2284/1*CtTulSV2qzIBP-vticjIYA.png"}, {"type": "sentence", "content": "As you can see, the distance here does not work as the shortest path."}, {"type": "image", "content": "https://miro.medium.com/max/508/1*2ZavcBOwzYk0uoA0ha8mlg.png"}, {"type": "sentence", "content": "Scenario 3 for the fifth point is that the x coordinate is to the right and greater than point b's x-coordinate."}, {"type": "sentence", "content": "In this scenario, we can simply trace the loop in sequence like so:"}, {"type": "image", "content": "https://miro.medium.com/max/2132/1*g8ClMhVJOkkUA7i4mckvaA.png"}, {"type": "image", "content": "https://miro.medium.com/max/526/1*kjPuUH5BB7qbKTbc1I1BQQ.png"}, {"type": "subtitle", "content": "III. Shortest loop Solution"}, {"type": "sentence", "content": "How to solve any Euclidean TSP in line with this reasoning:"}, {"type": "sentence", "content": "Steps:"}, {"type": "sentence", "content": "\u2192 Given a set of points and all distances between them, draw a straight line between the two points farthest from each other. Overlay the points on a grid graph such one point is at the origin and the other point is to the right hand side somewhere (i.e x is positive)"}, {"type": "sentence", "content": "(note here that if you start at the starting point and draw a line to the farthest point, you can use that, however, you will have to tweak this set of steps and they won't be exact. It is better to instead use the axis as the line that passes between the two farthest points on a coordinate plane. This line will split the points in such a way that moving from the left most farthest point(0,0), all points will be to the right and the right most point will be the furthest point from 0,0 on the axis.)"}, {"type": "sentence", "content": "\u2192 Next start tracing a path first, headed up with the following rules:"}, {"type": "sentence", "content": "\u2192 Go to the first point that has the least x-value. If there are two or more points with the same x-coordinate, then visit the one with the larger y-coordinate i.e the highest one(remember, both points have to be above the axis as you are only focused on the top part first. If a point with the same x is below the axis, ignore it) and then the x,y with the smaller y."}, {"type": "sentence", "content": "\u2192 Once you are done on that x-coordinate, move to the next higher x-coordinate. If there are two or more on this x-coordinate, start at the highest y and work down just like the previous one."}, {"type": "sentence", "content": "\u2192 Keep repeating this through x-coordinates(essentially, you are going from 0,0 to the farthest point.)"}, {"type": "sentence", "content": "\u2192 Finally, you will get to the furthest point. At this point, you simply go on the other side of the axis and repeat the x-coordinate process mentioned above. Note that this time, you are starting at the furthest point. So if you are using the coordinate system, you will be in the 4th quadrant. This means that as you come back to the starting point you will do the following:"}, {"type": "sentence", "content": "\u2192 Start at the closest x-coordinate as you work on this side of the axis(same as above, but instead of being the least x-coordinate, it will be a high x-coordinate because you are returning back to 0,0. If there are two or more points at that x, then go to the one with the highest negative y i.e lowest y value. If point A has a y of -5 and point b is y of -10 but has the same x, go to point b first. Note that the logic used here is the same as when we were on the other side of the axis but we are in the fourth quadrant so y is negative."}, {"type": "sentence", "content": "\u2192 Keep working your way through all x's going down to 0 the same way i.e go to the nearest x, if the x has two values, go the most negative y value(i.e the furthest first) and come down before moving to the next x and so on."}, {"type": "sentence", "content": "\u2192 repeat until you get back to origin."}, {"type": "sentence", "content": "Note that on both sides of the axis, the same exact logic is used. The logic being, go to the nearest x-coordinate with the furthest y-value first and closer y value next before moving to the next x and repeating."}, {"type": "image", "content": "https://miro.medium.com/max/1762/1*4LkJNZJgfojqwDEgn0GxBw.png"}, {"type": "subtitle", "content": "IV. Conclusion:"}, {"type": "sentence", "content": "The shortest loop is the non-intersecting polygon with two shortest paths back and forth, where you go to the highest/tallest y in each x-slice of a co-ordinate plane moving the x forward each time you clear an x."}, {"type": "sentence", "content": "Thanks for reading,"}, {"type": "sentence", "content": "Ash"}], "topic": "artificial-intelligence", "uuid": "92d9ac76e12f9f1960abc9e1937eae27fa66e4b0a9f3f74f8faa5b44", "link": "https://pub.towardsai.net/how-to-shortest-loop-any-euclidean-travelling-salesman-problem-c13c08841f94"}