{"title": "Don't Let Calculus Become a Replacement for the SAT", "data": [{"type": "image", "content": "https://miro.medium.com/max/5000/1*xdygLhERdrDMQoKc1nYXmQ.jpeg"}, {"type": "sentence", "content": "After years of debates over their validity, the SAT and ACT were removed quite abruptly last year from most colleges' admissions requirements. Though their elimination - spurred by the cancellation of test administrations in response to the COVID-19 pandemic - was temporary in many cases, it could become a permanent state of affairs for some institutions."}, {"type": "sentence", "content": "Caltech, for example, is using a two-year pause to study whether standardized test scores are a useful metric and should be reintroduced, and the ten-campus University of California system has decided to eliminate admissions tests entirely for at least five years."}, {"type": "sentence", "content": "Given the well-documented disparate impact of norm-referenced tests like the SAT, these changes are long overdue. But, as other colleges and universities ponder similar moves, it's important that they don't simply replace these problematic tests with other inequitable ways of admitting students."}, {"type": "sentence", "content": "As I've written before, high school calculus, especially AP Calculus, already plays a disproportionate role in access to competitive colleges. Almost no college or university in the country requires a calculus course for admission. The rare exceptions are science and engineering schools, where the majority of majors actually use calculus. Caltech, for example, seeks \"mastery of calculus,\" and Massachusetts Institute of Technology recommends \"math through calculus.\""}, {"type": "sentence", "content": "But despite not being an actual requirement for admission at most institutions, a course in calculus remains a perceived requirement for admission to highly selective colleges around the country. When students are advised to take the most advanced courses available to them, AP Calculus typically appears on their schedules, regardless of whether it prepares them to pursue their field of interest. In fact, research has shown that after arriving in college, only about 20 percent of students who took AP Calculus during high school actually go on to take a more advanced course in calculus, fulfilling the purpose of the AP course."}, {"type": "sentence", "content": "The vast majority of students who took AP Calculus during high school do one of four things once they get to college: repeat a calculus course, take a lower-level math course, take a course like statistics that is not dependent on calculus, or take no math at all. In fact, one of the top reasons students give for taking AP Calculus is that it will look good on their transcripts."}, {"type": "sentence", "content": "This is a problem for at least four reasons:"}, {"type": "sentence", "content": "Still, selective universities have more applications than they have seats, so admissions offices understandably need to have some criteria for accepting or rejecting students. Fairly or unfairly, admissions tests have helped serve this purpose. In their absence, there is a real risk that admissions officers will feel pressure to put even more weight on calculus courses."}, {"type": "sentence", "content": "Math is too important to be used as an arbitrary barrier to college entry. Not being experts in math education, admissions professionals may not be aware of the harm such an approach could bring. Let's make sure they get the message."}], "topic": "education", "uuid": "938427d32d421319c4469476517be0b5f484cbd58c70972dd2487508", "link": "https://pamela-80683.medium.com/dont-let-calculus-become-a-replacement-for-the-sat-cd42ad83e631"}