{"title": "Text Representation for Data Science and Text Mining", "data": [{"type": "image", "content": "https://miro.medium.com/max/2000/0*u6YtX--MtFWNHmjJ"}, {"type": "sentence", "content": "This example is taken from my NLP course for absolute beginners available on the Udemy platform - the course is suitable for beginners and people that want to learn the fundamentals of Natural Language Processing. The course also contains more than 50 coding exercises that enable you to practice as you learn new concepts."}, {"type": "sentence", "content": "Working with text data is one of the most exciting things when it comes to Data Science related projects. 20 years ago, it seemed impossible that processing and storing text data would be almost a certainty for many organizations and that a lot of data pipelines would revolve around this type of data."}, {"type": "sentence", "content": "Oddly enough, storing text data for feature processing or data science algorithms don't come as natural as one might think. For starters, text is mostly represented by binary representations in a computer - a sentence or a document is mostly interpreted as a bunch of characters that have some relationship to binary representation."}, {"type": "sentence", "content": "It seems that this makes it extremely difficult to use text data in data pipelines, modelling or in the decision making process. Luckily, there are some techniques that are used to represent text as mathematical arrays that can then be encoded into algorithms and even turn my data into the holy-grail of most analytics, tabular data."}, {"type": "sentence", "content": "A question unfolds - how should I represent my text as tabular data? Is this even possible? Luckily there are a lot of techniques that we can use to provide this text representation and let's explore three of them next."}, {"type": "image", "content": "https://miro.medium.com/max/2000/0*IVTGhaFOeJg3u05x"}, {"type": "subtitle", "content": "Binary Vectorizer"}, {"type": "sentence", "content": "The first technique that we are going to talk about is a really simple one that is still widely used throughout Natural Language Processing pipelines - the binary vectorizer."}, {"type": "sentence", "content": "Let's imagine the following two sentences:"}, {"type": "sentence", "content": "If we want to represent both of these sentences in tabular or array format we can first start to extract the distinct words of our corpus (corpus is normally what we refer to the collection of texts). Let's do that, using Python Code (something I'll use throughout the article):"}, {"type": "sentence", "content": "Our vocab object now contains the distinct words of the corpus:"}, {"type": "sentence", "content": "If we order our vocab:"}, {"type": "sentence", "content": "We get as a result a list with the following elements:"}, {"type": "sentence", "content": "Let's procede to create an array of zeros with the number of elements of our vocab, where each word w in position j of our list will be mapped to the position j of our array:"}, {"type": "sentence", "content": "Our example array will contain the following elements:"}, {"type": "sentence", "content": "We can map our sentences to this array by turning each element j to 1's when the word w is present on the sentence - let's start with our first sentence 'I went to the grocery store' - and update our array accordingly:"}, {"type": "sentence", "content": "Visualizing our vocab list and array at the same time will make this more explicit:"}, {"type": "sentence", "content": "Notice that only the words that are not present in our sentence are set to 0 - this is a really simple way to map sentences into numerical arrays . Let's check the array produced with the same logic for the second sentence:"}, {"type": "sentence", "content": "Creating both of these arrays in numpy:"}, {"type": "sentence", "content": "We now have a simple mathematical representation of our sentences - luckily we don't have to do this by hand for all the sentences in a specific corpus as scikit-learn as an excellent implementation of this in the feature_extraction.text module in a function called CountVectorizer."}, {"type": "sentence", "content": "Imagining we have our sentences as a list:"}, {"type": "sentence", "content": "We can define the CountVectorizer object with binary set to True (spoiler alert, this is the parameter that draws the line between a pure CountVectorizer and a BinaryVectorizer!) and tokenizer equals to str.split - don't fret too much about this last option but is just a way to mimic the same array we have done before (without this option \"I\" would be removed from the output as single letters are removed by default in the scikit-learn implementation of the Vectorizer):"}, {"type": "sentence", "content": "And then apply a fit_transform on our list(we could also have as an argument the column as a dataframe with several sentences, as example) that will produce an array just like the one we have done manually before:"}, {"type": "sentence", "content": "Notice the todense() method called after the fit_transform one. We are doing this because originally fit_transform saves the resulting object in sparse matrix format due to questions of space compression - we will discuss more about this, next."}, {"type": "sentence", "content": "Let's look at our array produced by the instruction above:"}, {"type": "sentence", "content": "Sounds familiar? It is the same we have produced manually before! You can know generalize this approach for any collection of sentences or documents you have."}, {"type": "sentence", "content": "Now let's pose a question which is the following sentence:"}, {"type": "sentence", "content": "The words 'went', 'to', 'the' and 'store' appear twice in our sentence. In the binary vectorizer approach, the array only flags the presence(1) or absence(0) of the word in the sentence. For an NLP application it might make sense to have the real count of the words - let's see how we can do this with a simple change."}, {"type": "subtitle", "content": "Count Vectorizer"}, {"type": "sentence", "content": "The count vectorizer is a really similar approach to the one above. Instead of flagging the presence of a word with 1's and 0's we count the occurence of words in the sentence."}, {"type": "sentence", "content": "Picking up from the example above, we need to add some words to our vocab, as we have new words in our third sentence that were not present in our first two sentences."}, {"type": "sentence", "content": "Recall our first vocab object:"}, {"type": "sentence", "content": "Let's add the words 'and', 'then' and 'bike':"}, {"type": "sentence", "content": "This will increase the size of our array! Let's map the sentence 'I went to the grocery store and then went to the bike store' to the new array that originates from the vocab, keeping the Binary format:"}, {"type": "sentence", "content": "Now if instead of having a binary vectorizer we have a count vectorizer that counts the words we have the following:"}, {"type": "sentence", "content": "The difference is that our array have value 2 for each word that appears twice in our sentence. In some models, building the array of features in this way may lead to better results."}, {"type": "sentence", "content": "Here, a higher value will be shown for this sentence arrayfor the words 'store', 'the', 'to' and 'went' - if this is something that is good for your NLP application really depends on how you want your array to convey the information from the corpus and what type of model you are building."}, {"type": "sentence", "content": "The implementation in scikit-learn is super similar to what we have done before:"}, {"type": "sentence", "content": "Binary, in this case, is set to False and will produce a more \"pure\" count vectorizer. Binary=False is actually the default argument of the CountVectorizer object if you don't declare the argument when you call the function."}, {"type": "sentence", "content": "Updating our sentence list:"}, {"type": "sentence", "content": "And applying our new count vectorizer to our sentences:"}, {"type": "sentence", "content": "Here is our resulting array for the three sentences:"}, {"type": "sentence", "content": "As you've noticed the size of our array (the number of words w in our vocab) can scale up pretty fast. This may lead to some problems but we will address a tweak we can use at the end of the post."}, {"type": "subtitle", "content": "TF-IDF"}, {"type": "sentence", "content": "The approaches that we've seen, never take into account the corpus as a whole - we always look at sentences independently and assume that each text is not related to the other sentences or documents in the corpus."}, {"type": "sentence", "content": "A common way to approach corpus as a whole, when producing arrays for features, is to use the Term Frequency-Inverse Document Frequency matrix approach or commonly called TF-IDF."}, {"type": "sentence", "content": "The formula for TF-IDF seems daunting, but it's actually really simple - we'll use the most simple implementation of the formula (there are other versions out there, such as the smoothed one, details: https://stats.stackexchange.com/questions/166812/why-add-one-in-inverse-document-frequency):"}, {"type": "image", "content": "https://miro.medium.com/max/806/0*81xSCHVKgdQBeLfK.png"}, {"type": "sentence", "content": "Notice that there are several terms in this equation - let's start with the first term, number of occurences of i in j - here we want to map the number of occurences of a specific word in a specific text. Returning to our three sentence example:"}, {"type": "sentence", "content": "Let's obtain our TF-IDF score for the word store(we will call it i) in the third sentence(we will call it j). How many times does the word i occurs in the text j?"}, {"type": "sentence", "content": "The answer is 2! We have two times the word store in this sentence. We can update our formula as we know the first term:"}, {"type": "image", "content": "https://miro.medium.com/max/360/1*78sdUaHD10MxYttWO2Z3jA.png"}, {"type": "sentence", "content": "Now let's compute the right handside of the equation - we need the number of times the word i occurs in all the documents we have in our corpus. In this case the word store appears in two documents we have on our base - we can also compute N which is the number of documents/sentences we have:"}, {"type": "image", "content": "https://miro.medium.com/max/320/1*nrCTevNUcRkH2EMkRAe7xA.png"}, {"type": "sentence", "content": "The returning value from this formula is approximately 0.81, that is the TF-IDF score considered for the word store in the third sentence - this value would substitute a potential 1 in our binary vectorizer or the 2 in count vectorizer for this value in the array."}, {"type": "sentence", "content": "How would a word weight more for a specific sentence? Two hypothesis:"}, {"type": "sentence", "content": "Simulating both scenarios, starting with scenario a) - if the word store appeared 4 times in our text, our score would be higher:"}, {"type": "image", "content": "https://miro.medium.com/max/398/1*3fcXhjsFjRlyGMb1IXk60g.png"}, {"type": "sentence", "content": "With scenario b) you can also raise the TF-IDF score for a specific word in a text if the word is rarer in the corpus - let's imagine that the word store would only appear in 1 of our sentences, fixing the value of 2 for the first term:"}, {"type": "image", "content": "https://miro.medium.com/max/396/1*sGOQ_14qTZD7tOHC3sSEEA.png"}, {"type": "sentence", "content": "As the word gets rarer in the corpus, the TF-IDF score gets higher for that word and sentence specifically. This is a relevant difference from the approaches we have seen before that didn't take into account the distribution of words in the full corpus."}, {"type": "sentence", "content": "Of course as we pass to the realm of distributions we have some downsides - if your population drifts a lot after the deployment of your NLP application (meaning, the expected occurence of certain words in our corpus), this could have significant impact in your application."}, {"type": "sentence", "content": "Again, we don't need to do all the math by ourselves! There is a cool implementation in scikit-learn that we can use:"}, {"type": "sentence", "content": "Looking at our TFIDF array for the third sentence, the one we computed above and the corresponding vocab:"}, {"type": "sentence", "content": "Notice how Store has the highest TFIDF score in the sentence - this is because two things:"}, {"type": "sentence", "content": "You may also notice that the values in the scikit-learn implementation range between 0 and 1 and not exactly the value we got with your simplified version of the formula. This is because the scikit-learn implementation performs normalization and smoothing by default (you can check the norm and smooth_idf parameters of the function."}, {"type": "subtitle", "content": "Dimensionality"}, {"type": "sentence", "content": "In all of these approaches, and as we have seen when we added a new sentence, dimensionality gets big pretty fast. Although both methods save the data in sparse format, sparing us some troubles on memory errors (particularly if we are working using our own laptops) this high dimensionality (high number of columns in our arrays) may be problematic for a lot of NLP applications."}, {"type": "sentence", "content": "For all the approaches above, scikit-learn implementations has two arguments that will help you to deal with high levels of dimensionality:"}, {"type": "sentence", "content": "Both of these approaches make you lose information, and using them on our NLP pipeline depends, as always, of your application."}, {"type": "sentence", "content": "Let's see an example for our Count Vectorizer with min_df set to 2:"}, {"type": "sentence", "content": "The returning array, instead of having the size of the vocab, will have only the words that appear in two tweets from our following base:"}, {"type": "sentence", "content": "If you check the feature names, you only have an array of 6 columns that corresponds to the words:"}, {"type": "sentence", "content": "And these words are exactly the ones that are only present in at least two of our three tweets!"}, {"type": "sentence", "content": "Do the same experiment with the max_features parameter to check if you were able to understand the intuition behind it!"}, {"type": "subtitle", "content": "Conclusion"}, {"type": "sentence", "content": "More things could be done to your text to avoid the problem of dimensionality and also to preprocess your text. As examples, common preprocessing techniques consist of stemming/lemmatizing your sentences or removing stop words - but remember - everytime you perform preprocess on your text, you are losing information! Always take that into account when computing your features and always scope your text data to the end goal itself (a classification model, computing word vectors, using a recurrent neural network, etc.)."}, {"type": "sentence", "content": "Other than the techniques I've showed you, more research is being done - as an example turning Word Vectors (https://en.wikipedia.org/wiki/Word_embedding) to Sentence or Document vectors but that we will save for another post!"}], "topic": "data-science", "uuid": "94969a74446fce5b27982e7e615ec804529a6ec146d2d74bc99b0c69", "link": "https://ivopbernardo.medium.com/text-representation-for-data-science-and-text-mining-719ce81f3c84"}