{"title": "How To Change Your Work From Home Schedule To Boost Productivity", "data": [{"type": "sentence", "content": "Staying productive while working from home can be an enormous challenge. I have been working from home three days per week for pretty much all of my last 2.5 years at my current company. When the pandemic started, this turned into 5 days per week."}, {"type": "sentence", "content": "It can be very easy to lose focus and motivation when you don't have someone watching over your every move. But most managers will tell you they don't pay for a butt in a chair. They pay for your output and productivity. Use this time to prove to your company that you can still kill it every single day from home."}, {"type": "sentence", "content": "I wanted to share the schedule outline I use along with a few basic tips to help you stay on task if you can't seem to adjust to working from your house."}, {"type": "subtitle", "content": "The Schedule"}, {"type": "subtitle", "content": "Wake up"}, {"type": "sentence", "content": "Wake up every day at least an hour earlier than your work start time. If you can, try to squeeze in more hours to get yourself into a better mindset. I wake up every day at 8 AM and start working at 9:15. I'm a night owl so earlier wake times kill my motivation."}, {"type": "sentence", "content": "Establish a morning self-care routine to make sure you feel refreshed and excited to start your day. Take a shower, meditate, and listen to some music that boosts your energy. I like to make an iced coffee and listen to a motivational podcast to feel energized."}, {"type": "sentence", "content": "Have you ever been told if you choose a job you love, you will never work a day in your life? This is not accurate. No one enjoys getting out of bed every single morning. It takes a little work to get into a positive mindset.Get pumped up, take in the sunshine, and just breathe."}, {"type": "subtitle", "content": "Stand-up meeting"}, {"type": "sentence", "content": "Most companies have a morning meeting for the team to come together and discuss questions or issues they have. In the tech world, we call them morning \"stand-ups\"."}, {"type": "sentence", "content": "We look at the task board, discuss any projects for updates, and take turns listing what we're going to tackle that day. Why not actually stand up for this meeting?"}, {"type": "sentence", "content": "Standing periodically is good for blood flow and can help you refocus. According to PubMed, getting 2.5-h of light-intensity physical activity or standing during an 8-h workday may reduce blood pressure during and after work hours."}, {"type": "sentence", "content": "Instead of seeing your meetings as something you have to do, try to look forward to them. When working remotely, you don't see your co-workers as much. Social interaction is important because life can quickly become lonely if your head is just down in your computer all day. Take advantage of the meetings you have and be present."}, {"type": "subtitle", "content": "Plan your day"}, {"type": "sentence", "content": "I take a few minutes every morning to get out my planner and create a task list. Crossing tasks off as the day goes on provides some relief. When you cross another task off your list, your brain releases dopamine."}, {"type": "sentence", "content": "Dopamine is a neurotransmitter responsible for satisfaction and happiness. You can manipulate your dopamine levels by writing tasks or goals down and completing them. Dopamine is the source of the satisfaction you get when you cross something off of your list."}, {"type": "sentence", "content": "When your brain senses this neurotransmitter, it wants to keep repeating the action. This in turn increases your productivity because your brain wants to feel the dopamine you get from accomplishing a goal."}, {"type": "sentence", "content": "You can break up your bigger tasks into smaller ones to trick yourself into not procrastinating because your brain wants to feel that dopamine response. If you want to increase your productivity and output, get organized. Use your planner. It's the first step to accomplishing more of your goals."}, {"type": "subtitle", "content": "First focus session"}, {"type": "sentence", "content": "I break my workday up into focus sessions. The human brain can only focus for roughly two hours before it wanders. I work through various focus sessions that comprise 1.5-hour uninterrupted \"flow states\"."}, {"type": "sentence", "content": "Flow was first coined by a psychologist named Csikszentmihalyi. According to him, people are most happy when they are in a state of flow. He defines flow as being fully focused on a task. Time flies and every thought comes out and flows into the next one almost effortlessly."}, {"type": "sentence", "content": "You are performing at your highest level when in flow. Flow is important to the creative mind. I enter states of flow more often when I use this focus session plan, since I allow myself to be deeply focused for small bursts."}, {"type": "sentence", "content": "I stay in my first focus session from 9:30 to 11 AM. I set alarms on my smartwatch to remind me to take my breaks. Every day, you may not have the luxury to work like this. But try to take some breaks and you may be a ton more productive."}, {"type": "subtitle", "content": "First break"}, {"type": "sentence", "content": "At 11 AM, I take my first 15-minute break. When you were working in the office, you probably walked around and socialized here and there. At my company, we call this watercooler time. At home, you need to make yourself take those same small breaks."}, {"type": "sentence", "content": "Try to get away from your computer and walk around your house. Go see your pets, family members, grab a snack if you need it, or just sit in a comfy seat for 15 minutes. Turn your focus off and let your mind relax for a few minutes."}, {"type": "subtitle", "content": "Second focus session"}, {"type": "sentence", "content": "After your first break, focus on another 1.5-hour session. If you find it hard to re-focus, turn on some study and focus music on Spotify. Music helps maintain focus."}, {"type": "sentence", "content": "Try to tackle your most thought-intensive tasks in these morning sessions. As the day goes on, it becomes harder and harder to focus. Your brain is a muscle. The more you use it, the stronger it gets. But it also gets tired. If you're in the gym for 8 hours with no breaks, you're bound to get exhausted."}, {"type": "subtitle", "content": "Lunch break"}, {"type": "sentence", "content": "After this focus session, take a lunch break. Or just take a shorter break while you eat. A shorter lunch break allows you to use your lunch hour to your advantage for a quick nap, exercise, or even afternoon meditation."}, {"type": "sentence", "content": "I like to eat and work most of the time because I use my lunch breaks for exercise. So I will eat and keep working for a bit. Then take an actual hour-long break for exercise."}, {"type": "sentence", "content": "Try to eat a protein-packed lunch. Carbs have a tendency to send us into an afternoon crash. When you're feeling lethargic, you probably won't get anything done. By consuming high amounts of protein, you will feel more energized and be less likely to crash."}, {"type": "subtitle", "content": "Third focus session"}, {"type": "sentence", "content": "It's time for another focus session. Throw on that focus music and get back to it. Try to use this session on less intensive tasks. I often use the afternoons after lunch for tasks like documentation and emails."}, {"type": "sentence", "content": "It's hard to re-focus after an exhausting lunch or exercise lunch hour. Try to let your brain slowly get used to focusing again by doing a few minor tasks that require little focus."}, {"type": "subtitle", "content": "Final break"}, {"type": "sentence", "content": "It's time for one last break. Use this break to re-energize. Grab a healthy protein-packed snack and a drink. Recharge for 15 minutes with your pets and family."}, {"type": "sentence", "content": "Afternoons often make us crash, and the last few hours of work are where productivity often dies. By recharging your body and giving it some nutrients, you will harness that energy for productivity."}, {"type": "subtitle", "content": "Final focus burst"}, {"type": "sentence", "content": "Indulge in one more focus burst. If you have a lot of energy left, you can use the time to work on bigger tasks. But I usually use this session to wrap up the day and plan for tomorrow."}, {"type": "sentence", "content": "If you have new deadlines and projects coming up, you can create some sub-tasks and get ahead of the planning. You can also put all your energy into finalizing that project since a project is never really done."}, {"type": "sentence", "content": "Start your day with positivity and allow yourself extra time before you work to get into the right mindset. Take time to plan and organize your tasks."}, {"type": "sentence", "content": "Focus on the larger tasks in the morning when you are most motivated. Break your day up into sections and take your breaks. Remind yourself of breaks if you need to. They are essential to performing at your best."}, {"type": "sentence", "content": "Most of the time, that project can wait until tomorrow. Don't spend your would-be free hours after work burning yourself out on something that isn't even due yet."}, {"type": "sentence", "content": "If you are feeling stumped, or exhausted, come back to it tomorrow with a fresh mind. Follow these tips and my schedule to get the most out of your day."}], "topic": "productivity", "uuid": "984bfd3d6e2fba5a47efb50c6e64f2dd32a3957f83b824b238712b1b", "link": "https://brittani-kiger.medium.com/how-to-change-your-work-from-home-schedule-to-boost-productivity-cc1bc2a3f67f"}