{"title": "The featureless face of God at his altar manifests in my own", "data": [{"type": "sentence", "content": "The readings are over. It's time to weep."}, {"type": "sentence", "content": "A funeral passed me, you know, last evening,I was by the pharmacy, a little procession of men behind the man carrying the little dead body in his bare arms,air packed, shut tight, in a sack."}, {"type": "sentence", "content": "I am unable to shake the image out of my mind,poets! I offer you my mediocre disquiet of bystanding."}, {"type": "sentence", "content": "There's a prerogative in standing by the sidelines, watching.I can't let you be in a bubble!"}, {"type": "sentence", "content": "In the shower, when the sun's breaking in brightlythrough the skylight & the water's incessant upon you, stare blankly at the dazing blue, you stare at that floodlit blue!"}, {"type": "sentence", "content": "Later on, sit, let that sea of sad eat you whole,you feed that god! don't cry yet, don't break yet,"}], "topic": "fiction", "uuid": "98e1d20c09fbba1b16c34dde6ca2560f32a639a2882c81196e15e509", "link": "https://medium.com/lit-up/the-featureless-face-of-god-at-his-altar-manifests-in-my-own-48af1c8bb531"}