{"title": "Free Beer for Vaccinations: Effective Public Health Advocacy or Opportunistic Marketing Ploy?", "data": [{"type": "image", "content": "https://miro.medium.com/max/2160/0*dM8W_-khaIRytD8u.png"}, {"type": "subtitle", "content": "A Beer on Bud, A Shot for Sam"}, {"type": "sentence", "content": "This month, Budweiser announced \"A Beer on Bud\", a new campaign to reward vaccinated people with free beer. In exchange for proof of vaccine, they're giving out 10,000 virtual debit cards with $5 - enough for a Budweiser or two."}, {"type": "sentence", "content": "In addition to creating the microsite ABeerOnBud.com, they also edited together a refreshed version of their classic Clydesdale-and-puppies commercial for the campaign:"}, {"type": "sentence", "content": "When you're done uploading your vaccine selfie to Budweiser's website, you can jump on over to Sam Adams for, more or less, the exact same perk. Their #ShotForSam campaign promises that \"if you get vaccinated against Covid-19, we'll buy your first beer back\" - with $7 sent to you through Cash App ($2 more than Budweiser, for whatever that's worth)."}, {"type": "image", "content": "https://miro.medium.com/max/5468/1*pBiI8okESqlZ4aCogAiOAQ.png"}, {"type": "sentence", "content": "The Sam Adams creative team also leaned on previous marketing storylines, creating a special vaccine edition of the \"Your Cousin from Boston\" series. In the 30-second spot, Your Cousin From Boston passes out from seeing the needle, encourages folks waiting in line for the vaccine, and chants \"INDOOR BEERS! INDOOR BEERS!\" at a bar. I have actual cousins in Boston, so I think it's okay for me to say that this is funny and not offensive:"}, {"type": "subtitle", "content": "Why are Budweiser and Sam Adams running these campaigns?"}, {"type": "sentence", "content": "Alcohol companies and public health aren't exactly the most obvious connection. Why are these breweries giving away free beer for vaccines? Here are three possible reasons."}, {"type": "subtitle", "content": "1. The most optimistic answer: Public health advocacy"}, {"type": "sentence", "content": "Budweiser and Sam Adams are using their brand and marketing clout to help advocate for public health and motivate more people to get vaccinated. They know that getting as many people as possible to get vaccinated is essential to moving forward from the pandemic, and they're jumping in to use the power of their brands to help do their part."}, {"type": "sentence", "content": "By running these campaigns, Budweiser and Sam Adams are squarely positioning themselves in the pro-vaccine camp. And in America, that's not without risk - according to a recent NPR/Marist poll, 1 out of every 4 Americans would refuse a coronavirus vaccine if offered. The YouTube videos for their campaigns have plenty of negative comments mixed in, like this one on Budweiser's campaign video: \"A free beer is not worth getting injected with an EXPERIMENTAL serum for which the manufacturer has ZERO liability if it affects your health or kills you. I'll buy my own adult beverage.\" Is it worth the potential loss of customers?"}, {"type": "sentence", "content": "As far as I can tell, there are no caveats for anti-vaxxers in these campaigns - unlike Krispy Kreme, who made a big deal about their \"free donuts for vaccines\" offer, but quietly added a section about \"how choosing to receive the COVID-19 vaccine is a highly personal decision\". If you decide not to get one, you can still get a free donut on Mondays, which negates any significant pro-vaccine stance."}, {"type": "image", "content": "https://miro.medium.com/max/10478/1*oP1R6i95PHTFNO-O-0AfMg.jpeg"}, {"type": "subtitle", "content": "The more practical answer: Vaccines = bars open sooner"}, {"type": "sentence", "content": "The real motivator for these campaigns is likely more about a bottom line than a moral compass. Bars and restaurants are some of the most hard-hit businesses affected by the pandemic, and the sooner we reach herd immunity, the sooner bars will be operating normally - and vendors like Sam Adams can reestablish their revenue."}, {"type": "sentence", "content": "This is not a hidden motivator. Sam Adams' campaign reads \"Sam Adams hopes drinkers will get back to supporting the bars and restaurants they love.\" This strategy appeals to people who might be on the fence or ambivalent about getting a vaccine but are eager to get back to pre-pandemic activities like going to bars and breweries."}, {"type": "subtitle", "content": "The culture-change answer: Making vaccines mainstream-cool"}, {"type": "sentence", "content": "Regardless of whether these companies are motivated by ethics or money, one outcome is the same: promoting vaccinations and vaccine selfies may lead to normalizing and acceptance of the vaccine."}, {"type": "image", "content": "https://miro.medium.com/max/3508/1*Zf2m1gRE6xV_cZHOHReFTg.png"}, {"type": "sentence", "content": "Marketing has the power to make things cool (or uncool). It's a big reason why 40% of adults smoked in the 1970s, compared to only about 13% today, or why carrying a Hydro Flask is an \"unexpected status symbol\". Sure, smoking is bad for you, and staying hydrated is good for you - but it's also a way for people to signal their membership as a part of the in-crowd."}, {"type": "sentence", "content": "The promise of a free beer probably won't change an anti-vaxxer's mind. But for someone who is already planning on getting one, these freebie campaigns are an extra incentive to make your pro-vaccine stance known - even if sharing your selfie is more for the incentive of a free $7 beer and a donut than to advocate for COVID vaccines."}], "topic": "marketing", "uuid": "9b3fd46373b0a3bf96b9d307d53f20e43ebf5b7db0544909ffd4bd2d", "link": "https://bettermarketing.pub/free-beer-for-vaccinations-effective-public-health-advocacy-or-opportunistic-marketing-ploy-6fea6e61eff0"}