{"title": "Think outside the 'black' box", "data": [{"type": "sentence", "content": "How glass box models can provide X-AI without compromising results"}, {"type": "image", "content": "https://miro.medium.com/max/6706/1*wIBNOnatWlGbqzW5F1Lymw.jpeg"}, {"type": "subtitle", "content": "Introduction"}, {"type": "sentence", "content": "Artificial Intelligence plays a big role in our daily lives. AI is being used everywhere, from our search queries on Google to self-driving vehicles such as Tesla. With the use of deep learning, the models used in these applications have become even more complex. In fact, they are so complex that in many cases we have no idea how these AI models reach their decisions."}, {"type": "sentence", "content": "These models are often referred to as 'black box' models. We have a set of input features, then we give these features to our model, which then does a complex calculation, and comes to a decision. However, we do not know exactly how the model comes to its decisions, which features it finds important or even what it looks at. In some cases, it is not terribly important for humans to fully understand how the model works or how it reaches its decisions. But where this need exists, we look at several techniques to help humans better understand how the model comes to its predictions."}, {"type": "image", "content": "https://miro.medium.com/max/2156/1*KD-WzMHPdt69blyZyJJekA.png"}, {"type": "sentence", "content": "One thing that can help humans understand AI is explainable AI (X-AI). Explainable AI allows humans to understand and better trust the predictions made by an AI model. One downside of having explainable AI, is that there's usually a tradeoff between explainability and accuracy. In general, simpler models tend to be more explainable than more complex ones. In contrast to black box models, glass box models offer increased interpretability. In a glass box model all parameters are known to us and we know exactly how the model comes to its conclusion, giving us full transparency."}, {"type": "image", "content": "https://miro.medium.com/max/2156/1*ptwDO6s4kd8bLghuE1Amsg.png"}, {"type": "subtitle", "content": "Black box vs Glass box"}, {"type": "sentence", "content": "This puts in a dilemma: Do we favor accuracy or explainability? Selecting the appropriate technique is very dependent on the kind of problem you want to solve. Some problems require more explainability than others. For example, when you have a model which takes in a lot of personal information, it is good to know which kind of personal information the model is using and how the model is using these features to come to its conclusions. Here we should prioritize explainability over accuracy."}, {"type": "image", "content": "https://miro.medium.com/max/1700/1*wPGlM5kcbtObgwDsPRjZew.png"}, {"type": "sentence", "content": "Even though black box models can be very complex, several researchers have attempted to explain the outputs of these models. Several approaches can be used, most notably are:"}, {"type": "sentence", "content": "LIME trains an interpretable model around the black box models predictions. SHAP on the other hand, takes a game theoretic approach by assigning each feature an importance value for a certain prediction."}, {"type": "sentence", "content": "While interpreting black box models requires external tools, glass box models are inherently interpretable. Even though glass box models have interpretability build in, they used to be less powerful. In an ideal situation we would want to have a glass box model with the accuracy of a black box model."}, {"type": "sentence", "content": "But luckily there is: the Explainable Boosting Machine (or EBM for short) included in the interpretml[4] package developed by Microsoft. It is built on the old technique of Generalized Additive Models[3] with newly added machine learning techniques such as bagging and gradient boosting. During training the EBM only looks at one feature at a time in a round-robin fashion while using a very low learning rate. This way the order of the features does not matter. This process is repeated for many iterations where at the end of training all feature trees are added together. Because the EBM is an additive model each feature contributes separately to the final prediction, it allows us to see which features are important and which are less important [4]."}, {"type": "subtitle", "content": "Comparing black box explainers vs glass box models"}, {"type": "sentence", "content": "At Slimmer AI, explainability and trust in our models is one of our top priorities. Curious how we use explainable AI at Slimmer AI? Read this excellent blog post by colleague Ayla Kangur on explainable AI in practice. One use case of explainable AI is within our Science department, where we analyse incoming manuscripts from one of the biggest publishers in the world. Here we use explainable AI to predict if a new research paper is original."}, {"type": "sentence", "content": "We had the option to either use a black box model together with an explainer/explanation technique or use a glass box model. After training our models, a LightGBM[6] model, which is a gradient boosting model, and an EBM, it turned out they performed similarly. Our question then became, which model gives the better explanations. With better explanations we mean, which model would use input feature to explain a prediction like a human would do."}, {"type": "sentence", "content": "The results were quite striking. The EBM would consistently produce better explanations. It would look at features which made more sense to use in the prediction scenarios, while the LightGBM model would use a combination of more (seemingly) random features to get to its explanations. A good example of this was when we looked at the length of sentences that were copied from existing research. The LightGBM model would look at a combination of short sentences, while the EBM looked at longer sentences. Of course, when a human checks if a research paper is original they also look for long overlaps."}, {"type": "sentence", "content": "I believe this marks a huge step forward in the area of explainable AI, having a model that can both produce excellent results and have explainability by design. It will be exciting to see what else can be achieved in the future."}, {"type": "subtitle", "content": "References"}], "topic": "artificial-intelligence", "uuid": "9cee0f9a79c0c01fa786b9db0f96be01af7ec8288501a109c74623a3", "link": "https://basroelenga.medium.com/think-outside-the-black-box-7e6c95bd2234"}