{"title": "Why TigerGraph was a differentiator for Jaguar Land Rover during the pandemic", "data": [{"type": "image", "content": "https://miro.medium.com/max/2560/0*YEhPbhG_zZjA6ZgF.jpg"}, {"type": "sentence", "content": "Most consumers who ordered custom built motor vehicles last year left automobile showrooms less elated than they would have liked to. Instead of carrying a receipts and a projected pick-up dates in their hands, most weren't told exactly when their purchases would be delivered."}, {"type": "sentence", "content": "Why? Because the earth was in the midst of a global pandemic, of course. And, even once vehicle assembly plants reopened, it didn't mean that the same was true for the manufacturers and suppliers of the 30,000+ components that it takes to build a car or SUV. In fact, in many cases, builds couldn't even be scheduled or forecasted because entire supply chains had been disrupted and it was difficult to discern how one seemingly disparate part or process was related to the next and how those were related to any particular build. As a result, pivots became near impossible and some consumers who ordered their cars in August of 2020 didn't know if they'd receive delivery before or after January 2021."}, {"type": "sentence", "content": "Buyers of Jaguar, Land Rover-made vehicles had an altogether different experience because the motor vehicle-maker had gone live with a graph analytics solution (TigerGraph to be specific) even before the pandemic began."}, {"type": "image", "content": "https://miro.medium.com/max/2040/0*dFUFtr2lww3hSNDt.png"}, {"type": "sentence", "content": "As a result, they were able to run queries and reallocate parts to meet demand. \"A process which in the past might have taken days was both modelled and evaluated in less time than it took to write the PowerPoint slide to present the idea,\" Harry Powell, director of data and analytics, Jaguar Land Rover, said in a presentation."}, {"type": "sentence", "content": "During this morning's Graph and AI Summit which is taking place virtually, Forrester analyst Noel Yuhanna noted that Artificial Intelligence and Machine Learning \"can help predict supply chain issues while there's still time to remediate. Graph and AI/ML can help determine which shipments to prioritize and where to reroute to.\""}, {"type": "sentence", "content": "The reason TigerGraph could solve this sort of problem in a way that traditional databases cannot is that in graph the data is already connected, explained Todd Blaschka, TigerGraph's COO. \"This is a graph shaped problem,\" he added. \"For 40 years people have been trying to answer business questions out of data so that they can do modeling in real time.\""}, {"type": "sentence", "content": "Jaguar Land Rover went from queries to answers by analyzing masses of collected data and then using Machine Learning (ML) and AI to solve problems like \"demand for Land Rover Range Rover Eclipse is spiking. Can I grab duplicate parts for Land Rover Discovery which aren't needed right now to meet delivery times. Where are those compatible parts?\""}, {"type": "sentence", "content": "The reason TigerGraph could solve Jaguar Land Rover's problem in a way that other graph technologies could not is that is that it can easily scale as data grows. Not only that, but according to Gaurav Deshpande vice president of marketing at TigerGraph said tha TigerGraph's performance is \"extremely fast (up to 1000 times faster than the closest competitor) even on the most complex data. That includes streaming data so that decisions can be made in real time.\""}, {"type": "sentence", "content": "Graph has almost unlimited use cases for many different types of industries. Consider that at today's Graph and AI Summit Brad Spiers, executive director, JPMorgan Chase, spoke about how graph and machine learning AI could be combined for better business outcomes. Heather Adams, managing director, Accenture, presented on how graph and analytics have been used to combat financial crimes. Jesper Vang, a PhD Student, Department of Health Technology, Cancer Systems Biology, Technical University of Denmark spoke about how graph analytics can be combined with the fields of AI, machine learning and translational bioinformatics to create models that can predict the risk of relapse and toxicity within acute lymphoblastic leukemia treatments."}, {"type": "sentence", "content": "It's worth noting that the ability to run time sensitive, cost efficient queries on volumes of streaming and static data using graph technologies is still new (TigerGraph launched commercially in 2017) and the use cases are endless. What's exciting is that you can now get answers to questions you couldn't afford to ask in the past."}], "topic": "artificial-intelligence", "uuid": "9f848c705f1c07819dd67a9158a94160b9aff2c7ddbdebf537da3da6", "link": "https://digitizingpolaris.com/why-tigergraph-was-a-differentiator-for-jaguar-land-rover-during-the-pandemic-55d85dce9ae"}