{"title": "5 Attributes of a Powerful Financial Education Program for Teens", "data": [{"type": "image", "content": "https://miro.medium.com/max/1412/1*7bAl3EdlmnHuZzNGk6owDQ.png"}, {"type": "sentence", "content": "The economic fallout of the recent pandemic has pushed financial education or rather the lack of it, into the spotlight globally."}, {"type": "sentence", "content": "There are now scores of 'experts' and institutions offering financial education programs that they claim will teach your teens about money and end your worries as a parent."}, {"type": "sentence", "content": "However, there is a ton to research to show that most financial education programs don't work in their current form."}, {"type": "sentence", "content": "There are many reasons for this, the main ones being that most programs focus on delivering financial knowledge (facts, figures and formulae are far from enough to cause effective change), and that most teens find these programs intensely boring and irrelevant."}, {"type": "sentence", "content": "So how can parents who are already over-stressed, who haven't undergone any formal training themselves in this subject and who desperately understand the need for this crucial skill, figure out which of these myriad programs are effective and which ones aren't."}, {"type": "sentence", "content": "Well, here are 5 attributes that we believe should be part of any powerful financial education program:"}, {"type": "sentence", "content": "Solely delivering financial knowledge and building awareness doesn't work. Whether it's smoking, drug abuse or fast food, everyone knows the harmful effects they have but not many act on that knowledge."}, {"type": "sentence", "content": "A powerful program should help teens develop an empowering money mindset while also positively impacting their financial behavior."}, {"type": "sentence", "content": "And it is the confluence of these three aspects - knowledge, behavior and mindset that underpins a truly holistic fin-ed program."}, {"type": "sentence", "content": "2. It is delivered by expertly trained educators with unbiased content from a trusted source."}, {"type": "sentence", "content": "This delivery by competent and confident educators is crucial to an effective program. And it is particularly important that the content is unbiased and based on a balanced view of the subject."}, {"type": "sentence", "content": "But what is equally important is the educators take the time and trouble to build a relationship with the teens they teach."}, {"type": "sentence", "content": "Particularly when teaching personal finance where there is no 'one-size-fits-all' solution, it is important that the teens are able to debate, discuss and question concepts with educators they like and trust, and who can mentor them effectively."}, {"type": "sentence", "content": "These strong social bonds help teens connect and learn better, resulting in better learning outcomes."}, {"type": "sentence", "content": "3. It focuses on content that is relevant to teen and provides them with actionable takeaways."}, {"type": "sentence", "content": "Teens quickly lose interest in topics they can't see the relevance to."}, {"type": "sentence", "content": "Many fin-ed programs for teens focus on mortgages, pensions and debt management and are thus met with blank stares that barely mask their disengaged brains."}, {"type": "sentence", "content": "The program should also necessarily give teens actionable takeaways that they can start implementing in their present lives."}, {"type": "sentence", "content": "This focus on relevance and implementation keeps their interest and motivation high because they can now see how this learning will benefit them."}, {"type": "sentence", "content": "4. It stresses on parental engagement as a key part of the program."}, {"type": "sentence", "content": "Keeping parents abreast of what is taught in class and getting them actively involved in the financial education of their teens is paramount."}, {"type": "sentence", "content": "This is because parents stand on a mountain of value and experience that their teens can learn so much from."}, {"type": "sentence", "content": "And while this might be difficult for parents to manage on their own because of their penchant to lecture on the topic, or their kids predilection to ignore what they say, the program should guide both parents and teens in doing this effectively."}, {"type": "sentence", "content": "Most fin-ed programs completely ignore this crucial component and it negatively impacts their effectiveness."}, {"type": "sentence", "content": "5. The program is fun and enjoyable for the teens."}, {"type": "sentence", "content": "While this may seem all but impossible, it really isn't. It just needs to focus on interactive sessions rather than lectures, with many opportunities for the teens to question and engage, not just with the educator but with the rest of the students."}, {"type": "sentence", "content": "Teens don't learn by listening but by discussing, responding to and asking great questions. Creating a learning environment that actively encourages this is critical to the success of a program."}, {"type": "sentence", "content": "After graduation, every step teens take, from college through retirement will be directly influenced by their ability to manage their money smartly."}, {"type": "sentence", "content": "As parents and as educators we owe it to them to ensure that we teach them this crucial skill in the best way possible, though powerful well structured programs that have a lasting impact."}, {"type": "sentence", "content": "At The Kids Finance Initiative, we do just that."}], "topic": "education", "uuid": "a0a09943bf22d62a1f5a876158ee3c71c7c695b3a066ba05d49bf24c", "link": "https://medium.com/age-of-awareness/5-attributes-of-a-powerful-financial-education-program-for-teens-b809634214ff"}