{"title": "9 Things I Wish I Would Have Known Before Getting Therapy", "data": [{"type": "image", "content": "https://miro.medium.com/max/2250/0*v9bvH-gLnAuYXDlv"}, {"type": "sentence", "content": "I've always been on the fence about therapy. I thought I did a good enough job for myself and that ultimately, I would not benefit from it. Similarly, I also thought my issues wouldn't be anything to write home about. I live a regular normal life and have always thought my worrying was normal."}, {"type": "sentence", "content": "Recently, my excessive worrying and overthinking have gotten in the way."}, {"type": "sentence", "content": "It has begun to affect my daily life to the point where I start thinking everyone hates me and everyone around me is in danger. I expressed to my friends and boyfriend that I was having those thoughts thinking I was going to get solidarity when in fact, they told me that their lives are not like this."}, {"type": "sentence", "content": "Though they worry (obviously) it doesn't consume them to the point where it begins to affect their daily life. After hearing this, I came to the conclusion that maybe, my own guidance was not enough anymore. I needed someone else to talk to besides my friends that were professionally equipped to deal with this."}, {"type": "sentence", "content": "I wish I would have done a bit more research before my first session but I've always been the type of person to learn through experience. Regardless, here are 10 things I wish I would have known before starting therapy."}, {"type": "subtitle", "content": "1. You don't have to settle for your therapist"}, {"type": "sentence", "content": "At first, I thought that therapy had to be done through a referral from a doctor. I had always imagined that a psychologist would be appointed to me and that I had to roll with the punches."}, {"type": "sentence", "content": "After some embarrassing phone calls, I found out that I was, in fact, able to find a therapist for myself. I set up consultations with a few therapists in order to see if they were right for me. Given the fact that we could not see each other in person, I had to be a bit more strict with my selection to see if they would be a good fit."}, {"type": "sentence", "content": "I learned that although most therapists are generalized, a lot of them also specialize in specific disorders and areas. In order to see who would be the best fit for me, I made sure to list my worries and problems to give them a general idea of what we would be talking about."}, {"type": "subtitle", "content": "2. It's very expensive"}, {"type": "sentence", "content": "Duh, right? Everyone knows it's expensive but still, it took me by surprise. I don't know if the area I live in is marked up but all I know is that without insurance, it would definitely not be possible. In Canada, the average cost for therapy is anywhere from $125-$175 per session which if taken weekly can end up costing approximately $8000 every year."}, {"type": "subtitle", "content": "3. Just because it's expensive doesn't mean it's good"}, {"type": "sentence", "content": "It's no secret that therapy is expensive, I just didn't know exactly how expensive it would be. On my hunt for my optimal therapist, I also encountered their hourly wages and consequently had to pick up my jaw from the floor."}, {"type": "sentence", "content": "I also noticed that a lot of them were not certified or had enough education to be charging any more than $50. The field of psychology is new to me but I at least figure that education is important when trying to deal with the enigmas of someone's mind."}, {"type": "sentence", "content": "As a rule of thumb, I made sure to check out their LinkedIn accounts or even their websites to check out their qualifications. I felt safer than the hands of someone who has extensive education as well as experience to deal with issues that I'm not even sure I know how to express."}, {"type": "subtitle", "content": "4. Don't hold anything back"}, {"type": "sentence", "content": "I've never been embarrassed to express myself. I'm the type of person who likes to wear their heart on their sleeve and I pride myself on sharing my emotions. That being said, I really struggled to talk to my therapist during my first session."}, {"type": "sentence", "content": "I didn't really know what information was valuable or not and I didn't know if she needed to hear all of it. Since this was the case for me, I decided to just say everything and I noticed that my therapist was appreciating it."}, {"type": "sentence", "content": "The fact is, little things you think are insignificant can actually have a bigger impact than you think. Ultimately, leave it up to them to ask follow-up questions which will help both you and them to hone in on the issues that actually matter."}, {"type": "subtitle", "content": "5. Bring a tissue or two"}, {"type": "sentence", "content": "Not only did I struggle with knowing what to share, but I also struggled to share it. Though I am an emotional person by nature, I really wasn't planning on crying for 30/60 minutes in front of a complete stranger. It was unbelievable how my therapist managed to ask exactly the right questions."}, {"type": "sentence", "content": "I believe my tears were a combination of offloading issues while also being genuinely impressed at her abilities to do her job so well. During the session, my sweater served as a tissue because unfortunately, I didn't have one nearby."}, {"type": "sentence", "content": "That being said, crying isn't always a good thing in therapy. If you find that your therapist is pushing sensitive buttons with seemingly no purpose, it might be time to move on."}, {"type": "subtitle", "content": "6. Don't underestimate their ability to bring up things you don't want to talk about"}, {"type": "sentence", "content": "I think everyone knew that therapy would be uncomfortable, I just didn't know how uncomfortable it would be. In a way, I'm thankful that she asked hard-hitting questions because alternatively, I don't think I would have brought anything up."}, {"type": "sentence", "content": "It can definitely be triggering to talk about your issues and in my 1-hour session, I offloaded more than I knew I would. It didn't feel good but it also didn't feel that bad. Given that it was only my first session, I'll give myself credit for speaking out as much as I did."}, {"type": "subtitle", "content": "7. There's homework"}, {"type": "sentence", "content": "Though it's definitely not homework in a conventional way, a good therapist will end off the session by giving you something to do. In my first session, my homework was to write down moments during which I felt anxious while also explaining what I was doing at that moment and how it made me feel (physically and emotionally)."}, {"type": "sentence", "content": "I believe this is a very good exercise to start on. It will give my therapist a good sense of the activities in my life that bring me the most stress as well as what we can do about the physical and emotional ways my body reacts to it."}, {"type": "subtitle", "content": "8. Though honesty is important, don't try to offload everything in one session"}, {"type": "sentence", "content": "I tried my best to tell my therapist everything I could think of but if I'm being honest, some things would have been a bit too difficult to talk about. Though I didn't directly die, I definitely didn't answer every question with 100% certainty."}, {"type": "sentence", "content": "Since therapy is an ongoing thing, I'm hoping that I'll find the courage and the words to explain myself better to my therapist. I also hope that she asks me questions that will organically bring up the things that I find difficult to talk about."}, {"type": "subtitle", "content": "9. One session won't change much"}, {"type": "sentence", "content": "I thought I was going to feel like a brand new woman after my session but the truth is, once it was done, it was done. I didn't regret saying anything, and fortunately, I didn't feel down for the rest of the day even after bringing up a lot of things that have made me feel bad."}, {"type": "sentence", "content": "I trust that with time and by doing my assigned 'homework' I can begin to feel better and actively find ways to make myself feel better without my therapist's help."}, {"type": "subtitle", "content": "Final Thoughts"}, {"type": "sentence", "content": "If you're on the fence about therapy, the only way to hop it is to go for at least one session. In most cases, therapy is not mandatory and you'll never really know how you feel about it until you try it."}, {"type": "sentence", "content": "To avoid any uncomfortable situations, do a lot of research before your first session and most of all, have an open mind."}], "topic": "mental-health", "uuid": "a0e3da66561fa7a819d589faa1398636afe2a088be8ae899255cb399", "link": "https://medium.com/self-inspired/9-things-i-wish-i-would-have-known-before-getting-therapy-d755980b8fe0"}