{"title": "B Lab Partners with Ad Victoriam and Fors Marsh Group to Enhance the B Hive User Experience", "data": [{"type": "sentence", "content": "Written by Nathan A. Stuck of Ad Victoriam Solutions and Matt Escoubas of Fors Marsh Group"}, {"type": "sentence", "content": "By now, a growing number of consumers are aware of the B Corp Certification and can name a few brands that use business as a force for good - such as Cabot Creamery, Ben & Jerry's, and Seventh Generation. However, many people may not be aware that more than 3,900 companies are part of this global movement whose goal is redefining the economy to work for everyone and for the long term. Even members within the B Corp community can benefit from increased exposure to the many other B Corps in this network. Ad Victoriam Solutions (AdVic) and Fors Marsh Group (FMG), two Certified B Corporations, teamed up to help facilitate further community engagement."}, {"type": "sentence", "content": "Beyond the benefits that B Corps gain by earning the gold standard of corporate social responsibility - such as recruiting and retaining top talent, differentiating themselves from competitors, and making a positive impact on society - B Corps are also able to access a community of their fellow changemakers through the B Hive internal platform."}, {"type": "subtitle", "content": "AdVic's Role"}, {"type": "sentence", "content": "On the B Hive platform, which is powered by Salesforce's Experience Cloud, employees of any B Corp can join the global community of thought leaders discussing everything from employee engagement to climate change. Silvia Laserna, B Lab's Community & Innovation Strategist, shares her vision for the B Hive as \"a place where B Corps can get informed, be inspired, and connect to each other, so they can leverage their collective voice and improve their impact.\" The pro bono contributions that Ad Vic and FMG provided are helping to turn that vision into reality."}, {"type": "sentence", "content": "AdVic has ensured that the B Hive is now more accessible and easier for B Corp employees to join. Shortening the sign-up process and giving new users a quick introduction on how to get the most out of the platform has helped B Lab increase its new member engagement rate. The company also added new features to the site, making it easier for B Lab to offer discounts and ask questions of the community, while also improving reporting and security features."}, {"type": "sentence", "content": "This partnership was everything the B Corp movement is about, with a for-profit corporation donating their time and expertise to a nonprofit organization with the hope of adding value to their fellow B Corps. AdVic employees are proud to work for a B Corp, and this project gave our consultants a wonderful opportunity to engage with B Lab and the greater B Corp community."}, {"type": "sentence", "content": "Laserna echoes these thoughts, adding that \"Ad Victoriam Solutions made the perfect partner because they understood Salesforce and what it means to be a B Corp. The fact that they did [the work] pro bono speaks to their commitment to the B Corp community and their desire to see the shared success of companies using business as a force for good.\""}, {"type": "subtitle", "content": "FMG's Role"}, {"type": "sentence", "content": "FMG conducted predevelopment research and strategic planning that was integral to creating and launching the Marketplace within the B Hive. This new Marketplace allows B Corps to easily source products and services from others in the community - simply put, the goal is to encourage the community to do business with B Corps. According to a B Corp community survey that FMG conducted in 2020, the key benefits that B Corps desire from the community include making business connections, sharing best practices, and promoting themselves within the B Corp community. With the recent upgrades to the B Hive and the Marketplace, B Corp employees can more easily connect with other B Corps."}, {"type": "sentence", "content": "FMG is conducting additional research with members of the B Corp community to inform feature recommendations for the Marketplace. FMG also provided B Lab with a road map to continuously improve the B Hive's overall user experience."}, {"type": "sentence", "content": "\"The success of the B Corp movement is fueled in part by the strength of our relationships within our own community,\" says Matt Escoubas, Director of Special Initiatives at FMG. \"FMG believes looking first within our B Corp community of partners and suppliers when making purchasing decisions is central to the growth of the movement. We are excited to put this resource into action, and what better place to do it than the B Hive?\""}, {"type": "sentence", "content": "The communications platform proved valuable in the last year as businesses navigated new challenges, Laserna says."}, {"type": "sentence", "content": "\"In light of the pandemic, the B Hive has become a central space where B Corps come together to connect, share, and be stronger together in ways that are not currently possible in person. Although this does not replace the magical experience of sharing space and physical proximity, we are grateful to have a platform where we can continue to gather, support, and nurture each other,\" she says. \"It has been great to see all those dedicated B Corp users who continue to sign in, read, interact, and keep building relationships. Thanks to Ad Victoriam and Fors Marsh Group, those B Corps will have a better user experience on the B Hive, which will translate into more collaborations, stronger relationships, and a more impactful community.\""}, {"type": "subtitle", "content": "B the Change"}, {"type": "sentence", "content": "AdVic's involvement with this project was a part of its Victory Project. As a B Corp and a member of Pledge 1%, AdVic committed to hitting this goal on two fronts, with 1% of revenue donated in the form of pro bono consulting for nonprofits like B Lab and another 1% of revenue donated through employee volunteer time. In addition to this project, AdVic's 2021 plans include a Salesforce-based workforce development program with Goodwill of North Georgia, as well as two all-volunteer consulting weekends helping local nonprofits implement Salesforce."}, {"type": "sentence", "content": "FMG's contribution to this project aligns with the company's Social Engagement through Research-Centered Volunteerism (SERV) division, which leads company-wide initiatives to identify, convene, and drive efforts that address gaps in key social change areas. By partnering with external thought leaders and organizations on topics aligned with FMG's market capabilities and staff expertise, FMG is committed to using business as a force for good."}, {"type": "sentence", "content": "If you are already a part of the B Hive, we hope you like the improvements. If you work for a B Corp, we invite you to join this online community and consider how you can support or partner with other B Corps."}, {"type": "sentence", "content": "B The Change gathers and shares the voices from within the movement of people using business as a force for good and the community of Certified B Corporations. The opinions expressed do not necessarily reflect those of the nonprofit B Lab."}], "topic": "business", "uuid": "a0fb2b430857390020c99856c4e211fd0364a9f51718c6bdd33284fa", "link": "https://bthechange.com/b-lab-partners-with-ad-victoriam-and-fors-marsh-group-to-enhance-the-b-hive-user-experience-a6d8d0efa866"}