{"title": "This Is How the European Union Is Planning to Regulate A.I. in Europe More Strictly", "data": [{"type": "image", "content": "https://miro.medium.com/max/11008/0*sgsyxom-c1fXdLk4"}, {"type": "subtitle", "content": "Future"}, {"type": "sentence", "content": "The European Union unveiled strict regulations governing the use of artificial intelligence today (21.04.2021), a first-of-its-kind policy outlining how companies and governments can use a technology regarded as one of the most significant but ethically fraught scientific breakthroughs in recent memory."}, {"type": "sentence", "content": "The draft rules, which were presented at a news conference in Brussels, would set limits on the use of artificial intelligence in various activities, including self-driving cars, hiring decisions, school enrollment selections, and exam scoring."}, {"type": "sentence", "content": "It would also cover the use of artificial intelligence by law enforcement and court systems, both of which are deemed \"high risk\" because they could jeopardize people's safety or fundamental rights."}, {"type": "sentence", "content": "Some applications, such as live facial recognition in public places, would be prohibited entirely, with some exceptions for national security and other purposes."}, {"type": "sentence", "content": "The rules have far-reaching implications for major technology companies such as Amazon, Google, Facebook, and Microsoft and scores of other companies that use artificial intelligence in health care, insurance, and finance. Governments have used versions of the technology in criminal justice and in allocating public services."}, {"type": "image", "content": "https://miro.medium.com/max/2458/1*yNaLtVgPaJKQrAhxCNPwQg.png"}, {"type": "sentence", "content": "The proposed legal framework by the EU will not strictly look at AI technology itself. but it will take into consideration how AI will be used in the applications, and what for."}, {"type": "sentence", "content": "It will apply a proportionate risk-based approach, where the higher the risk that a specific AI may cause, the stricter will be the rules for all Member States:"}, {"type": "sentence", "content": "Unacceptable Risk: AI systems considered a clear threat to security, livelihoods, and people's rights will be banned, such as AI applications that manipulate human behavior to circumvent free will and systems that allow governments to award a \"social score.\""}, {"type": "sentence", "content": "High Risk: use cases related to critical infrastructure, vocational education or training, product security components, employment, and worker management, essential public and private services (credit scoring), law enforcement activities (reliability assessment tests), migration management, asylum, and border control, and justice will be subject to obligations before they can be placed on the market"}, {"type": "sentence", "content": "Limited Risk: systems with specific transparency requirements on the use of IA like chatbots."}, {"type": "sentence", "content": "No-risk: allows the unrestricted use of applications such as video games or spam filters based on."}, {"type": "subtitle", "content": "The impact of the new regulations"}, {"type": "sentence", "content": "Companies that violate the new regulations, which will take several years to debate and implement, could face fines of up to 6% of global sales."}, {"type": "sentence", "content": "Artificial intelligence, in which machines are trained to perform tasks independently by studying massive amounts of data, is regarded as one of the world's most transformative technologies by technologists, business leaders, and government officials."}, {"type": "sentence", "content": "However, as systems become more sophisticated, it may become more challenging to determine why the technology is making a decision, which may worsen as computers become more powerful. Researchers have raised ethical concerns about its use, claiming that it could perpetuate societal biases, invade privacy, or result in more job automation."}, {"type": "subtitle", "content": "Conclusion"}, {"type": "sentence", "content": "My view here is that the European Union is attempting to further establish itself as the world's most aggressive watchdog of the technology industry by introducing the draft rules."}, {"type": "sentence", "content": "The E.U. has already enacted the most stringent data-privacy regulations globally, and it is currently debating additional antitrust and content-moderation legislation."}, {"type": "sentence", "content": "Companies need to actively prepare themselves to be compliant, revisiting how they ensure that the related applications of AI that fall in the high-risk domain will be required to allow external auditing and third-party assessments to ensure that these applications have been developed according to the principles suggested by the EU."}, {"type": "sentence", "content": "Also, as we saw in other global regulation initiatives, this set of principles can directly impact other countries and regions, probably starting or aligning their regulations on Responsible AI according to the EU."}, {"type": "subtitle", "content": "One more thing"}, {"type": "sentence", "content": "If you want to read more about Responsible and Explainable AI and AI ethics, the following articles can be interesting to you:"}, {"type": "subtitle", "content": "Resources"}], "topic": "artificial-intelligence", "uuid": "a362bb5c15403996535be38bab78cbeebb3e4ae16065c43df333e2e0", "link": "https://pub.towardsai.net/this-is-how-the-european-union-is-planning-to-regulate-a-i-in-europe-more-strictly-8b47ee6c4d18"}