{"title": "Coach Rants: On Refactoring", "data": [{"type": "sentence", "content": "Was recently on a call with a team when the question came up, \"Often times we get pushback from stakeholders when we say we need to refactor. How can we convince them that it needs to happen?\""}, {"type": "sentence", "content": "I actually hear this pretty frequently. When stakeholders (or even development teams) don't understand the hidden cost of a messy codebase, they are just making the best decision they know how. It's the business' job to make sure they are fulfilling their mission for as little cost as they can. As technologists that enable the business, it's our job to make sure they have the best information and tools to facilitate that mission. So let's bring the cost into the light so that we are better prepared to fulfill our purpose."}, {"type": "image", "content": "https://miro.medium.com/max/9224/1*nYSfS4PQu1Y4smrI9F-ebQ.jpeg"}, {"type": "subtitle", "content": "Hidden Cost of Messy Code"}, {"type": "sentence", "content": "In order to examine the hidden cost of messy code, we must first ask ourselves \"Why does the code exist?\". Bear with me here."}, {"type": "sentence", "content": "Code exists for two reasons:"}, {"type": "sentence", "content": "The first is obvious to all. You need code for webapps, services, mobile apps, etc. that run the business. That's why developers are engaged for features, and defects, and incidents, oh my!"}, {"type": "sentence", "content": "The second is a less recognized, more nuanced, and equally critical point. When we write code, we are also communicating with our future contributors about the intent of the codebase and give them the structure to implement further changes. If the intent is unclear or the structure makes it difficult, future changes are going to be more expensive to make and more prone to error."}, {"type": "sentence", "content": "The actual expense comes in three primary forms:"}, {"type": "subtitle", "content": "Reading and Understanding"}, {"type": "sentence", "content": "As anyone that has read through messy code can tell you, it's not a singularly pleasant experience. Mixed domain language, long functions, gigantic and/or entangled classes, and strange code structures make understanding how it works difficult and mentally exhausting."}, {"type": "image", "content": "https://miro.medium.com/max/10944/1*1eRhpO0DD0vEWMrh-neO0A.jpeg"}, {"type": "sentence", "content": "Yes, as you spend time with a codebase, you become more familiar with it and can navigate it easier. However, you are always going to be reading it to understand the intricacies of this or that in order to implement functionality. It's inevitable that you'll be looking for that one piece of code that needs to change, but it's buried."}, {"type": "sentence", "content": "It's like trying to find a specific wrench socket in your garage. With your workbench in a mess you end up searching through drawers, boxes, and bags because \"I know I had it right here! This is such a mess!\". As opposed to going over to the drawer with the wrench sockets and grabbing the one you need. Potentially hours versus seconds."}, {"type": "sentence", "content": "All of that time spent reading and understanding code is time that the company is paying expensive engineers to do. If you could reduce the time to understand from days to 15 minutes, wouldn't you? I have seen that drastic of change, and it makes a world of difference in the enjoyment of the team and the satisfaction of stakeholders."}, {"type": "subtitle", "content": "Implementing New Functionality"}, {"type": "sentence", "content": "This is the obvious one, right? Developers write code. However, what's not always obvious to people that don't ship software is the profound difference between adding new functionality to well-factored and messy codebases. Well-factored code where everything has a purpose, place, and clear intent is code that's easier to modify, and test."}, {"type": "sentence", "content": "As difficult as it is to understand a messy codebase, it is even harder to modify one. They are are harder to test, and have fewer tests in them as a result. This makes them much more difficult to modify with a high degree of confidence and causes more defects to be produced during development. Those defects impact customers and means rework instead of actually improving or enhancing the codebase. Everything is connected to and impacted by the state of the code."}, {"type": "image", "content": "https://miro.medium.com/max/6048/1*GtBUwAnv_TcBMiHMUN4uCg.jpeg"}, {"type": "sentence", "content": "In a well run warehouse, the employees have a near religious zeal for clean floors. This is because of the fact that dirty floors are expensive and dangerous. Forklifts require more maintenance and cause more accidents when the floor isn't clean. People could get hurt or die because of a stray piece of pallet on the ground. That's why you won't see an employee walk by a piece of trash. They will pick it up and throw it into trash receptacles that are scattered all over the building for their own safety and that of their colleagues. You will not find anyone related with the warehouse telling employees to stop picking up trash and move freight. It'd be irresponsible and dangerous."}, {"type": "sentence", "content": "Code generally doesn't have quite the same bodily ramifications, but its cleanliness undoubtedly has similar impact with respect to delivery. Dirty code is slow and dangerous (defects, bugs, untestable, etc.), clean code is fast and safe."}, {"type": "subtitle", "content": "Defects and Debugging"}, {"type": "sentence", "content": "This is really just another way of saying reading and writing code, but this time a customer is being impacted. All of the above still applies."}, {"type": "image", "content": "https://miro.medium.com/max/1280/1*4sBaUPNJ-1z3DtrTL3P6Rg.jpeg"}, {"type": "sentence", "content": "You get the picture. For every one of the scenarios above, there is cost with respect to engineering time, opportunity cost due to customer impact, and a potential monetary cost due to damage of brand/trust."}, {"type": "sentence", "content": "This is not the situation that anyone wants to be in. Nobody goes to work thinking \"I wonder how I can negatively impact the customer today?\". We all want to do a good job of providing the tools and capabilities our business needs to delight customers and acquire currency."}, {"type": "subtitle", "content": "Beware! Pitfalls Ahead!"}, {"type": "sentence", "content": "We've talked about some of the reasons to keep a clean code base and how refactoring is a critical tool for that function. Now here's a curveball. Refactoring isn't always the answer, and is occasionally a bad idea. Here's some pitfalls to beware as you are out there cleaning your source code for the greater good."}, {"type": "subtitle", "content": "Over-cleaning the Code Base"}, {"type": "sentence", "content": "I know I was just talking about how important it is to keep the code base clean, but there is such a thing as too clean for a particular context. Warehouses and operating rooms should both be clean, but they have different standards for what clean means in their context."}, {"type": "image", "content": "https://miro.medium.com/max/15904/1*uqTObaL6uupcULk_8DaP9Q.jpeg"}, {"type": "sentence", "content": "If some code is stable or unlikely to change much, limit the zeal to refactor it to perfection. It's not worth it. Only apply engineering rigor to problems that require it. Good enough is fine everywhere else. The skill is in determining where to/not apply rigor for maximum value delivery."}, {"type": "subtitle", "content": "Large Scale Refactor"}, {"type": "sentence", "content": "Your tech lead determines that a large scale refactor of the system is in order and it will take 3-6 months in order to complete. Your customers are distraught, escalation emails are flying, and the team is giddy because the code has been degrading at an accelerated rate and they'll finally have a chance to \"do it right\"."}, {"type": "sentence", "content": "The problem is that often the same team that developed the system that needs to be refactored is the one doing the refactoring. The same skills, habits, tendencies, biases, etc. that led to the system needing a major refactor are all still present and so the end result will be likely need a major refactor."}, {"type": "image", "content": "https://miro.medium.com/max/5696/1*RH9nLkZrF-X3mD-XG13YXA.jpeg"}, {"type": "sentence", "content": "It is almost always better to let refactoring happen emergently as part of changes to the system in order to add functionality. Continuously refactoring based on the types of changes the system needs will create a system that's more likely to be resistant to these types of big bang refactoring efforts."}, {"type": "subtitle", "content": "Hardening Sprints"}, {"type": "sentence", "content": "A smaller-scale version of the Large Scale Refactor, a hardening sprint is a smell that we are not baking quality into our development process. If we schedule time to go back and add tests, clean code, etc. we are putting time and cognitive distance between the developers of now and the developers that actually wrote the code."}, {"type": "sentence", "content": "It is better to bake quality into the software as we write it so that we don't have to remember all of the things that we were thinking over a month ago when we wrote it initially. Or worse, what someone else was thinking over a month ago. We won't remember, and it is more likely than other priorities will sneak in and push out any efforts to clean the codebase."}, {"type": "subtitle", "content": "Summary"}, {"type": "sentence", "content": "Rant over. That's an overview of the costs of messy code and pitfalls to avoid in the search of keeping it clean."}, {"type": "subtitle", "content": "References"}], "topic": "leadership", "uuid": "a3e75592a886981ec9e436c148e8897709fb492ee029de5fb8b19c91", "link": "https://nathan-nicholson.medium.com/coach-rants-on-refactoring-d71ee3d94e19"}