{"title": "Failure's Not Your Friend", "data": [{"type": "image", "content": "https://miro.medium.com/max/7600/1*_zr7KNYhRPU2Hj_U0syCuA.jpeg"}, {"type": "sentence", "content": "You are my distractionYou leave me soft and numbThe pen rolls out an open handJust for tonight - I will succumb"}, {"type": "sentence", "content": "You cry for my attentionDemand I check again - againMeasure up against false illusionAspire for every make-believe mountain"}, {"type": "sentence", "content": "You taunt on the precipiceOne foot on the safety ropeTied to the branch you burntAn echo at rock-bottom, 'See, I told you so'"}, {"type": "sentence", "content": "You think I think too muchKeep me reaching for some reliefEnough with boresome thought workSnort a line, roll a smoke, what's on TV?"}, {"type": "sentence", "content": "You and your best friendSay the world's a dangerous thingBig fish in a little pond? Forget it -You better swim in the kitchen sink"}, {"type": "sentence", "content": "You have me shouting in the mirrorStaring at a plain white wall Pacing 'round a lunaticJust to avoid it all You should know better though, know I'll start againI'll begin with an empty page and write - 'failure's not your friend'"}, {"type": "sentence", "content": "Vic Spandrio 2021"}], "topic": "fiction", "uuid": "a548bb7fd6452e6b24355083b7008ba998177149662f40ad70fa4224", "link": "https://medium.com/lit-up/failures-not-your-friend-97b2dbb91df2"}