{"title": "Therapy Is For Everyone", "data": [{"type": "sentence", "content": "One of my best friends is a social worker, and one day, she said something that completely changed the way I thought about people. She said, \"Everybody experiences trauma.\" And recently, in a conversation with my therapist, this phrase resurfaced."}, {"type": "sentence", "content": "In my own therapy sessions, I have uncovered experiences that I had never thought of as trauma but have affected my thinking and behaviors my whole life, even to this day. According to the American Psychological Association, \"Trauma is an emotional response to a terrible event like an accident, rape or natural disaster. Immediately after the event, shock and denial are typical. Longer-term reactions include unpredictable emotions, flashbacks, strained relationships, and even physical symptoms like headaches or nausea.\""}, {"type": "sentence", "content": "Trauma can be separated into two categories, little \"t\" and big \"T.\" Most often when we think about trauma we think of big \"T\" experiences. But all of us have at some point experienced little \"t\" trauma. Some examples include emotional abuse, the loss of a friend or partner, bullying and harassment, and even the death of a pet, among other emotionally distressing events."}, {"type": "sentence", "content": "If you dig deep, I'm sure you can think of something that has affected you and hurt you. Of course, there are varying degrees of trauma but in order to be the best versions of ourselves, there are things we need to be aware of about ourselves. And that is why I believe that therapy is for everyone."}, {"type": "sentence", "content": "It's not that you aren't great. You really are. But we could all be better. And I think we know that about ourselves. The hardest part is putting it into action."}, {"type": "sentence", "content": "I'll be the first to admit that therapy can be weird and intimidating. My parents started putting me in therapy when I was in eighth grade, and from there, I floated in and out of offices up into my twenties."}, {"type": "sentence", "content": "I didn't begin seeing any progress until recently, however. And I believe the right therapist is the most important factor when considering counseling. Until I was eighteen, my parents controlled who I saw, and I only saw Christian therapists, and psychiatrists, which didn't do much for me."}, {"type": "sentence", "content": "The woman I see now is great, and the best part is that I am choosing to see her. I am also learning a lot about myself and my relationships with others, which is the most important part of therapy."}, {"type": "sentence", "content": "We do activities: drawing diagrams identifying specific thoughts, that lead to feelings, that lead to certain behaviors, that lead to outcomes, that lead back to thoughts, which continue in a vicious cycle. We've also done activities identifying aspects of my personality, good and bad, and grouping them into separate identities. For example, I have a carefree, fun-loving side; a cynic and artist; and a hustler."}, {"type": "sentence", "content": "These different aspects of my personality are interacting with each other every day and now that I've identified them, I can pull them up when I need them. For instance, when I need to make money and work, I am the hustler. But when I've been sitting at my desk too long and am starting to get grumpy, I know that the fun-loving side of myself needs to take over."}, {"type": "sentence", "content": "My cynical side, which also very artistic, is shaped by numerous traumatic experiences, some of which I never even considered \"traumatic\" until therapy. But as my good friend and my therapist say, everyone experiences trauma. Sometimes, we are just unaware of it."}, {"type": "sentence", "content": "Oftentimes, we choose to stuff it away and forget about it, big things and small things. But later on, that trauma might present itself in the form of another and incite a reaction from you. If anything, it's just helpful to have more self-awareness for your own emotional and psychological well-being, and healthy relationships."}, {"type": "sentence", "content": "I recommend therapy for everyone but I also suggest not being afraid to leave and find another therapist if you feel like it's not working out after a while. BUT GIVE IT TIME."}, {"type": "sentence", "content": "Because, the woman I see now, I left for a period. I started going back after a hiatus, and new pain made me more vulnerable with her. I realized I had had walls up in earlier sessions which made it hard to make progress in therapy."}, {"type": "sentence", "content": "So, I do recommend giving it time. And setting an intention. A good general one is: self-awareness."}, {"type": "sentence", "content": "I, personally, see a trauma-focused therapist. And if you suffer from a significant amount of trauma, I would recommend you see someone specializing in this type of therapy."}, {"type": "sentence", "content": "But even if you do not consider yourself to have experienced a significant amount of trauma, I hate to break it to you, but you've experienced some. And therapy can be a really great tool for identifying it and creating ways to become a better version of yourself."}, {"type": "sentence", "content": "If you are interested in therapy but don't know where to begin, here are some virtual options:"}, {"type": "sentence", "content": "While these options all have great reviews, sometimes it's best to talk to somebody in person. Start with a quick Google search, or ask friends for recommendations. The therapist I have now was recommended to me by a friend because she knew that I would like the doctor."}, {"type": "sentence", "content": "And if you are ever in a crisis and need immediate counseling, you can text \"HOME\" to 741741 to connect with a crisis counselor (U.S. & Canada). Or 85258 (UK), and 50808 (Ireland)."}, {"type": "sentence", "content": "We all have room for improvement. I always tell myself to aim for progress, not perfection. I know aiming for perfection is impossible and will drive me to insanity. But untreated trauma can too easily hold us back from progress."}, {"type": "sentence", "content": "Therapy is a great way to recognize and heal trauma from the past and develop more self-awareness going forward. There is a sad stigma in our culture against therapy, which assumes that seeing a therapist means you have problems. Well, news flash: WE ALL HAVE PROBLEMS. But therapy is not about your past and the problems you are trying to get over, it's about who you want to become and how to get there."}, {"type": "sentence", "content": "We all hold on to experiences and memories, we all have skeletons in the closet. In order to be the best version of ourselves, we need to develop self-awareness concerning our past so we may better understand ourselves and how we react to situations and relationships, for the future. Sometimes it takes talking things out with a professional for us to recognize traumatic experiences and heal, and that is why I believe that therapy is for everyone."}], "topic": "mental-health", "uuid": "ae980e34e5d3f4c3aae246be07abb5bf25d29dd17d0c897155c5379a", "link": "https://rebecca-brenes.medium.com/therapy-is-for-everyone-8c2f39e88086"}