{"title": "As more companies shift permanently to remote work, midsize US cities need to reshape themselves to woo remote workers", "data": [{"type": "sentence", "content": "Workers with the option to stay remote are no longer tied to one city and are now weighing options such as affordability and networking opportunities."}, {"type": "sentence", "content": "By Emil Skandul"}], "topic": "economy", "uuid": "af156a4502a4ea0726ad2f65abeb435feec4be7135be008421c59ace", "link": "https://medium.com/business-insider/how-us-cities-can-woo-remote-workers-f842e15fd6c2"}