{"title": "5 ways remote work is changing the economy for the better", "data": [{"type": "sentence", "content": "Remote work has increased productivity, saved workers time and money, enabled employees to relocate, and diversified the talent pool, Upwork finds."}, {"type": "sentence", "content": "By Hillary Hoffower"}, {"type": "sentence", "content": "Now that vaccines and a massive stimulus package are here, the US economy is uniquely positioned for a great new era in the 2020s."}], "topic": "economy", "uuid": "b005dd734c1babf1b0f8ccc6f6cd8b5276e1563c2e7502eaf1d1ef4e", "link": "https://medium.com/business-insider/5-ways-remote-work-is-changing-the-economy-for-the-better-393406580355"}