{"title": "Are We Being Oversaturated With Retro Gaming?", "data": [{"type": "image", "content": "https://miro.medium.com/max/1400/1*hNHUj3d1PHKIDzrJVI2ZyQ.png"}, {"type": "sentence", "content": "It has been the most amazing past few years to be a retro gaming enthusiast. Although the market has become grotesquely overpriced thanks to scalpers there has been a constant stream of re-releases, mini-consoles, and remakes."}, {"type": "image", "content": "https://miro.medium.com/max/2400/1*wJn6raPQ9xX-RwF7InEZAQ.jpeg"}, {"type": "sentence", "content": "With all of this focus on what \"was\" I have been wondering if the charm of classic gaming is going to be tarnished. There is no better joy than revisiting a game that you played twenty years ago."}, {"type": "sentence", "content": "The nostalgia that comes rushing back to you is amazing, and the feeling of having fun all over again is back. I can remember playing Crash Team Racing as a kid and I feel so nostalgic when I play it today with my kids."}, {"type": "sentence", "content": "But, with this constant stream of re-releases and virtual stores, there has been a constant stream of rehashes. I mean, how many times can we play the original Super Mario Bros. again?"}, {"type": "sentence", "content": "Not saying that the game isn't an iconic piece of history, but I've played every incarnation of the same game. I feel like we need to preserve retro gaming in a way that we won't burn out on it."}, {"type": "image", "content": "https://miro.medium.com/max/2560/1*zAwWAxoDt1hd16zq993R0w.jpeg"}, {"type": "subtitle", "content": "Narrow The Releases"}, {"type": "sentence", "content": "So here's one of my first problems with Nintendo. First, we had the virtual console on the Wii and the DS, then we had the NES and SNES Mini consoles and now we have NES and SNES ports on the Wii again."}, {"type": "sentence", "content": "What happens is that you end up paying for the same title, over and over again. You play it once more which can be fun for a second, but like in my case you realize that nothing is new about it."}, {"type": "sentence", "content": "Now I'm a big fan of emulation, but when it comes to emulation gaming I stick to two platforms for playing all of my games. I've got my emulation handheld console and my PlayStation Classic."}, {"type": "sentence", "content": "I've managed to turn my PlayStation Classic into a capable emulation console that houses thousands of games for all of my favorite consoles. Therefore the need to buy the same rehashed game isn't there."}, {"type": "sentence", "content": "When I am firing up my Nintendo Switch I am looking to play something modern and new. When I want to get nostalgic I fire up my PS Classic and browse through my extensive library."}, {"type": "sentence", "content": "There was a short period in the 2000s where retro games were still confined to their consoles and emulation. Every once in a while you'd have a release like the Genesis Classics collection for the Xbox but that was it."}, {"type": "sentence", "content": "I think that the game publishers need to slow down the steady flow of classic game digital releases that we are seeing. It is fun to revisit these games but honestly how many times can you play the same game?"}, {"type": "sentence", "content": "I'm not at all saying that there shouldn't be retro games released on modern consoles, but there should be some space between them. Kind of like giving a kid too much candy all at once, we need time to savor the game."}, {"type": "image", "content": "https://miro.medium.com/max/3200/1*-YF4G4tH9JxBR4F1dLD3Zw.jpeg"}, {"type": "subtitle", "content": "Clouding The Demand For Classic Consoles"}, {"type": "sentence", "content": "The problem with so many retro game re-releases hitting the market is that when the next mini console hits it will have a lot less interest. I am looking forward to a Nintendo 64 Mini and I'm sure that a lot of others are too."}, {"type": "sentence", "content": "But, if the games have already hit the digital scene in tons of different forms who is going to plunk down the money for a mini console? That's why I was disappointed when the PlayStation Classic hit the market."}, {"type": "sentence", "content": "The library of pre-installed games was lackluster at best, and part of this was because Sony sells them on the digital marketplace. The PlayStation Classic was a major letdown for gamers and the first victim of over saturation."}, {"type": "sentence", "content": "Now, I admit that Sony made more than a few mistakes with their mini-console. But, still, there is no excuse for the video game companies to be saturating the retro game space."}, {"type": "sentence", "content": "I'd like to see some of the re-releases put on the back burner until the next mini-console like the Nintendo 64 comes to fruition. The games should be saved for special releases so that they mean something to the player."}, {"type": "sentence", "content": "I don't want to pay for Super Mario 3 if it's been rehashed ten times in the last two decades. But, the video game companies seem to think that we will continue to pay for the same game over and over again."}, {"type": "image", "content": "https://miro.medium.com/max/3360/1*114mviJcJbi7zS1VWyRV9g.jpeg"}, {"type": "subtitle", "content": "Driving The Retro Game Bubble"}, {"type": "sentence", "content": "Another problem with the current rash of rehashes is the fact that they are driving up the prices on the physical game copies. I mean, come on who wants to pay $200 for Stunt Racer on the Nintendo 64."}, {"type": "sentence", "content": "Nevertheless, retro gaming has become sort of a \"fad\" and it hasn't let up. I think that the video game companies are going to continue milking this cash cow as much as they can."}, {"type": "sentence", "content": "The problem is that we are going to have the original artform getting diminished by all of the saturation. I think that retro gaming should be admired but not overtly rehashed over and over again."}], "topic": "gaming", "uuid": "b0fa5914a1260df8e4590fde2c90775b385e1aa4906f51a160c0e613", "link": "https://medium.com/super-jump/are-we-being-oversaturated-with-retro-gaming-38cd98532436"}