{"title": "Give Yourself a Wage, Then Write", "data": [{"type": "image", "content": "https://miro.medium.com/max/7332/1*FfZRlVzWQFpmUjjeg4r9JQ.jpeg"}, {"type": "sentence", "content": "I realized my writing time wasn't effective, then I compared it to my work at the restaurant. The difference prompted me to write this article."}, {"type": "sentence", "content": "Let me just get self-promotion out of the way."}, {"type": "sentence", "content": "This year I started my freelancing business - there it's done."}, {"type": "sentence", "content": "Seriously though, I started a business and I have this great idea about what I want, the whole path to greatness, all those cool things you write in a business plan."}, {"type": "sentence", "content": "And then I get home from my restaurant job or I have a day off, and I don't write enough. Or I write really slow. You know, I write for like half an hour, then read a bit, go on Twitter, etc."}, {"type": "sentence", "content": "The easy way to say it is like this - I didn't look at my writing business, as a business."}, {"type": "sentence", "content": "But that fact is confusing."}, {"type": "sentence", "content": "Because I want to work, I want to find more clients, I want to turn it into a full-time business. So, what am I doing wrong? And why isn't this already happening?"}, {"type": "sentence", "content": "The answer is, again, simple. My attitude towards the time that I spend writing, is wrong."}, {"type": "sentence", "content": "I realized this when I compared a full day at my office (a table in a hallway) to a full day at the restaurant where I work."}, {"type": "subtitle", "content": "My Day at the Restaurant"}, {"type": "sentence", "content": "I come in, usually a lot earlier than anyone else. After all, there are cookies and muffins that need to be fresh for the day."}, {"type": "sentence", "content": "I have a coffee, I change into my work clothes, and I start."}, {"type": "sentence", "content": "I don't stop."}, {"type": "sentence", "content": "There is so much work, and I have to do it all by myself. I don't have time to do anything else. And even if I did, I would just find more work to do."}, {"type": "sentence", "content": "Why? Because I am paid. I am paid to work, I am paid to bake muffins. I am not paid to relax, to read a book, to look at Twitter."}, {"type": "sentence", "content": "A simple fact of life. If I were to sit down and read a book for an hour, in the middle of my shift, my boss would have a small mental breakdown. And it would be justified because I am taking his money and doing nothing."}, {"type": "subtitle", "content": "Let's Take That and Apply It To Your Business"}, {"type": "sentence", "content": "If you are not utilizing your work-time to the maximum, you are taking your own money, and not working enough. You are cutting your own wage!"}, {"type": "sentence", "content": "There it is, a truth that can change how you look at your writing time."}, {"type": "sentence", "content": "Who is paying for your writing time? You are."}, {"type": "sentence", "content": "If you are a freelancer, you are the only person responsible for working and earning. So, if you spend two hours on a post that should take one hour. You reduced your hourly wage by half."}, {"type": "sentence", "content": "Even if you account for that. If you charged your client more money because you believe unrelated twitter time is something they should pay. Even then, you could write it faster, and earn twice as much. Or you can use that time for something else."}, {"type": "subtitle", "content": "Don't Pay Yourself to Slack Off"}, {"type": "sentence", "content": "Utilize your time, organize your day."}, {"type": "sentence", "content": "When you sit down to write, write. If a post requires research, research, and then write."}, {"type": "sentence", "content": "Find a workflow that works for you. It doesn't matter if you write in the morning and edit in the afternoon or you edit after writing each post."}, {"type": "sentence", "content": "It isn't so important when you take the hour to answer your emails. And it is definitely insignificant when you find the thirty minutes for your social media."}, {"type": "sentence", "content": "What matters is this."}, {"type": "sentence", "content": "When you start doing something, give it your undivided attention. This will result in much faster writing time, higher-quality writing, better social media interaction. I mean, everything you do will be better if you focus on it."}, {"type": "sentence", "content": "And finally, you will find more time for yourself, more time to learn something new, to improve."}, {"type": "sentence", "content": "Start looking at your writing business as a business. Give yourself a wage for the hours that you worked, and you will progress rapidly. Because you will not pay yourself to slack off."}], "topic": "freelancing", "uuid": "b15305ebae39d0e16ee694e1cd41a4f26dbd4c6c5ab97fd067a47fac", "link": "https://antecorto.medium.com/give-yourself-a-wage-then-write-ff38e8d5c9b2"}