{"title": "Reflections On The 2008 Crisis", "data": [{"type": "image", "content": "https://miro.medium.com/max/12000/0*QTy4PKwNRGm_VXFM"}, {"type": "sentence", "content": "The 2008 Financial Crisis was a defining moment in my investment experience. I was just starting my career then (I was in business school at the time). When Lehman (anyone remember them?) went down, it felt like the world as we knew it was ending."}, {"type": "sentence", "content": "It's hard to imagine right now, but back then there was the real threat of bank runs and financial system collapse."}, {"type": "sentence", "content": "It was also when non-traditional monetary policy tools like QE (Quantitative Easing) were first widely introduced because interest rates hit zero at a time when the economy still needed stimulating."}, {"type": "sentence", "content": "For me, 2008 was a crash course in all things finance, investing, economics, you name it. "}, {"type": "sentence", "content": ""}, {"type": "sentence", "content": "It was also the last great crude oil boom. Fueled by surging economic growth in various Emerging Markets, oil prices went up nearly seven-fold in just over six years. Crude oil and the stocks of energy producers were as hot then as cryptocurrencies are now."}, {"type": "image", "content": "https://miro.medium.com/max/1496/1*zEbX9ZTi3w6_xf6phprIxw.png"}, {"type": "sentence", "content": "This boom in oil prices, at a time when oil prices had a higher impact on price levels (virtually no electric cars back then and renewable energy was not yet mainstream), was one of the primary reasons the Fed decided to begin raising rates in 2004."}, {"type": "sentence", "content": "Ultimately this rise in rates slowed the economy and the housing market enough that the positive feedback loop of higher asset prices leading to more lending leading to even higher asset prices turned into a negative feedback loop. And it was this negative feedback loop of crashing prices, credit contraction, defaults, and even more price crashes that nearly ended the economy."}, {"type": "subtitle", "content": "Scars Of 2008"}, {"type": "sentence", "content": "They say that formative events like the Financial Crisis have a lasting impression on investors. And that's true for me. It's likely why I tend to be overly conservative and look for a large margin of safety when I invest."}, {"type": "sentence", "content": "It doesn't stop me from making aggressive moves when it's time to (such as investing heavily in risky assets last March), but I do tend to sell my winners too early once I believe they're fully valued. I'm well aware of this shortcoming of mine and I work hard to fix it, but it's a work in progress."}, {"type": "sentence", "content": "I think I'm naturally skeptical, and watching the shenanigans of 2008 unwind they way they did only made me more so. That's one of the reasons I regard things like crypto with skepticism. Do I sometimes wish I had the temperament and optimistic bent to YOLO and win big on trendy assets like SaaS companies or Bitcoin?"}, {"type": "sentence", "content": "Sure, but in investing as in most other aspects of life, you need to find a way that works for you. And slow and steady compounding is the way that works for me. Thanks "}, {"type": "sentence", "content": ""}], "topic": "economy", "uuid": "b6b7e85d9f31db1e332c59ad25d1e2c3aba818c63005e981078052c7", "link": "https://medium.com/alpha-beta-blog/reflections-on-the-2008-crisis-cc5d16245d8"}