{"title": "Why Financial Independence Is More Important than Making a Lot of Money", "data": [{"type": "sentence", "content": "Most people answer that question with a very big number. $1 million, $2 million, $10 million... Everyone would like to have financial independence, but 99% of people confuse financial independence with passive income. The 2 sometimes work together, but they both mean something completely different. Here is a little refresher to start with."}, {"type": "sentence", "content": "Financial independence is a term used to describe a situation where one has enough income, or funds, to pay for his/her living expenses, for his entire life, without having to be employed by or dependent on anybody."}, {"type": "sentence", "content": "Passive income on the other hand, is income earned without having to work for it. It usually requires a massive upfront investment in time to be able to create the framework that will later make you money \"while you sleep\". There's no magic recipe that gives money without work. Most people who managed to create their own passive income got there by working their butt off first, and then taking time off."}, {"type": "sentence", "content": "In this article, we'll focus on financial independence. Again, this is about making the amount of money you (and maybe your family) need to live up to a certain quality of life, and making that money on your own. It doesn't mean you're making millions, living in a mansion, owning a yacht, and 10 cars."}, {"type": "sentence", "content": "Look at your monthly numbers right now. It comes down to very simple math: how much money is coming in versus how much is going out. If you have a 9-5 type of job and you're making a normal salary, chances are you don't need more money, you just need more freedom. If you can find a way to sustain the lifestyle you have right now, by making your own money instead of relying on your boss to send you a pay check every month, then you've successfully created financial independence for yourself."}, {"type": "sentence", "content": "Let's see how to do just that."}, {"type": "subtitle", "content": "How do you make your own money?"}, {"type": "sentence", "content": "The problem for a lot of people is to find a way to change their mindset about their current work situation. They can't picture how to turn their professional activity into an autonomous framework. They have a hard time seeing what they could do through the entrepreneurship lens. And to be frank, it is often really challenging to make the switch."}, {"type": "sentence", "content": "It goes beyond leaving behind a guaranteed monthly pay check with a bunch of employee benefits. This is about being on your own, with your own rules, your own schedule, your own self-discipline to get stuff done. That can be extremely scary. Who knows what we're like when left to our own devices?"}, {"type": "sentence", "content": "How do you transpose a 9-5 job activity to a one-person company? If you want to stay in the same field, the theory is usually pretty easy:"}, {"type": "sentence", "content": "The list goes on. If you're actually unhappy with your job and want to completely change your field of work, then the possibilities are endless. The thing is, there is a fine line between actually facing problems and procrastinating."}, {"type": "sentence", "content": "Many people want financial independence, but very few are willing to work for it. The theory is more or less easy, but the practice is one of the hardest thing you'll ever have to do in your career. It requires a huge amount of self-discipline, motivation, and commitment."}, {"type": "sentence", "content": "Working on your own doesn't mean it will always be rainbows and sunshine. There's always a flip side, with the stuff you don't want to do, and nobody else to do them instead of yourself this time: paperwork, accounting, small tasks you used to give to interns..."}, {"type": "sentence", "content": "At the end of the day, the wish for independence needs to supersede all obstacles. That's the only way to start working on your own and getting a shot at making your own money. Once your vision becomes stronger than your procrastination, your lack of skills, your fear, or any other obstacle that makes everybody else stop, then you can start that project."}, {"type": "subtitle", "content": "Long term vs short term"}, {"type": "sentence", "content": "Here's the thing about money: we would all need at least $1 million to stop having to work for a boss. But we don't need it right now, as a one-time payment. $1 million over a career of 40 years is $25,000 per year, which won't buy you anywhere near a millionaire lifestyle."}, {"type": "sentence", "content": "In life in general, thinking long term is the best thing to do. Obstacles are temporary. Most things won't matter anymore in a few years. Holding long-term grudges destroys relationships. But in the case of financial independence, thinking of your required pay check on a smaller timeframe is usually the best thing to do."}, {"type": "sentence", "content": "Don't think in terms of how much you need right now to stop working and go sip pinacoladas on the beach. Think in terms of how much you would need next month, and the month after that, and after that. Most importantly, think of how you can create a system where you're able to generate that money yourself every month."}, {"type": "sentence", "content": "Creating a one-person company is one the best ways to start building that system, and it's usually a straightforward process. All you will need to do is register your business, open a bank account for it, and deposit a minimum-required capital in there (from $1 to a few thousands depending on where you live). Once that's done, you have one very simple task left: putting money in that account."}, {"type": "sentence", "content": "How do you do that? Create content online, meet up with people, let your family and friends know, make phone calls, promote your services... Try to get your first contract, your first few customers. In most cases, you won't have to pay taxes on your capital as long as you don't grow it, and you will also be allowed a portion of your profits to be tax-free. When you do have to start paying taxes, you'll pay a corporate tax, which is much lower than the individual tax you've been paying on your pay check. You're not running a big risk, so have fun."}, {"type": "sentence", "content": "It's also worth noting that it's usually completely legal to run your own small company while still having a 9-5 job (don't take my word for it and read your contract). This means it can be easier to work through a smooth transition, from employed to self-employed. Feel things out first, and when you feel like you're ready, you can quit your 9-5."}, {"type": "subtitle", "content": "In conclusion"}, {"type": "sentence", "content": "Understand that the amount of work required to create a sustainable, consistent monthly pay check for yourself is huge. It will take a while, and it will build up overtime. But the financial reward needs to start sooner than later, because that's how you climb your way up to a healthy paycheck. As Will Smith once said, \"don't build a wall, lay a brick\"."}, {"type": "sentence", "content": "Lastly, remember to not confuse financial independence with passive income. You do not need a million dollars in the bank to be happy. You need freedom. You need to find a way to make a descent salary from your own work, so you can choose what to do with your time, said what you said you were going to do when you were a kid, and maybe even inspire your friends to do the same."}, {"type": "sentence", "content": "Enjoy the journey, and don't forget to have fun."}, {"type": "sentence", "content": "Thanks a lot for reading! I interviewed 50 productivity/business experts and made a 150+ page guide out of the project. This is road-tested advice from real people who get things done. Get it for free here."}], "topic": "startups", "uuid": "bc24e46e4048e74f297d43363b77a2e11803c77645e8ffd6cf8b8178", "link": "https://entrepreneurshandbook.co/why-financial-independence-is-more-important-than-making-a-lot-of-money-6fd385e62c5d"}