{"title": "The Big Theoretical Physics Problem At The Center Of The 'Muon g-2' Puzzle", "data": [{"type": "image", "content": "https://miro.medium.com/max/1920/1*VjvHW_rU5U6osadekJHUBA.jpeg"}, {"type": "sentence", "content": "In early April, 2021, the experimental physics community announced an enormous victory: they had measured the muon's magnetic moment to unprecedented precision. With the extraordinary precision achieved by the experimental Muon g-2 collaboration, they were able to measure the spin magnetic moment of the muon not only wasn't 2, as originally predicted by Dirac, but was more precisely 2.00116592040. There's an uncertainty in the final two digits of \u00b154, but not larger. Therefore, if the theoretical prediction differs by this measured amount by too much, there must be new physics at play: a tantalizing possibility that has justifiably excited a great many physicists."}, {"type": "sentence", "content": "The best theoretical prediction that we have, in fact, is more like 2.0011659182, which is significantly below the experimental measurement. Given that the experimental result strongly confirms a much earlier measurement of the same \"g-2\" quantity for the muon by the Brookhaven E821 experiment, there's every reason to believe that the experimental result will hold up with better data and reduced errors. But the theoretical result is very much in doubt, for reasons everyone should appreciate. Let's help everyone - physicists and non-physicists alike - understand why."}, {"type": "image", "content": "https://miro.medium.com/max/1920/0*J6VXnb86iVAZR509"}, {"type": "sentence", "content": "The Universe, as we know it, is fundamentally quantum in nature. Quantum, as we understand it, means that things can be broken down into fundamental components that obey probabilistic, rather than deterministic, rules. Deterministic is what happens for classical objects: macroscopic particles such as rocks. If you had two closely-spaced slits and threw a small rock at it, you could take one of two approaches, both of which would be valid."}, {"type": "sentence", "content": "But for quantum objects, you can't do either of those. You could only compute a probability distribution for the various outcomes that could have occurred. You can either compute the probabilities of where things would land, or the probability of various trajectories having occurred. Any additional measurement you attempt to make, with the goal of gathering extra information, would alter the outcome of the experiment."}, {"type": "image", "content": "https://miro.medium.com/max/1280/0*AM4NvxmbbEZl4tGb"}, {"type": "sentence", "content": "That's the quantum weirdness we're used to: quantum mechanics. Generalizing the laws of quantum mechanics to obey Einstein's laws of special relativity led to Dirac's original prediction for the muon's spin magnetic moment: that there would be a quantum mechanical multiplicative factor applied to the classical prediction, g, and that g would exactly equal 2. But, as we all now know, g doesn't exactly equal 2, but a value slightly higher than 2. In other words, when we measure the physical quantity \"g-2,\" we're measuring the cumulative effects of everything that Dirac missed."}, {"type": "sentence", "content": "So, what did he miss?"}, {"type": "sentence", "content": "He missed the fact that it's not just the individual particles that make up the Universe that are quantum in nature, but also the fields that permeate the space between those particles must also be quantum. This enormous leap - from quantum mechanics to quantum field theory - enabled us to calculate deeper truths that aren't illuminated by quantum mechanics at all."}, {"type": "image", "content": "https://miro.medium.com/max/1920/0*0rOsyRsxSMzPfB0d"}, {"type": "sentence", "content": "The idea of quantum field theory is simple. Yes, you still have particles that are \"charged\" in some variety:"}, {"type": "sentence", "content": "but they don't just create fields around them based on things like their position and momentum like they did under either Newton's/Einstein's gravity or Maxwell's electromagnetism."}, {"type": "sentence", "content": "If things like the position and momentum of each particle have an inherent quantum uncertainty associated with them, then what does that mean for the fields associated with them? It means we need a new way to think about fields: a quantum formulation. Although it took decades to get it right, a number of physicists independently figured out a successful method of performing the necessary calculations."}, {"type": "image", "content": "https://miro.medium.com/max/2048/0*IN1K0ABErMMl4kSO"}, {"type": "sentence", "content": "What many people expected to happen - although it doesn't quite work this way - is that we'd be able to simply to fold all the necessary quantum uncertainties into the \"charged\" particles that generate these quantum fields, and that would allow us to compute the field behavior. But that misses a crucial contribution: the fact that these quantum fields exist, and in fact permeate all of space, even where there are no charged particles giving rise to the corresponding field."}, {"type": "sentence", "content": "Electromagnetic fields exist even in the absence of charged particles, for instance. You can imagine waves of all different wavelengths permeating all of space, even when no other particles are present. That's fine from a theoretical perspective, but we'd want experimental proof that this description was correct. We already have it in a couple of forms."}, {"type": "image", "content": "https://miro.medium.com/max/1440/0*jH-ALLgzyIzpQu0V"}, {"type": "sentence", "content": "In fact, the experimental effects of quantum fields have been felt since 1947, when the Lamb-Retherford experiment demonstrated their reality. The debate is no longer over whether:"}, {"type": "sentence", "content": "But what we do have to recognize is - as in the case with many mathematical equations that we know how to write down - that we cannot compute everything with the same straightforward, brute-force approach."}, {"type": "sentence", "content": "The way we perform these calculations in quantum electrodynamics (QED), for example, is we do what's called a perturbative expansion. We imagine what it would be like for two particles to interact - like an electron and and electron, a muon and a photon, a quark and another quark, etc. - and then we imagine every possible quantum field interaction that could happen atop that basic interaction."}, {"type": "image", "content": "https://miro.medium.com/max/1920/0*xc3660EJdoD5vzCP"}, {"type": "sentence", "content": "This is the idea of quantum field theory that's normally encapsulated by their most commonly-seen tool to represent calculational steps that must be taken: Feynman diagrams, as above. In the theory of quantum electrodynamics - where charged particles interact via the exchange of photons, and those photons can then couple through any other charged particles - we perform these calculations by:"}, {"type": "sentence", "content": "Quantum electrodynamics is one of the many field theories we can write down where this approach, as we go to progressively higher \"loop orders\" in our calculations, gets more and more accurate the more we calculate. The processes at play in the muon's (or electron's, or tau's) spin magnetic moment have been calculated beyond five-loop order recently, and there's very little uncertainty there."}, {"type": "image", "content": "https://miro.medium.com/max/1920/0*7gEF-Xc9oQbl2y-m"}, {"type": "sentence", "content": "The reason this strategy works so well is because electromagnetism has two important properties to it."}, {"type": "sentence", "content": "The combination of these factors guarantees that we can calculate the strength of any electromagnetic interaction between any two particles in the Universe more and more accurately by adding more terms to our quantum field theory calculations: by going to higher and higher loop-orders."}, {"type": "sentence", "content": "Electromagnetism, of course, isn't the only force that matters when it comes to Standard Model particles. There's also the weak nuclear force, which is mediated by three force-carrying particles: the W-and-Z bosons. This is a very short-range force, but fortunately, the strength of the weak coupling is still small and the weak interactions are suppressed by large masses possessed by the W-and-Z bosons. Even though it's a little more complicated, the same method - of expanding to higher-order loop diagrams - works for computing the weak interactions, too. (The Higgs is also similar.)"}, {"type": "image", "content": "https://miro.medium.com/max/1920/0*01PCJm1edqscqi5n"}, {"type": "sentence", "content": "But the strong nuclear force is different. Unlike all of the other Standard Model interactions, the strong force gets weaker at short distances rather than stronger: it acts like a spring rather than like gravity. We call this property asymptotic freedom: where the attractive or repulsive force between charged particles approaches zero as they approach zero distance from one another. This, coupled with the large coupling strength of the strong interaction, makes this common \"loop-order\" method wildly inappropriate for the strong interaction. The more diagrams you calculate, the less accurate you get."}, {"type": "sentence", "content": "This doesn't mean we have no recourse at all in making predictions for the strong interactions, but it means we have to take a different approach to our normal one. Either we can try to calculate the contributions of the particles and fields under the strong interaction non-perturbatively - such as via the methods of Lattice QCD (where QCD stands for quantum chromodynamics, or the quantum field theory governing the strong force) - or you can try and use the results from other experiments to estimate the strength of the strong interactions under a different scenario."}, {"type": "image", "content": "https://miro.medium.com/max/1918/0*V_afS2N-jzWSxI8Y"}, {"type": "sentence", "content": "If what we were able to measure, from other experiments, was exactly the thing we don't know in the Muon g-2 calculation, there would be no need for theoretical uncertainties; we could just measure the unknown directly. If we didn't know a cross-section, a scattering amplitude, or a particular decay property, those are things that particle physics experiments are exquisite at determining. But for the needed strong force contributions to the spin magnetic moment of the muon, these are properties that are indirectly inferred from our measurements, not directly measured. There's always a big danger that a systematic error is causing the mismatch between theory and observation from our current theoretical methods."}, {"type": "sentence", "content": "On the other hand, the Lattice QCD method is brilliant: it imagines space as a grid-like lattice in three dimensions. You put the two particles down on your lattice so that they're separated by a certain distance, and then they use a set of computational techniques to add up the contribution from all the quantum fields and particles that we have. If we could make the lattice infinitely large, and the spacing between the points on the lattice infinitely small, we'd get the exact answer for the contributions of the strong force. Of course, we only have finite computational power, so the lattice spacing can't go below a certain distance, and the size of the lattice doesn't go beyond a certain range."}, {"type": "sentence", "content": "There comes a point where our lattice gets large enough and the spacing gets small enough, however, that we'll get the right answer. Certain calculations have already yielded to Lattice QCD that haven't yielded to other methods, such as the calculations of the masses of the light mesons and baryons, including the proton and neutron. After many attempts at predicting what the strong force's contributions to the g-2 measurement of the muon ought to be over the past few years, the uncertainties are finally dropping to become competitive with the experimental ones. If the latest group to perform that calculation has finally gotten it right, there is no longer a tension with the experimental results."}, {"type": "image", "content": "https://miro.medium.com/max/1920/0*Q5S5ChTz_mnuLXqY"}, {"type": "sentence", "content": "Assuming that the experimental results from the Muon g-2 collaboration hold up - and there's every reason to believe they will, including the solid agreement with the earlier Brookhaven results - all eyes will turn towards the theorists. We have two different ways of calculating the expected value of the muon's spin magnetic moment, where one agrees with the experimental values (within the errors) and the other does not."}, {"type": "sentence", "content": "Will the Lattice QCD groups all converge on the same answer, and demonstrate that not only do they know what they're doing, but that there's no anomaly after all? Or will Lattice QCD methods reveal a disagreement with the experimental values, the same way that they presently disagree with the other theoretical method we have that presently disagrees so significantly with the experimental values we have: of using experimental inputs instead of theoretical calculations?"}, {"type": "sentence", "content": "It's far too early to say, but until we have a resolution to this important theoretical issue, we won't know what it is that's broken: the Standard Model, or the way we're presently calculating the same quantities we're measuring to unparalleled precisions."}, {"type": "sentence", "content": "Starts With A Bang is written by Ethan Siegel, Ph.D., author of Beyond The Galaxy, and Treknology: The Science of Star Trek from Tricorders to Warp Drive."}], "topic": "science", "uuid": "bc5ed92acfb68c5e3ae62e6cf140b0c4aa5d62b3d0e2b1108ff172da", "link": "https://medium.com/starts-with-a-bang/the-big-theoretical-physics-problem-at-the-center-of-the-muon-g-2-puzzle-fe974250b0b2"}