{"title": "Organisational Culture", "data": [{"type": "sentence", "content": "Their website claims that \"We care about the people\" and that \"Delivering the best work culture is of utmost importance to us\"."}, {"type": "image", "content": "https://miro.medium.com/max/9360/0*NzdYiIrWApkMQ5_J"}, {"type": "sentence", "content": "Reading evaluations of this employer on Glassdoor.com or similar websites portrays a slightly different picture. In this case, the term slightly means that the website claim and reality do not seem to have too much in common."}, {"type": "subtitle", "content": "Distance"}, {"type": "sentence", "content": "An email arrives in your inbox. It is one of these \"send to all\" emails from the board of directors. They make a couple of announcements via email. The IT implemented the new CRM months ago is running as great as expected. Simultaneously, the organisation now prepares for the future, which means that the IT department will soon introduce a new project management software. However, the Project Management Office, a place where all projects of the organisations are coordinated and managed, will now be dissolved, and HR will do this on the side of their other tasks. The goal is to be more efficient by doing so."}, {"type": "sentence", "content": "To be a more modern organisation, the board also decided to ban the \"suit and tie\" outfit from the office. \"Casual Friday is not every day\" is what it says. The whole email is about ten pages long."}, {"type": "sentence", "content": "The case you read here is not a hypothetical one. It is a case which happened recently in an international organisation."}, {"type": "sentence", "content": "Distanced communication is a significant mistake. Of course, not everyone from the board level will be able to speak to every employee personally. However, you have your department and team leaders in place to do so. Still, these department and team leaders need to feel proximity to the senior-level executives to multiplicate the feeling across the organisation."}, {"type": "sentence", "content": "No change will be introduced because senior management decided to do so and afterwards sent out an email announcing the results."}, {"type": "subtitle", "content": "Communication"}, {"type": "sentence", "content": "Some may now think that they do better because you do not send out mass emails to your employees. You send out mass videos. Sorry, this is not any better. These CEO videos contain a marketing message, fully scripted, which the legal department wrote. While being as unemotional as possible, boredom or nuisance is the usual reactions when your employees see these videos. You will not be able to communicate emotions while making an unemotional statement."}, {"type": "sentence", "content": "Communicating empathy and proximity means that you need live events. Either online or offline. Train and coach your leaders on all levels of hierarchy to get in contact with their teams."}, {"type": "sentence", "content": "You expect people to be emotionally engaged with your organisation which at the same time senior-level management communicates the exact opposite."}, {"type": "sentence", "content": "For sure, the online meeting world came here to stay. However, life events will return, and the hybrid experience will be the most likely outcome."}, {"type": "subtitle", "content": "\"The ones from up there...\""}, {"type": "sentence", "content": "The organisation's culture is multiplicated in a top-down manner. Hardly ever you will see a grassroots movement turning against the board in a Corporate environment. The moment when wrongdoing from senior management must be expected and accepted is the moment in which your culture turns toxic."}, {"type": "sentence", "content": "People will lose trust in the organisation's leaders. Informal networks will start to grow, which will circulate unofficial information. Rumours will spread quickly, which will weaken the employee's trust in the organisation's leaders even more."}, {"type": "sentence", "content": "In most cases, an organisation's culture is a multiplication of the leadership behaviour that top-level management shows daily. You cannot order a better organisation's culture. You must actively create, accompany and implement it. These actions may take years and must be accompanied by professional help from internal or external sources to succeed."}, {"type": "sentence", "content": "As a result, you will receive higher motivation, lower employee turnover, a better employer's brand, lower costs for recruiting, higher productivity, and all these aspects together will directly impact the organisation's profitability."}, {"type": "sentence", "content": "How important is organisation culture for you?Let's talk: NB@NB-Networks.com"}], "topic": "leadership", "uuid": "bfcc6bf93a63fdf57e9872469b0dc4333c1fa1a6cdb0735aae0026e9", "link": "https://medium.com/leadership-magazine-by-niels-brabandt-nb-networks/organisational-culture-3dae9d59aeae"}