{"title": "The Real Reason McDonald's Has a Million Now Hiring Signs", "data": [{"type": "image", "content": "https://miro.medium.com/max/9792/0*LjtLjM0qnFChbLyQ"}, {"type": "sentence", "content": "You've witnessed the scene. Drive by any McDonald's and the lawn is scattered with a haphazard arrangement of Now Hiring signs. Plastered to the drive-thru windows, sticking up in the front lawn, displayed beneath the golden arches: Now Hiring Smiling Faces."}, {"type": "sentence", "content": "It's obvious. McDonald's is desperate for workers. But apparently not desperate enough to raise the pay to a living wage and offer paid time off and paid sick leave, during a global pandemic no less."}, {"type": "sentence", "content": "The McDonald's in my town advertises a starting pay rate of $10 per hour, coming out to less than $400 a week for a full-time worker. There's no way around it: this amounts to working for starvation wages in tough conditions. This is exploitation."}, {"type": "sentence", "content": "The company is exerting particular efforts to entice students, offering $2500 per year in college tuition assistance for those who work at least 90 days. Get real. $2500 is nothing when the cost of a college education has skyrocketed in recent years."}, {"type": "sentence", "content": "It's not just McDonald's. The same thing is happening at every other fast food restaurant and many retail chains. McDonald's is apparently mounting the most intense effort to find workers and has become a stand-in of sorts for all similar businesses."}, {"type": "sentence", "content": "So when we hear statements such as, \"the economy is improving\" and \"lots of businesses are now hiring,\" we need to consider what that means. Are businesses actually offering sustainable forms of employment - or are they offering exploitation?"}, {"type": "sentence", "content": "Most businesses that are hiring for extended periods of time have high worker turnover and are horrible places to work. All the good jobs are snatched up fairly quickly. What's left is exploitative labor conditions."}, {"type": "sentence", "content": "If McDonald's really needs staff, they must improve their end of the employer-worker bargain. Capitalism purports to work both ways. Supply and demand, right? If you need workers, you better up your pay. And if you can't or are unwilling to do so, then maybe it's just time for our society to move beyond fast food. Businesses that can't afford to pay their workers living wages don't deserve to be in business. But here's the kicker: McDonald's can afford to pay their workers a living wage, plus some. McDonald's CEO, Chris Kempczinski, made over $10.8 million last year."}, {"type": "sentence", "content": "And if you're not already outraged, here's your friendly reminder that in Denmark, McDonald's pays workers a minimum of $20 an hour."}, {"type": "sentence", "content": "If you're reading this and feeling a bit powerless to enact change, you're not alone. Economic systems of exploitation are designed to induce feelings of powerlessness upon those whose labor and lives they depend. It's what keeps the machine spinning. Empowered laborers are a threat to the system, as we have seen recently in the various intimidation tactics used by Amazon to thwart the historic effort of Amazon warehouse workers to form a union in Bessemer, Alabama. Those who benefit from exploitation get very nervous when workers come together and find their collective voice. Standing together, workers actually hold a tremendous amount of collective power. If every food service, grocery, and retail worker went on strike tomorrow, the economy would grind to a halt."}, {"type": "sentence", "content": "In an ideal world, Congress would serve the interests of those whom they're elected to represent and pass legislation enacting a living wage and other humane working conditions, including mandatory paid time off and paid sick leave. As we've seen, this is far from likely with our current Congress. History has shown that most gains are not won without a significant fight. While we can and should gather behind future political candidates who will support the interests of the working class, collective action is still needed now. Demanding dignified pay and working conditions through forming unions and striking is likely the only way in which change will come more swiftly."}, {"type": "sentence", "content": "In a sense, the current \"Now Hiring\" frenzy of so many fast food and retail stores - and the apparent ensuing lack of applicants taking these businesses up on their less than appealing offers - is itself a form of collective worker resistance. One can only imagine that if these businesses become desperate enough for workers, they will have to significantly increase their pay."}, {"type": "sentence", "content": "One action we can all take now as the economy begins to re-open - whatever that really means - is to challenge the dominant narrative which says: the economy is improving; jobs are being added; many businesses are hiring; anyone who doesn't want to work at these available jobs is lazy."}, {"type": "sentence", "content": "Let's be clear: not wanting to work at a job that doesn't pay you what you're worth or treat you with dignity is not laziness. It's empowerment. It's resistance. It also almost goes without mentioning that during a pandemic, many people don't feel safe working around the public, putting their health at risk for such low wages."}, {"type": "sentence", "content": "It's a moral failing that McDonald's workers in the United States are trapped in a cycle of poverty while those at the top are rolling in exorbitant excess."}, {"type": "sentence", "content": "But such is the current state of affairs. Just remember it next time you see all the Now Hiring signs. Now Hiring for what? Exploitation."}], "topic": "economy", "uuid": "c09fc228c725efaa2a35beda96efdf9ffc4d83111ae3a0c099c79772", "link": "https://aninjusticemag.com/the-real-reason-mcdonalds-has-a-million-now-hiring-signs-cb834ad17f65"}