{"title": "Are You Ignoring the Signs of the Universe?", "data": [{"type": "sentence", "content": "\"Please, show me the way,\" I ask the stars. As if their cryptic shine will magically unravel the path ahead of me."}, {"type": "sentence", "content": "Do the stars answer?"}, {"type": "sentence", "content": "When you ask, the answers are always given. Only, listening to the signs of the universe isn't as easy as picking up the phone and dialing up the 111-universe help hotline. It would be nice if that were the case but it's not. And that means it can be easy to ignore the signs when the universe is attempting to collaborate with you."}, {"type": "sentence", "content": "The trick is that it takes intentional practice to work out how to receive the signs of the universe. We are individuals. Each of us with our own set of nuances. So, it is important to understand that we won't always receive the same signs, either."}, {"type": "sentence", "content": "What resonates with me may not necessarily correlate with you and vice-versa. So, the universe will personalize your signs."}, {"type": "sentence", "content": "Think, Google. Minus the psychological manipulation tactics, of course."}, {"type": "sentence", "content": "Still with me?"}, {"type": "sentence", "content": "I know it comes across as woo-woo, but the truth is that there is a part of you and me that is completely synergized with the universe. Like an invisible umbilical cord composed of links."}, {"type": "sentence", "content": "Sometimes, the links become weak. Life has a way of doing that. On the other hand, life also has a way of bringing you back in tune with your true essence, reconnecting your links to the universe."}, {"type": "sentence", "content": "Make sense?"}, {"type": "sentence", "content": "The fastest way to quit ignoring the signs of the universe is to become more aware of your direct link to the universe and reconnect yourself with the cosmos."}, {"type": "sentence", "content": "Shall we begin to unravel?"}, {"type": "subtitle", "content": "The Signs of the Universe"}, {"type": "sentence", "content": "-Alexandria Hotmer"}, {"type": "sentence", "content": "Sometimes I'm convinced that my life resembles a science fiction movie. My mother is inclined to agree. She finds it fascinating that strange, uncanny things are frequently popping up in my experiences."}, {"type": "sentence", "content": "As in, the signs I receive from the universe."}, {"type": "sentence", "content": "For me, the universe communicates through repetitive numbers, names and initials, music, and mind-blowing synchronicities, to name a few."}, {"type": "sentence", "content": "It wasn't always this way."}, {"type": "sentence", "content": "The difference is that now I have reconnected my link to the universe. No longer do I ignore the signs. I couldn't even if I wanted to."}, {"type": "sentence", "content": "It all started around the same time that I was gearing up to leave my first husband. I began to go deep about myself and life. Something felt horribly amiss. My sense of unease had a lot to do with the poor quality of my marriage. The relationship wasn't fulfilling what I yearned to experience in a connection."}, {"type": "sentence", "content": "My husband loved the illusion of me and not the real me."}, {"type": "sentence", "content": "He wasn't interested in who I was, who I could become, or where I was going in this lifetime. And he possessed no desire to \"see\" or \"learn\" me."}, {"type": "sentence", "content": "It got to the point where I was suffocating in an invisible, self-created prison. I realized that it wasn't just him. I didn't know any of these things about myself either, and that was the real reason for the unease tormenting me."}, {"type": "subtitle", "content": "Disconnection"}, {"type": "sentence", "content": "The more I faced the truths about my life, the more it was made impossible to run from the reality of my situation. No longer could I deny that I was existing in No-Man's Land. Just getting by in a relationship that didn't feed my soul, ignite personal transformation or expand the breadth of my love."}, {"type": "sentence", "content": "There was no room for me to grow, be who I was, and flourish as a soulful human being. I was so disconnected from myself, and detached from the spirit of the universe that it was slowly killing me."}, {"type": "sentence", "content": "I knew that I was the only one who could change it."}, {"type": "subtitle", "content": "Signs of Disconnection"}, {"type": "sentence", "content": "- Michael Beckwith"}, {"type": "sentence", "content": "When your link to the universe is disconnected, you are also in a state of spiritual disconnect. The estrangement begins at the core of yourself, in the body and heart-space, then branches out through the soul."}, {"type": "sentence", "content": "How can you be sure?"}, {"type": "sentence", "content": "If you cannot feel deeply in a body built for experiencing life through emotions, then that is a clear sign that something is wrong. In turn, your soul will fall flat against the cosmos, unable to penetrate her deep mysteries and receive her vast wisdom through her guidance."}, {"type": "sentence", "content": "Chronic unhappiness is usually a sign of disconnect."}, {"type": "sentence", "content": "It may also show up as:"}, {"type": "subtitle", "content": "Feeling Empty"}, {"type": "sentence", "content": "Emptiness is a strange and uncomfortable sensation that arises from a sense of emotional numbness that you can't seem to shake. You may feel depressed, unfulfilled, confused, and unsettled."}, {"type": "subtitle", "content": "Overly Co-dependent"}, {"type": "sentence", "content": "You feel stifled, suffocated, and lack control in your life. There seems to be no way out. You may sense that you need to become more present and connected with your reality, and you know in your heart that you must find the courage, as an individual, to flip your world on its head."}, {"type": "subtitle", "content": "Alone and Unsupported"}, {"type": "sentence", "content": "A heavy perception of separation from yourself and/or your partner. You feel isolated, limited, unheard, unloved, and unsure of your life purpose."}, {"type": "subtitle", "content": "Your Ego Dominates Your Soul"}, {"type": "sentence", "content": "When your ego rules over your soul, you are afraid of changing and often feel threatened by people who are different from you."}, {"type": "sentence", "content": "It is vital to remind yourself that when you're afraid of change, there can be no transformation. And transformation is the essence of universal connection and spirituality."}, {"type": "sentence", "content": "Are you ignoring the signs of the universe?"}, {"type": "sentence", "content": "Let's talk:"}, {"type": "subtitle", "content": "Reconnection"}, {"type": "sentence", "content": "- Spiritual life coach, Borbala"}, {"type": "sentence", "content": "I didn't know it consciously at the time. It was more an inkling that I was missing a big piece of the puzzle, and that that piece was significant to my quality and understanding of life - who I am, my worth, purpose, and place in this world."}, {"type": "sentence", "content": "But it wasn't until I found the courage to change my life that things began to shift. I left my husband and began to do the inner-work, seeking answers to the big things. I wanted to understand the meaning of life and more importantly, my connection (link) to the universe."}, {"type": "sentence", "content": "Signs I could no longer ignore."}, {"type": "subtitle", "content": "Signs of Reconnection"}, {"type": "sentence", "content": "- Borbala"}, {"type": "sentence", "content": "Admittedly, it wasn't a sudden transformation or awakening. More like a steady drip of information given at the right times. The most important part is that those feelings of unease and dissonance that I had been experiencing, began to fade into a new state of being which involved trust in myself, the path, and the universe."}, {"type": "sentence", "content": "A deep sense of inner-peace is usually a sign of reconnection."}, {"type": "sentence", "content": "It may also show up as:"}, {"type": "subtitle", "content": "Becoming Present"}, {"type": "sentence", "content": "You learn to let go of the past which is gone and the future which is yet to arrive, as you immerse yourself in the present moment."}, {"type": "sentence", "content": "You're not always perfect at it, but you get better at finding ways to get out of your over-thinking head long enough to tune into the universal magic, and you begin to realize the beauty of living life at a much slower pace."}, {"type": "subtitle", "content": "Opening Your Mind"}, {"type": "sentence", "content": "When you have reconnected to the universe, many things in life become relative. You begin to understand and accept what John Allen Paulos meant when he said:"}, {"type": "sentence", "content": "As your mind begins to open, so does your heart and tolerance for others. You will seldom act in anger and judge much less. You will be more prone to flexibility, adaptability, and curiosity. You will empathize more than ever before. You will learn how to accept the things you cannot change. You will be more mindful, compassionate, and appreciative."}, {"type": "subtitle", "content": "Gratitude"}, {"type": "sentence", "content": "Reconnecting to the universe means that you will take time to use your senses and relish in the spirit that you find in everything. At times, you may be overwhelmed with feelings of gratitude and wonder - for life itself and the love-energy pulsing through your being."}, {"type": "sentence", "content": "You will begin to notice miracles and feel your connection to the earth and cosmos. You will sense the divinity within as you feed your soul with new thoughts, ideas, and ways of being. You will learn to inexplicitly trust your intuition and place your faith in the universe that is always working for your highest good."}, {"type": "sentence", "content": "Then, when the final links of the invisible umbilical cord begin to heal, something else begins to happen..."}, {"type": "sentence", "content": "The right people show up at the right time. Unexplainable and powerful synchronicities arise to light up your path. You notice number sequences that are intimate to you. Peculiar events of significant meaning will come to pass. Song messages, words, and random bursts of inspiration begin to become the norm. Butterflies are everywhere and white feathers may float across your path. Your dreams may become a precursor for the future. You begin to go with the flow and work with the universe. You are less afraid of change."}, {"type": "sentence", "content": "Then, you will find that..."}, {"type": "sentence", "content": "You are no longer ignoring the signs of the universe."}, {"type": "sentence", "content": "Thank you for your time. Sign up to hear more from me at Whispering Ink!"}], "topic": "mindfulness", "uuid": "c0ddb62bd122875acb9ab41fdba7f6f2d48ff970d16ac2677232668e", "link": "https://medium.com/living-out-loud/are-you-ignoring-the-signs-of-the-universe-587ba46b2f92"}