{"title": "Case Study: Adding a feature on Pinterest.", "data": [{"type": "image", "content": "https://miro.medium.com/max/12000/1*5cwBRWP_RCgYdhn--aFkCQ.jpeg"}, {"type": "sentence", "content": "You are a new designer starting you first project on your new job. You receive a briefing \"make a proposal to add a shopping cart on the app and identify all the buyable items on our feed\". You work at Pinterest."}, {"type": "sentence", "content": "That was the challenge that Arleth Ghirardi and I faced during our project week and here I'll guide you through our design decisions and all the learning we had at this intense 4 days sprint."}, {"type": "sentence", "content": "Guided by the double diamond process we started by discover, empathizing with our users. Using the lean survey canvas we started our quantitative research trying to understand how people used Pinterest, what they looked for on the app, did they used it to find things to buy? What's the age group of these users and where are they?"}, {"type": "image", "content": "https://miro.medium.com/max/2960/1*oe6r48KowZJxKCZJO2pdSA.png"}, {"type": "sentence", "content": "Here we had some assumptions about our users:"}, {"type": "sentence", "content": "Adding to the survey's answers we performed our qualitative research -interviews - with 3 focal users from two different countries. Organizing all the information on an Affinity Diagram."}, {"type": "image", "content": "https://miro.medium.com/max/1388/1*VI6BdmJ5lxRJuSRJvhKO1g.png"}, {"type": "sentence", "content": "Using the quantitative & qualitative methods we confirmed all our assumptions about the users and identified a profound lack of trust on the app (specifically as a buying place) due to redirects to 3rd party websites. Also we find out that:"}, {"type": "sentence", "content": "Another interesting piece of information is that the users felt unsafe after the redirect to other websites, mainly because they arrived on the website home screen and not on the object they were aiming to buy. Also they don't find that Pinterest main goal is selling stuff and we assume that is due to the lack of consistency on how the users can interact with the buying feature."}, {"type": "sentence", "content": "A disclaimer is necessary at this point, Pinterest is present in several countries with different features in each one. Here I'm talking about the use of this app on countries that don't have direct buying - as you can find on the USA or UK - the only available buying options on this places are adds that brands, retailers and bloggers make."}, {"type": "image", "content": "https://miro.medium.com/max/1252/1*POVr94K6B3-AwwU10trxsQ.png"}, {"type": "sentence", "content": "With that said, we proceeded to build our Empathy Map, creating a persona that would guide us to the implementation of the desired feature. Jacki Roberts is a busy middle aged women that is the Country Manager to a Consultancy company and just bought a house, she uses Pinterest to decoration inspiration."}, {"type": "sentence", "content": "Jacki's journey map led her to discover that she could buy her favorite saved inspirations through Pinterest, during the process she is redirected to 3rd party websites which causes confusion and time loss since she has to look all over again for the right product leading to a lack of trust on the buying process. Here we started the define phase by making our problem and hypothesis statements and voting on our how might we's."}, {"type": "image", "content": "https://miro.medium.com/max/500/1*gMio6FNb7tTp8aSCMcpAWQ.png"}, {"type": "sentence", "content": "At this project we also applied Business Analysis methods in order to find out how the proposed feature would delivery value to the business and customers. A benchmark research on the main competitors looking for how they dealt with shopping features and a value proposition canvas were the two methodologies applied."}, {"type": "sentence", "content": "Here we noticed that maybe the main goal of the business didn't necessarily was to have a checkout within the app - as our briefing suggested us to do - and that in a real life situation we should have a more robust research based on more data in order to sustain our proposal."}, {"type": "image", "content": "https://miro.medium.com/max/5612/1*or2bD6EfmL4ykC0FyfGYBQ.jpeg"}, {"type": "sentence", "content": "Starting the ideation phase of our sprint we brainstormed on how we could add the feature, we sketched some ideas and voted on the best ones, prioritizing what to develop through a MOSCOW method. We followed forward with:"}, {"type": "sentence", "content": "Integrating the shopping feature within Pinterest is a strategy to build trust on the brand as place to buy and using shopify as an mean, a way to balance the business needs on different markets."}, {"type": "sentence", "content": "Using Figma we designed our wireframes and tested our ideas before the next steps, we also created our atomic design and our first attempt of a Design System!"}, {"type": "image", "content": "https://miro.medium.com/max/3556/1*Q7ApudTIXchggm3hxnLFZg.png"}, {"type": "sentence", "content": "After testing we noticed a elevated bouncing on the second and third screens of the prototype and iterated to deliver more clarity on the hi-fi, which was also built using Figma."}, {"type": "image", "content": "https://miro.medium.com/max/3400/1*seoRwdxG2YWPhtO8qa6q2A.png"}, {"type": "sentence", "content": "Below you can see the prototype working which made us really happy, since was our first hi-fi work!"}, {"type": "sentence", "content": "While testing we found out that the bouncing rate had improved. but still had space to advancement. Enhancing the user flow entered our next steps for the second sprint."}, {"type": "sentence", "content": "Some learnings that we took from this 4 days sprint can be summarized:"}, {"type": "sentence", "content": "I'm utmost pleased with our result in such a short sprint with all the time constraint that comes with it, specially when I consider this was our first work using Figma!"}, {"type": "sentence", "content": "Special thanks to Arleth Ghirardi for being such a good partner on this project."}], "topic": "ux", "uuid": "c3c303d962fee99cf845aca010b3d4b6fc7eb40e18bfe7fac4aab2c9", "link": "https://macdms.medium.com/case-study-adding-a-feature-on-pinterest-527a3e21c13c"}