{"title": "My Transition to Becoming a Digital Nomad - Living a Life as a Sailing Software Developer \u26f5 \ud83d\udc69\u200d\ud83d\udcbb", "data": [{"type": "sentence", "content": "A traveling nomad living her dream on her sailboat \"Hello World\" sailing around the world. Is it as charming as it might sound? I used to live in Norway working as a software developer living in my apartment in Oslo - now my new address is \"wherever the wind will take me\" \ud83c\udf0a and my new office is \"wherever good coffee and wifi exist\" \u2615\ufe0f I want to share my journey and share my key learnings from living as a digital nomad so far."}, {"type": "sentence", "content": "The idea of living in a sailboat sailing around the world, propelled by the wind, sounds like music in my ears. Enjoying every sunset and sundowner \ud83c\udf05 Taking my morning coffee looking at the crystal clear water with a living aquarium behind my home \u2615\ufe0f \ud83d\udc20 Sounds tempting? Like everything in life, nothing comes for free. You have to work for it! Living on a boat is a lot of joy but is also frustrating at times. What made me swap the safe life on land with a rough life at sea playing by the rules of mother earth? \ud83c\udf0e"}, {"type": "sentence", "content": "Today, my boyfriend and I are living the dream as digital nomads on our sailboat \"Hello World\" in the Caribbean \ud83c\udf34"}, {"type": "subtitle", "content": "Where it all started\u26f5\ufe0f"}, {"type": "sentence", "content": "A good story always starts with a clean sheet of paper - we sold everything we owned and bought a sailboat. But why?"}, {"type": "sentence", "content": "It all started with me feeling that something was missing in life. Every day I woke up, went to work, went home again, met some friends or watched some tv, went to bed. Repeat. It's not like every day looked like this, but it sure felt like it sometimes. I wanted a life with more contrasts - you need to feel the ups and the downs to appreciate the peaks! \u26f0"}, {"type": "sentence", "content": "In the summer of 2018, we chartered a sailboat in Croatia and I immediately fell in love with sailing! When it was time to deliver the boat back after two weeks on the water I kept on wondering - how would it be if I could live like this every day?"}, {"type": "sentence", "content": "I started looking at couples on Youtube living on their sailboat and just kept on watching. My boyfriend thought it just was a short time of inspiration after the holiday in Croatia. But it wasn't. I kept on watching and daydreaming about life on a sailboat."}, {"type": "sentence", "content": "We have had some minor issues with the apartment we lived in and the situation changed in April 2019. The marked looked good and it was time to sell the apartment. Buying a new house or apartment felt so wrong because it felt so permanent. Am I just going to keep the loop going or am I going to do something about it?"}, {"type": "sentence", "content": "My boyfriend had chartered sailboats a couple of times with his friends, but I only had my first experience from the holiday in Croatia. Our sailing experience was limited. At Easter 2019, we finally sold our apartment and had no plans for the future. A month later we bought a sailboat from a Norwegian couple currently at Bermuda on their way home from the Caribbean (without seeing the boat \ud83d\ude05). We got the boat in Norway 1. July and put up our sail 14. July leaving Norway on our way to the Caribbean. Quite bold, but we knew our limits - at least we thought so \ud83d\ude06 For sure, we did have some quite scary situations on our way and the learning curve was as steep as a wall. Anyway - we did manage to sail our way down Europe and cross the Atlantic ocean getting to the Caribbean all in one piece! \ud83d\udc4f"}, {"type": "image", "content": "https://miro.medium.com/max/1454/1*CzKqlZN4gVBOMB1E-AOhGQ.png"}, {"type": "subtitle", "content": "How do you keep yourself floating? \ud83d\udcb0"}, {"type": "sentence", "content": "Before buying a boat we sold all of our possessions that we would not bring to our new floating home. That would include our apartment and the car. Selling things we didn't need anymore gave us some money to keep us floating for a while. Also, as software developers, we are (usually) fortunate that we have a good salary so we had some savings we could use. Sailing is one of the most expensive hobbies you can have so you need some money to buy and maintain it...and you need some money for food and coffee as well."}, {"type": "sentence", "content": "So - we had cash from the \ud83c\udfe0 , \ud83d\ude97 and\ud83d\udcb0. Before, I used to work as a consultant in a Norwegian consultant company making software for clients. About a year ago I leaped and started my own company working as a self-employed developer. Why? I wanted the flexibility to pick the clients with interesting projects - not just working for the clients a company has obligations to. I also wanted more time with family and more time to travel. Being the boss of my own company makes it easier to live the life I wanted."}, {"type": "sentence", "content": "At one point I simply didn't see why I couldn't just be a self-employed developer. If some company hired me through a big consultant company - why did they not want to hire me for a project from my own company? In the end, we are just humans with knowledge and what company I work for does not change my knowledge. This decision made it possible to save up some buffer in my company so I could pay myself a salary without doing any work while sailing. Let's be honest - sailing is 100% work. At least if you are newbies like us. I have not had any income in my company for a while now- but that is according to the plan because I wanted to prioritize the experience rather than working."}, {"type": "subtitle", "content": "Working from \ud83c\udfe0 vs \u26f5\ufe0f - What's the difference?"}, {"type": "sentence", "content": "Ok - I need to be honest. The plan was not to be a digital nomad when we left Norway in 2019... The coronavirus suddenly changed us from travelers to digital nomads. The virus ruined all our future traveling plans and it forced us to be creative and make the best out of our situation. Sailing has been our full-time job until now. We are now working full-time programming while living on the boat. We quite like it and see ourselves continuing this lifestyle in the future."}, {"type": "sentence", "content": "So how is my new office space compared to living on land?First of all - I do not always work from the boat. Why? First, you need to understand your basic needs. You need your basic tools like a computer, keyboard, coffee, etc. But there are some basics that a landlubber probably takes for granted - like power and Wifi. On a sailboat, there is no magic power cable connected. We generate our power from our solar panels and the sun. We also depend on a good 3G/4G reception that is not something that follows us everywhere we go. Where we are now, in Saint Martin (EU), we are lucky to have a 60GB package on our Norwegian sim that is \"Roam like home\" on every European country - including the European Caribbean islands. Because of our basic needs, we often spend our office day on land where we have wifi and unlimited power."}, {"type": "sentence", "content": "One solution to the reception problem is what I call \"Pirate style wifi\". You can install something called a Wifi repeater. You go to a bar - buy a beer - get wifi code - go back to the boat and enjoy the wifi. Unfortunately, we do not have a wifi repeater but we are planning to get one."}, {"type": "sentence", "content": "If we work from land - where do we go? Usually, we try to find a cafe or somewhere offering wifi. We only need power, wifi, a table, and a chair \ud83e\udd37\u200d\u2640A co-working space would be preferable but these are not very common in the Caribbean."}, {"type": "sentence", "content": "How do you commute yourself to work? When I used to be a landlubber I took public transport to get to work. I do not have space for a car in my boat nor have I prioritized to fit a bike in there either. And a bike will not take me from the boat to land anyway. Instead, we use a dinghy! That's like a small rib that acts like our small floating car. It is equipped with a 90s engine that sometimes works. We call it FooBar. It has caused us a lot of frustration but it does it job - getting us from the boat to land and back again. Maybe we will be dry when we get to land (or maybe not ) - it sure depends on the sea state!"}, {"type": "sentence", "content": "When you work at an office you probably have a nice chair, a great monitor and maybe a fitted desk to fit your height? This does not exist in my boat, in a cafe or a laundry...Laundry?! A laundry is where I currently sit right now writing this article. Why do you sit there you ask? They have a table, a chair, and great wifi \ud83d\ude4c Working as a digital nomad forces you to be creative. Like I started the article: \"wherever good coffee and wifi exist\" is my office."}, {"type": "sentence", "content": "I have a MacBook and sitting on a table only using this every day might not work well for your body. I have bought some gear for making my office more suitable. I have a laptop rooster stand to raise my computer to a height where my neck can be straight. I also added a wireless keyboard, wireless touchpad, and a noise-canceling headset. You simply can't ask people at a cafe to be quiet like you can in an office \ud83d\ude06 Everything I use is small in terms of size and weight and fits perfectly in my backpack together with my MacBook."}, {"type": "sentence", "content": "And I mentioned coffee \u2615\ufe0fI am what you can call a coffee snob so I usually grind and filter my coffee in the boat if working off the boat. You know - a cafe does not necessarily make good coffee because they sell coffee. I bring it in my big coffee container to keep me going."}, {"type": "sentence", "content": "I usually work from the boat and on cafes. Other options like checking into a co-working space are also possible. Unfortunately, they are not quite common in the Caribbean and it usually requires you to spend some time in one place. It sure would have helped with getting a better social life. When traveling we usually have prioritized to explore islands rather than work. While living on a sailboat it is more budget-friendly to work from the boat \ud83d\ude04 \ud83d\udcb8"}, {"type": "subtitle", "content": "\ud83c\udf9210 key learnings from my journey so far"}, {"type": "subtitle", "content": "#1 You can do anything you want in life \ud83d\udcaa"}, {"type": "sentence", "content": "I guess this is one of the sentences you have been told before: \"you can do it\", \"if I can, you can\", \"you are the director of your life\" - blah blah. But it is true. I knew I could do whatever I wanted - but after eventually doing it made me realize that what is normal is not by default something you have to follow. In retrospect, I now see that I have done what I thought I had to do - not what I truly wanted to do."}, {"type": "subtitle", "content": "#2 The relationship stress test \ud83d\udc91"}, {"type": "sentence", "content": "You will stress test your relationship while sailing and living together in a small place like a sailboat. If you get back home together after a year of sailing you know you can live your life together for the rest of your life."}, {"type": "subtitle", "content": "#3 I love being a developer \ud83d\udc69\u200d\ud83d\udcbb"}, {"type": "sentence", "content": "Just one word - Freedom! I love my profession as a computer scientist. I am so grateful that I can bring my hobby and my work with me wherever and whenever I want. What a blessing!"}, {"type": "subtitle", "content": "#4 Preparing the world for remote work \ud83c\udf0e"}, {"type": "sentence", "content": "After corona, more companies have some practice in working remotely. I look forward to seeing if I can get more projects working remotely from the boat. Norway has not been leaning forward on this remote work but maybe things will change in the future? Maybe I don't have to work from a Norwegian company at all? All options are available."}, {"type": "subtitle", "content": "#5 Optimizing my workplace for a dynamic workplace \ud83c\udfa7"}, {"type": "sentence", "content": "Optimize your workplace for remote work helps a lot. Buying a laptop stand, good headset, wireless touchpad, and keyboard made it easier to work in a dynamic surrounding without getting back pain or damage your workflow."}, {"type": "subtitle", "content": "#6 No Colleagues to laugh at your jokes \ud83e\udd37\u200d\u2640"}, {"type": "sentence", "content": "There is no one to listen to your joke at work. You are most of your time alone working because your colleagues are not there. Sometimes, I feel a bit alone. It is not all true since I live with my boyfriend, but sometimes I miss the feeling of getting excited about getting home to see him after a long day at work."}, {"type": "subtitle", "content": "#7 It is rough out there \ud83d\udd25"}, {"type": "sentence", "content": "They say that the happiest moment for a sailor is when the new owners leave with the boat. I guess that is not all true but it says something about the frustration you have when sailing and maintaining a sailboat. EVERYTHING breaks - at least one day. The todo-list of maintenance is a never-ending story and can be quite overwhelming, especially in the beginning. The ocean is a rough place and you need to endure whatever weather mother earth throws at you. It is also rough in terms of seawater and salt. Did you know that a small piece of salt can make a hole in a can of soda (or empty your beer before you manage to drink it yourself)? Yes - I know because I regularly find soda and beer floating around where I store my cans. No fun when I pick up a can and it is empty before I even manage to open it. It does not only apply to cans - salt is the enemy of all metal and electronics as well."}, {"type": "subtitle", "content": "#8 The repeating circle is broken \ud83d\udd34"}, {"type": "sentence", "content": "What set me out on this journey was the fear of the repeating circle of my everyday life. When living on your boat you meet new people all the time and you travel through different countries and cultures. Just heading to a grocery store on a different island is a new experience. Together with the big accomplishments, the sum of small things breaks the circle and gave me the contrast I needed."}, {"type": "subtitle", "content": "#9 Appreciating the small things you take for granted \ud83d\udd0c"}, {"type": "sentence", "content": "I found myself just feeling the joy of seeing a bird after being out at sea for 17 days after crossing the Atlantic sea. Back home I never gave seeing a bird any special thought. The small things you just take for granted. The sudden importance of the sun because your solar panels and the sun is your power supply. The clean water because you make water from the sea to keep you going. The feeling of a freshwater shower - the boat is not magically supplied with unlimited amounts of water! You have to make the water from seawater and a shower is not something you can do every day. The small things I used to take for granted."}, {"type": "subtitle", "content": "#10 Maybe home isn't so bad after all? \ud83c\uddf3\ud83c\uddf4"}, {"type": "sentence", "content": "Some friends expressed their worries about \"what if I just realize that home is simply the best place to be?\". I think it is a good thought - because the travel might give you the perspective you needed to break the repeating circle back home. You now know how to appreciate the small things when you get back home. One day."}, {"type": "image", "content": "https://miro.medium.com/max/6048/1*nRO1ue3x9o5X8_RhXoFcEQ.jpeg"}, {"type": "subtitle", "content": "\"Can I do the same?\""}, {"type": "sentence", "content": "Yes, you can! Remember - you are the boss of your own life and whatever feels like the norm doesn't have to be your life. You don't have to spice up your life by selling everything you own and you sure don't have to buy a sailboat! You see, there are lots of things you can do to break the repeating circle. Living in a repeating circle is easy. Breaking out of it is not. What do you want to spend your life doing?"}, {"type": "sentence", "content": "Instagram: Sailing Hello World \u26f5\ufe0fLinkedin: Marte L\u00f8ge \ud83d\udc69\u200d\ud83d\udcbc"}], "topic": "travel", "uuid": "01bb1f07e404a9b35b82d60a9b77080b026918a51bda8728b8c2f683", "link": "https://medium.com/curious/programmer-selling-all-positions-and-moving-into-a-sailboat-from-norwegian-office-life-to-c82e65436db7"}