{"title": "Run", "data": [{"type": "sentence", "content": "I'm out of breath. Speed has never been my thing. Short bursts of breath slowly re-oxygenate my red backlit eyes, coating the rear hemisphere of my brain."}, {"type": "sentence", "content": "I tell myself to calm down. To think. To find a hiding spot."}, {"type": "sentence", "content": "The last time I looked back he was gaining on me. His dirty tan hoodie plainly visible against the contrasting Prussian blue of the night. The serial lamps on the streets creating ignominious globules of visibility that told me to stay away out of sight, use the cover of darkness."}, {"type": "sentence", "content": "I must mitigate the risk. If I can't outrun, I must conceal myself. And wait for dawn."}, {"type": "sentence", "content": "I have a tiny sliver of an advantage. I know the internal layouts of the buildings around us. And I know which side exits will have unlocked doors. Doors used by students to leave after a late night at the lab."}, {"type": "sentence", "content": "All my wanderings around campus have come to good use. I know all the doors, even the windows."}, {"type": "sentence", "content": "I gave up on the windows after the first few revealed they only opened about 2 inches. And some had a metal cage around them on the outside. All to ward off any potential jumpers."}, {"type": "sentence", "content": "No - the doors, they were more interesting."}, {"type": "sentence", "content": "I can create convoluted routes of escape. Entering through the first-floor north side janitorial door, I make my way to the third floor, up the stairs, and then use the bridge on the southwest corner to get into the next building."}, {"type": "sentence", "content": "I'm glad I'm wearing black. If I stay away from the lights, I might make it."}, {"type": "sentence", "content": "I exit on to the side street, walking quickly, head down. There are few students around at this time of night."}, {"type": "sentence", "content": "I look down the next street and a surge of bile constricts my throat. He's there, looking around, mapping routes in his head, searching. For me."}, {"type": "sentence", "content": "Thuds of panic slam in my head like tall church windows crashing in waves. I turn and run. Again. I can hear his sneakered feet, the sound pulsing up in amplitude as he reduces the distance between us."}, {"type": "sentence", "content": "There's nowhere left to hide. It's over now."}, {"type": "sentence", "content": "I come slowly to a stop, panting. Water from my eyes and nose mix with sweat as I hang my head down, wanting to disappear into the earth."}, {"type": "sentence", "content": "He comes up to me and I raise my eyes, meeting his."}, {"type": "sentence", "content": "\"I'm sorry,\" he says."}, {"type": "sentence", "content": "My face slams shut, like a ventriloquist's dummy that has consumed its master. Wooden on the outside, volcanic on the inside."}, {"type": "sentence", "content": "There is no language, no words, that could come remotely close to a satisfactory articulation."}, {"type": "sentence", "content": "\"Let's go home,\" he says."}, {"type": "sentence", "content": "My hands are limp. I feel beaten, dehydrated like a dead flower stuck in a claustrophobic library book. He takes my hand."}, {"type": "sentence", "content": "I wait a moment, then fall into step behind him."}, {"type": "sentence", "content": "Paroma Sen 2021"}], "topic": "fiction", "uuid": "11eeb536070f1f14f3ded2d3ff84dc6e67712959905723330d98653d", "link": "https://psiloveyou.xyz/run-bfd878a9a1a0"}