{"title": "I Survived Devils River", "data": [{"type": "sentence", "content": "Our first clue that things weren't going to be easy was at the Del Rio, TX Border Patrol station when the agent asked us where we were going."}, {"type": "sentence", "content": "\"Devils River.\""}, {"type": "sentence", "content": "He stepped back and looked at our rental sedan."}, {"type": "sentence", "content": "\"You might make it.\""}, {"type": "sentence", "content": "Let me backtrack a bit. In the summer of 2020, my family drove to West Texas, first to visit Davis Mountains State Park and then on to Seminole Canyon State Park & Historic Site. This is Texas, remember, so these two places - both in the western part of the state- aren't exactly close. They were also both my idea, so when my water-loving spouse saw the online photos of Devil's River, he asked if we could make Seminole Canyon a half-day stop with the next day in the water. I was a little suckered in by the photos too, so I agreed."}, {"type": "sentence", "content": "The Texas Parks and Wildlife Department purchased the 37,000 acres, once part of a working ranch, in 1988. Devils River State Natural Area is in Val Verde County, near Del Rio where we were staying. According to the park description, it contains three ecosystems: the Edwards Plateau, the Tamaulipan mezquital and the Chihuahuan Desert."}, {"type": "sentence", "content": "Dolan Falls, the highest volume waterfall in Texas, is there too. And the Comanche, Kiowa and Kickapoo tribes once called the area home."}, {"type": "sentence", "content": "In 'The Devils River: Wilderness Area Map Service,' Louis Aulbach wrote that pictographs of red panthers can be found in the area's 53 rock shelters, which archeologists date back to 3000 B.C. There is apparently a \"Buffalo dancer\" pictograph as well, representing a Native American."}, {"type": "sentence", "content": "'The Encyclopedia of Indian Wars: Western Battles and Skirmishes, 1850-1890' says that future Confederate General John Bell Hood and a small U.S. Cavalry force fought with Comanche braves along the banks of the river in 1857. Also in 1873, Texas Ranger Captain Pat Dolan clashed with native residents, at the falls named for him. I'm very sure the indigenous people called it something else."}, {"type": "sentence", "content": "There are less than 10,000 people who visit there each year. I didn't appreciate why until we made our \"little day trip.\""}, {"type": "image", "content": "https://miro.medium.com/max/6528/1*PO3bwRCs-AFsJHPOAlAAyg.jpeg"}, {"type": "sentence", "content": "\"Call the ranger station,\" my husband said. \"And ask them what's up.\""}, {"type": "sentence", "content": "In the little window of time I had cell service, I called the park. The ranger said that once we turned off the main road, there was a gravel road that would take about 45 minutes to drive."}, {"type": "sentence", "content": "\"Go slow,\" she said. \"We don't want you to pop a tire.\""}, {"type": "sentence", "content": "Maybe now is the time to mention that Del Rio was the hottest U.S. city on record that day, at 113 degrees. We did, thankfully, pack plenty of water."}, {"type": "sentence", "content": "The gravel road turned out to be more like a big rock road. After five minutes of bouncing up and down, I was so damn grateful that the idea had not been mine. If the trip was a complete bust, it wouldn't be my fault."}, {"type": "image", "content": "https://miro.medium.com/max/6528/1*LgEDTBJiqMlDvr9jnRBpzg.jpeg"}, {"type": "sentence", "content": "One hour, one baby javelina, three roadrunners, and 10 ranch entrances later, we made it to the ranger station. I was greeted there by name since I was the only person who had bought a day pass for the river on that day. Go figure."}, {"type": "sentence", "content": "Once parked in the lot, there was another mile walk to get to the river. I thought to turn it into a game for my kids and said the first person to see the water was the winner. No one saw the water. I started to panic. We were all beginning to turn on each other. And then - at last - there we were."}, {"type": "sentence", "content": "I've only seen water that color along 30A in Florida and the Caribbean. It was clear. It was green and blue. And except for the birds and fish, we had it all to ourselves."}, {"type": "image", "content": "https://miro.medium.com/max/6528/1*pjtYEnxkAqN9msFmPxaJbA.jpeg"}, {"type": "image", "content": "https://miro.medium.com/max/6528/1*IJKpio9Ngfa5mBnMxAoQzQ.jpeg"}, {"type": "image", "content": "https://miro.medium.com/max/6528/1*e9408rhnLq0qFluUjZ0mCw.jpeg"}, {"type": "sentence", "content": "Because the land on either side was privately owned, there was no looking for cave art. But that was OK because as I mentioned, it was fry-an-egg hot. We stuck to the water."}, {"type": "sentence", "content": "Eventually, we made it down to Dolan Falls, and then back up to where the spring water flows into the river, a shock of welcome cold."}, {"type": "image", "content": "https://miro.medium.com/max/6528/1*j0o6-A5JrNMNt5xCCsa1eA.jpeg"}, {"type": "sentence", "content": "At one point, I left my crew downriver and came back to our starting point. Alone, watching fish at my feet and a cliff rising in front, I felt perfectly content. Not an easy feat in these turbulent times."}, {"type": "sentence", "content": "The drive out wasn't any better than the drive in, but we were all in agreement. Devils River was an adventure that was totally worth it."}, {"type": "sentence", "content": "If you enjoyed this piece, you might like this one too..."}], "topic": "travel", "uuid": "135f02f59135f52d4e9c51aace5e85f36a6f56c79b6f76c592f93da7", "link": "https://medium.com/weeds-wildflowers/i-survived-devils-river-84d6e3382573"}