{"title": "Double B Coming and Going", "data": [{"type": "image", "content": "https://miro.medium.com/max/1200/1*kv5VcZUMAmkdvFxIU0Pphw.jpeg"}, {"type": "sentence", "content": "Who gives a boy a name like that growing up in a tiny river town of less than a thousand residents in Jefferson County, Missouri? With most boys running around the softball field with names like Jimmy and Johnny, Boyce Brady didn't have half a chance but to stand out as different."}, {"type": "sentence", "content": "But different would finally be OK where he was heading in a few days. At 19, Boyce Brady would break away from Grandma Ronnie's clutches and board a bus to his destiny."}, {"type": "sentence", "content": "\"Gam,\" he'd said to Grandma Ronnie, \"I'm a misfit in this town and I've got to go where people will understand me. I won't be no 'Double B Coming and Going' no more!\""}, {"type": "sentence", "content": "He made that declaration at Christmas just before his last semester at Festus High. His mom had wanted her son to attend St. Pius but she'd passed away just after his fourteenth birthday and there was no money for such things in Grandma Ronnie's estimation. Public school would be good enough for Boyce, she decided, maybe even straighten up his quirks. Toughen him up."}, {"type": "sentence", "content": "She held on to a secret, though, that a fund had been established years ago in Boyce's name for college. She had been putting her coins away in a special place for years just for him. And for that, she could be patient and help him get through the high school days."}, {"type": "sentence", "content": "But for Boyce Brady, high school was one long, tormented day after day of being the source of everyone's laughter. It was nothing Gam could help him with, he was on his own."}, {"type": "sentence", "content": "\"What are you, Boyce Brady?\" the kids would ask."}, {"type": "sentence", "content": "\"You're not a boy, you don't play football or go out with girls. What kinda name you got anyhow? Where is the Boy in Boyce!\" they would taunt."}, {"type": "sentence", "content": "Somewhere along the line he became BB, then Double B. Then by the ninth grade it turned into Double B Coming and Going, and it stuck because no one could make heads or tails of Boyce Brady. Now, in just a few days he was headed to Missouri State in Springfield. Springfield! Population 136,040. And soon to be 136,041. He was beyond excited but for one important detail."}, {"type": "sentence", "content": "Leaving his only friend behind."}, {"type": "sentence", "content": "In the summer after eighth grade, Boyce Brady went to camp at Bear River Ranch, back when his mom was still alive and was able to save her tips from waiting tables at the Stoplight Cafe. She thought it was important for Boyce to go to camp with the other boys, hoping for a blossoming to occur. He watched as the boys paired off with girls behind the latrines to kiss and tell about it in their A-frame cabins each night, bragging about things they didn't actually do. Boyce just sat in the corner listening, hoping not to be noticed."}, {"type": "sentence", "content": "\"BB, what about you. Hey. Double B! Why aren't you kissing anyone, huh? You don't know how to kiss a girl, BB?\""}, {"type": "sentence", "content": "But Boyce Brady was kissing someone. Back home, not at camp. Boyce was kissing Anh. Anh Thuong Johnson. Anh had explained his name to Boyce on a walk home from school one day when they happened to walk the same route and \"might as well walk together.\""}, {"type": "sentence", "content": "\"Anh means Intelligent One. But the kids calls me Andy,\" he said, flashing a bright toothy smile set inside delicate brown features, shining eyes and thick black hair. Anh was the son of a Vietnam vet and his bride from Hanoi who settled in Missouri to work in a nearby factory and raise their son."}, {"type": "sentence", "content": "A few weeks later, Anh invited Boyce over one afternoon during spring break. With his parents at work, the two boys filled up the baby pool on an unusually warm spring day, grabbed the Johnson's mutt Momo, stripped down to their underwear and splashed around until they got hungry for sandwiches of baloney, individually sliced American cheese and Miracle Whip on white bread."}, {"type": "sentence", "content": "When it was time for Boyce to go home, Anh walked him to the door and reached in for a hug. Taken by surprise, Boyce stood with his arms at his sides then gradually reached around to hug Anh back, feeling a kind of warmth he had not known before. As they pulled apart, Anh kissed Boyce lightly on the cheek."}, {"type": "sentence", "content": "\"See you tomorrow!\" he said, with a little wave, then turned on his heel with Momo running alongside."}, {"type": "sentence", "content": "Every day that week Boyce returned to Anh's house to play cards or Yahtzee, get in the pool or watch TV and make sandwiches after. They talked about how they were both going to get out of that town one day. During an episode of Gilligan's Island, the one where Mary Anne gets amnesia and wakes up and thinks she's Ginger, gets up on stage in Ginger's clothes and tries to sing but fails miserably, Anh turned to Boyce."}, {"type": "sentence", "content": "\"Don't you think we can be anyone we want to be? I do not want to pretend to be someone I'm not. What about you, Boyce? You are not Double B, after all. Who are you? Who do you want to be?\" he probed."}, {"type": "sentence", "content": "Boyce wasn't sure what Anh meant exactly but he could feel its meaning somewhere deep in the sanctuary of his heart. That this was, in fact, precisely true but something he could not yet articulate was enough of an answer to that question. And a silent nod to Anh was confirmation, Defiant and firm. Absolute and right."}, {"type": "sentence", "content": "\"I am Boyce Brady,\" he said quietly."}, {"type": "sentence", "content": "\"Let me tell you more about my name,\" Anh said softly, pulling a piece of errant hair back off Boyce's forehead as he spoke."}, {"type": "sentence", "content": "\"Thuong means One Who Loves Tenderly,\" he said, looking deeply into Boyce for understanding."}, {"type": "sentence", "content": "He leaned in for a kiss on the mouth. Boyce didn't hesitate, he knew just what he wanted with Anh, that it was mutual and without shame or prejudice. The two embraced and kissed again. They giggled and hugged afterwards, sharing a new-found freedom together, a liberating moment of long-awaited peace and understanding. Belonging."}, {"type": "sentence", "content": "The two carried on a secret romance for the years to come right into high school, all the while guarding their secret affection, knowing that their town would not understand their friendship and love for each other. Though Boyce never wanted to say the word out loud, he knew he was at the very least bisexual because he sometimes liked to watch the Miss America Pageant with Gam."}, {"type": "sentence", "content": "He didn't know anything for certain, not yet, but he knew that Springfield was an open door to find out one way or another just who Boyce Brady was. Who Boyce Brady could and would become. Anh had helped him get part of the way there and now the rest was up to him."}, {"type": "sentence", "content": "As senior year approached, they accepted their fate and honored each other's needs and choices. Anh, whose parents were unable to pay for college, would remain behind but their last few days before Boyce's departure were spent together at Anh's house, their special sanctuary, for hours on end talking and laughing and crying and holding each other. And holding all that they shared together, tightly and dearly in mutual respect and gratitude."}, {"type": "sentence", "content": "\"It's time we get you to the bus station, Boyce, gather up your things,\" Gam yelled out from the kitchen where she was washing up the last of the breakfast dishes."}, {"type": "sentence", "content": "The day had finally arrived. Boyce was excited, nervous, happy and sad all at once. Leaving his grandmother alone made him anxious but he knew his time to shine was now."}, {"type": "sentence", "content": "\"Coming,\" Boyce yelled back to Gam."}, {"type": "sentence", "content": "\"And Going,\" he whispered under his breath."}, {"type": "sentence", "content": "Pulling his suitcase on wheels into the kitchen, Boyce spoke."}, {"type": "sentence", "content": "\"Gam, I just need to make one stop on the way to the bus station.\""}, {"type": "sentence", "content": "Pulling up to Anh's house, he got out and walked slowly to the mailbox, gazing across the lawn at the front door to Anh's home and heart. That door that had opened wide into a place of awakening. Knowing that Anh's parents were at work and Anh himself away at his job as a clerk at a store at the new mall in town, he slipped the envelope with Anh's name on it, tightly sealed with two layers of Scotch tape, into the box marked Johnson."}, {"type": "sentence", "content": "As he made his way back to the car and forward towards his new life, he recited in his head the simple message to his friend who was the illuminating light in his life:"}, {"type": "sentence", "content": "My Dearest Anh Thuong, Intelligent One Who Loves Tenderly,"}, {"type": "sentence", "content": "Thank you for showing me I can be anyone I want to be."}, {"type": "sentence", "content": "May we both be free to be whoever and whatever that is"}, {"type": "sentence", "content": "forever and ever amen."}, {"type": "sentence", "content": "I Love You Always,"}, {"type": "sentence", "content": "Boyce Brady"}, {"type": "sentence", "content": ". . ."}, {"type": "sentence", "content": "From the Life Lines collection, \u00a9 Mary Corbin 2020"}, {"type": "sentence", "content": "marycorbinwrites.com"}, {"type": "sentence", "content": "marycorbinart.com"}, {"type": "sentence", "content": "Join our free newsletter & keep up to date with new authors and help readers & writers connect!"}], "topic": "fiction", "uuid": "169dd9d1b56bc0a6f9b64d724ddb3727d60a2a151e0cfa1e6b102d01", "link": "https://medium.com/written-tales/double-b-coming-and-going-fd745292a566"}