{"title": "A Trick (Besides Goal-Setting) for Creating Lasting Change", "data": [{"type": "sentence", "content": "Ideas adapted from \"Atomic Habits\" by James Clear."}, {"type": "sentence", "content": "Almost every person I've met has thought about changing some aspect of their life. Some people merely wish for better days without doing anything about it, but a significant proportion of people will take some sort of action because they want to improve their lives. Undoubtedly the most popular form of self-improvement is setting goals."}, {"type": "subtitle", "content": "Setting goals is important, but it's not enough."}, {"type": "sentence", "content": "Accomplishing goals will rarely change long-term behavior."}, {"type": "sentence", "content": "Living by goals has a \"yo-yo\" effect, bouncing between accomplishing goals and the time in between these accomplishments."}, {"type": "sentence", "content": "Goal-setting is inefficient if the time between goals is spent reverting back to old habits instead of developing long-term solutions."}, {"type": "sentence", "content": "Once a goal is reached, it is easy to revert back to old habits. This is because in order to accomplish a goal, many people will take steps that don't align with their normal behavior."}, {"type": "sentence", "content": "For example, a recent goal of mine was to lose weight until I hit a certain number on the scale. After about two months of consistent effort, I was able to reach my goal."}, {"type": "sentence", "content": "However, after hitting that goal, it became increasingly difficult to maintain progress. I lost the healthy habits I had previously attained - I stopped working out every day, allowed myself to snack more, and slept later."}, {"type": "sentence", "content": "This is a classic example of the yo-yo effect in action. While I was able to reach my goal, maintaining it was much more difficult because I had not grown to love the process. Instead, I was focused on results."}, {"type": "sentence", "content": "It was difficult for me to continue making progress after accomplishing the goal because I no longer had my source of motivation."}, {"type": "sentence", "content": "On the other hand, once I shifted my focus to refining the system - working out consistently, eating healthy and nourishing foods, and sleeping well - maintaining my healthy diet and exercise habits has been much less painful because I continue my habits regardless of results."}, {"type": "sentence", "content": "When actions are dependent on accomplishing a goal, results become everything. But letting results dictate action is contradictory."}, {"type": "sentence", "content": "Prioritizing the goal over the system makes it more difficult to continue on a healthy trajectory after accomplishing the goal. While setting goals as a form of motivation is a great way to get a sense of direction for where you want to be in the future, they should not be the main focus of your energy."}, {"type": "subtitle", "content": "Example 1: Winners and Losers"}, {"type": "sentence", "content": "Two opposing teams in a sports game both have the same goal - to win. But only one team can accomplish this goal at a time."}, {"type": "sentence", "content": "Thus the goal does not make the difference between winners and losers."}, {"type": "sentence", "content": "The system of the team - how the coach encourages the players, how versatile and strong the individuals are, how efficiently they practice, how effectively the team works as a unit - is what ultimately determines the result of the game."}, {"type": "sentence", "content": "In the same way that it's not enough just to set a goal, it's not enough to just want to win."}, {"type": "sentence", "content": "While the desire to win is an important aspect of success in a game, it is insufficient without skill, practice, teamwork, and a little bit of luck. Similarly, focusing on the goal is an important step in the process, but it's not sufficient without consistency and practice."}, {"type": "subtitle", "content": "The system behind the goal is what ultimately tips the scale."}, {"type": "sentence", "content": "This concept can be applied to everyday life. Instead of trying to accomplish a goal, seek to optimize the habits that you live by. These little changes to how you live your everyday life will deliver results on a much grander scheme than focusing on accomplishing goals."}, {"type": "sentence", "content": "Many people try to brute force their way to a goal. They make extreme temporary changes to their lifestyle - working later, practicing longer, eating healthier - to accomplish a notable feat, just to revert back to old habits after their goal has been reached."}, {"type": "sentence", "content": "In this way, goal-setting is an addictive behavior. By setting goals and accomplishing them, we use the gratification of these small wins as motivation to accomplish the next goal."}, {"type": "sentence", "content": "While gratification from accomplishments can and should be used to propel you forward and help you gain traction, it is often overhyped as a means to achieve long-term change. When steps taken to reach a goal require a great deal of willpower and sacrifice, it will likely not result in long-term change."}, {"type": "sentence", "content": "To change your behavior, you first have to define an image of the type of person you want to be. Then, exhibit behaviors that align with this version of yourself."}, {"type": "sentence", "content": "Expecting yourself to stick to behaviors that are unnatural or difficult is unreasonable. But this doesn't mean that change is hopeless - rather, we must change our conception of ourselves so that good behaviors come more easily."}, {"type": "subtitle", "content": "Example 2: Two ex-smokers are trying to resist a cigarette."}, {"type": "sentence", "content": "Notice that this subtle difference in language demonstrates two completely different responses."}, {"type": "sentence", "content": "By saying \"I'm trying to quit,\" Person 1 is insinuating that they are still a smoker. In other words, they are still living the identity as a smoker."}, {"type": "sentence", "content": "However, by saying \"I don't smoke,\" Person 2 is actively living as if they were already the type of person they strive to be (a non-smoker)."}, {"type": "sentence", "content": "By consistently acting like the type of person you want to be, new behaviors will start to come naturally. Unhealthy behaviors will start to feel incongruent with this new version of yourself, and many old habits will fall away with time."}, {"type": "subtitle", "content": "The Takeaways"}], "topic": "productivity", "uuid": "1a9b895751df17b7887f046996f4ae5342faf8f6db6ed20a407c1ea6", "link": "https://medium.com/live-your-life-on-purpose/why-setting-goals-alone-will-not-create-lasting-change-4252972d9b79"}