{"title": "Encountering Prehistory in Walnut Canyon", "data": [{"type": "sentence", "content": "The region described in this article is the traditional territory of the Northeastern Yavapai and Northern Tonto Apache. The dwellings at Walnut Canyon were created by people that archaeologists call the Sinagua. They are the ancestors of modern-day Hopi people. Learn more about the Hopi Tribe."}, {"type": "image", "content": "https://miro.medium.com/max/12000/1*MjtumZ7hZS2IlUEgpjTntQ.jpeg"}, {"type": "sentence", "content": "Whenever I get the chance to visit somewhere with a visible history of human habitation - not just the five or ten generations of my own ancestors but the hundreds and thousands of generations of the original stewards of this continent - I make it a point to think about the individuals who stood there before me. I think of people who, under a younger sun, planned for the day ahead or smiled at a memory. People who told stories, said goodbyes, made promises."}, {"type": "sentence", "content": "Long before it was a national monument, or a state park, or a plaque at the side of the highway, someone - many someones - stood there when that place was simply home. Nothing more and not a fraction less."}, {"type": "sentence", "content": "I've gone through this mental exercise in many places, but none of them connected with me quite as strongly as this one."}, {"type": "sentence", "content": "Ten miles east of Flagstaff on I-40, Walnut Canyon - Wupatupqa, in Hopi - slices 400 feet into Permian Kaibab Limestone. This reveals the dark vein of the Toroweap Formation and, below it, moon-white Coconino Sandstone. It was carved by Walnut Creek, which advances to meet the Little Colorado River on its journey toward the Grand Canyon."}, {"type": "image", "content": "https://miro.medium.com/max/11384/1*xu22mbq_Q_SLH8uSOwhk6Q.jpeg"}, {"type": "sentence", "content": "Here the desert converges unexpectedly with conifer forests. On north-facing slopes that are cloaked in shade most of the day, there are the Douglas firs and ponderosa pines that dominate the Mogollon Rim. On south-facing slopes, drier and more exposed, juniper and pi\u00f1on mingle with prickly pear and yucca."}, {"type": "sentence", "content": "So named for the \"island\" of rock around which it circles, Walnut Canyon's Island Trail starts with a long climb down 240 concrete steps. The path is a mile long and loops fully around this outcropping of land, bounded on three sides by the negative space of the canyon."}, {"type": "sentence", "content": "The deep stillness here is punctuated by the continuous climb and fall of hawks. They're hunting jays, tracing weightless arcs through the air with their pursuit."}, {"type": "sentence", "content": "The temperature dips as I descend from the canyon rim. The trees and stone seem to emit an incongruous chill that, at least when I was there in April, helps to offset the desert sun."}, {"type": "image", "content": "https://miro.medium.com/max/12000/1*72eA2eSKUmNuOSX_x84c8g.jpeg"}, {"type": "sentence", "content": "The first time I reach a pueblo, it's almost jarring. The miles of woodland between here and the nearest city lend the feeling that this is a nature preserve. But beyond its natural beauty, this national monument is, in fact, an archaeological site."}, {"type": "sentence", "content": "It feels like such a clinical term, archaeological site. It does nothing to capture the feeling of the place."}, {"type": "sentence", "content": "But it is a site of archaeological significance, evincing as it does the lifeways of past humans. Between about 1100 and 1250 CE, the Sinagua people - a pre-Columbian society that farmed, irrigated, traded, hunted, and gathered throughout central and northern Arizona - built cliff dwellings in the natural recesses under the canyon's lip. The Island Trail runs alongside twenty-five of these dwellings."}, {"type": "image", "content": "https://miro.medium.com/max/12000/1*B8oDXrmuwRdnDU57brYAMA.jpeg"}, {"type": "sentence", "content": "What strikes me most are the smoke stains on the rock, 800-year-old relics of heat and light. I try to picture the faces that were lit by those fires, how the orange flicker would have thrown shifting patterns across those who sat by its warmth as they spoke and gestured and laughed."}, {"type": "sentence", "content": "There is a moment, about three-quarters of the way through the loop, where a series of rooms beneath the rock overhang line the path to the left and a tree-lined chasm yawns open to the right. On the other side of this chasm is a steep, tiered expanse of canyon wall."}, {"type": "sentence", "content": "The slope appears totally wild at first. It's just a plane of pathless rock, laden with stubborn pines. But then I blink and like an optical illusion, the image seems to invert: suddenly all I can see are the five rock-walled pueblos dotted along the opposite wall, just like the pueblo behind me."}, {"type": "image", "content": "https://miro.medium.com/max/10936/1*aB7CQlj3-swfcEGxK6640A.jpeg"}, {"type": "sentence", "content": "This is the image that Walnut Canyon left me with. I imagine standing here as dusk settles, the smell of woodsmoke drifting on the wind. I imagine seeing the glow of a fire in each of those five pueblos across the canyon, each of them a comforting point of light as the evening shadows deepen and snag on the pine tree branches. And I try to imagine being here not as a visitor, not as an uninvited guest, but as someone for whom this was home."}, {"type": "sentence", "content": "It's an uncommon thing, to have this kind of opportunity to connect with the history of the landscape. I'm grateful to be reminded that, although it's rarely as tangible as it is in Walnut Canyon, the past is always a part of the fabric of the present."}, {"type": "sentence", "content": "Plan your own visit to Walnut Canyon National Monument."}], "topic": "travel", "uuid": "1b317fde068c45480efbf89ac9b589aeee36a59e7a0fc030a43573d5", "link": "https://medium.com/@eleri.denham/encountering-prehistory-in-walnut-canyon-6fc2de5af5fa"}