{"title": "How To Accomplish Your Big Goals And Still Have A Life", "data": [{"type": "image", "content": "https://miro.medium.com/max/2400/1*1w4JaFod6Aej_sCn1Qivvw.png"}, {"type": "sentence", "content": "We all have personal and professional goals. We want to earn the 6-figure salary, work more flexible hours, and achieve career milestones. At the same time, we want to spend time with friends, pursue our passions outside of work, and have experiences."}, {"type": "sentence", "content": "What will you do? We are all faced with this question and opportunity cost emerges. Every minute you spend with your friends is another minute you can't grow in your career."}, {"type": "sentence", "content": "Every minute you're working is another minute you can't be with your family."}, {"type": "sentence", "content": "Work gives us purpose and can be very meaningful if we choose the right work. Family, friends, and the things that make us happy are incredibly important for living a complete life."}, {"type": "sentence", "content": "But how can we have both at the same time? While most of us can't work on personal and professional aspects of our lives at the same time, we can operate under different \"seasons.\""}, {"type": "sentence", "content": "If you have a deadline coming up a big project, you should spend extra time on that big project. Once that project is over, you should spend extra time with friends and family."}, {"type": "sentence", "content": "Even when you've got deadlines surrounding you, it's still possible to make room for 15-30 minutes per day to have conversations with people you care about."}, {"type": "sentence", "content": "Whether it's a quick phone call, family dinner, or some other occasion, make room for those conversations."}, {"type": "sentence", "content": "You can go on fun experiences and spend more quality time with those people when the timing is right. You can also reserve more time during the weekend for your personal life."}, {"type": "subtitle", "content": "List Your Personal And Professional Goals"}, {"type": "sentence", "content": "The reason most people struggle with this balance is because they don't know what they want. What does happiness look like? What does a successful career look like?"}, {"type": "sentence", "content": "These opinions differ from person to person, so you shouldn't listen to or model people who have different definitions for happiness and success when making your own life decisions."}, {"type": "sentence", "content": "What are your professional goals? While most people think income (and that's a great goal to start with), you should also think about your actions. I strive to write at least 1 article per day on Medium and another article each day for my blog."}, {"type": "sentence", "content": "List all of the professional goals and their corresponding actions. Get detailed with this list as the more accurate it is, the better."}, {"type": "sentence", "content": "Now for your personal goals. Most people don't know what to list for personal goals because they're more vague. Spending time with friends and family and having experiences are qualitative goals, but you can get quantitative with them."}, {"type": "sentence", "content": "Instead of just listing \"Spend Time With Friends\" as your goal, list something like \"Hang Out With At Least 1 Friend Each Week,\" \"Call At Least 1 Friend Each Week,\" and \"Comment On At Least 10 Facebook Posts From My Friends This Week.\""}, {"type": "sentence", "content": "You can quantify how many vacations you want to take and how many hours you want to spend time with your family (at the minimum. No maximums with this one)."}, {"type": "subtitle", "content": "Boost Your Productivity"}, {"type": "sentence", "content": "When you're working, it's not about how many hours you work but about your total output."}, {"type": "sentence", "content": "If you want to write 1,000 words each day for your upcoming book, it doesn't matter if you write that many words in 30 minutes or 1 hour. Writing 1,000 words remains the goal."}, {"type": "sentence", "content": "Growing our careers is important, but so is getting the same tasks done sooner. Writing 1,000 words 30 minutes sooner gives you extra time to focus on a different task or stop working sooner."}, {"type": "sentence", "content": "Look at your existing workflow for opportunities where you can improve your efficiency. You should embrace your professional work, but not for longer than you should."}, {"type": "sentence", "content": "If you get distracted as you work, you'll spend too much time working and end up with a lower output. When you work, only stay focused on your work. Don't surf the web at the same time, take phone calls, or do anything else that takes you away from your work."}, {"type": "sentence", "content": "This will help you get the same tasks done faster and therefore have extra time to spend with family and friends."}, {"type": "subtitle", "content": "Be Okay With Imperfection"}, {"type": "sentence", "content": "On some days, you'll work more than you wanted to, and on other days, you'll work less than you wanted to."}, {"type": "sentence", "content": "It's okay to be imperfect as long as you learn from the mistakes you make."}, {"type": "sentence", "content": "When most people think about the work-life balance, they see work as a vice. However, both are important elements of a life that feels whole. Work gives you purpose and self-discovery while the relationships and experiences are what you'll remember the most."}, {"type": "sentence", "content": "On some days, you'll be more work oriented and on other days you'll be more oriented towards relationships and experiences. It's not meant to be a perfect balancing act each day, but rather over the long-term."}, {"type": "sentence", "content": "The goal is to be okay with leaning more in one direction than the other during certain timeframes but to maintain a net even position in your lifetime."}, {"type": "sentence", "content": "Want to learn how to make money investing in the stock market? Make sure you subscribe to my YouTube channel"}], "topic": "productivity", "uuid": "1cda018821888db2f210ce3d08e0149447e2df6e310888e950f9a33d", "link": "https://medium.com/the-innovation/how-to-accomplish-your-big-goals-and-still-have-a-life-a0947bd80649"}