{"title": "The Paradox of Prankvertising", "data": [{"type": "image", "content": "https://miro.medium.com/max/13740/1*-pWXMrsH8phEfC1NHA22rA.jpeg"}, {"type": "sentence", "content": "By the time today's kids become adults, they'll likely have to budget in deciding for what, where, and when to buy attention."}, {"type": "sentence", "content": "It's already happening. For years, circumstances have forced marketers to step up and pay for our attention. The recorded changes in advertising are evident in the impact this has on how people consume media today. Hence, to remain competitive, all had to recognize and adapt to these changes, and the attention game has only gotten more expensive by the day."}, {"type": "subtitle", "content": "What Is Prankvertising?"}, {"type": "sentence", "content": "Prankvertising (a mash-up of the words prank and advertising) has been prevalent as far back as a decade ago. It is a marketing tactic that utilizes visuals to capture the reaction of the commoner in a particular occurrence (prank) to feed the online media."}, {"type": "sentence", "content": "These performances include actors, hidden cameras, and effects that are out of the ordinary. Agencies in charge of these pranks can then later edit, compile, and share the video to the ever-thirsty internet. It makes sense. If your company has a unique feature you'll want to communicate to the market, what better way than with a dramatic outburst, right?"}, {"type": "sentence", "content": "Brands have been pulling such pranks to hook the attention of the often-distracted, less-sympathetic online observer. An excellent example is Heineken's The Candidate, a stunt in which an interviewer pretended to be having a heart attack right in the middle of an interview. The candidate to have gotten the job was later announced at the Juventus football pitch - being the most voted by the Heineken community, and as having most qualified for the job considering how he handled the bizarre interview."}, {"type": "sentence", "content": "There are a lot of these, and when done perfectly, no one can ignore them. To date, the most viewed video on the internet in under 24 hours is a prank video, garnering an impressive 247 million views in two days. This is in a world where legends like Eminem are still releasing hits."}, {"type": "sentence", "content": "While it seems like a peaceful day-to-day activity in viral marketing, prankvertising comes with not-so-pretty baggage."}, {"type": "subtitle", "content": "The Cost of Prankvertising"}, {"type": "sentence", "content": "For one, pranks cost the lives of many over the years. So, orchestrating this tactic into advertising calls for revising how much technology has fueled our thirst to get noticed, cluttering our vision to neglect our humanity. If marketing is about making a change, and disrupting people's culture for the better, then this discovery calls for a complete halt in serving with such a strategy."}, {"type": "sentence", "content": "Not all pranks end up in death, however. Plenty do not. A sizable number of pranks pulled by brands and individual pranksters - even though startling to experience - often end up with the victim laughing it off. Often, some people even tweet about it in dismissal of how embarrassed, confused, or terrified, they were."}, {"type": "sentence", "content": "The question then is: how far can one go to be too far? What is the line in pulling up a prank before we term it as too much and perceived negatively by the audience you set to entertain?"}, {"type": "sentence", "content": "It might be hard to truly answer. But as you might have guessed, anything with the potential of leading to death should be off-limits. The last thing your brand needs is getting sued for taking a life for internet points and petty recognition."}, {"type": "sentence", "content": "This, nonetheless, doesn't narrow it down. For aside from death, there are plenty of other ways to earn your brand a blow you'll hardly ever recover from. You also do not want to come off as offensive, racist, misogynist, and other qualities that can lead the market to dethrone you from whatever height you attained. As if you need reminding, this has never been easier. Thank you, Internet!"}, {"type": "sentence", "content": "To their bones, pranks might be risky endeavors, but it is no reason we can't strive towards a happy ending when all is over."}, {"type": "subtitle", "content": "Prankvertising Fails"}, {"type": "sentence", "content": "Toys \"R\" Us, an American toys and clothing retail company, learned this the hard way. In a prank they pulled in 2013, they outraged a lot of moms at the worst possible time imaginable- the approaching holiday shopping season of the year."}, {"type": "sentence", "content": "Will Burns, a contributor to Forbes magazine, while writing about the incident, observed how reality pranks are not designed to generate responses with phrases like"}, {"type": "sentence", "content": "The prank backfired. And one need not know what the campaign was about to realize: nobody wants that for their brand."}, {"type": "sentence", "content": "To avoid making a similar timely mistake, always study the variables at play in your campaign, and then aim for a positive reaction. But even that is a vague way of putting it."}, {"type": "sentence", "content": "In a prank that tests the reaction of people walking into an elevator to what appears to be a murder in progress, for instance, it is hard to see what we're supposed to be laughing at. Organized by Thinkmodo, an agency known for creating some of the most viral videos in the world, this prank was for the movie Dead Man Down, an American crime thriller released in 2013."}, {"type": "sentence", "content": "The video confused me when I first watched it. To me, it is both brave and unsettling for a sane person to see murder in progress and then take out their phone to snap a picture. When an old woman tried to help the guy being murdered, I felt the descent of something unexplainable that bought tears to my eyes."}, {"type": "sentence", "content": "I didn't find the prank in the least funny because I couldn't tell what I was supposed to be laughing at. The elevator door slides open, and you're confronted by a scene of intense violence as two men wrestle on the floor, one of them fighting for his life, the other choking the life out of his partner. I mean, seriously?! When I showed the same video to my friend, however, he spilled his drink on his shirt and fell off his seat in laughter."}, {"type": "sentence", "content": "While I found Weather Channel's Bus Shelter prank amusing, others might be frustrated for getting wet in what they will later regard as a stupid prank."}, {"type": "sentence", "content": "There will always exist a lot of people who might feel offensive and others entertained in the same targeted market for the same prank. Our sense of humor is as vast as the languages we speak, if not wider. There is simply no way to further narrow it down."}, {"type": "sentence", "content": "This made crossing the line subjective and often hard to define. \"One man's meat is another man's poison,\" goes the saying."}, {"type": "sentence", "content": "The most important factor then is to have your prank highlight a sharp edge of the message you're communicating and then associate it to an inner joke only your core audience can relate to and be happy to be a part of."}, {"type": "sentence", "content": "Watch and learn from previous pranks, but remember to never copy them. Research has revealed that the world is sadder and angrier than ever. People are less likely to tolerate what they otherwise would. So, watch out!"}, {"type": "subtitle", "content": "Conclusion"}, {"type": "sentence", "content": "In pulling off a prank, there must exist some elements that aren't in your control, otherwise the word staged will manifest itself loud and clear - making the whole process lame and unprofessional. And like every great adventure, this makes prankvertising both exciting and terrifying to venture into."}, {"type": "sentence", "content": "At the end of the day, says the marketer, Dave McMullen,"}, {"type": "sentence", "content": "There is no reason you can not be those exceptions."}, {"type": "sentence", "content": "The year is 2021, and there isn't any sign of prankvertising going anywhere. The newer, more sensational your campaigns are, the more likely your audience will share them. That's how it has always been. Pranks can be a great way to boost your brand's image or introduce a new product to the market. But, like a joke, a terrible one will have you wishing you'd never bothered trying."}], "topic": "marketing", "uuid": "1d045abe0cdb1b91fbeb51c8a7aee07450714f3bd3f9d830cba951c4", "link": "https://medium.com/better-marketing/the-paradox-of-prankvertising-d6197bbbd9f5"}