{"title": "How to Measure Success- GAS Goals", "data": [{"type": "sentence", "content": "Or - How to make goals into a process rather than a battle"}, {"type": "image", "content": "https://miro.medium.com/max/1280/1*v4mhYZzFRV2LscfSqGXtQA.jpeg"}, {"type": "sentence", "content": "The New Year is the time of goals. Particularly given the hellfire that was 2020, most people in my life are looking to turn over a new leaf in the new year. But New Year's resolutions often fail at the first hurdle, and most people end in a circle of trying, dissappointment, and reversion."}, {"type": "sentence", "content": "This is not just true of resolutions though. How many times have you set out to achieve a goal, and then failed it? Sometimes, this can be because the goal isn't spercific, measurable, or realistic (basically, it isn't a SMART goal)."}, {"type": "sentence", "content": "Sometimes, though, it's more than that. Sometimes we don't actually think about what success looks like."}, {"type": "sentence", "content": "What is success? It's a very personal question - for a close family member, not buying soft-drink at the supermarket is a success. For someone else, it's not something they even thing about. The personal nature of success makes it very difficult to measure scientifically, and to compare different people's successes across goals?"}, {"type": "sentence", "content": "It's a problem that occupational therapy has a solution for. Occupational therapy focuses looks at what a person wants to do, then helps that person to figure out a way to achieve that goal - generally while working around a limitiation. This could be a missing limb, recent domestic violence, mental health, stroke, ect."}, {"type": "sentence", "content": "So, how can you measure success of therapy when people's goals are so different. And how can you measure change over time."}, {"type": "sentence", "content": "Most people don't think about success as a measure, but instead as a goal. Success is often seen as a pass or fail question. For example:"}, {"type": "sentence", "content": "Basically, a no spend challange."}, {"type": "sentence", "content": "If you reach the 200 dollars, then success! You've done it!"}, {"type": "sentence", "content": "If you don't reach it, then you're a failure. At this point, people will very often disengage from the idea."}, {"type": "sentence", "content": "This is very black and white, and gives no way to measure change. It only takes into account whether or not you achieved a goal. And it doesn't really take into account how you achieved that goal, or how well you did."}, {"type": "sentence", "content": "In this example, success is $200, $400, $1000 dollars. Failure is $0, $50, $195 dollars. There's no specificity."}, {"type": "sentence", "content": "So how can we measure success with specificity? Because life isn't black and white. You haven't failed at life because you only managed to save 100 dollars. Or 50. And it's not just success if you somehow managed to double that and save 400 dollars."}, {"type": "sentence", "content": "So. How can we measure success in a way that makes sense?"}, {"type": "sentence", "content": "GAS goals. They're used all the time in occupational therapy, and they measure all different types of success. By measuring goals this way, you can actually start to see patterns, and progress. But the main positive is that they show change, even if you don't reach \"your ultimate goal\"."}, {"type": "subtitle", "content": "Gas goals: Measuring change and success:"}, {"type": "image", "content": "https://miro.medium.com/max/1280/1*QyX1vNyXnQvFEfQ9ZahBKg.jpeg"}, {"type": "sentence", "content": "A gas goal starts by defining what success looks like. Here's the theroy of a gas goal:"}, {"type": "sentence", "content": "Let's take the example above:"}, {"type": "sentence", "content": "Everything after this is personal. You will use this goal time and time again - it's made to be used over time. So you set the parameters at the start, and then you can measure progress over time."}, {"type": "sentence", "content": "So for me personally, I would say saving 300 or over dollars is +2, 250 is +1, 100 dollars is -1, less than 50 is -2."}, {"type": "sentence", "content": "Thus:"}, {"type": "sentence", "content": "This scale is very personal to me - I think in 50s, and I'm pretty sure I could save at least 100 dollars, so it wouldn't be relevant to me to have that as a parameter. For someone else, it's entirely possible they would struggle to save 100, so they might have -1 be: saved between 100-200 dollars. It depends on how you want to use it."}, {"type": "sentence", "content": "So you start working on your goal. Let's say you save 160 because you drank some wine at that one dinner out. I would award myself a -1. This doesn't mean I've failed."}, {"type": "sentence", "content": "At that is the beauty of gas goals - they only measure success. Sometimes the success is standard. Sometimes it's +1, sometimes it's less that you expected. But it's all success."}, {"type": "subtitle", "content": "Changing success into a process rather than a battle:"}, {"type": "sentence", "content": "Shame, productivity, self-care (both responsible and self destructive) play themselves out in most millenial's minds. There's so much hustle culture, so much advice, so much *everything* that it can be easy to get lost in a cycle of trying, failing, trying, failing, trying, succeeding. It's exhausting. We're a generation prone to burn out."}, {"type": "sentence", "content": "Using gas goals makes success achievable over time. It can help you move out of that cycle of self-recrimination, and onto a much more productive question:"}, {"type": "sentence", "content": "How did I actually do, and where am I headed next."}], "topic": "productivity", "uuid": "20613d341bbadfd20b46f54c4bb1306b600e85cffd1f0c8f89cd205d", "link": "https://sianejones.medium.com/how-to-measure-success-gas-goals-ccb9bb6f3f88"}