{"title": "Santa Teresa Problems.", "data": [{"type": "image", "content": "https://miro.medium.com/max/2000/0*4IEMOnLrduD3XQc5"}, {"type": "sentence", "content": "They're going to coat the road with molasses. That will help the dust, explain the expats who don't pay taxes. That will help the dust."}, {"type": "sentence", "content": "Store owners and bartenders dump buckets of water in front. People wear goggles. Wash your eyes out unless you want a sty that lasts for three months."}, {"type": "sentence", "content": "Girls from Argentina sip mat\u00e9 from metal straws. A monkey growls in a nearby tree. \"I'm trying not to look at its balls,\" says an American. \"But it's so hard. They look painfully heavy.\""}, {"type": "sentence", "content": "I dance on the beach. I find a friend who hasn't had internet for days. I tell her about the attempted coup. She rolls a cigarette and asks when the beaches are closing."}, {"type": "sentence", "content": "There are restrictions today. Will they be enforced? We are not supposed to be on the beach after 2 p.m., but the cops just seem to be concerned about confiscating weed."}, {"type": "sentence", "content": "Get to the tide pools soon - You have to go during low tide. Surf during high tide, tide pools during low tide, sleep and eat in-between."}, {"type": "sentence", "content": "The ice cream store is out of my favorite flavor. There's a boy who tried to grab my ass. He comes by on his motorbike. His feelings seem hurt and the only thing that will stop the guilt and pain is if I have sex with him and allow him to ignore me so he feels he came out ahead."}, {"type": "sentence", "content": "There are so many men who try to make you feel guilty for not fucking them, like fucking is charity work you should want to perform out of the goodness of your heart."}, {"type": "sentence", "content": "There's a man who lives at the hostel. He delivers food. He's always on standby. That means he's always swinging in a hammock and waiting for his phone to go off."}, {"type": "sentence", "content": "A barefoot man tries to start his dirtbike. He cannot. \"Show it some love,\" I say. He laughs. It clicks and sputters. He starts to glide down the dirt road, something catches, and it starts."}, {"type": "sentence", "content": "Some girls are in thongs and little else. The locals in Las Delicias wear pants. In Monezuma, men from South America sell jewelry they have made. \"Is this real silver?\" says one woman. \"If not, it'll turn green.\" \"Sure,\" he says. \"It's real.\" He rolls his eyes when her back is turned."}, {"type": "sentence", "content": "Nothing is in a larger size. There is no hair care for curly hair. This place is subtly racist and ageist and fatphobic - A certain kind of body is welcome here."}, {"type": "sentence", "content": "My friend buys a pipe. All the masks are wet and soggy. You have to let your mask bake in the sun, or it'll just be forever damp, possibly moldy, like clothes that have been left in the laundry for too long."}, {"type": "sentence", "content": "There is a rumor that the power will go out tomorrow, from 9-3 pm. The surfers don't care. They'll either be surfing or napping. The remote workers and trying to figure out who has a backup generator. The local who does laundry simply tells her customers that their towels and sheets will be done in two days."}, {"type": "sentence", "content": "The remote workers cannot do that. They are terrified that if there are any problems working in paradise, their offices will summon them back, like a queen ant beckoning her subjects. They do not want to have to pick - they're afraid of the answer."}, {"type": "sentence", "content": "my links \u2764"}], "topic": "fiction", "uuid": "23753724933c51a8b3ef39cc29976be40f8da609ad3ff7586b585dee", "link": "https://medium.com/are-you-okay/santa-teresa-problems-6646202096d0"}