{"title": "What's wrong with calling it \"spin\"?", "data": [{"type": "subtitle", "content": "DON'T DO IT"}, {"type": "image", "content": "https://miro.medium.com/max/6528/1*-SNEYKfe1zga4Yfy31F7-w.jpeg"}, {"type": "sentence", "content": "I received an email the other day that said \"Let the spin machine go into action.\" While I understand the order, I'm not a fan of the sentiment. Spinning is great for turntables, spiders, and the aptly named spinning wheel. Heck, I'm even OK with Dead or Alive telling their object of affection that they spin them right round. But when it comes to public relations or marketing, spin is bad."}, {"type": "sentence", "content": "Let me explain."}, {"type": "subtitle", "content": "Spin doctors (no, not the musical group)"}, {"type": "sentence", "content": "The term spin doctor started appearing in the late 1970s and was used largely to refer to public relations professionals working in politics in the US and UK (Valentini, 2016). Basically, it refers to the act of putting a positive light on something that's not so great. If a politician has some unsavory history, a spin doctor could push it under the rug and highlight all the positives things someone has done. Or turn the misdeeds into lessons and learnings for everyone. As a result, the term \"spin\" is associated with shady behaviour - making something bad seem not so bad."}, {"type": "subtitle", "content": "Basically, it's unethical"}, {"type": "sentence", "content": "Public relations practitioners and communications professionals (I tend to use the term interchangeably) follow a code of ethics. Whether it's from the International Association of Business Communicators, the Public Relations Society of America, the American Marketing Association, or the Canadian Public Relations Society (or any other marketing or public relations organization in the world), there is a code of ethics that we must abide by. In each one of these codes is a commitment to be honest, to communicate accurate information."}, {"type": "sentence", "content": "As we have seen with the rise of 24-hour news channels and social media, the truth will eventually come out. If you tell a story and fudge some facts because it will distract from the positive points, that's spin. If you try to hide information, that's spin."}, {"type": "sentence", "content": "When used out of context, the term \"spin\" only serves to reinforce the belief that public relations practitioners are untrustworthy. In my case, the story I was asked to put in the spin machine was already a positive story. There was nothing to hide about any of it. But the person who said it to me wanted the story to be promoted and shared. I understood that, but using \"spin\" was not the way to make that point."}, {"type": "sentence", "content": "Our jobs are hard enough as it is. Using outdated language to describe our work makes it even harder, and only perpetuates the stereotype that all communications or marketing professional are untrustworthy, always trying to sell something, or hide from the facts."}, {"type": "subtitle", "content": "So, what should we say?"}, {"type": "sentence", "content": "Instead of \"Let's spin this,\" say \"Let's tell this story\"."}, {"type": "sentence", "content": "Instead of \"Let's put a positive spin on this\" say \"Let's share the facts as we know them\". (Because sometimes there isn't a positive angle to take on a story.)"}, {"type": "sentence", "content": "Being honest and telling the truth goes so much farther for an organization than hiding behind jargon and half-truths. Save the spin for fitness studio."}], "topic": "marketing", "uuid": "250e5565a8191651849822944caaa6b7accfe8f32ba9c63689504763", "link": "https://medium.com/better-marketing/whats-wrong-with-calling-it-spin-e08168b031de"}