{"title": "Conquer Your Angst to Fail and Your Life Will Change in Wonderful Ways", "data": [{"type": "sentence", "content": "I couldn't have been more average. I went to an average university, lived in an average town, and my grades were good but not top-notch."}, {"type": "sentence", "content": "After finishing university, I was working as a consultant in a Corporate Finance advisory company. No, not one of the big 4."}, {"type": "sentence", "content": "First, I was super excited to get into the work-life and do important things. But after 2 years, I was so bored with this routine life. I couldn't bear the thought that this was it. This is my life. Really? It freaked me out, but I had no exit plan. So I was waiting for something to happen, although I had no idea for what."}, {"type": "sentence", "content": "One day on my commute to work, I read an article about a lawyer who went to China with a scholarship by the German government to study Chinese and become a China expert for the German industry and trade. From this moment, I knew this is my exit plan and the beginning of a new adventure."}, {"type": "subtitle", "content": "Am I Good Enough?"}, {"type": "sentence", "content": "After the first excitement passed, I researched the program and how to apply. The application website was so demotivating. It stated they only select the best of the best with extraordinary grades from the top universities in Germany. Another requirement was to provide 2 detailed recommendation letters from professors or employers."}, {"type": "sentence", "content": "Immediately the voices in my head started."}, {"type": "sentence", "content": "They will never choose you. You have nothing to offer. You don't work for a global company. You are not good enough."}, {"type": "sentence", "content": "So I did nothing. The voices paralyzed me. But I also couldn't stop dreaming about moving to China. I have never been to China before, but I had this vision of myself on the Great Wall of China. From my semester abroad in Thailand, I knew I love Asian culture and lifestyle."}, {"type": "sentence", "content": "Then I realized if I don't at least apply, I will never know if it would have worked out. I would regret it."}, {"type": "sentence", "content": "I was so afraid of failing and other people knowing about it, that I didn't tell anybody about my plans. Not even my parents."}, {"type": "sentence", "content": "I started working on the application by contacting one of my professors and the employer from my last internship to help me with the recommendation letters. It was so horrifying to ask them for a recommendation. I thought they would say no, but they said yes."}, {"type": "sentence", "content": "After several rounds of self-doubt and nights sitting over the application, I finally send it over. Then the waiting began."}, {"type": "subtitle", "content": "Failure is the First Attempt in Learning"}, {"type": "sentence", "content": "I couldn't believe it, but I got an invitation for a personal interview with 6 high-ranking people from the government and top managers from companies like Volkswagen. I was super nervous, but it went okay."}, {"type": "sentence", "content": "3 months passed when I found a letter from the German Academic Exchange Service in my post box. My heart was beating like crazy when I read the words:"}, {"type": "sentence", "content": "I felt sick to my stomach. The voices were right. Of course, I am not good enough. I threw the letter away and tried to forget about it."}, {"type": "sentence", "content": "Preparing the application was a lot of work, but actually, I gained something from it. My professor and old employer were really supportive, and it was great to hear that they believed in me."}, {"type": "sentence", "content": "I tried my best. Now, I could move on and delete dancing Karo from the Great Wall."}, {"type": "subtitle", "content": "The Universe Has Your Back"}, {"type": "sentence", "content": "It was a normal afternoon in the office; I was working on an investment memorandum when my phone rang. An unknown number. I went outside, picked up, and the voice on the phone said:"}, {"type": "sentence", "content": "What the fuck. I never believed 2 people would skip this amazing opportunity. You cannot imagine how excited and happy I felt. Dancing Karo on the Great Wall is going to happen."}, {"type": "sentence", "content": "The first thing I did was calling my parents and telling them I am moving to China in 2 months. They were as speechless as I was."}, {"type": "subtitle", "content": "4 Life Lessons I Learned Since Sending my Application"}, {"type": "sentence", "content": "The moment I sent this application changed everything in my life. For the first time, I didn't follow the safe way. For the first time, I knew what I really wanted."}, {"type": "sentence", "content": "Sending this application opened a completely unknown world for me. My perspective changed from a small-town girl to an international professional. I learned so much about myself, cultural differences, and of course, I learned to speak Mandarin."}, {"type": "sentence", "content": "I wouldn't be the same person without all the amazing people I met on my way and all the obstacles and wonderful moments I experienced."}, {"type": "sentence", "content": "It is hilarious when people hear I lived in China for 5 years and I speak German, English, Chinese, and work on my 4th language right now, they think I am special. They think I have a talent for languages and I am a high-achiever."}, {"type": "sentence", "content": "But the truth is I am still the same average person, the only thing which changed is my mindset."}, {"type": "sentence", "content": "Here is what I learned since this pivotal moment 8 years ago."}, {"type": "sentence", "content": "Lesson 1: Believe in yourself."}, {"type": "sentence", "content": "You are not alone. Everybody is scared of challenges, new things, and rejections. Feeling fear is normal. This should never stop us from going for our dreams. If we give our best, incredible things happen. There are millions of opportunities out there. Be scared and take them despite your fear."}, {"type": "sentence", "content": "We are all just normal people, no matter what it says in our CV's."}, {"type": "sentence", "content": "Lesson 2: Have faith and don't overthink."}, {"type": "sentence", "content": "When things don't go as expected, then have faith everything will be great just in another way. At this moment, you might not understand why things are how they are, but whatever is going to happen, you will be fine."}, {"type": "sentence", "content": "Often we think about what we consider crucial decisions forever, but they actually don't matter that much. You will do well whatever you do. And there is no fixed path, you can reinvent yourself at any time."}, {"type": "sentence", "content": "Lesson 3: Broaden your perspective."}, {"type": "sentence", "content": "I had such a limited perspective before moving to a foreign country. To become the best version of yourself, you need to experience things outside your normal circle of influence. Find friends from other cultures. Study a semester abroad. Take a language course overseas."}, {"type": "sentence", "content": "Your learning curve will speed up when you expose yourself to the unknown. You will learn to see things from different angles, which makes you a better person and problem solver."}, {"type": "sentence", "content": "Lesson 4: Embrace delayed gratification."}, {"type": "sentence", "content": "Everything has a price, an upfront investment you have to make. Often we cannot see the fruits of our work directly, but long-term, your action will pay off. Every step you take gives you valuable feedback for the future. The feedback you need to become the best version of yourself."}, {"type": "sentence", "content": "Writing the application was hard work on top of my job, but it paid off. This applies to everything in life."}, {"type": "sentence", "content": "If you give, you will receive. It just takes a while."}, {"type": "sentence", "content": "When I was 24, I never imagined my life would turn out how it did. I could not have come up with this grand plan for myself. Trust the universe and your progress and enjoy every second of this amazing gift, your life."}, {"type": "sentence", "content": "Take the opportunities given to you, they might change your life in wonderful ways. You will never know if you don't try."}, {"type": "sentence", "content": "Sign up for my Newsletter and get the latest Mindfulness Trends and Insights directly into your mailbox."}], "topic": "travel", "uuid": "2615a6d6db72b6d252f50c6d8c7ed200ff2fb40646f60d05271dbbac", "link": "https://medium.com/change-your-mind/conquer-your-angst-to-fail-and-your-life-will-change-in-wonderful-ways-e33aaca87c7f"}