{"title": "Living Abroad Isn't a Permanent Vacation", "data": [{"type": "image", "content": "https://miro.medium.com/max/4908/1*no_0egXqPrNNXGZ6DONn4A.jpeg"}, {"type": "sentence", "content": "Laying on a beach somewhere tropical, sipping a drink while updating your travel blog. That's it, work's done for the day. Now you can spend the rest of your time looking at beautiful vistas, sampling exotic cuisine, and flirting with locals."}, {"type": "sentence", "content": "\"Why do you need to take a break? Every day for you is a vacation,\" a friend back home once told me while I was living abroad."}, {"type": "sentence", "content": "The image of \"expat life\" that many think of is terribly romantic. It seems like a wonderful fantasy because for 99% of people who live in other countries, it is. This idea is also based on a privileged viewpoint that sees countries with less economic power as a sort of playground for wealthy first-worlders to take advantage of. And that absolutely does happen. But if you can't afford to only work a couple of hours a week in your home country, it's still unlikely you'll be able to do so abroad."}, {"type": "sentence", "content": "I still worked a full 40+ hours a week and often lost out when it came to sending money home to pay off my student loan debt. When I see so many people discussing a move abroad as the solution to their pandemic fatigue or feelings of burn out at work, I feel it's worth offering a caution."}, {"type": "subtitle", "content": "The Dream of the Digital Nomad"}, {"type": "sentence", "content": "In my time living abroad, I met several \"digital nomads\" - people who lived off of travel blogging and vlogging, photography, and freelance. It is possible. However, it was a lot of hard work."}, {"type": "sentence", "content": "There's a lot of competition online so making your ideas stand out and get click-throughs and sponsorships is a real challenge. Creating content and building up brand relationships is a full-time job for most of these people. And typically, they still aren't rolling in the dough. Many of them choose to make countries like Vietnam their home base because the visa requirements aren't too strict and the cost of living is low."}, {"type": "sentence", "content": "While they can manage to live decently in a country with a very low cost of living, things do get complicated when it comes to paying off any previous debt they carried (like the aforementioned student loans) or when it comes to saving up money. It can be hard to afford to go back to your home country in these cases too."}, {"type": "subtitle", "content": "Fleeing the Pandemic"}, {"type": "sentence", "content": "Right now, with many upper-middle-class people working from home, the idea seems even more appealing to go live in another country with a lower cost of living while maintaining your current job. There is an ethical concern over Americans taking their plague-ridden selves to other countries that potentially have a better handle on the pandemic with the intention of being able to have more \"normalcy,\" and perhaps causing that country's numbers to surge. But there are other things to consider too."}, {"type": "sentence", "content": "For some companies, you must be a US resident to work for them. If you must be present for regular meetings and work sessions, time zones will have you living an offset life. Will you still be able to take advantage of all the supposed benefits of living abroad then? Not to mention the everyday logistical challenges of living in another country."}, {"type": "subtitle", "content": "Day-to-Day Challenges"}, {"type": "sentence", "content": "Are you fluent in the language of whichever country you would like to move to? Maybe not. And while English is a global language, having no knowledge of the local language puts you at a severe disadvantage when it comes to daily tasks, making friends, and getting involved in the community. If you would expect that someone moving to your home country should learn the language, you'd better get on Duolingo yourself or face your own hypocrisy."}, {"type": "sentence", "content": "Everything will be different. It sounds silly, but that was a common complaint I heard from others when I lived abroad. While some people thrive in a setting that challenges them, others long for comfort and familiarity on a regular basis. If you're the latter, then you may quickly grow weary of sorting out the cultural practices, apartment leases, transportation, and supermarket labeling that's all going to be a bit different than you're used to."}, {"type": "sentence", "content": "Of course, some places have neighborhoods, stores, and restaurants that are geared toward tourists, but you'll pay a premium for them. If the goal is to lower your cost of living, you'll have to do what the locals do at least some of the time."}, {"type": "subtitle", "content": "Figure Out Your Priorities"}, {"type": "sentence", "content": "If you think that a move abroad at this time is right for you, take a moment to evaluate why you want to go and what you're looking for in these other places. Every country has its downsides and there's no perfect spot. Even if it's a country you've visited before, perhaps for a vacation, there may be issues you haven't anticipated."}, {"type": "sentence", "content": "It's important to do your research. With the internet at your fingertips, it's easy to find articles, blogs, and videos that might give you a clearer picture of what life is really like for an immigrant, or expat in that country."}, {"type": "sentence", "content": "Many people are looking for a break by going somewhere else during this pandemic. They find life in their home country to be too stressful and they want to put their problems aside and pretend that life is normal again. The trouble is that this pandemic is global. Even countries where numbers are better, the effects of Covid have still changed life in other countries. Restrictions might even be stricter than in the country you're coming from."}, {"type": "sentence", "content": "It's important to ask yourself what exactly it is you're hoping to get from this other place. Then evaluate whether or not it's realistic to expect it from wherever you're going. You also have to ask yourself what the cost will be. What will be the consequence to your life in your home country? Will it be possible to return home when the situation changes?"}, {"type": "subtitle", "content": "If Moving Abroad is Right for You"}, {"type": "sentence", "content": "If, after considering everything, you decide that moving abroad is what you truly want - not just an escapist whim, you should prepare yourself. Living abroad can be extremely enriching and rewarding despite all the challenges. It broadens your perspectives and can break down barriers."}, {"type": "sentence", "content": "More than just a temporary bandaid on a deeper problem, living abroad is a serious lifestyle choice. It shouldn't be taken lightly. Study the language, be prepared to become part of a new community, and do the research to know what to expect. But also know that work is still going to be part of your life, not just play."}], "topic": "travel", "uuid": "3ce1e350864e1dee9b52a7968c779f8b3095f4179615945540af7ab4", "link": "https://medium.com/farewellalarms/living-abroad-isnt-a-permanent-vacation-aa7346bdedbe"}