{"title": "7 Foods to Try in Taiwan", "data": [{"type": "subtitle", "content": "Food and Taiwan"}, {"type": "sentence", "content": "Food is a huge part of the experience whenever I go traveling. When I'm doing some research before I go to a certain place, I always include top restaurants to eat in or top foods to try out. As soon as the plane lands and we're on our way to the hotel or the Airbnb, I'm on the lookout for food stalls or restaurants that are close by."}, {"type": "sentence", "content": "It's not just because I like eating (although I believe that plays a huge part too). It's that every country expresses a great deal about itself through its food."}, {"type": "sentence", "content": "For example, if you were to visit McDonald's in every country, you'd find that the food tastes different depending on the country you are in. In some cases, they even have items on the menu that you wouldn't be able to find in any other McDonald's in any other country. Their menu and the dishes they serve vary and adapt according to a country's tastes."}, {"type": "sentence", "content": "You've got countries that always have a certain spice they add to their dish. You've got countries that build their food around a certain flavor or taste. You've got countries that have become well-known because of a certain dish."}, {"type": "sentence", "content": "One of my favorite places to visit and go on a food trip is Taiwan. I'm very partial to Chinese food, which has proven to be my comfort food on more than one occasion. Here are some X foods I think everybody should try when they go to Taiwan:"}, {"type": "image", "content": "https://miro.medium.com/max/4896/1*7il6FS-I8AUWy7iq5a2sTw.jpeg"}, {"type": "subtitle", "content": "1. Stinky tofu"}, {"type": "sentence", "content": "Of course, we'll start with this controversial dish. A lot of people avoid stinky tofu when it comes to Taiwanese street food because of the smell. I get the aversion to the pungent, souring odour. However, in my opinion, it doesn't smell too bad. It's just fermented, and a little fermentation is good for your stomach."}, {"type": "sentence", "content": "Stinky tofu is often served with some spicy sauce and cabbages and carrots on the side, which makes the dish really delicious and healthy. I can eat loads of this without any guilt and I know people who hesitated at first because they weren't a fan of the smell but pledged undying loyalty to it after."}, {"type": "sentence", "content": "I've tried different kinds of stinky tofu in Taiwan, but my favorite is the one in Raohe Night Market. The stinky tofu is perfect there - crispy and crunchy on the outside and soft on the inside."}, {"type": "image", "content": "https://miro.medium.com/max/6240/1*67lflf9LX4N0RpBKt7zo7Q.jpeg"}, {"type": "subtitle", "content": "2. Bomb pancakes"}, {"type": "sentence", "content": "Bomb pancakes are also known as scallion pancakes or green onion pancakes. They are deep-fried dough made from green onions and flour, topped with some garlic, a half-cooked egg, and a soy sauce that they say is a secret recipe. The result is a delicious, chewy street food you won't easily forget."}, {"type": "sentence", "content": "They are called \"bomb\" pancakes because of the runny yolk in the half-cooked eggs as well as the fact that the word \"fried egg\" sounds like \"bomb\" in Chinese."}, {"type": "image", "content": "https://miro.medium.com/max/6240/1*dF6QZ-Q_uqukxW-DVjvDXQ.jpeg"}, {"type": "subtitle", "content": "3. Peanut Ice Cream Rolls"}, {"type": "sentence", "content": "Think of it as a little burrito that is filled with ice cream instead of meat and vegetables. It's one of the most popular street foods in Taiwan and you'll often see it in popular tourist spots."}, {"type": "sentence", "content": "It is made from a handmade crepe-like wrap, shaved peanuts, ice cream scoops, and coriander leaves (which I didn't have because it felt a little weird)."}, {"type": "image", "content": "https://miro.medium.com/max/6048/1*HSy1_aYQvptKWOdg53b5bA.jpeg"}, {"type": "subtitle", "content": "4. HotStar Chicken"}, {"type": "sentence", "content": "Taiwan's Hot Star chicken is so popular, it has opened branches in different countries around the world. The best place to have it, however, is in Ximending, the place of shops and nightlife. There, the line is so long, it sometimes takes 20-30 minutes before your number is called. It's worth it, though, but you'd better order everything you want to keep from falling in line again."}, {"type": "sentence", "content": "While their most popular item on the menu is their large fried chicken, they offer other items, too, like squid rings, tofu, tempura, mushrooms, and more."}, {"type": "image", "content": "https://miro.medium.com/max/6240/1*8pwxdJReoM-67r2dVbSTIg.jpeg"}, {"type": "subtitle", "content": "5. Tanghulus"}, {"type": "sentence", "content": "When my siblings and I were younger, one of our favorite books was Little Pear by Eleanor Frances Lattimore. Little Pear was a little boy living in a Chinese village and he was extremely fond of tanghulus, which was described as candied fruit."}, {"type": "sentence", "content": "Imagine our joy when we got to Taiwan and we heard them calling out \"Tanghulu! Tanghulu!\" Of course, we had to try them and they became an instant favorite too!"}, {"type": "sentence", "content": "The tanghulu fruits vary, some of them being strawberries, cherry tomatoes, or hawthorn fruit. All of them are coated with sugar so if you eat it fresh off the stall just as they make it, it can be deliciously warm and crispy sometimes."}, {"type": "image", "content": "https://miro.medium.com/max/8064/1*f-UB8hn6q5_6LzzZmh6fmw.jpeg"}, {"type": "subtitle", "content": "6. Taiwan beef noodle soup"}, {"type": "sentence", "content": "Even before we arrived in Taiwan, we knew we just had to have their beef noodle soup. Since we don't know the Chinese language very well yet, we memorized the symbol for the beef noodle soup and would keep a lookout for it at almost every restaurant. They did not disappoint!"}, {"type": "sentence", "content": "One of the best beef noodle soups we had was in the food court of Taiwan Main Station. They have large bowls of beef noodle soup - some of the spicy, some of them just the regular kind - as well as other dishes."}, {"type": "image", "content": "https://miro.medium.com/max/4896/1*kuGkE8oXKgvoI2Tb7mw5mA.jpeg"}, {"type": "subtitle", "content": "7. Taro and Sweet Potato Balls Dessert"}, {"type": "sentence", "content": "This is a very popular dessert in Taiwan and you can have it in two different ways, too - hot or cold. It is made of taro balls and sweet potato balls."}, {"type": "sentence", "content": "Other shops sell it with red bean, grass jelly, tapioca balls, and other toppings, but the best one for me is in Jiufen Old Street. The taste and chewiness of the taro and sweet potato balls are just perfect. The shop is one of those quiet restaurants that don't have fancy interiors, but the view is stunning and dessert is delicious, so what more could you ask for?"}, {"type": "image", "content": "https://miro.medium.com/max/6048/1*GvGR1XscoVRJyEiwt_RQnQ.jpeg"}, {"type": "subtitle", "content": "BONUS - Milk tea"}, {"type": "sentence", "content": "It's not food, but you should still try it out anyway."}, {"type": "sentence", "content": "In almost every corner you turn or every alleyway or little side street you go through, you will find milk tea stalls. Some of them are the more popular ones, like Coco or YiFang, but sometimes, it's the little ones that taste delicious. Some of our favorites were in the night markets of Raohe, Shida, and Shilin. Not all the teas have milk in them, some are just plain fruit tea, but just as tasty."}, {"type": "sentence", "content": "Have you been to Taiwan? What foods have you tried or want to try when you visit there?"}, {"type": "image", "content": "https://miro.medium.com/max/2700/1*SKwELdEBKcKsuEW5XX6-jw.png"}, {"type": "sentence", "content": "Sign up for our new newsletter to stay informed with up-to-date curations from our editors:\ud83d\udc47"}], "topic": "travel", "uuid": "4506b725e95175eed4a34569bf0f6c53b322042abfdeaf6ad4a4bb03", "link": "https://medium.com/world-travelers-blog/7-foods-to-try-in-taiwan-a085d9c9556c"}