{"title": "Chair", "data": [{"type": "image", "content": "https://miro.medium.com/max/6912/0*O_-QaZS4MUIXHAQF"}, {"type": "sentence", "content": "Vivian. Now she is a real one of a kind. Sturdy and dependable. Independent. Colorful and bright."}, {"type": "sentence", "content": "A stroll up Walnut Street to the farmer's market would take her under five minutes from her northside apartment. It was a weekly occurrence every Tuesday afternoon. Donning a pastel floral dress to match the mood of the emerging summer weather, she grabbed her basket - the one she got in France a few years ago - turned the key on the lock and skipped down her front steps."}, {"type": "sentence", "content": "\"Hey, Viv!\" Franklin yelled out to her from his front balcony on the third floor. \"You off to market?\""}, {"type": "sentence", "content": "\"Yep. See ya there?\" she asked."}, {"type": "sentence", "content": "\"I have to take Tilly to the vet, so no,\" Franklin said. \"Hey. Could you pick me up a couple baskets of strawberries and I'll pay ya later?\""}, {"type": "sentence", "content": "Vivian waved her answer to Franklin and skipped away."}, {"type": "sentence", "content": "A chair. Sitting on the opposite corner of her apartment building, seemed to beckon her attention. As she approached it, she slowed to a stop. It was an old wooden thing with part of its wicker seat missing. Vivian stopped to inspect it. Take in its size and shape, its general demeanor."}, {"type": "sentence", "content": "I could maybe fix that seat, she thought. I suppose it's for the taking, just sittin' there like that. I like the color . . ."}, {"type": "sentence", "content": "She grabbed the top of the chair, moved it around looking for wobbles. Remembering that she was on another mission at the moment, she let it go and headed for the market."}, {"type": "sentence", "content": ". . ."}, {"type": "sentence", "content": "Franklin stood on the stoop of Vivian's apartment ringing the doorbell. He could hear her shuffle as she approached from the other side. Smiling, she opened the door with his strawberries set into a paper box in her left hand."}, {"type": "sentence", "content": "\"Thanks, Viv!\""}, {"type": "sentence", "content": "\"How's Tilly, she ok?\""}, {"type": "sentence", "content": "\"Oh, yeah. Just time for some shots. She hates the vet, though, you know. So do I. Anyway, thanks for the strawberries. How much do I owe you?\""}, {"type": "sentence", "content": "\"Nothing. Invite me up for shortcake or something,\" Vivian said."}, {"type": "sentence", "content": "Peering over Franklin's shoulder, Vivian could see the chair was no longer on the corner."}, {"type": "sentence", "content": "\"Shoot.\""}, {"type": "sentence", "content": "Franklin turned around to see what she was looking at and saw nothing unusual."}, {"type": "sentence", "content": "\"What is it?\""}, {"type": "sentence", "content": "\"Oh, nothing. Well. A chair. Did you see it? Someone left it out on the corner. I thought I might do something with it.\""}, {"type": "sentence", "content": "Franklin shrugged, the conversation turned to something else and as he ambled down the steps to return to the main entrance to the upper units, Vivian lingered in the doorway, leaning forward in the direction of where the chair had been, as though it might magically reappear."}, {"type": "sentence", "content": ". . ."}, {"type": "sentence", "content": "Carrying her bicycle down her front steps on Friday morning, she leaned it up against the fence to put her helmet on. Sliding her cycling gloves on and securing the velcro, she did a double take as she caught sight of it. There it was, but a few feet down the street from its original perch. She walked her bicycle over to it for another look."}, {"type": "sentence", "content": "Maybe someone took it and changed their mind, didn't quite fit, she pondered."}, {"type": "sentence", "content": "She didn't have much time as she was already running late for a doctor's appointment. As she was stepping through her bike, she noticed a swath of pink on the right arm of the chair."}, {"type": "sentence", "content": "Hmm. Was that there before?"}, {"type": "sentence", "content": "When she returned two hours later, the chair was, again, gone."}, {"type": "sentence", "content": ". . ."}, {"type": "sentence", "content": "Vivian paced about her apartment wondering who had taken the chair this time. Why did it even matter, it was just a chair. Why did she think she had any right to it any more than the next person, anyway? She found herself peeking through her living room curtain in the direction of the chair as sunlight filtered through the trees, landing on the empty spot where the chair used to be. A spotlight, waiting for its soliloquy."}, {"type": "sentence", "content": "It reappeared once, right? It could happen again."}, {"type": "sentence", "content": "The moon would be almost full tonight, she knew, she could check on it later."}, {"type": "sentence", "content": "But the weekend came and went without the chair. Vivian tended to her usual things. Cleaning, cooking, enjoying a strawberry dessert with Franklin upstairs in his apartment. Listening to Miles Davis wafting on a warm breeze from a neighbor's living room through open windows. Preparing canvases for fresh color and story. Reading. Writing in her journal. Coffee with her girlfriends."}, {"type": "sentence", "content": "Monday rolled around and as she left for work in the morning, there it was."}, {"type": "sentence", "content": "Making another southward movement from the corner of its origin, the chair was now a few more feet from its previous perch. She skipped over to take a look. Someone had repaired the rip in the seat."}, {"type": "sentence", "content": "But why fix it only to abandon it, she wondered."}, {"type": "sentence", "content": "Looking up, she heard her bus approaching, pulled her pass from her pocket, crossed the street and got on board. Taking a seat near the back, she turned to get a last glance at the chair. Once again, it would have to await its fate with her."}, {"type": "sentence", "content": ". . ."}, {"type": "sentence", "content": "Returning home from work, of course the chair was missing from its spot. At mid-day, she had even considered phoning Judith, her elderly neighbor."}, {"type": "sentence", "content": "Couldn't she bring it to my porch? No. I shouldn't bother her, it can wait."}, {"type": "sentence", "content": "She walked down the street to the end of the block, just in case someone had moved it again but it was nowhere in sight. She walked up and down the cross street to no avail. Defeated, she sauntered home, changed into her sweatpants, poured a glass of wine, began to draw a bath and sat down on her couch to contemplate the chair."}, {"type": "sentence", "content": "Leaving her phone behind, she checked the bath, dropped in some essential oils, turned off the faucet and climbed in, sinking into the welcome depth of relaxation and wandering thoughts."}, {"type": "sentence", "content": "Emerging later from the bath and throwing on her robe, Vivian shuffled to her front window, pulled back the curtain and peered out. No chair. Sitting down on the couch, she noticed a text had come in on her phone from two hours ago."}, {"type": "sentence", "content": "Oh. From Dr. Eugene, hmm."}, {"type": "sentence", "content": "It was a terse message simply requesting that she call her first thing in the morning. Scrolling through her phone briefly, she set her phone down and wandered into the kitchen to throw some dinner together."}, {"type": "sentence", "content": ". . ."}, {"type": "sentence", "content": "\"It may be nothing at all, but we should do the other tests to be certain.\""}, {"type": "sentence", "content": "\"Sure, Dr. Eugene. Um. What's the worst that can happen? I mean, should I be worried, or what should I be worried about?\" Vivian asked."}, {"type": "sentence", "content": "\"Let's do the tests and then we can discuss the results. Try not to worry.\""}, {"type": "sentence", "content": "Vivian hung up the phone feeling worried anyway, of course. She scheduled her visit with her doctor for Wednesday at three. Until then, she would just have to be patient and calm. There was a genetic pre-disposition, she knew, but she couldn't think about that now."}, {"type": "sentence", "content": "Dr. Eugene said not to worry."}, {"type": "sentence", "content": "The day dragged on and she did her best to stay occupied. Distracted. Getting off the bus carrying groceries she'd picked up on her way home from work, she was walking slowly towards her building when it came into view."}, {"type": "sentence", "content": "That's it, isn't it?"}, {"type": "sentence", "content": "It had continued on its journey south and was now at the top of the next block under the stop sign. Picking up her pace she arrived at the chair with a laugh."}, {"type": "sentence", "content": "\"You're back!\" she said, as though it was an old friend returned from a trip."}, {"type": "sentence", "content": "\"But you're . . . different, somehow.\""}, {"type": "sentence", "content": "She eyed the chair in its new incarnation. Its seat was fully restored now, the arms painted in turquoise. The legs were still a tan color except for one, the rear right leg had been partially painted in pink and gold."}, {"type": "sentence", "content": "\"You wait right here while I drop my groceries off. Don't go anywhere, I'll be right back!\""}, {"type": "sentence", "content": ". . ."}, {"type": "sentence", "content": "The new day came with some anxiety. She wished she had made her appointment for the morning instead of having to wait all day."}, {"type": "sentence", "content": "Soon enough. Stay calm."}, {"type": "sentence", "content": "Walking out onto her stoop with her coffee, the chair was gone!"}, {"type": "sentence", "content": "She'd left it on her porch and someone had come and taken it."}, {"type": "sentence", "content": "What the...!"}, {"type": "sentence", "content": "Padding down the steps, she peered down the block where she had found it. Not there. Looking in all directions, it was nowhere in sight. Going back inside and closing the door, she got ready for work, a bit perturbed about the missing chair."}, {"type": "sentence", "content": ". . ."}, {"type": "sentence", "content": "When Vivian got off the bus that afternoon, her medical tests done, the alarming results revealed, she had all but forgotten the chair. As she approached her building, she saw Judith in her front garden, on all fours. She was chatty and would hold you hostage if you let her but Vivian welcomed the distraction today."}, {"type": "sentence", "content": "The elderly woman was pointing out how well her roses were doing along the front fence, the warming weather, the extra watering that would need to be done, when Vivian noticed the chair. Sitting peacefully. Solitary. Having moved back up the block towards her, not quite at its original starting place but somewhere in between. She excused herself from Judith and walked down the street for a good look."}, {"type": "sentence", "content": "It's the same chair, isn't' it?"}, {"type": "sentence", "content": "It seemed so, yet someone had changed its colors again, it sat dismal in muted grays and brown. It would hardly be of any use to her now."}, {"type": "sentence", "content": ". . ."}, {"type": "sentence", "content": "\"You believe in reincarnation?\" Vivian asked."}, {"type": "sentence", "content": "Franklin had arrived home just as she was sitting down on her front stoop. He had joined her on the steps, the two of them facing out towards the street, talking idly."}, {"type": "sentence", "content": "\"Mmm. I'm not sure,\" he said. \"I believe in reinvention. Exploring all the different parts of ourselves while we are alive. All the various sides and angles, potential colors.\""}, {"type": "sentence", "content": "\"Yeah, you're kind of a master of that,\" Vivian said."}, {"type": "sentence", "content": "And he was. A musician, an artist, a great cook. A carpenter, a fix-it guy. A waiter by day, and so much more the rest of the time."}, {"type": "sentence", "content": "Vivian started to tear up, leaning her head onto his shoulder. She began to reveal her story to him, the test results, what was ahead of her in the coming months. They sat quietly then, watching the world go by, the sun slowly lowering in the sky."}, {"type": "sentence", "content": ". . ."}, {"type": "sentence", "content": "\"Thanks for the lift, Alison,\" Vivian said, slowly getting out of her friend's car, returning from her usual treatment."}, {"type": "sentence", "content": "\"Want me to stay a bit?\" Alison asked, leaning down to look through the passenger side window from her seat behind the wheel."}, {"type": "sentence", "content": "\"No, no. I'm fine. I'm just gonna take a nap, anyway. Thanks again, friend,\" she said, giving a wave."}, {"type": "sentence", "content": "As the car pulled away from the curb, the chair was revealed."}, {"type": "sentence", "content": "There it was sitting at its original starting place. Vivian went over for a look, to say hello to a long-lost friend. It had been months since she'd seen it, where must it have been! The seat had been completely gutted, the arms and legs, the back of the chair discolored by someone, a novice someone, having attempted to strip it clean of its paint."}, {"type": "sentence", "content": "Vivian stood with the chair, under the stop sign, face to face with it, in solidarity. In recognition of its difficult journey."}, {"type": "sentence", "content": ". . ."}, {"type": "sentence", "content": "She sat with her morning coffee on the stoop. The weather was changing again, getting cool enough for a sweater, even for late morning. Franklin came out the door of the main part of the building, coffee mug in hand. They often met up there on a Saturday morning if the timing was right. Sitting next to her on the stoop, he noticed the new addition to her porch."}, {"type": "sentence", "content": "\"That's a fine-looking chair, Viv,\" he said, nodding at it then looking back to her with a smile."}, {"type": "sentence", "content": "Vivian smiled back, feeling some clarity finally. That she had turned a corner, moved forward just a little bit. Woken up anew. She turned her gaze back outward."}, {"type": "sentence", "content": "\"It is, isn't it. Sturdy, dependable,\" she beamed. Taking a sip from her mug."}, {"type": "sentence", "content": "\"So colorful and bright!\" Franklin added. \"Aren't you worried someone will come and steal it off your porch, though?\""}, {"type": "sentence", "content": "\"Nah,\" she said. \"If they need it, they can have it.\""}, {"type": "sentence", "content": "Silence."}, {"type": "sentence", "content": "But for a few crows chasing each other across the sky."}, {"type": "sentence", "content": "\"Funny. How a nearly imperceptible change - a little tweak here, a bit of color there, can change the way you see a thing,\" Vivian said."}, {"type": "sentence", "content": "\"I'm not sure what you . . .\" Franklin started."}, {"type": "sentence", "content": "\"Like a chair. Left on a corner. Just in need of a little work. Some re-invention. I thought it was so important for me to have it, to give it new life. But every time I saw it again, it was never the same chair. It changed. Or I did, I don't know.\""}, {"type": "sentence", "content": "Franklin scratched his chin, not quite grasping her meaning or how to respond. Set his coffee mug down on the step next to him. She looked at him then turned her gaze across the street to the corner across from their building. Barren. Just concrete squares and a stop sign."}, {"type": "sentence", "content": "\"You okay, Viv?\" he asked, rubbing her back with his palm."}, {"type": "sentence", "content": "Silence."}, {"type": "sentence", "content": "\"How awake are we, do you think?\" she said, still gazing out across the street. \"I mean. Franklin, what do we notice? What do we miss? Do we feel the passage of time, the incremental movement farther and farther away, second by second . . . inch by inch?\""}, {"type": "sentence", "content": "She turned to look him squarely in the eyes for an answer."}, {"type": "sentence", "content": "\"I don't know, Vivian. I'm not sure how awake I really am half the time,\" he said, with a little laugh, releasing his arm from her and reaching for his mug."}, {"type": "sentence", "content": "\"Mmm,\" she murmured. \"Yeah.\""}, {"type": "sentence", "content": "\"What say you, Viv?\""}, {"type": "sentence", "content": "\"Mostly? I think we're just sittin' there watching the world go by. Waiting. For something or someone to come along and make us feel of use. If we're lucky, we find a good collaborator or two to help things along,\" she said."}, {"type": "sentence", "content": "Franklin nodded, looking over at her staring off across the street. He knew she was measuring time differently than he was. Counting it out in her head. They sat in silence together. A woman in a Toyota slowed down at the stop sign opposite their building. Getting out of her car, she ran to the back, opened the trunk and pulled a small table out and set it on the sidewalk."}, {"type": "sentence", "content": ". . ."}, {"type": "sentence", "content": "From The Tenants collection, \u00a9 Mary Corbin 2020"}, {"type": "sentence", "content": "marycorbinwrites.com"}, {"type": "sentence", "content": "marycorbinart.com"}], "topic": "fiction", "uuid": "454e51c1f256024510a3284e03e338910b947820adaaae75785568ad", "link": "https://medium.com/scuzzbucket/chair-ef4d701f74fa"}