{"title": "The Magic Hour", "data": [{"type": "image", "content": "https://miro.medium.com/max/4002/1*HJMTMdXtHYc9e5INP0a29Q.jpeg"}, {"type": "sentence", "content": "It is the magic hour on Linwood Drive. The golden light still lingers in the trees while the mommies and daddy wait for the daddies and mommy to come home. The children play on the street where the heat escapes the pavement in pleasant waves."}, {"type": "sentence", "content": "There is the grapefruit tree in the Bingham's yard - its scent so wonderful that everyone is always surprised when the fruit itself is a disappointment. And finally (at last!) Edie's pitcher of sangria, plum purple and swimming with fruit."}, {"type": "sentence", "content": "It's five o'clock somewhere someone always says, this time maybe Celia, who has dressed for the occasion, a yellow sheath and a pedicure to boot. It's five o'clock here, retorts Georgia and they laugh and toast and breathe deeply."}, {"type": "sentence", "content": "Reinforcements will arrive soon for some of them, hopefully with takeout and maybe some Netflix once the kids are asleep. Play hard, calls Stephen in anticipation of this, but he doesn't need to worry. Because there's freeze tag and hide and go seek and some other complicated game the twins have started which above all requires absolute obedience of their every command."}, {"type": "sentence", "content": "Go sit in the jail, Lila tells Felix and Toby and they follow her extended finger into the Sweet viburnum without complaint. Emma! Lila! Quit bossing everyone around, Edie says. Little tyrants. The others know that she doesn't care. If she did, her daughters wouldn't be the cherub-faced terrors they are, destined for the life of a litigator, or a dominatrix."}, {"type": "sentence", "content": "No sense worrying about them today though. Not with the pale pink sky, the sangria soaked fruit in the bottom of their glasses. Becca sucks an orange slice with near perfect contentment. The baby is soundly asleep - finally - and Anna Beth is not crying or pouting or generally making a spectacle of herself so that the others would rather run headlong into the boogeyman than spend time with her."}, {"type": "sentence", "content": "So yes, she will have another one and no, she's not worried about breastfeeding. Maybe it will make Larkin sleep when she's actually supposed to instead of turning her mother into a zombie from the inside out."}, {"type": "sentence", "content": "It gets better, Celia says and they all agree, just to be agreeable, because now Georgia has appeared with a couple of bottles of wine that she and Stuart brought back from Napa. The grass is a spongy carpet between their toes. Steven pulls his old skateboard from the garage and flies around the cul-de-sac, helmet be damned, chasing Mark and Susie on their bikes."}, {"type": "sentence", "content": "Why do I have to wear a helmet, Susie whines, just before she falls, and Steven says, that's why, and everybody laughs until they realize that Susie is crying, really crying, and Steven is forced to stop and play father, It's OK and don't be such a cry baby and a little blood never hurt anybody."}, {"type": "sentence", "content": "Let me dash in for a band-aid, Georgia says and then pantomimes running so that they are all in on the joke. They all can't be gym rats like Celia. Who has the time? Then again, maybe Celia feels like she has to. Ben is so handsome. It's not fair the way a man ages."}, {"type": "sentence", "content": "A cooler breeze, the first star in the night sky, or is it a planet? Becca can never remember. Steven comes out of his house with beer, home-brewed with a friend of his, as well as a boom box. Old school, he says."}, {"type": "sentence", "content": "Is this what you do in your spare time? Edie jokes, eyeing the amber liquid alive with unknown particles, and when he counters, What? Are you chicken? They all laugh. House husband is what they are thinking. Marjorie doing so well and traveling all the time and him unemployed since the layoff. They each take a bottle and when Van Morrison pipes through the speakers, they dance."}, {"type": "sentence", "content": "And why not? The velvet dark is almost upon them. Edie and Georgia can't stop laughing because they both want to lead and Steven spins Becca around and around, her head thrown back in forgetting or remembering or some combination of the two."}, {"type": "sentence", "content": "For a while the children stop in their play and stare and then Emma grabs Lila and Grace settles for Anna Beth because Mark and Susie are busy pouring a Sprite on an anthill. When Crazy Love starts, Edie and Becca sway arm in arm and Steven takes Celia by the waist. Georgia cradles Felix in her arms and breathes him in deeply."}, {"type": "sentence", "content": "They are all completely, blissfully transported, so much so that almost no one sees how closely Steven holds Celia, how he looks upon her breasts spread before him on the dip, until Mark is on his back, yelling. Don't you kiss my mother again."}, {"type": "sentence", "content": "And there is silence before everyone talks at once while they process what they have heard but not suspected. Don't and kiss and mother and most importantly, again. They need water and aspirin and the privacy of home."}, {"type": "sentence", "content": "Time to pack it in, calls Edie, too cheerfully, and Becca's insides clench because the baby is up, probably for the night. Goodbye, goodbye, goodnight they all say, even Celia to Steven although once inside she will not speak a word to Mark for the rest of the night so that he eats alone, ashamed, in front of the TV."}, {"type": "sentence", "content": "It is Susie who finally remembers Toby still hiding in the bushes, now dark and thrumming with insects, tear tracks the only clean thing on his face. Don't tell your mother, Steven says but this is something Susie already knows."}, {"type": "sentence", "content": "Like she knows now that sometimes daddies dance with other mommies and it's no big deal. Just before they all came inside, she snuck the last swallow of someone's wine. It was not what she expected but sweet all the same, a secret of her own, still on her tongue."}, {"type": "sentence", "content": "All rights reserved \u00a9 Betsy Denson"}], "topic": "fiction", "uuid": "48895008096e5b6a52aa42d01974fb61c2edcfa106c9cbdcfe09fc09", "link": "https://psiloveyou.xyz/the-magic-hour-497522d4d696"}