{"title": "4 Things The Pros Do Differently Than The Amateurs", "data": [{"type": "sentence", "content": "For the past years, I've been studying what high-performers in any field or industry do differently than mediocre performers. To me, it's fascinating to see how high-achievers tend to have different beliefs, habits, and ways of thinking compared to most others in their industry."}, {"type": "sentence", "content": "What's even more fascinating is that, in most cases, this is learned behavior - not genetics. This means anyone can learn the beliefs, habits, and thought-models of high-performers and use them to elevate their personal and professional lives."}, {"type": "sentence", "content": "Therefore, in this article, I'll share four things that the pros (the high-performers from any walk of life) do differently than the amateurs (the mediocre performers)."}, {"type": "subtitle", "content": "#1: The Pros Are Consistent - Amateurs Aren't"}, {"type": "sentence", "content": "If there's one thing that sets the pros apart from the amateurs, it's their level of consistency. Anyone can put in the work on the days where they feel motivated, inspired, and everything seems to flow easily."}, {"type": "sentence", "content": "But what about those days where you don't feel motivated, where inspiration seems lightyears away, and when work feels like an uphill battle?"}, {"type": "sentence", "content": "On those days, most amateurs give up. They are 'easy-weather' workers. When the going gets tough, they tell themselves a hundred excuses why it's okay to escape to Netflix, social media, or other easy distractions."}, {"type": "image", "content": "https://miro.medium.com/max/9698/0*1dFJIxuj18ebBMU8"}, {"type": "sentence", "content": "The pros, on the other hand, put in the work regardless of how they feel. They follow their schedule - even if the metaphorical weather is terrible. This makes them ultra-consistent, which is why they perform at the top of their field."}, {"type": "sentence", "content": "Today, I didn't feel very motivated or inspired. In fact, I had quite a terrible night of sleep, so I'm pretty low on energy. Nevertheless, I just sat down and started writing. Before I knew it, ideas started to flow, inspiration struck, and I'm writing this piece right now."}, {"type": "sentence", "content": "I don't know what this article is going to do. It might get a ton of views, it might get zero. It might be valuable to you, or maybe you hate it."}, {"type": "sentence", "content": "Nevertheless, I'm putting my work out there and I'm being consistent. And with consistency, I know one of my articles in the next few weeks will be a big hit."}, {"type": "subtitle", "content": "#2: The Pros Go Deep - Amateurs Go Broad"}, {"type": "sentence", "content": "The pros understand that mastery is the name of the game, and mastery can't be achieved when you go too broad. Success is all about becoming extraordinary at your craft. You need to focus deeply on just a handful of skills - sometimes even just one."}, {"type": "image", "content": "https://miro.medium.com/max/12000/0*0FqaCYkdiJGkAD9u"}, {"type": "sentence", "content": "You need to become so good they can't ignore you (whether that's the market place, a book publisher, coach, potential investors, etc.). This requires focus and discipline. You can't just hop from idea to idea - or from opportunity to opportunity. If you do, however, you'll never develop the level of skill necessary to stand out in your field."}, {"type": "sentence", "content": "Most amateurs tend to get distracted by every new opportunity, idea, or exciting piece of information. They suffer from the 'shiny object' syndrome, which is the belief that the secret to success can be found in the next thing, the next idea, or the next piece of information. This is a false belief."}, {"type": "sentence", "content": "I used to believe in this idea for years, and I was hopping from business idea to business idea. I was impatient and thought I could strike gold with the next business idea. It didn't work. Only when I focused my time and effort deeply on writing articles and creating productivity courses did I start achieving the success I so desperately desired for years."}, {"type": "sentence", "content": "You need to develop the focus and discipline to really go deep and become so good at your craft that you can't be ignored anymore. You don't need to do many different things; you need to do one thing really well. That's it."}, {"type": "subtitle", "content": "#3: The Pros Focus On Their 'Why' - Amateurs Focus On The Effort"}, {"type": "sentence", "content": "Whether you're a pro or an amateur, working towards big, ambitious goals requires a lot of effort."}, {"type": "sentence", "content": "Writing a book takes hours and hours of focused work. Building a business takes a ton of energy and mental strength. Training for an obstacle run requires grit and consistency. Effort is required to achieve these great things. Effort is the price you pay for big results."}, {"type": "image", "content": "https://miro.medium.com/max/10070/0*ln1ZiEbPLj1Q3DZh"}, {"type": "sentence", "content": "The difference between the pros and the amateurs, however, is that amateurs are overly focused on how much effort it takes to achieve great things. They get intimidated by this effort. They fear it. And thus, they try to escape from it by inaction, excuses, and distractions."}, {"type": "sentence", "content": "The pros, however, are also deeply aware of the effort it takes to achieve great things, but they focus a lot more on their 'why'. Instead of being intimidated by the effort, they get inspired by a clear and compelling 'why'. They focus more on the results their efforts will yield than pondering over the effort it takes to get these results."}, {"type": "sentence", "content": "For example, they focus on how writing a great book will positively impact their readers' lives - not on how much personal effort it takes to write it. They remind themselves of the impact their business might have on society - not on how much personal effort it takes to build it. This difference in perspective makes the pros continue to put in the work, achieve great things, and be rewarded exponentially."}, {"type": "subtitle", "content": "#4: The Pros Embrace Failure - Amateurs Fear It"}, {"type": "sentence", "content": "Failure is a natural part of the process of pursuing worthwhile things. If you're not making mistakes or screwing up now and then, you're simply not challenging yourself enough."}, {"type": "sentence", "content": "Amateurs fear failure because they take it personally. When they make a mistake, they think they are a mistake. When they screw up, they think they are a screw-up. They also fear that others perceive them as a failure when they fail at something. This is why they'd rather avoid failure simply by not taking any action at all. At least you cannot fail if you don't try."}, {"type": "image", "content": "https://miro.medium.com/max/10368/0*3qCBqWPjoBcUeitq"}, {"type": "sentence", "content": "The pros, however, understand that making a mistake is not the same as being a mistake. And that screwing up doesn't mean you are a screw-up. They've also learned not to care about how other people think of them."}, {"type": "sentence", "content": "Instead, the pros view failure as a learning process. They simply think of it as gaining experience or gathering new data. Learning what doesn't work is incredibly valuable. The more you learn about what doesn't work, the closer you come to discover what does work."}, {"type": "sentence", "content": "With this perspective, failure can be welcomed. Each failure is another step forward - another stepping stone towards success."}, {"type": "sentence", "content": "Personally, I dare to say it is because of my business failures that I've achieved certain milestones and successes - not despite these failures. Each failure contained a valuable new lesson that allowed me to come better smarter, stronger, and better."}, {"type": "sentence", "content": "Of course, it's not easy to go from failure to failure, but you should not fear it. It should never become a reason for inaction, staying in your comfort zone, and letting your dreams pass by."}, {"type": "sentence", "content": "Remember, failure is valuable and it's temporary. If you want to become a pro, you need to learn how to embrace it and view it as an essential part of the process."}, {"type": "subtitle", "content": "Now Do It"}, {"type": "sentence", "content": "Change only comes from taking action. Therefore, as an action point for this article, pick at least one of these concepts and apply it today! Whether this means journaling about it, meditating on it, or taking raw action - it's totally up to you."}, {"type": "sentence", "content": "Want to be more productive? Download the free '27 Productivity Hacks For Superhuman Performance' guide!"}], "topic": "productivity", "uuid": "4c090df2c3b4349077f0f59ffa86da66c011f39aa4f698d3ea812bdd", "link": "https://medium.com/better-advice/4-things-the-pros-do-differently-than-the-amateurs-228b3dc17e18"}