{"title": "Why a Not-to-Do List Is More Important Than to-Do List", "data": [{"type": "sentence", "content": "One day Warren Buffett walked to the pilot of his private jet and jokingly said to him, \" The fact that you are still working for me means I've not done my job right. You should have been out by now chasing your goals and dreams.\""}, {"type": "sentence", "content": "Buffett then gave him one of the most powerful time management advice. He walked his pilot through a three-step strategy to give more clarity about his life goals. Here's what the three-step strategy was:"}, {"type": "sentence", "content": "Warren asked his pilot again, \" What are you going to do with the rest 20 goals?\". \"Warren, these 5 are the most important thing in my life\", the pilot hesitantly responded, \" The other 25 are not my primary focus but I still plan to give them a dedicated effort.\""}, {"type": "sentence", "content": "This is what Buffett said in his own words and that's the key to Buffett's success. Focus on the things that really matter and avoid things that don't really help you to achieve your top goals."}, {"type": "sentence", "content": "When you have 20 focuses on your life, it's likely to achieve none. If you focus on the long-term, you may really be able to accomplish 3-5 goals, at most."}, {"type": "sentence", "content": "All those remaining 20 goals on your list act as a potential distraction from your top 5."}, {"type": "subtitle", "content": "Why is a not-to-do list important"}, {"type": "sentence", "content": "To-do-list can make you feel overwhelmed if you have a problem saying no or delegating tasks. Having multiple tasks on your to-do-list will also make you more stressed."}, {"type": "sentence", "content": "Also, there are people who are prone to bad habits and distractions that take their time away without them noticing it. The momentum so created after finishing task after task also distracts you from making progress on the important tasks."}, {"type": "sentence", "content": "It's easier to get distracted from tasks that you really need to do. Because you get in the excitement, joy, and temporary pleasure of things that aren't simply as important."}, {"type": "sentence", "content": "For example, you might want to use Facebook or Instagram to take a break from work just to realize you have already wasted 1-hour scrolling on social media mindlessly. It's easy to get caught up and lose track of time when you get into that zone."}, {"type": "sentence", "content": "The basic idea of making a not-to-do list is to help yourself have more time and manage your time more effectively. This helps you to eliminate bad habits and low-value tasks that don't serve any purpose in your life."}, {"type": "sentence", "content": "When you add something to your not-to-do list, you simply say no to it no matter what. You either delegate it or avoid it at any cost."}, {"type": "subtitle", "content": "What should be on your not-to-do list"}, {"type": "sentence", "content": "Every day you feel like you shouldn't do certain things, but you can not stop yourself from doing these things. Writing these things down on your to-do-list will help you to systematically take care of all of these things."}, {"type": "sentence", "content": "The basic idea of a not-to-do list is to help yourself with self-discipline. Creating a not-to-do list helps you to avoid unnecessary tasks by giving your mind a signal. It restricts your mind to do certain things."}, {"type": "sentence", "content": "What to write on your not-to-do list depends on your personal behaviors. It can be as simple as not browsing the Facebook feed needlessly, not searching for news, or not going to parties."}, {"type": "subtitle", "content": "Examples of not-to-do list"}, {"type": "sentence", "content": "Here's my personal not-to-do list as of now."}, {"type": "image", "content": "https://miro.medium.com/max/2100/1*Bvr7m6ceG8J5vc-ZiIsktA.png"}, {"type": "sentence", "content": "Here's a not-to-do list of Tim-Ferriss(Author of the Book 4 Hour Workweek):"}, {"type": "sentence", "content": "1. Don't answer calls from unrecognized numbers.2. Don't email first thing in the morning or last thing at night.3. Don't agree to meetings or calls with no clear agenda or end time.5. Don't check email constantly - \"batch\" and check at set times only6. Don't over-communicate with low-profit, high-maintenance customers7. Don't work more to fix overwhelm - prioritize8. Don't carry a cellphone 24/7"}], "topic": "productivity", "uuid": "4ca30164611f990c17a75a3f6f31ad377244dc6f89e3947019eb375b", "link": "https://medium.com/change-your-mind/why-a-not-to-do-list-is-more-important-than-to-do-list-7db48ab72e56"}