{"title": "A Scientifically Proven Method for Predicting the Future", "data": [{"type": "sentence", "content": "I was fascinated with Nostradamus as a child. The idea that a person could see and predict the future was nothing short of amazing to my young mind."}, {"type": "sentence", "content": "I read as many short novellas on the subject as I could get my little hands on. And I ate them up as fast as I could devour my sacks of Halloween loot every year."}, {"type": "sentence", "content": "No one really noticed my obsession. I read books voraciously at that age, and these were just a few of many."}, {"type": "sentence", "content": "But these passages struck a chord with me. Of all of the magical books I was reading at the time - these were the only ones that were true."}, {"type": "sentence", "content": "True magic in the real world. What a concept."}, {"type": "subtitle", "content": "How Can You Predict the Future?"}, {"type": "sentence", "content": "I want you to picture an intelligent financial advisor named Frank."}, {"type": "sentence", "content": "Frank is trying to find a devoted audience for his newsletter on stock markets. Frank read all the advice and books about True Fans and how to turn a newsletter into a business."}, {"type": "sentence", "content": "But Frank also knows how to predict the future."}, {"type": "sentence", "content": "In his research, Frank came across a method to get 10,000,000 real email addresses. Sure, it required a few bucks to purchase from a dubious source, but Frank didn't mind - Frank had a mission to accomplish."}, {"type": "sentence", "content": "He had a few goals:"}, {"type": "subtitle", "content": "Year 1"}, {"type": "sentence", "content": "On the first day of the month, Frank sent out his initial prediction."}, {"type": "sentence", "content": "And it did. Millions of people viewed his short email and didn't pay much attention."}, {"type": "sentence", "content": "The next month, Frank sent out another one."}, {"type": "sentence", "content": "Lo and behold, the market did go down. And people paid a bit more attention this time."}, {"type": "sentence", "content": "In the third month, he predicted correctly again."}, {"type": "sentence", "content": "And again. And again. 12 times in a row."}, {"type": "sentence", "content": "Frank was more than just an investment guru by this point."}, {"type": "sentence", "content": "Frank was a godlike financial clairvoyant."}, {"type": "subtitle", "content": "Year 2"}, {"type": "sentence", "content": "After 12 months of insanely accurate predictions, Frank now had his followers. Although by this point, they should probably be referred to as worshipers."}, {"type": "sentence", "content": "Oddly enough, there were also many non-believers."}, {"type": "sentence", "content": "In fact, Frank had lost almost all of his subscriber base. Of the 10 million initial email addresses, he only had a few thousand left."}, {"type": "sentence", "content": "But these few thousand were quite willing to pay a monthly fee of $250 to keep hearing his predictions. I'm sure they would've spent considerably more than that, too, if he had asked."}, {"type": "sentence", "content": "But he didn't. Frank was a gracious god to his worshipers."}, {"type": "subtitle", "content": "Year 3"}, {"type": "sentence", "content": "On the second anniversary of his newsletter, Frank shut it down with no notice."}, {"type": "sentence", "content": "Shockingly, his subscriber base had shrunk down to just one person."}, {"type": "sentence", "content": "Yet Frank had made his million dollars - and then some. Almost $1.25 million, in fact."}, {"type": "sentence", "content": "And he made that one last person an incredible amount of money as well. And cost potentially thousands of people their own precious savings."}, {"type": "sentence", "content": "Did you figure out what happened?"}, {"type": "subtitle", "content": "What Did He Do?"}, {"type": "sentence", "content": "Frank was undoubtedly a devious messiah, but he was also a clever one. When he first started out with his 10 million email addresses, he divided them into two groups."}, {"type": "sentence", "content": "To half, he sent a letter saying the stock market would go up the next month. To the other, it would go down."}, {"type": "image", "content": "https://miro.medium.com/max/2812/1*00_qpK9E9MI_KEqi9xmVMw.jpeg"}, {"type": "sentence", "content": "The next month, he split the winning group in half again. And sent a very similar newsletter as the previous month."}, {"type": "sentence", "content": "He repeated the process 24 times in total."}, {"type": "sentence", "content": "After every month, his potential subscribers would go down in half. The negative predictions moving to the trash bin, the positive predictions staying on."}, {"type": "sentence", "content": "The number of newsletter subscribers would look something like this."}, {"type": "image", "content": "https://miro.medium.com/max/3300/1*uB7rQdiYdrp_2vm0N6cVgQ.png"}, {"type": "sentence", "content": "Now imagine you were in that lucky remaining group sometime in the second year."}, {"type": "sentence", "content": "How long would it take before you'd be on your hands and knees praising this guy that made Warren Buffet look like The Count from \"Sesame Street?\""}, {"type": "sentence", "content": "You probably wouldn't care by the second or third month."}, {"type": "sentence", "content": "But the fourth? Maybe you'd start paying attention, and certainly by the eighth."}, {"type": "sentence", "content": "After 12 months, you'd be very willing to give this clairvoyant profit a meager $250 just to keep hearing his advice."}, {"type": "sentence", "content": "And after 24 months? Jesus. Sign over my house today because I'll get a mansion tomorrow."}, {"type": "sentence", "content": "But what about the others who were equally enthralled and invested? After one year of free and accurate predictions, only 5,000 people would be left to receive Frank's email."}, {"type": "sentence", "content": "By 15 months, there'd be less than 1,000. By 18, not even 100. All the way down to one lucky soul."}, {"type": "sentence", "content": "But those few remaining people wouldn't know his newsletter was going out to fewer and fewer people. They wouldn't realize people were losing massive amounts of money. They wouldn't know why Frank was able to see the future."}, {"type": "sentence", "content": "The information dissymmetry would prevent them from seeing the truth."}, {"type": "sentence", "content": "But would they really care at that point?"}, {"type": "sentence", "content": "Here is Frank, a mysterious figure claiming and proving he can predict the stock market, time after time."}, {"type": "sentence", "content": "They're lapping up his newsletter the minute it gets sent out. And making stock adjustments the moment after."}, {"type": "sentence", "content": "Month after month, they do this and only get more confident, wealthier, and happier."}, {"type": "sentence", "content": "Until they don't. When one day they receive a wrong prediction."}, {"type": "sentence", "content": "\"How can this be?\""}, {"type": "sentence", "content": "And they never heard from Frank again."}, {"type": "sentence", "content": "Frank was a mysterious god."}, {"type": "subtitle", "content": "Look Out for the Franks"}, {"type": "sentence", "content": "All those months while people were dropping off like flies, Frank was smiling. He was making a considerable amount of money from the subscriptions."}, {"type": "sentence", "content": "Frank's most accurate prediction was the most important one - people are greedy."}, {"type": "sentence", "content": "Thousands of people invested in a mysterious digital newsletter with the name Frank attached at the end. They didn't need to know why or how the email was making these foretellings."}, {"type": "sentence", "content": "All they could see was green."}, {"type": "sentence", "content": "Until the day they only saw red."}, {"type": "sentence", "content": "As for that last lucky member of Frank's newsletter - the one in 10,000,000 - he was probably just as happy as Frank."}, {"type": "sentence", "content": "Twenty-four straight months of accurate predictions in the stock market can bring a smile to the most miserable among us."}, {"type": "sentence", "content": "But then again, so can playing the lottery. It also has a one in 10,000,000 chance."}, {"type": "sentence", "content": "Be careful who you believe in this world. A Frank could be just around the corner."}, {"type": "sentence", "content": "And frankly, you wouldn't know it if he was."}], "topic": "marketing", "uuid": "4dc537e5a79c2da998f6bce02c80eb3c9beee59d6cc22cbfb75e3581", "link": "https://medium.com/better-marketing/a-scientifically-proven-method-for-predicting-the-future-f5564f8d31eb"}