{"title": "My 2021 Goals Focus on Habits Rather Than Outcomes", "data": [{"type": "image", "content": "https://miro.medium.com/max/9954/0*Og4LCMgEtTXHOLxN"}, {"type": "sentence", "content": "A few years ago, I was about to start a business with a couple of friends. The idea was exciting, we were motivated and were ready to launch a successful product in the market. The only problem was the execution was extremely poor."}, {"type": "sentence", "content": "Upon looking back, I realized that poor execution was the result of focusing too much on the final output rather than paying attention to the work required to generate the output. The same is true with new year resolutions and goal setting."}, {"type": "sentence", "content": "Most of us believe that setting BHAG (Big Hairy Audacious Goals) at the start of a year will motivate us into taking action that we have been avoiding for a long time. This doesn't always work."}, {"type": "subtitle", "content": "Traditional Goal Setting Process"}, {"type": "sentence", "content": "People working in training and development would understand the meaning of SMART goals."}, {"type": "sentence", "content": "S = Specific"}, {"type": "sentence", "content": "M = Measurable"}, {"type": "sentence", "content": "A = Achievable"}, {"type": "sentence", "content": "R = Relevant"}, {"type": "sentence", "content": "T = Time Bound"}, {"type": "sentence", "content": "One can set goals based on the most important outcomes that one wants to achieve. The outcomes could be losing weight, getting a new job, starting a business, writing a book etc."}, {"type": "sentence", "content": "By following the method of SMART goals, one can define the relevant actions within a defined period of time to achieve one's goals. This method seems pretty reasonable and realistic. Then, why do people still fail to achieve their goals?"}, {"type": "sentence", "content": "Some end up setting the same goals next year."}, {"type": "subtitle", "content": "Actions Achieve Goals"}, {"type": "sentence", "content": "We can agree that achieving goals depends on taking consistent action. Through the SMART goals' method, one can identify the actions that will get us the outcomes we are looking for. What this method doesn't mention is how to trigger those actions consistently."}, {"type": "sentence", "content": "As a result, most people start a new year by taking action to achieve their goals only to lose momentum and consistency."}, {"type": "sentence", "content": "A more useful way of achieving goals is to form habits that will help one in becoming more consistent with our actions."}, {"type": "subtitle", "content": "The Habit Loop"}, {"type": "sentence", "content": "According to the New York Times Bestseller, The Power of Habit, a habit consists of the following loop:"}, {"type": "image", "content": "https://miro.medium.com/max/1010/1*loXPN-ovpTOuzUE6_MLjYQ.png"}, {"type": "sentence", "content": "The book describes the loop in the following words:"}, {"type": "sentence", "content": "This process within our brains is a three-step loop. First, there is a cue, a trigger that tells your brain to go into automatic mode and which habit to use. Then there is the routine, which can be physical or mental or emotional. Finally, there is a reward, which helps your brain figure out if this particular loop is worth remembering for the future."}, {"type": "sentence", "content": "I have realized that the biggest roadblock that prevented me from taking consistent action towards my goals was not knowing the cues that trigger habits I want to avoid. This might be true for others too."}, {"type": "sentence", "content": "Someone wants to write a book, but they end up spending too much time watching Netflix. Someone wants to get in shape, but they can't stop eating cookies. It is time to introspect the cues that lead us towards actions that do the opposite of achieving our goals."}, {"type": "sentence", "content": "Once those cues are identified, only then can we profoundly change our actions. These existing routines need to be replaced by new routines or habits that will give us a new reward of working towards the goals that we have set for ourselves."}, {"type": "subtitle", "content": "Critical Habits"}, {"type": "sentence", "content": "Now that we understand that we have some control over the actions that we can take, it is time to decide which habits we want to focus on in 2021. Using the 80/20 rule, it can be inferred that 80% of the output will be delivered due to 20% of our habits."}, {"type": "sentence", "content": "Hence, narrowing down the critical habits that will give us the maximum bang for the buck will save us time from working on developing non- critical habits."}, {"type": "sentence", "content": "One can identify these critical habits by thinking of our goals. If the goal is to get leaner this year, then the critical habits to focus on would be exercising, eating, and resting."}, {"type": "sentence", "content": "Another way to identify a critical habit is to ask the question: how? Start with your goal and keep on asking the question how till you get a specific action. Here's an example:"}, {"type": "sentence", "content": "Goal \u2192Start an online business"}, {"type": "sentence", "content": "How? \u2192Sell online courses"}, {"type": "sentence", "content": "How? \u2192Prepare and market online courses"}, {"type": "sentence", "content": "The table above shows that a habit that helps in preparing and marketing online courses will be essential in achieving the goal of starting an online business."}, {"type": "sentence", "content": "We can all vouch from personal experience that changing existing habits or building new ones is not an easy process. The best course of action would be to focus on 1 or 2 habits at a time. Working on 3 or more habits at a time could be overwhelming."}, {"type": "subtitle", "content": "Develop Habits"}, {"type": "sentence", "content": "By now, we have narrowed down 1 or 2 critical habits. Then comes the most difficult part: developing or changing them."}, {"type": "sentence", "content": "As mentioned from the habit loop, one follows a routine to get some reward that our brain craves. Before we change the routine, we need to change the reward our brain craves. Let's look at an example below:"}, {"type": "sentence", "content": "Cue: Afternoon break from work"}, {"type": "sentence", "content": "Routine: Snacking on cookies"}, {"type": "sentence", "content": "Reward: Strong dopamine response to consuming sugar"}, {"type": "sentence", "content": "In this instance, the reward of strong dopamine response to sugar needs to be replaced by another reward. A new reward could be dopamine response to engaging with friends online or learning something new. In this instance, the afternoon break from work could be spent on spending time on social media or listening to one's favourite podcast."}, {"type": "sentence", "content": "Consistency is the key here. Adopting the new routine every time on cue will help in developing the habit. The initial days are always the toughest as the cravings for the old reward are high. Once the brain gets used to the new reward, the new routine will become a habit."}, {"type": "subtitle", "content": "Year-End Review"}, {"type": "sentence", "content": "Once a new habit has been built, consistent action will be taken automatically towards the achievement of one's goals. This consistent action should result in better outcomes."}, {"type": "sentence", "content": "The only way to find this out is to review this approach at the end of the year."}, {"type": "sentence", "content": "Try changing a couple of critical habits in 2021 and see what happens at the end of the year. I will review my results at the end of 2021 and write an article talking about the results in early 2022."}, {"type": "sentence", "content": "If you found this article useful, then please follow me on Twitter."}], "topic": "productivity", "uuid": "5165ba0535fa97a577c623292e5328c8d4699a588d40561af929a877", "link": "https://medium.com/the-ascent/my-2021-goals-focus-on-habits-rather-than-outcomes-3668f2569fc"}