{"title": "Group chat at work is NOT productive", "data": [{"type": "image", "content": "https://miro.medium.com/max/1920/1*7Qke2t8I-0mxIvOvzDG3nw.jpeg"}, {"type": "sentence", "content": "Voice mail is essentially dead, and for the last 2-3 years, we've been arguing that Slack and other group chat apps will kill email. This might happen, and to be honest something should kill email - because email is awful. And while I love Slack's valuation like the next guy, I just don't know if group chat apps are about to really reset the productivity paradigm in the much-hand-wrung \"future of work.\""}, {"type": "subtitle", "content": "What's the beef with group chat?"}, {"type": "sentence", "content": "I personally don't mind it. I have GroupMe and Slack channels for different things. Look at me, being all millennial."}, {"type": "sentence", "content": "New article on Fast Company called \"Employers, Your Employees' Lack Of Productivity May Be All On You.\""}, {"type": "sentence", "content": "First reaction: no shit it is."}, {"type": "sentence", "content": "Second reaction: look at this pull quote."}, {"type": "sentence", "content": "Here's where the problems begin."}, {"type": "subtitle", "content": "The problems"}, {"type": "subtitle", "content": "What would be real productivity?"}, {"type": "sentence", "content": "52 minutes on, 17 off."}, {"type": "sentence", "content": "\"A focus day.\""}, {"type": "sentence", "content": "Knowing how to maximize 15 minutes."}, {"type": "sentence", "content": "Understanding priorities and importance."}, {"type": "sentence", "content": "Oh, that brings me to something else. From the same Fast Company article above, you've got this:"}, {"type": "sentence", "content": "Bingo Bango."}, {"type": "subtitle", "content": "\"Harried culture of constant interruption\""}, {"type": "sentence", "content": "Problem is: some people like these kinds of workplaces."}, {"type": "sentence", "content": "They want to be urgent all the time."}, {"type": "sentence", "content": "It's important to be (or be seen as) busy."}, {"type": "sentence", "content": "Their new residence is the cross."}, {"type": "sentence", "content": "Psychologically, this isn't rocket science. We spend 10-12 hours/day at work for the better part of our lives. You're going to associate some of that with relevance and self-worth. Because priority and strategy are often unclear, the best path to this necessary relevance is how busy/urgent/in need you are."}, {"type": "sentence", "content": "This is why many offices ultimately get very \"hair on fire,\" and while everyone complains, they secretly kinda love it."}, {"type": "subtitle", "content": "So do group chat apps line up with normative working conditions?"}, {"type": "sentence", "content": "In many ways, yes. Consider:"}, {"type": "sentence", "content": "All these bullet points are things that young urban professionals want from their lives, even if we claim to want other things. And group chat apps hand you all of 'em on a silver platter."}, {"type": "sentence", "content": "But to assume group chat implies more productivity? That's probably folly."}, {"type": "sentence", "content": "Your take on group chat at work?"}], "topic": "productivity", "uuid": "5377154c7f23909dc93b66f7d300d644e851330882da9e6db361f919", "link": "https://tedbauer2003.medium.com/group-chat-at-work-is-not-productive-b038816a63b4"}