{"title": "Welcome to Bellingham!", "data": [{"type": "sentence", "content": "The City of Subdued Excitement."}, {"type": "image", "content": "https://miro.medium.com/max/2288/1*KF9HfjHQlOv7fbzyNstziA.jpeg"}, {"type": "sentence", "content": "Bellingham, Washington is 85 miles north of Seattle, Washington, and 50 miles south of Vancouver, British Columbia. I had lived in Seattle when I was younger, and moved here after graduate school."}, {"type": "sentence", "content": "I moved here for urban culture, thinking I'd bop down to Seattle to see friends or up to Vancouver for shows and restaurants."}, {"type": "sentence", "content": "Then life happened, and I got busy. And I stayed in Bellingham for violence, dogs, and love."}, {"type": "sentence", "content": "Bellingham's official motto is \"A Refreshing Change,\" but that official saying is used so seldom that I'd literally never heard it until I started writing this. Instead, what I hear, and what I see on t-shirts, bumper stickers, and the wall outside Lone Wolf Antiques (now closed) near the old City Hall Building is \"Ye Old City Of Subdued Excitement.\""}, {"type": "sentence", "content": "Bellingham is a city between, and much of what defines it is that position between. Bellingham centers on Bellingham Bay. Bellingham Bay is itself between, this time between the Strait of Georgia and the Strait of Juan de Fuca. This means you can go north by water from Bellingham, via Victoria San Juan Cruises, to Victoria, on Vancouver Island. Or you can go further, and reach the Pacific itself. So, to the west/northwest, saltwater."}, {"type": "sentence", "content": "To the east? The substantial freshwater lake of Lake Whatcom, often full of pleasure boats, kayakers, stand-up paddleboarders, moist pit bulls, and the occasional otter."}, {"type": "sentence", "content": "Its waters feed one of Bellingham's gems, Whatcom Falls Park."}, {"type": "image", "content": "https://miro.medium.com/max/2288/1*TbcKOcMc0_rshvjZHRgpRQ.jpeg"}, {"type": "sentence", "content": "When the rains have been heavy, like they have been this week, you can hear the falls from across the 240 acre park. In the summer, when it is dry, you may have to walk across the old stone WPA bridge to really hear them trickling."}, {"type": "sentence", "content": "Miles of trails wind through the park, and an amazing network of trails spiderweb through Bellingham. You can walk or bike from the bay through the woods to most neighborhoods, and beyond the town up into the hills and mountains beyond. You won't be alone. Besides your fellow Bellinghamsters, you'll see deer, coyotes, and more menacing things. My dog tried to chase a cat under a bush. I stopped him when I realized it was a bobcat. Bear scat has been found less than half a mile from my house, and there's an owl who lives across the street."}, {"type": "sentence", "content": "Bellingham has a good state university (Western Washington University) and a community college, and a technical college, but most people move hear for the feel and the activities. We've got tons of microbreweries, some good local restaurants, a moderate arts scene, and lots to do."}, {"type": "sentence", "content": "I mentioned staying in Bellingham in part for the violence. I was in Boulevard Park, a city park on the water, situated between downtown Bellingham and Fairhaven, a cool older neighborhood to the south. (In the 19th century, Bellingham was originally four distinct settlements, Whatcom, Sehome, Fairhaven, and Bellingham. These names still persist, as well as other named neighborhoods.) It was a summer evening, and I was enjoying looking out at the waves, until I saw people trying to hit each other with sticks. It was a small but dedicated group practicing bojutsu, a Japanese art of staff fighting. I was hooked for about 10 years, but if sticks aren't your thing, you can find truth fencing, aikido, tai chi, BBJ, MMA, tae kwon do, and others. I've taken tai chi classes as well as self-defense classes."}, {"type": "sentence", "content": "And if you're less violent, well, there's a range of movement and entertainment arts, too. You can study papercrafting, yoga, gymnastics, sacred dance, visit the climbing gym, and join the circus, or at least, the circus guild."}, {"type": "sentence", "content": "For almost 50 years the Ski to Sea race has been run. It's a team multi-sport race that starts at Mount Baker - a local ski attraction - and ends in Fairhaven. Team members ski, bike, kayak, and run, and do other things to cover 93 miles in seven legs."}, {"type": "sentence", "content": "And while a lot of adults take advantage of those offerings, one thing that's true - and important - about Bellingham is that it's great for both kids and dogs. Those miles and miles of trails? Not only will you find people walking dogs on them, there are companies who will pick your dogs up and take them for a trail romp while you're at work. I've taken part in Dog Days of Summer, as well as a pit bull parade around Lake Padden. There are dog off leash areas in many parks, and my dog knows hundreds of dogs by name, and thousands by smell."}, {"type": "sentence", "content": "And if Bellingham is good for dogs, it is even better for kids. Again, everyone uses the parks and trails, and so do the kids, but in the summer, two of the parks are sprinkler parks, full of wet, squealing kids. Some of the elementary schools offer extracurricular activities that sound like something you'd find at a small liberal acts college, like mountain bike clubs. The schools have bike rodeos, and the community has safety fairs where kids get to climb into fire engines, Coast Guard boats, and helicopters. There's a bakery where kindergarten classes tour regularly, a local ice creamery where they do the same, and things like a kids building club hosted by the quite fine public library."}, {"type": "sentence", "content": "If I make Bellingham sound idyllic, it isn't. The fact that Bellingham is a patchwork city formed by four towns growing together means that streets often stop and start. I can't tell you how many times I got lost when I first moved here. I'd be on a road, and it would just merge or end or change names, and I'd be like oh crap, here I am again, or rather, here I'm not."}, {"type": "image", "content": "https://miro.medium.com/max/1276/1*gdH5NuD6pYJg05pH3FmxjA.jpeg"}, {"type": "sentence", "content": "The fact that Bellingham is up the road from Seattle means we continually get people moving up here from Seattle, as well as the general influx from elsewhere. The result is a ferocious housing market that isn't matched by the job market. Median house price in Bellingham itself in the last quarter of 2020? A cool $550,000."}, {"type": "sentence", "content": "Everything you've heard about how much it rains in Washington? Sometimes that's all true. It's been raining round the clock for days."}, {"type": "sentence", "content": "Those cool animals I mentioned? They are very cool, but it also means sometimes cats disappear and coyotes are happy."}, {"type": "sentence", "content": "And Mount Baker, the popular ski destination I mentioned earlier? That's an active volcano, one of several in the state. So come, visit, and then go home. Shoo!"}, {"type": "sentence", "content": "Leave me here, with my aging pit bull, my violent hobbies, and those I love. Leave me in my home, the city of subdued excitement."}, {"type": "sentence", "content": "Well, okay. You can come. But be nice."}, {"type": "sentence", "content": "I'd like to thank my dad (Garth Beatty) for the pictures in this story."}, {"type": "sentence", "content": "Award-winning poet and story writer (https://beattytales.com/), PhD in English, assistant pit bull, keppa to rockstars. Specialist in doughnut math."}], "topic": "travel", "uuid": "5d169731ce02e8fb03b28c92b805f0718d8738e73cc47c88e20acd7b", "link": "https://medium.com/show-your-city/welcome-to-bellingham-b49174e24f64"}