{"title": "Time Blocking and 6 Simple Ways to Use It to Increase Productivity", "data": [{"type": "image", "content": "https://miro.medium.com/max/2000/0*iF4WV6-a3avEigkj"}, {"type": "sentence", "content": "Setting a schedule to go about your day is a not so secret technique to make sure you get everything done. The problem with schedules arises when you write down way too many things you need to get done. Looking at all of these tasks is definitely overwhelming and results in not getting anything done."}, {"type": "sentence", "content": "A to-do list has no boundaries, no priorities, and no designated times for the tasks you're trying to accomplish."}, {"type": "sentence", "content": "Time blocking is the practice of scheduling periods throughout your day to finish different tasks. Instead of sitting down at your desk trying to respond to emails, logging into Facebook, and drinking your coffee, your time block 8:00 AM-9:00 AM for strictly checking emails."}, {"type": "sentence", "content": "This helps because you're less likely to get distracted by impending tasks and you're able to cross off something on your to-do list right away."}, {"type": "subtitle", "content": "Benefits of time blocking"}, {"type": "sentence", "content": "Distractions are a part of our daily life and often hard to ignore. Cutting out distractions can be difficult because more often than not, the things we distract ourselves with are more fun than what we're currently doing."}, {"type": "sentence", "content": "By time blocking your day, you can actually give yourself time during the day to indulge in those distractions. Time blocking your workday can be exhausting but having something to look forward to like answering messages or playing games can be the motivation you need. Time blocking gives you permission to engage in the distractions but only after you've finished your more pressing tasks."}, {"type": "sentence", "content": "If distractions are still a big issue, try time blocking only every half hour. 30 minutes of work rewarded with 30 minutes of phone time is a sweet deal. In a perfect world, you would begin to time block more than 30 minutes of work to increase productivity because you know that you're phone's not going anywhere, plus, you've already squeezed it in your schedule to text back."}, {"type": "subtitle", "content": "How to Time Block"}, {"type": "image", "content": "https://miro.medium.com/max/4000/0*ZnLLKMroCwe03EGv.png"}, {"type": "subtitle", "content": "1. Acknowledge your priorities"}, {"type": "sentence", "content": "Priorities vary every day. On Mondays, you may be bombarded with emails while Tuesdays are quiet. Having a good idea of how your weeks typically play out is a good way to start. Knowing what priorities you should emphasize on each day of the week is an amazing way to begin your time blocking habit."}, {"type": "sentence", "content": "By acknowledging your priorities, you'll know how much time to assign to each task, especially if those tasks have a deadline. It may be a good idea to avoid looking at emails on a certain day when you know you have something else due."}, {"type": "sentence", "content": "Besides work, feel free to prioritize breaks. They will make you more efficient overall."}, {"type": "subtitle", "content": "2. Ditch the 9-5 mentality and find when you're most productive"}, {"type": "sentence", "content": "I've gone through waves in my life where I'm a morning person. I would be at my best at 7 AM and I would be ready to tackle anything that came my way. Similarly, I've found that the mornings are just too exhausting and I begin to work by best after 2 PM."}, {"type": "sentence", "content": "If your lifestyle allows it, find times throughout the day that work for you. If you're needed at an office and have a 9-5, try playing around with different times to do things. Maybe you know you're more lethargic after lunch so try for a late afternoon lunch and focus on your heavier tasks in the morning."}, {"type": "subtitle", "content": "3. Time block periods to relax"}, {"type": "sentence", "content": "This one may sound silly but you should also time block your breaks. Having an extensive list of things to do can be mentally draining. Working towards a goal, in this case, a break is a mental trick. Your brain knows that there is a break coming so it doesn't get burnt out."}, {"type": "sentence", "content": "During your time blocked break, don't limit yourself to just one thing. Use your break in a way you'll know that it will make you more effective after it's done. If you know you cant bounce back from an afternoon nap, try playing a video game instead. Your brain will still be active but in a more relaxing way."}, {"type": "subtitle", "content": "4. You don't have to schedule 24/7"}, {"type": "sentence", "content": "Time blocking is not meant to be rigorous or stressful. If you find yourself struggling to keep up with the predetermined schedule you made for yourself, it may be time to change your time blocking habits."}, {"type": "sentence", "content": "Similarly, it's not necessary to time block \"sleep from 10 PM-7 AM\". Tight schedules with no flexibility can be overwhelming and feeling like you didn't accomplish a certain goal can be taxing to your mental health."}, {"type": "sentence", "content": "Feel free to set boundaries while also being flexible. You know yourself best and the ideal way to start new habits is to ease into them."}, {"type": "subtitle", "content": "5. Use different colors for different tasks"}, {"type": "sentence", "content": "This technique is more popular when studying. It has been proven that color can affect someone's memory and the way they react to things. Color-coding your tasks is a simple way to visualize how much you actually have to do and how long you have to do it."}, {"type": "sentence", "content": "Different colors can have different functions and meanings. You don't have to use the full rainbow. Start off with 3-5 colors and assign each one to breaks, work, eating, etc..."}, {"type": "subtitle", "content": "6. Overestimate the length of your tasks"}, {"type": "sentence", "content": "There's no harm in lightening how long you think a certain task will take. This will give you the flexibility you need to begin time blocking while also giving yourself boundaries. If there's a bathroom emergency during one of your time blocks, you're not going to ignore it just to stay on schedule."}, {"type": "sentence", "content": "Be sensible and realize that it's not realistic to plan things to the minute. Extend the length of your tasks and look at time blocking as an aid to your day to day life, not a life or death schedule."}, {"type": "subtitle", "content": "Final thoughts"}, {"type": "sentence", "content": "Obviously, this practice can be seen as very restrictive. If you don't suffer from chronic procrastination, this may not be the thing for you."}, {"type": "sentence", "content": "Time blocking is what you make it and at the end of the day, no one will force you as much as you force yourself."}, {"type": "sentence", "content": "Time blocking can be wise if you use it appropriately and if you ease into it. Give it a chance and ease your way into it for better results."}], "topic": "productivity", "uuid": "5e3ff163b4e7bfad1c5156e51cc58f3afc08cfd56c4adf581ce5ff5a", "link": "https://medium.com/illumination/time-blocking-and-6-simple-ways-to-use-it-to-increase-productivity-f436fd1ca5d0"}