{"title": "Make Content That People Want To Share Through Cultural Cartography", "data": [{"type": "sentence", "content": "Your job, whatever it is - writer, artist, gizmo maker - is to make content that people want to share. You want to create something that's so attention-grabbing and sensually appealing that people will engage with it and then get their friends and followers to engage with it."}, {"type": "sentence", "content": "Malcolm Gladwell has already explored the tipping point of when something goes viral, and a lot of that has to do with how sticky something is. But what gets people to interact with it in the first place? What motivates people to give something their time and consideration?"}, {"type": "sentence", "content": "The answer is in something called Cultural Cartography."}, {"type": "subtitle", "content": "You're not going to like this, but it's a valid example"}, {"type": "sentence", "content": "I'm going to appall you by mentioning a name: BuzzFeed. Whether you like to admit it or not, you can't deny their appeal. There are two types of people: those that admit to clicking on BuzzFeed videos and articles and those that lie about not clicking on BuzzFeed videos and articles."}, {"type": "sentence", "content": "To give you an example, 104,000 people on Facebook shared this BuzzFeed video: 4 Mesmerizing Marbled Clay Projects. That same video has 17,000 comments. I would call that engagement!"}, {"type": "sentence", "content": "Publications had declined my linked-article above about Malcolm Gladwell because I mentioned a popular YouTube personality. The editors gave me specific feedback about not using that YouTuber's name. But, that YouTuber has over 36 million views on a video he posted on Dec 19, 2020."}, {"type": "sentence", "content": "Despite making your skin crawl (probably out of jealousy, envy, or confusion, or as an editor puts it \"a desire to yell into the void 'there are more than 5 people in the world to use as examples!!! Also they are all white guys!!!\"'), you can learn something from these - whether you like it or not - successful influencers. They know how to make viral content, and we can learn something by paying attention."}, {"type": "subtitle", "content": "Enter the TED Talk On Cultural Cartography"}, {"type": "sentence", "content": "Three years ago, BuzzFeed's Publisher Dao Nguyen gave a TED talk entitled \"What makes something go viral?\" To illustrate her point, Nguyen gave the example of a prank they played on a co-worker, where they had turned his office into an area for goats, including hay, feed, and live goats."}, {"type": "sentence", "content": "They streamed the setup on Facebook Live, where online viewers could watch in anticipation (there's a keyword for viral content) of the co-worker walking into his office to find it full of goats. They ended up with 90,000 people watching a 30-minute-long video in real-time."}, {"type": "sentence", "content": "How did they get thousands of people to tune-in at the same time to watch a video about goats? Nguyen's answer is \"Cultural Cartography,\" a mapping of what influences culture. This map illustrates content that engages people and makes them want to share that same content."}, {"type": "image", "content": "https://miro.medium.com/max/1890/1*n3R9XE_DccmpVH0Xi3ggfA.png"}, {"type": "sentence", "content": "The map of viral, audience-engaging content spreads out over five main areas: humor, identity, shared connection, participation, and emotion."}, {"type": "subtitle", "content": "\"Makes me laugh\""}, {"type": "sentence", "content": "Humor engages and excites people by making them smile. A good joke or a novel theme can spread fast. People love to laugh and they love to make other people laugh."}, {"type": "sentence", "content": "Example: remember Chewbacca mom? 37-year-old Texas mother Candace Payne had our sides splitting with her infectious laughter. The whole world wanted to buy a Chewbacca mask. Kohl's rewarded Payne with $2,500 of gift cards and piles of Star Wars toys and Kohl's points."}, {"type": "subtitle", "content": "\"This is me\""}, {"type": "sentence", "content": "This content is something people can personally identify with. Human beings are pretty much the same and carry the same pattern of concerns: aging, dieting, being wanted, having sex, etc. A relatable piece becomes a viral piece."}, {"type": "sentence", "content": "Example: Nathan Apodaca. It's COVID, his house has no electricity, his truck breaks down, and he says, \"F*ck it, I'm going to skateboard down a highway and drink my Ocean Spray while jamming to Fleetwood mac.\" This maneuver turned into commercials for both Ocean Spray and TikTok."}, {"type": "subtitle", "content": "\"Helps me connect\""}, {"type": "sentence", "content": "Here are pieces that form the human bond. These pieces of content include things that make you say \"this is us\" or \"you are not alone\" or even \"WTF?\". It engages you and makes you feel like participating. You want to do something, even if that something is sharing the content."}, {"type": "sentence", "content": "Example: Here's one that's less than 24-hours old, as of this writing. It is about TikTok user Katie Schieffer, who couldn't afford to buy her son insulin. So far, a share on Twitter has 89,000 likes, 22,700 retweets, and 1,600 comments. See if it makes you feel:"}, {"type": "subtitle", "content": "\"Helps me\""}, {"type": "sentence", "content": "This content doesn't have to apply specifically to the individual audience member, but it does have to help them learn something or live vicariously through it."}, {"type": "sentence", "content": "Example: Another YouTuber (who I won't name, but you probably know) is famous for building mini-bombs of glitter that capture porch pirates unaware. The YouTuber uploads one video a month and usually gets 36 million views per video. I don't plan on making a glitter bomb, but I feel like I'm learning something. I watch and share the videos because I feel like we are all doing something together."}, {"type": "subtitle", "content": "\"Makes me feel\""}, {"type": "sentence", "content": "There are so many emotions that connect with people. There is more than just happiness, sadness, or anger. Powerful emotions include those that people empathize with, make them feel good, or make them curious."}, {"type": "sentence", "content": "Example: How about I get a few songs stuck in your head? Ed Sheeran's \"Shape of You\" video has 5.14 million views on YouTube. Mark Ronson & Bruno Mars's \"Uptown Funk\" has 4.06 million views. Another selection, not too far away is Katy Perry's \"Roar\" with 3.25 million views. Each song makes you feel something."}, {"type": "subtitle", "content": "\"I need this\" or \"You need this\""}, {"type": "sentence", "content": "In each example above: humor, identity, shared connection, participation, and emotion, the audience engages by either saying, \"I need this\" or \"you need this.\" They want it. They want to share it. Through Cultural Cartography, attention is grabbed, held, and shared."}, {"type": "subtitle", "content": "A Board Game as an Example of Cultural Cartography"}, {"type": "sentence", "content": "As I said above, your job is to make content that people want to share, no matter what your job is. Take, for example, the board game makers Stonemaier Games. They've had massive success in Kickstarter, raising funds to make their games. In 2019, their game Wingspan sold 44,000 copies in three months globally. It would have sold even more, but they didn't have enough copies available - Stonemaier had to issue an apology for being unable to keep up with demand."}, {"type": "sentence", "content": "Stonemaier makes a specific reference to cultural cartography in their blog post about breaking the internet to build a community."}, {"type": "sentence", "content": "Wingspan became one of the 20th best-ranked games on BoardGameGeek's list of 18,000 games. It also took home the prestigious 2019 Kennerspiel des Jahres, akin to the Oscars' best picture award."}, {"type": "image", "content": "https://miro.medium.com/max/638/1*Hbz9KIwZSvArEsCTgAN9Uw.png"}, {"type": "subtitle", "content": "Cultural Cartography to Make Content Go Viral"}, {"type": "sentence", "content": "You don't have to sell your soul to make something go viral. If anything, it involves digging into yourself and finding something that will make a human connection."}, {"type": "sentence", "content": "Look around at things that are trending or have multiple views, shares, and comments. In every case, it probably has one or more of these five things from Cultural Cartography in common: humor, identity, shared connection, participation, and emotion."}, {"type": "sentence", "content": "Thanks for reading! I write about being unproductive, breaking habits, and getting lots of sleep, AND still getting things done."}], "topic": "marketing", "uuid": "5e43464a6905b6b1618c69d4d33e602316a3652d604f234a6515c38b", "link": "https://medium.com/better-marketing/make-content-that-people-want-to-share-through-cultural-cartography-5e570c74f11"}