{"title": "10 Hindrances That May Be Stopping You From Living Up to Your Full Potential", "data": [{"type": "image", "content": "https://miro.medium.com/max/9108/1*K6v1lw7W34IYp6XtQoDaAg.jpeg"}, {"type": "sentence", "content": "I don't know you. But I do know that you're on a path. You may be stationary on the path. You may be walking or perhaps you're sprinting. You may even be running in the opposite direction. In any case, we're all on our individual paths."}, {"type": "sentence", "content": "And we all have this inner desire to stay on the path and get to where we want to go. However, it's not as simple as just moving. There are several obstacles on the path which need to be overcome."}, {"type": "sentence", "content": "In his book Mastery, George Leonard shares some of these obstacles that we may encounter on our journey. Of course, we may not be able to overcome all of them. However, it's good to know they're there so we can learn to conquer them when they do show up."}, {"type": "subtitle", "content": "The Nature of Life Itself"}, {"type": "sentence", "content": "What most of us fail to realise is that the journey to becoming the best at anything doesn't exist in a vacuum. Instead, we have to dig up our way through a landscape of lively obligations. It'd be really convenient if you can simply focus on your craft and forget about everything else; however, that's just not the way it is."}, {"type": "sentence", "content": "Life consists of several areas. You have work, relationship, health, spirituality, finance, etc. And these areas are interdependent. For instance - if you want to become the best writer on the face of this planet, yet you don't take care of your relationships, you will lack the support system needed to get to the point of greatness. Or if you need to work insanely hard for a few months to get your startup off the ground, yet your health sucks, you simply won't have the energy to do so."}, {"type": "subtitle", "content": "How to overcome it:"}, {"type": "sentence", "content": "You cannot overcome the nature of life completely. However, the point is when you're facing resistance in achieving your goals, try to examine and take care of the rest of your life. As they say, \"The chain is only as strong as its weakest point.\" Don't let other areas of your life be a hindrance to your goals. Instead, work on them so they support you in your path to greatness."}, {"type": "subtitle", "content": "Obsessive Goal Orientation"}, {"type": "sentence", "content": "Perhaps the deadliest enemy to our path to greatness can be our obsessive desire for the destination itself. Because, when we get overly attached to results, we want to witness quick growth. Due to our desire for instant gratification, we start working excessively. We start looking for shortcuts."}, {"type": "sentence", "content": "And all of this pays off, but only for a while. We get quick results initially. But soon, our excessive efforts lead to disappointment and burnout as we don't get the results we desired as fast as we want them."}, {"type": "subtitle", "content": "How to overcome it:"}, {"type": "sentence", "content": "It's fine to have ambitious goals but we need to remember that on a day-to-day basis, growth is slow, almost invisible to the short-termed-eye. Hence, stick to the path. Delay gratification. As George says - \"When you're climbing a mountain, be aware of the peak, but keep your eyes on the path. And when you reach the top, as the Zen saying goes, keep on climbing.\""}, {"type": "subtitle", "content": "Poor Instruction"}, {"type": "sentence", "content": "There are two ways you can get to your destination. First- you try to find the path yourself. Second- you take the help of someone else - a teacher. The second option is a much quicker and better way to walk the path. However, it's important to recognize a good teacher in the first place."}, {"type": "sentence", "content": "There's a lot of inexperienced noise on the internet trying to teach people how to do something when they don't know how to do it themselves. If we listen to such people, we'll surely be walking the wrong path, and end up on the wrong destination."}, {"type": "subtitle", "content": "How to overcome it:"}, {"type": "sentence", "content": "First of all, according to George Leonard, instruction is the first key to mastery. So don't skip it. You don't have to figure it out yourself. Take the help of a teacher. Learn through courses, books, youtube and what have you."}, {"type": "sentence", "content": "Second - make sure you find a good teacher. Poor instruction will give you poor results. Hence, find a teacher who knows what they're talking about. Here are a few tips from George to find a good teacher -"}, {"type": "subtitle", "content": "Lack of Competitiveness & Overcompetitiveness"}, {"type": "sentence", "content": "Competition and comparison have gotten a bad name. However, mild competition can be healthy and in fact, a necessary source of inspiration. If you don't look around once in a while to see what's possible, how will you even begin to walk the path of doing the impossible?"}, {"type": "sentence", "content": "On the other hand, overcompetitiveness can make you miserable. The mindset of \"Winning isn't everything, it is the only thing\" is sure to take a toll on your mental health. Because no matter what, sometimes you gotta loose. That's an unavoidable part of the journey."}, {"type": "subtitle", "content": "How to overcome it:"}, {"type": "sentence", "content": "In short, find the balance. Be competitive, but not to the point that it messes with your mental health. A simple way to find the balance is to try to sublimate envy into inspiration. Both of them are derived from comparison. However, envy is unhealthy, and inspiration is healthy. Hence, whenever you feel envious, try to be inspired instead."}, {"type": "subtitle", "content": "Laziness"}, {"type": "sentence", "content": "We're animals and we're hardwired to save energy for emergencies. That is why it's hard to spend energy when it's not a question of survival. In fact, from an evolutionary and a mere goal of 'survival' laziness is the best tool you possess."}, {"type": "sentence", "content": "However, humanity has outpaced evolution to the point that survival is not much of a concern anymore. Thrival is. We all want to live extraordinary lives. And forgive me for stating the obvious, but, inaction and laziness are truly the enemies of greatness."}, {"type": "subtitle", "content": "How to overcome it:"}, {"type": "sentence", "content": "A simple way to overcome laziness is to - and Nike would back me on this - just do it. Besides that, I personally like to use two tools to overcome laziness effectively."}, {"type": "subtitle", "content": "Prizes and Medals"}, {"type": "sentence", "content": "Excessive use of external motivation can knock you off the path. Studies show that rewarding gold stars to students initially speed up their learning. However, this progress eventually fades way. Ergo, external motivation is not effective when it comes to producing lasting results."}, {"type": "sentence", "content": "And god knows the journey to greatness is a long and arduous one. Which is why, if you're not internally motivated to stay on the path, rewards alone will never be enough to support the long journey."}, {"type": "subtitle", "content": "How to overcome it:"}, {"type": "sentence", "content": "It's okay to be motivated by external incentives, however, only if there's a solid foundation of internal motivation. You've got to love what you do. As George says in his book - \"Perhaps we'll never know how far the path can go, how much a human being can truly achieve until we realize that the ultimate reward is not a gold medal but the path itself.\""}, {"type": "subtitle", "content": "Vanity"}, {"type": "sentence", "content": "One of the reasons we may have decided to become the best at something is to look good. However, we fail to realise that getting to the point of looking good takes a lot of looking stupid. Many times, because we're afraid that we'll fail and that people will know, and hence, we don't even try."}, {"type": "sentence", "content": "This excessive pride is called vanity. Vanity can restrict us from taking action. Since there's no action, there'll be no failure, but there'll also be no lessons. Suffice it to say, if we succumb ourselves to vanity, we can bid goodbye to the path to greatness."}, {"type": "subtitle", "content": "How to overcome it:"}, {"type": "sentence", "content": "Michael Jordan once said, \"I've missed more than 9,000 shots in my career. I've lost almost 300 games. Twenty-six times, I've been trusted to take the game-winning shot and missed. I've failed over and over and over again in my life. And that is why I succeed.\""}, {"type": "sentence", "content": "Think about it. Even at that level, Michel Jordan and other players like him have to fail and look stupid and that too in the sight of millions. Hence, it only makes sense that we should be willing to fail and look stupid in front of a few of our friends and colleagues."}, {"type": "subtitle", "content": "Dead Seriousness"}, {"type": "sentence", "content": "Think about it. The path to greatness at anything is already a tough one to bear. And yes, it takes a certain amount of seriousness to keep walking on it. However, when we begin to take our goals way too seriously, even minor setbacks and failures can hurt us deeply."}, {"type": "sentence", "content": "We become ashamed of ourselves when we fail. We become overly critical of ourselves when we become lazy. And all of this seriousness leads to a vicious circle where our mental health is chopped into pieces."}, {"type": "subtitle", "content": "How to overcome it:"}, {"type": "sentence", "content": "Laugh. They say laughter is the best medicine. There's scientific evidence that shows that laughter helps boost your mental well-being. Life is short, and not meant to be taken too seriously. In fact, with laughter and fun, the pressure of the difficult journey becomes bearable, and hence the journey becomes easier."}, {"type": "subtitle", "content": "Inconsistency"}, {"type": "sentence", "content": "George says - \"Consistency of practice is the mark of the master.\" Quite obviously, inconsistency leads to loss of practice time and keeps you stuck. However, excessive inconsistency might even regress your growth and lead to the dissolution of the progress you had made earlier."}, {"type": "subtitle", "content": "How to overcome it:"}, {"type": "sentence", "content": "Interestingly, consistency is actually easier than inconsistency if you follow some basic rules."}, {"type": "subtitle", "content": "Perfectionism"}, {"type": "sentence", "content": "Due to the hyper-connectedness of the world, we're often subjected to what perfect looks like. A budding artist sees the extraordinary paintings of Van Gogh in a museum. A high school basketball player can see the magic of...well, Magic Johnson on Youtube."}, {"type": "sentence", "content": "We have examples of perfect shoved into our faces when in our journey, we are mediocre at best. This may lead to self-doubt. We may think if we'll never get to perfect, is there even a point at trying?"}, {"type": "subtitle", "content": "How to overcome it:"}, {"type": "sentence", "content": "Perfectionism can be paralysing. We often hold such a high picture to aim to that we're afraid of even starting. However, we fail to see that people who have reached those levels were just as mediocre as we are. They have years and years of hard work and failure before they got to perfect. Besides, as we discussed earlier, the journey is not about the destination but the journey itself. So focus on getting better, not perfect."}, {"type": "subtitle", "content": "All You Need to Know"}, {"type": "sentence", "content": "Unlocking your highest potential is about avoiding what chips away at your potential. Here's a quick recap of how to do that."}, {"type": "subtitle", "content": "Mind Cafe's Reset Your Mind: A Free 10-Day Email Course"}, {"type": "sentence", "content": "We're offering a free course to all of our new subscribers as a thank you for your continued support. When you sign up using this link, we'll send you tips on how to boost mental clarity and focus every two days."}], "topic": "productivity", "uuid": "5f4d68925cbc722087192c77331f7964346ca28c5ac6725ebeb4ef8b", "link": "https://medium.com/mind-cafe/10-hindrances-that-may-be-stopping-you-from-living-up-to-your-full-potential-3df48be8b7d5"}