{"title": "How To Increase Your Sales Using These 5 Effective Strategies", "data": [{"type": "image", "content": "https://miro.medium.com/max/3840/1*G3RgmHzgaK-oqpOv3vQH3g.jpeg"}, {"type": "sentence", "content": "I've gained some valuable experience over the years, resulting in high payouts and consistent performance bonuses. The thing is, it doesn't take much to excel in a sales-related position. By applying these strategies, even the most mediocre salesperson has a chance of genuine success."}, {"type": "subtitle", "content": "Be Personable"}, {"type": "sentence", "content": "People sell to people. When working in sales, you must focus on building a relationship with your customers. It's your job to identify what the client needs before they know they need it. To identify the needs of your customer, get to know them better. As a rule of thumb, I always ask at least three questions during our transaction: these questions should somehow relate to the customer."}, {"type": "sentence", "content": "This is a great question, especially if you have kids, but even if you don't, knowing whether the customer's a parent or not can make a huge difference when personalizing the sale."}, {"type": "sentence", "content": "Talking about something other than sales is a great idea because it takes pressure away from the sale. If you can't find a show to relate to, try recommending something good to watch. (Peaky Blinders on Netflix!)"}, {"type": "sentence", "content": "Knowing what your client does for work has multiple advantages. For one, you'll able to personalize the sale better. Above all else, however, people love to talk about themselves, specifically, what they do for their 9-5. Sometimes, you'll even discover that your client owns a business, which opens up a whole other world of opportunities."}, {"type": "subtitle", "content": "Dress To Impress"}, {"type": "image", "content": "https://miro.medium.com/max/3840/1*eVl8bYiNxDU8oryQaHlglQ.jpeg"}, {"type": "sentence", "content": "First impressions mean everything, especially in sales. If a customer has a poor first impression of you, it could take a while to earn their trust. As a rule of thumb, I aim to dress my best every day, whether I'm working or not. You don't need a fancy suit or an expensive dress to look nice. Start with the basics: take showers often, groom yourself, and make sure your clothes are clean and free of stains. To make a quality first impression, you must dress nice; however, you could adopt a few other strategies to increase your chances."}, {"type": "subtitle", "content": "Make Them Feel Important"}, {"type": "sentence", "content": "It doesn't matter who I'm dealing with: my customers always leave happy, regardless of how they felt before entering my store. I've got regulars that'll stop by to buy something, though I'm 90% sure they're just having a bad day and needed someone to chat with. As a rule of thumb, you should always do something to make your customers feel important."}, {"type": "sentence", "content": "If you can make somebody feel important, they'll want to be around you more, they'll trust you more, and - most important - they'll buy more from you."}, {"type": "subtitle", "content": "Know Your Numbers"}, {"type": "image", "content": "https://miro.medium.com/max/3840/1*9F7GuMeygip10ppssatrNQ.jpeg"}, {"type": "sentence", "content": "Most sales positions are commission-based, which means that you're in control of your money. The amount that you make and your level of success in the field are highly dependent upon whether you know your numbers. I make it a habit of mine to review my numbers daily, and I'll ask myself questions like; in what areas am I doing well this month? What needs improvement? How much do I need to sell by the end of the month to hit my quota? After asking myself these very crucial questions, I'll move on to design my game plan for the rest of the month."}, {"type": "subtitle", "content": "Know When To Shut Up"}, {"type": "sentence", "content": "It's a well-known fact that salespeople like to talk. Yet, the most successful individuals understand that in sales, sometimes, the best thing to do is to shut up and let the customer decide. Don't draw out your pitch. Say what you need to say and let the customer decide the rest. If you followed the previous two steps - be personable and dress to impress - and you have a strong initial sales pitch, then it's likely that you've already done all that there is to do. Just don't forget to close the sale. After a successful sales pitch, I always end with, \"so if you're ready to move forward, I can get the process going. How does that sound?\" Unfortunately, I've seen hundreds of talented salespeople mess this part up by continuing to talk after closing. Silence is good. It means that your client's thinking - they didn't say no, that's what matters. They might ask a question or two, which's a good sign, so use that opportunity to fill in anything that you might've left out in the initial pitch, but besides that, just shut up."}, {"type": "subtitle", "content": "To Recap"}, {"type": "sentence", "content": "But if you take away anything from this post, let it be this:"}, {"type": "subtitle", "content": "Did you like this post? If so, check out..."}], "topic": "marketing", "uuid": "5fddedae2ac2d3e9ed0c229da22d1f90f7e4e84bee0208dd07f29f30", "link": "https://medium.com/illumination/how-to-increase-your-sales-using-these-5-effective-strategies-ffeb81514ef8"}