{"title": "I Canceled My Trip to Mexico Last Minute", "data": [{"type": "sentence", "content": "Not to sound like a total PV gay, but it's true: Up until yesterday morning, I was getting ready to pack my bags for Baja California."}, {"type": "sentence", "content": "My two friends and I had hatched the travel plans over the summer - I guess in desperate hope that things would have been better by now on the Covid-19 front. Obviously, things didn't quite pan out like we (and the rest of the world) hoped."}, {"type": "subtitle", "content": "I was supposed to fly into San Diego from New York City tomorrow morning, all while the West Coast is in turmoil."}, {"type": "image", "content": "https://miro.medium.com/max/2620/1*LvslCMFomPYDQjYTr6sjWQ.png"}, {"type": "sentence", "content": "Covid-19 is worse than it's ever been on the West Coast and in nearby Baja California. And yet, less than 24-hours ago I was still hedging my bets on flying in from across the country and driving across the U.S.-Mexican border."}, {"type": "sentence", "content": "In San Diego, ambulances are actually being diverted from local hospitals, forcing patients in need to wait for hours-on-end due to the sheer quantity of Covid-hospitalized people overwhelming ICU beds."}, {"type": "sentence", "content": "The West Coast's Covid-19 tally is now four times what it was during the summer surge, and, perhaps most shockingly, it is facing a literal shortage of oxygen. You heard that right - according to New York Times reporting, guidelines were issued to emergency workers in L.A. county just after Christmas to administer the \"minimum amount of oxygen necessary\" to keep patients stable. Breathing easy has become a privilege not everyone can afford."}, {"type": "subtitle", "content": "Our trip was supposed to be Covid-safe."}, {"type": "sentence", "content": "It wasn't going to be 20 people crowded on a boat with margaritas flowing like water - although, I did plan on that last part being true."}, {"type": "sentence", "content": "It was just the three of us: Me, my best friend that lives in LA, and a friend from Tijuana."}, {"type": "sentence", "content": "Part of the reason I held onto the idea of getting on that plane tomorrow morning for so long was that I told myself we could do this thing safely. In reality, I would have probably seen less people if I went on this trip than I'm going to now that I'm staying in New York. I have two roommates and a pod of friends here; in Mexico, I would've just had my two compadres."}, {"type": "subtitle", "content": "But despite everything I told myself to convince myself that this trip was ok, it felt ... off."}, {"type": "sentence", "content": "I decided last week that I would go on a social media break while I was away. That was the first time I felt like I was doing something wrong."}, {"type": "sentence", "content": "I knew I would get hate for traveling during possibly the worst of the pandemic, and I didn't want to have to explain to everyone the precautions I'd taken to go on this trip (not to mention to look like the guy that \"explains\" his way out of safety measures during a global pandemic)."}, {"type": "sentence", "content": "Then, with the rise of the now-infamous Instagram Covid-expos\u00e9 account, Gays Over Covid, I suddenly felt like I was harboring a dirty secret that I could only whisper in private to my close friends."}, {"type": "sentence", "content": "\"*Ahem*, yes, I'm still planning on going ...\" I'd say, feeling the anxious knot ball itself up in my stomach."}, {"type": "subtitle", "content": "If you're in \"should I travel\" limbo, here's what helped me decide."}, {"type": "sentence", "content": "If you're considering leisure travel right now, I'm not here to judge you - I mean, who would I be to judge anyway?"}, {"type": "sentence", "content": "I understand it feels like you can do it safely - and I don't doubt that there are certain trips, with certain people where it can be done safely. I get that Covid can often feel like it's a million years behind us in day-to-day life, and I understand the feeling of just wanting to crawl out of your skin, bust down your apartment walls and run naked through the streets all the way to the airport."}, {"type": "sentence", "content": "No? Nobody? Just me? Alright then."}, {"type": "sentence", "content": "Because I can't help but share unsolicited advice (the curse of being a writer on the internet I guess), here's what I did to decide if I should stay or go."}, {"type": "subtitle", "content": "1. I called my mom"}, {"type": "sentence", "content": "Momma knows best, as they say."}, {"type": "sentence", "content": "No, but for real, I knew yesterday morning when I woke up that I needed to talk all this through with someone that would listen, unjudgementally. It wasn't until after my call with her that I realized I'd pretty much already made up my mind on what I should do before I even picked up the phone."}, {"type": "sentence", "content": "As it turns out, sometimes you just need someone to listen to you so that you can tell them out loud what you already know."}, {"type": "subtitle", "content": "2. I read the news."}, {"type": "sentence", "content": "I didn't source those facts about dire-oxygen supplies and jumping Covid-spikes out of thin air."}, {"type": "sentence", "content": "To help make up my mind, I forced myself to face the facts - and the graphs. The spiky curve I saw when I Googled \"Covid-19 San Diego\" was enough to give me pause. The news that followed was enough for me to cancel my flight."}, {"type": "sentence", "content": "I wasn't traveling in March, and the Covid numbers are way higher in the area than they were then. The numbers tell the hard truth - it just isn't the time."}, {"type": "subtitle", "content": "3. I listened to my emotions."}, {"type": "sentence", "content": "The biggest thing I felt when I thought about jetting off to the West Coast and Mexico in two days wasn't excitement, or happiness, or even pre-trip jitters, but the heavy weight of anxiety."}, {"type": "sentence", "content": "As my would-be-travel buddy told me when I called to tell him that I wasn't going to head to the airport after all, I had to listen to how I felt to make my decision."}, {"type": "sentence", "content": "\"You're not going to want to be out here if you're going to be anxious the whole time,\" he told me. \"It's just not worth it.\""}, {"type": "subtitle", "content": "I can't tell you what you should or shouldn't do, it's just not my job"}, {"type": "sentence", "content": "*As much as I've already established that I love handing out unsolicited advice."}, {"type": "sentence", "content": "The truth is, as much social policing as there's going on these days, it's really no one's job but your own to decide what you feel is safe, socially responsible, and, in general, \"the right thing to do\". Yes, they can convince you, but you're the one that has to make the final decision as to whether or not to get your booty on that plane. Also, it almost entirely depends on your situation - your reason to travel, where you're going, who you'll be seeing etc."}, {"type": "subtitle", "content": "For me, it just wasn't the time to take a leisure trip."}, {"type": "sentence", "content": "The CDC said so, the New York Times reported so, and my gut was screaming \"don't go\"."}, {"type": "sentence", "content": "For you, I'd say take every fact you can into consideration, call your Mommas, Pappas, friends, and lovers, and keep that ear perked for what your gut might be twisting in knots to tell you."}], "topic": "travel", "uuid": "63034605cf948cacea0cfd3f2264bf0fe1e1433d9315e4304d4e10b4", "link": "https://medium.com/curious/i-canceled-my-trip-to-mexico-de77a331767b"}