{"title": "4 Practical Tips for When You Move to a New Country", "data": [{"type": "image", "content": "https://miro.medium.com/max/14720/0*5dyiTJrmZG840P5Y"}, {"type": "sentence", "content": "I have lived in 4 countries: Portugal, France, the UK, and Hungary. Moving to a new country is one of the most exciting, rewarding experiences you can have in life. It pushes your boundaries, it forces you to grow, and it turns you into a much richer person."}, {"type": "sentence", "content": "But, let's be honest, it can also be hard. Leaving behind your comfort, your home, your people, is something only the brave do. But even the brave ones can use a little help when making such a move. Here are my tips to ease the transition to a new life, coming from personal experience."}, {"type": "subtitle", "content": "1. Get Informed Before Making the Move"}, {"type": "sentence", "content": "In the 50s and 60s, thousands of Portuguese men and women crossed borders illegally, trying to reach France, where they heard life was much better. For some of them, life in the new country corresponded to their imagination. For others, the dream fell short."}, {"type": "sentence", "content": "But we live in the 21st century, you can do much better than just having a vague idea of the place you are moving to."}, {"type": "sentence", "content": "Go online and read about it. Type on Google \"moving to Berlin\", or wherever you're going, and you will find a gazillion pages with useful tips. Take a step further and join Facebook groups of expats in your destination city."}, {"type": "sentence", "content": "Don't be afraid to interact and ask questions. I have received some messages from people moving to places where I lived, and I always answer their questions in detail. I know how important this is for them because I was in their shoes once. Most people will know this too, reach out to them."}, {"type": "subtitle", "content": "Renting"}, {"type": "sentence", "content": "Renting is an entirely country-specific situation. Depending on where you move to, it might be a nightmare, or a dream come true."}, {"type": "sentence", "content": "My sister lived in France, where she worked as a 3D artist, with a one-year contract. This is unacceptable to most landlords! They demand stable jobs and high incomes to even start thinking about letting someone near their property."}, {"type": "sentence", "content": "In contrast, when I moved to Hungary I had no job, was about to start a course at a non-official school, and I managed to rent a nice apartment in the city center in a matter of days. All they required from me was my ID - no work contract, no bank statement, nothing."}, {"type": "sentence", "content": "There are a few things to consider when renting a place in a new country:"}, {"type": "subtitle", "content": "Find a Community"}, {"type": "sentence", "content": "This will take time but it will transform your whole experience for the better. A place is about the life you live in it, and life is better with friends."}, {"type": "sentence", "content": "When I lived in the UK, I overlooked the power of community. I focused on my relationship at the time and had very few friends outside that circle."}, {"type": "sentence", "content": "But now, living in Budapest, I created my own circles. I have Portuguese friends for when I miss speaking my language. I have Hungarian friends who introduce me to the culture and help me learn Hungarian. And I have my expat friends, who share the feeling of being a foreigner in Hungary."}, {"type": "sentence", "content": "One of the scariest feelings you can have in a foreign country is to think that, if you get sick, there is nobody to help you. Create strong relationships with some people, so you feel the constant support if you need it. It will make a world of difference."}, {"type": "subtitle", "content": "Give Yourself Time to Adjust"}, {"type": "sentence", "content": "Even if you do all the necessary preparation, you still need to give yourself time to adjust to the new reality. In the first few months, you will feel overwhelmed with all the tasks you need to do. Take care of bureaucracy, fix things up in your new apartment, find a good shop nearby..."}, {"type": "sentence", "content": "Everything will take longer too. When I moved to Hungary, going to the supermarket was a tiring adventure. Many products were different from other countries where I had lived, the labels were written in languages I didn't speak, and the currency was new to me, so I had to do a mental calculation in my head for each item I wanted to buy."}, {"type": "sentence", "content": "This is all part of the deal though. Be patient and try to look at it as a holiday. The feeling you have on a trip, where everything is new and exciting, is one of the things that make holidays memorable. Treat these first few months in the new life as a long holiday."}, {"type": "sentence", "content": "Always be kind to yourself. Don't expect to feel at home immediately, don't get mad because you can't sort out everything alone, and don't push yourself when you get homesick. Everything will get better, sooner or later."}, {"type": "subtitle", "content": "Takeaway"}, {"type": "sentence", "content": "Moving to a new country is something you should at least once in your lifetime. It opens up your mind and spirit in ways you never even realized were possible, and it transforms your views on life and the world."}, {"type": "sentence", "content": "It's a deeply personal journey, but it is also an experience shared by millions of other people who have switched their home countries for a life across the border. Follow their footsteps whenever you get lost, for a better chance to find your own path. Happy move for you!"}, {"type": "image", "content": "https://miro.medium.com/max/2700/1*SKwELdEBKcKsuEW5XX6-jw.png"}, {"type": "sentence", "content": "Sign up for our new newsletter to stay informed with up-to-date curations from our editors:\ud83d\udc47"}], "topic": "travel", "uuid": "6a0d93ae17b37d478774661e2b306a9024882718484a5c1aeda22933", "link": "https://medium.com/world-travelers-blog/4-practical-tips-for-when-you-move-to-a-new-country-c7212f1b7f32"}