{"title": "The Men Who Bought Saturday", "data": [{"type": "image", "content": "https://miro.medium.com/max/6734/1*IU7A44TiVbMAXdqOQ9FGow.jpeg"}, {"type": "sentence", "content": "AS MATT PLACED THE GLASS OF ORANGE JUICE IN FRONT OF HER, he said, \"You need to stay here today.\" He was drinking out of an espresso cup with a thin gold band around the rim, holding it daintily above her head. She could smell his aftershave, the prep-school essence of synthetic roses and a splash of lavender. It was the smell of soft hands that picked up nothing other than the cheque at a restaurant. The sunshine reflected dully off his immaculate white shirt as he sat opposite her and needlessly adjusted his cufflinks. He wanted to draw attention to them, how heavy they looked. How expensive."}, {"type": "sentence", "content": "\"And do what?\" she asked, \"count your shoes?\""}, {"type": "sentence", "content": "He took another clean sip from the espresso cup. \"Stay out of trouble,\" Matt suggested."}, {"type": "sentence", "content": "His voice signposted the class of company he kept, the kind of muted executive swagger one collects when ascending multiple wage brackets. He was still undoubtedly Australian, but an educated one: he pronounced his t's as t's and didn't slice off the ends of his words. It was war-ter not waw-dah, and it was going and not goin'."}, {"type": "sentence", "content": "Hannah hated how money had changed him so obviously. He sounded ridiculous."}, {"type": "sentence", "content": "She slapped her hand on the glass table. \"Matt, it's a Saturday! I need to go out and do something, you can't just keep me stuck in here. It's ten am, for fuck sake! What could I do to get myself in trouble at ten in the morning?\""}, {"type": "sentence", "content": "Matt raised his eyebrows as if to say, You'll think of something. Of course he didn't say this, and smoothly redirected conversation: \"I've got a meeting today at eleven. You aren't needed for any of it, but I do need you to stay here. That would make things a lot easier for me and I'd be done by three, anyway, so just watch Foxtel or something. God forbid, read a book.\""}, {"type": "sentence", "content": "For a moment Hannah wanted to throw the glass at his face, watch it explode over his glossy expensive skin. Blood and orange juice would splatter all over his blue suit, a grand's worth of tailoring ruined and the potential for permanent facial damage. It was a promising idea, but she thought better of it and instead picked at the sleeve of her - Matt's - dressing gown."}, {"type": "sentence", "content": "They both knew what happened when thoughts like these became regrettable, irreversible actions."}, {"type": "sentence", "content": "\"Piss off, smartarse,\" she conceded. \"I didn't bring a book with me, and it's not like you've got any good ones here.\" Hannah hooked a thumb over her shoulder toward the bookshelf, which was mostly empty. \"What, a few John Grishams, the odd Dean Koontz... and a shitload of books about ore mining. Pretty crap library, mate.\""}, {"type": "sentence", "content": "Matt's eyes narrowed and seemed to darken, a sharp transition from hazel to black that Hannah found disquieting. This repertoire of threatening facial expressions seemed to be something else he had acquired from money, something to earn him kudos in board meetings, perhaps, as the new-money yuppie with something to prove in his Ralph Lauren shirt and Fred Astaire shoes. But Hannah saw through that. His cheeks were still too pink, his brown hair too curly; he was, for all intents and purposes, the same thirteen-year-old boy who caught geckos in lunchboxes on Auntie Gina's veranda."}, {"type": "sentence", "content": "\"I didn't ask you here for your opinion,\" he said."}, {"type": "sentence", "content": "\"You didn't ask me to be here at all.\""}, {"type": "sentence", "content": "Matt laid his ankle on his knee and placed his hands on his calf, one smooth motion that suggested it had been performed on repeat occasions. \"It doesn't make things much easier for me, no. I like my own space, so I'd prefer it if you weren't here. But that's the way it is.\""}, {"type": "sentence", "content": "He shrugged."}, {"type": "sentence", "content": "\"You always did stay in your room a lot,\" Hannah said. \"I think you still like living inside your own head, the only difference now that you've got a big fuck-off apartment to hide out in.\""}, {"type": "sentence", "content": "\"You say that as though all this just fell into my lap.\""}, {"type": "sentence", "content": "\"Well with the job you've got, yeah, seems that way. You earn more in a year than I reckon I would in four lifetimes, and I really can't say what exactly the fuck it is you do, Matt.\""}, {"type": "sentence", "content": "He looked into his espresso cup as though a fly were drowning in it. Hannah remembered that he had always been fascinated by small animals in enclosed spaces. She certainly felt like one in this apartment: the floor-to-ceiling windows made it feel like a fish tank."}, {"type": "sentence", "content": "Matt finally emptied his cup with one quick sip, and as he stood up the steel chair grunted quietly across the wooden floorboards. He checked the time on a small Omega with a blue dial, an ocean on his wrist."}, {"type": "sentence", "content": "\"New watch?\" Hannah asked."}, {"type": "sentence", "content": "\"Hm? Oh, I need to upgrade this one, actually. Had for it about a year now.\""}, {"type": "sentence", "content": "She laughed bitterly. \"Yeah, Jesus, that's fuckin' ancient.\""}, {"type": "sentence", "content": "\"Look, is there anything else you want? Some more toast? There are a few eggs left so help yourself.\""}, {"type": "sentence", "content": "She lifted the glass of orange juice and swilled it around. \"This'd be better with vodka.\""}, {"type": "sentence", "content": "Matt said nothing and she retorted to his silence by draining the glass."}, {"type": "sentence", "content": "Matt took his espresso cup and walked to the narrow island of marble planted beside the kitchen table. He placed the cup in the sink and, flicking the tap on, a soft white bolt of water exploded the residual coffee grains out of the bottom. He wiped his hands on a tea towel, even though they weren't wet."}, {"type": "sentence", "content": "\"Right, I'll see you later. Give me a call if anything happens.\" He grabbed his bag off the kitchen counter, threaded his hands through his jacket. \"Bye.\""}, {"type": "sentence", "content": "He closed the door behind him."}, {"type": "sentence", "content": "And Hannah didn't know what to do. It was ten am, only ten am, and the day felt vastly unpromising. She had been here two days in this shiny white purgatory, channel-hopping and eating away the hours with Indian takeaways charged to Matt's credit card. He had given her licence to order whatever she wanted, but every bite was a sour reminder of her dependency on his charity, the shame of it just a further tax upon her bankrupted self-worth."}, {"type": "sentence", "content": "She decided to have another shower."}, {"type": "image", "content": "https://miro.medium.com/max/7620/1*Q_J5sPqsqcoEXzh8zqKjaA.jpeg"}, {"type": "sentence", "content": "The men rolled out of the boardroom in a polyester tide. Their words were quick, each voice sewn together by the same questions: where to have lunch, where to drink that night. The men must eat and drink. Saturday had at once become available and these were the men could afford it."}, {"type": "sentence", "content": "Clean faces beneath polished hair. White teeth. Blue suits, two buttons, no waistcoat. Single-breasted, for god's sake. White pocket squares. Striped ties, some silver, some red, the colours of metal and ore. Shoes: leather, all pointed, all black. These were the men who bought Saturday."}, {"type": "sentence", "content": "Matt emerged from the tide with a small blue ripple at his side, while the mass of high-quality tailoring flowed in the other direction. \"How's it goin' with you and ya cousin?\" the small ripple asked."}, {"type": "sentence", "content": "\"Aw, pretty shit,\" Matt replied, wiping his nose with the back of his wrist as they rolled further along the corridor. \"Just sits on her arse all day watchin' TV, makin' a bloody mess most of the time. But she's not drinkin', hey, so that's a relief.\""}, {"type": "sentence", "content": "\"Yeah, s'pose.\""}, {"type": "sentence", "content": "\"Still, fuckin' kills me havin' her round all the time, though.\" Matt snorted and spat in a bin."}, {"type": "sentence", "content": "\"Ah mate,\" the ripple jabbed Matt with its elbow, \"y'afraid she's cockblockin' ya? Can't get any action with your cousin over, hey.\""}, {"type": "sentence", "content": "\"Nah, guess not. Bit of a fucker but can't do nothin' about, so let's just wait and see what 'appens with that one, then.\""}, {"type": "sentence", "content": "They reached the elevator."}, {"type": "sentence", "content": "\"Hungry?\" the ripple asked."}, {"type": "sentence", "content": "\"Starvin'.\""}, {"type": "sentence", "content": "In under a minute the two men were sixty-four floors below, rolling over the lobby like a high wave toward the shore. The revolving doors spun beneath tall black letters printed across the windows: RIO TINTO MINING CORPORTATION."}, {"type": "sentence", "content": "The high wave broke, washed into the polyester tide. The men pooled once again and spoke of food, of drink, before flowing backwards into the tarmac stream of St Georges Terrace."}, {"type": "sentence", "content": "The ripple thumbed a message on its iPhone and asked, \"What'd she do again?\""}, {"type": "sentence", "content": "\"Hey?\""}, {"type": "sentence", "content": "\"Ya cousin. I know you told me but I forgot what 'appened.\""}, {"type": "sentence", "content": "\"She fucked up at the engagement party, remember? Got pissed and spilled the beans about Danny and Sara, told everyone how long they'd been havin' a go with each other. She was probably on somethin' too, fuckin' druggo.\""}, {"type": "sentence", "content": "\"Ah yeah, righto.\" The ripple looked up from his phone for a moment, saw Matt staring hard ahead, breathing through his nose, and returned to the screen. \"What was it, your mate Danny had fucked the bride or some shit like that?\""}, {"type": "sentence", "content": "\"That's the one, yeah. Shoulda kept her bloody mouth shut. I tell ya what, royally fucked up things between Ben and Sally - they called off the wedding in the end, the hotel, the catering, everything. All because my shit-for-brains cousin can't handle her drink.\""}, {"type": "sentence", "content": "Matt looked down to his feet and watched the warped reflection of the sky moving in his polished shoes, thinking of Hannah in his apartment. He shook his head, wondering what kind of bullshit world he lived in where he had to be related to people like that, and thought about calling her. He wouldn't be home until later that night so he supposed he should let her know where he'd be."}, {"type": "sentence", "content": "She can go fuck herself, he thought in the end."}, {"type": "sentence", "content": "\"How come she can't stay at your mum's place?\" the ripple asked."}, {"type": "sentence", "content": "\"Ah, Mum's got the idea in her head that I've got more money than I know what to do with. Reckons I should use it to take in me cousin, look after me own kind, y'know?\""}, {"type": "sentence", "content": "Matt chewed on the inside of his cheek and breathed through his nose. The street ahead was clustered with small packs of thin men in tight suits, the crests of shiny dark hair flipping back in the wind. A glint of cuff links, the occasional tie clip. The more athletic ones dared to open a second button, a tuft of chest hair inhaling the cooler air outside the slim-fit shirt. A beggar seated outside a supermarket asked for change and was summarily ignored. None of these men lifted a finger from their iPhones or turned their head a single degree from the tanned, unlined faces of their peers."}, {"type": "sentence", "content": "\"The way I see it,\" Matt said, hand stuffed in his pocket, \"it takes a load off Mum's back for me to take her in. Besides, it's not like Auntie Gina wants a fuckin' thing to do with her so she's been dumped on my bloody doorstep.\""}, {"type": "sentence", "content": "\"Sounds fucked, mate.\""}, {"type": "sentence", "content": "\"I mean, it's not like she can stay with any of her friends. The only ones she had were at that party, and now they won't fuckin' touch her with a four-foot pole. Bloody idiot.\""}, {"type": "sentence", "content": "Matt continued walking for a few moments, thinking of how badly he wanted a smoke right now, before realising the small ripple had left his peripheral vision. He turned around and found it pointing at a restaurant. \"Mate,\" it called out, \"wanna try this place?\""}, {"type": "sentence", "content": "Matt shrugged. \"May as well.\""}, {"type": "sentence", "content": "And the tide rolled into the restaurant."}], "topic": "fiction", "uuid": "7c72fc388521cc60ba5ec9493b2264722fdf336c6f77b616c8ed92c8", "link": "https://medium.com/prismnpen/the-men-who-bought-saturday-c206cd9fdfca"}