{"title": "The Mudgelwangk (Home to Roost)", "data": [{"type": "sentence", "content": "It would be safer to stay in the canopy. Here, you're out of reach of the wandering Mudgelwangk and any other ground predators. The moon is on the rise and you have a clear view of the forest floor by the silvery light. It might be easier to spot Geoffrey from up here if he's anywhere nearby."}, {"type": "sentence", "content": "You inch forward. The mawt's nest is far larger than you first realized. The twigs scratch your skin as you clamber over it, trying to keep to the edge. You slip, rolling into the bowl. Something cracks under your back. The eggs! You'll never get that scent off you now."}, {"type": "sentence", "content": "The mawts will surely hunt you down. Unlike other animals, they're known to track a threat far beyond their own territory. Not only do they kill it, but then they eat it to ensure it won't return."}, {"type": "sentence", "content": "You shove yourself away from the cracked eggs and crawl to the far edge of the nest. Just as you climb onto the branch beyond, a rustling shadow passes over you. There's a ferocious shriek from above as heavy wings beat the air. Sharp claws dig into your back as a mawt grabs you."}, {"type": "sentence", "content": "Your heart plummets into your stomach as you spiral up, up, up. You clear the canopy and arrows higher into the star-studded night."}, {"type": "sentence", "content": "The last thing you see before the mawt feasts on your flesh are the moonlight-kissed branches of the forest below you and the lights of your village glowing in a clearing half a league away."}, {"type": "sentence", "content": "I hope for Geoffrey's sake you taste terrible. If not, the mawt may try him next."}, {"type": "sentence", "content": "If you'd like to start at the beginning, here's the opening scene:"}], "topic": "fiction", "uuid": "80f748a40bc83d1cd9617690c8de92dab0b0f4e97b320bea20f217c6", "link": "https://medium.com/theliving/the-mudgelwangk-home-to-roost-910e832f6298"}