{"title": "You Need To Change How You Set Goals", "data": [{"type": "image", "content": "https://miro.medium.com/max/14720/1*y4R6mPY3NzRoCJEHcLW29A.jpeg"}, {"type": "sentence", "content": "For as long as I can remember, I've been at war with goals. I grew up holding fast to the ones my parents provided for me (working a 9-5, getting married, having kids) to the point that I didn't even realize there were other ways to do things. Each one of the goals I followed came with a subset of exhausting smaller goals and modest, yet painful, sacrifices. By my college graduation, I was exhausted. I was meeting the goals I'd adopted from my parents, but I wasn't happy."}, {"type": "sentence", "content": "To make things harder, by senior year, I'd realized that I was a lesbian. In 2009, this meant that not only could I not get married, but I also had to keep my sexuality hidden or risk losing my apartment and my job. I struggled under the weight of my secret and wondered how I could possibly achieve a goal when the law rendered it nearly impossible. Eventually, I realized that I couldn't. And that realization freed me."}, {"type": "sentence", "content": "Living in Virginia, the truth was I couldn't legally marry and I might struggle to adopt children. Those goals crumbled and, though I grieved them, losing them opened space for me to define new goals completely outside of the framework of what I'd been taught to aim for. I wanted to find love, security, and a queer community. So I took out a credit card, quit my job, and moved to Los Angeles."}, {"type": "sentence", "content": "The new city gave me a fresh start. I'd hated the formal requirements of my desk job, so in LA I learned to bartend. Tending bar granted me a joy I didn't realize it was possible to feel at work. I started to make friends and I focused on making sure I didn't regret a moment of my time in LA. Within a year, I'd built a life that was the exact opposite of the one I'd had in Virginia."}, {"type": "sentence", "content": "For years, I assumed that the happiness I felt in those first few years on the west coast was simply a result of finding my place in the world. While I believe that helped, I think something much more universal was at play - something that any person can tap into no matter where they are."}, {"type": "sentence", "content": "Months of quarantine have afforded me ample time to reflect on the ups and downs of my life in California. It started off jubilant but, at some point a few years in, I found myself struggling to maintain my joy. After a lot of introspection and a ton of therapy, I learned that when I first moved to LA, I was living a value-oriented life. I wanted to have fun, make enough money to live independently, feel safe to be myself, connect with other people, and make a home for myself. These were pursuits that I could weave into my daily life, where the success didn't just come from the end result, but included the journey as well. Each action I took that contributed to the successful expression of these values gave me joy and fulfillment."}, {"type": "sentence", "content": "Smack dab in the middle of building my new life, I joined a book club to read Danielle LaPorte's The Desire Map. In it, LaPorte walks readers through the process of choosing three to five words that perfectly encapsulate how they want to feel every day. After readers determine the precise words that speak to them, those words become a roadmap for daily living. For every action and decision, readers learn to ask themselves, Does this make me feel the way I want to feel? If yes, proceed. If no, pivot. I didn't realize it at the time, but LaPorte's book provided the guidance I needed to finalize my shift away from goal-oriented living."}, {"type": "sentence", "content": "My value-oriented life was an organic result of wanting to feel good. The Desire Map gave me a framework to make that focus on values intentional and maintain it as I continued to evolve. For years, I committed to returning to the book annually to update my values and reaffirm my commitment to prioritizing a value-oriented life. But eventually, I fell out of practice. Without a new framework to keep me focused on values, I shifted back to goal-oriented living. I left food service for the perceived security of an office job and I began to strive for flashier titles, higher salaries, and recognition."}, {"type": "sentence", "content": "I've achieved a few of my goals, but they only serve to give me a small spark of dopamine as I check off one box and move on to tackle the next. As I discussed my difficulty finding joy with my therapist, I realized that I've been struggling to celebrate my wins because I've lost sight of the beauty of the journey."}, {"type": "sentence", "content": "We've all survived a tough year. In 2020, most of us felt the gravity of the pandemic, isolation, financial uncertainty, systemic racism, and the development of a new normal. As we wait for the COVID vaccine to reach the masses and continue to fight for a more equal world, 2021 is likely to carry similar hurdles. As uncertainty swirls around us, I suggest that we all find a way to experience joy in our daily lives, no matter how small. Focusing on our values is the easiest way to do that."}, {"type": "sentence", "content": "This isn't to say that goals are \"bad\" - I think they're incredibly useful for staying aligned with your values. Figure out the values that guide you and then set goals in service of those values. I also find that small goals work best. Anything too big (like aiming for a specific professional title by the end of the year) leads me to stress and diminishes the fun. Instead I made a professional goal to play in photoshop a few times a month because I value strengthening my creative muscles. See the difference? One is a box to check off, the other is a creative adventure. My new photoshop skills could contribute to a new title, but I'll find joy in the adventure and continue to grow - even if they don't."}, {"type": "sentence", "content": "How do you want to feel when you pursue growth? What values define your joy? Which pursuits make you feel good? Dig in deep and think about the answers to these questions. Turn the questions over, play with different options, and allow this thinking to transform how you see the world. We all have the power to find our own values and let them lead us to the future we dream of. Why not start today? \ud83d\udda4"}], "topic": "productivity", "uuid": "81500ca34bd7d5cb829d0ca5d7224f9b385d9982782f196ca38ddd15", "link": "https://sondrarosemarie.medium.com/its-2021-let-s-change-the-way-we-do-goal-setting-32385c3fb63a"}