{"title": "A Vacation Gone Terribly Wrong", "data": [{"type": "sentence", "content": "It's a strange year for the holidays. My partner and I, among our other roommates, decided to celebrate unconventionally, in hopes of fending off COVID for our families' and essential workers' sakes. Instead of risking going home for the holidays, we booked an air bnb and headed west."}, {"type": "sentence", "content": "And let me tell you that Moab, Utah in the winter is a truly unique sight. You'd think you were on Mars if it weren't for the dustings of snow, desperately lingering Trump signs, and 40,000 Watt Christmas spectacles. Oh yes, we are on earth after all."}, {"type": "sentence", "content": "No matter the season, Moab is the land of adventure. We awoke on day one with a blazing sense of purpose in this wonderfully strange terrain. Suddenly exposed to famous trails known around the world, gear quickly began flying around the living room of our poor air bnb. The dogs followed right at our heels, on to us and our uncovered, adventuring spirits."}, {"type": "image", "content": "https://miro.medium.com/max/7982/1*8dqxZ1u_o_jEhitpnMv-DQ.jpeg"}, {"type": "sentence", "content": "Like anyone reading this, we had been locked indoors for months now. Who hasn't been dying to get back at it? Whether that be exploring the expanses of the west, or the sweaty throttles of clubs, we all miss something from our pre-quarantine world. Moab was our gateway to feeling alive again, and we were bursting over the threshold."}, {"type": "sentence", "content": "Soon enough, we plugged a trailhead into Google Maps and set off. My partner and I were driving up towards the grand La Sal mountains, to a trailhead known as Porcupine Rim. Any passionate mountain biker has heard of this trail. Part of what's known as \"The Whole Enchilada,\" the ride consists of 15 miles of epic decent over slick, red rock, and crisp, desert scenery. My partner Kyle had ridden it once years before, and we were on a mission to ride it together."}, {"type": "sentence", "content": "\"I don't remember any of this drive, it must be taking us up a back way,\" Kyle figured. \"Although, I was one of four people crammed into the backseat of a truck, so I can't say I saw much of anything.\""}, {"type": "image", "content": "https://miro.medium.com/max/7334/1*wqVmhiRjYfc_BDQ9dpwtIQ.jpeg"}, {"type": "sentence", "content": "As we rose a few thousand feet, we neared the trailhead. Our eyes scanned for a turn that would appear over the barren hill, \"Should be on the left...Now?\""}, {"type": "sentence", "content": "\"Turn left,\" Siri said."}, {"type": "sentence", "content": "Suddenly, the Subaru Outback rocked back and forth as we swerved onto a fire road. There were no tracks on the patches of snow, but the road itself had frozen tread marks of travelers past."}, {"type": "sentence", "content": "\"This can't be right, can it?\""}, {"type": "sentence", "content": "\"It looks like there's another route with the same ETA...\" I scrolled the digital map, \"But it's also a fire road. What should we do?\""}, {"type": "sentence", "content": "\"Your car, your decision.\""}, {"type": "sentence", "content": "\"Might as well try it.\" And so I gave my famous last words. We were only a few miles out, and GPS estimated 6 minutes. How bad could it be?"}, {"type": "sentence", "content": "*cue ominous evil laughter*"}, {"type": "sentence", "content": "Slowly, we winded along the increasingly snowy road."}, {"type": "sentence", "content": "Surely, it began to descend."}, {"type": "sentence", "content": "And descend, and descend."}, {"type": "sentence", "content": "And suddenly, we were down a snowy hill, perched beside a barb wire gate."}, {"type": "sentence", "content": "\"Well shit,\" Kyle said. \"No way we're getting back up the way we came.\" As we got out to look around, one option became clear. The winding road we were on seemed to connect to a dirt road, father down the canyon, although the intersection was obscured by the hills. As long as we could keep going down, there seemed to be a way out."}, {"type": "sentence", "content": "Looking around, that was the only option among the minefields of rock and unruly terrain. Luckily, we could unhinge the gate to get the car through. My mountain biking shoes were covered in snow when I got back in the car."}, {"type": "sentence", "content": "Kyle drove us through, parked, and got out to re-hinge the gate, \"So the farmer doesn't loose his cattle.\" The invisible farmer tipped his hat to him."}, {"type": "sentence", "content": "\"Turn right\" Siri asserted."}, {"type": "sentence", "content": "Down, down, down we went."}, {"type": "sentence", "content": "Soon the trees were closing in. Their angry, incredibly dry branches clawed at my poor Subaru relentlessly."}, {"type": "sentence", "content": "\"I'm so sorry!\" Kyle said amongst the screams coming from my car."}, {"type": "sentence", "content": "\"It's ok!\" I lied, I was feeling each blood-curdling screech in my gut, \"You're getting us out of here!\""}, {"type": "sentence", "content": "\"Turn Right\" Siri mocked ruthlessly."}, {"type": "sentence", "content": "\"What the hell, there's nothing but trees that way.\""}, {"type": "sentence", "content": "The car stopped."}, {"type": "image", "content": "https://miro.medium.com/max/14344/1*Ak7ddXcqCXrQj7KIj13vFg.jpeg"}, {"type": "sentence", "content": "This is when the situation started to hit. We were in the middle of the unforgiving wilderness. We sure as hell didn't know how to get out, and Google Maps certainly didn't either. These \"fire roads\" were merely remnants of trails created to mend the fences that kept in cattle of generations past."}, {"type": "sentence", "content": "I was starting to mentally log what kind of food and blankets we had in the car. When was the last time we saw a house? Another person? Could we hike out and look for other winter mountain bikers, on their way to the trailhead? No way AAA is making it out here... Do we leave the car and come back for it in the summer?"}, {"type": "sentence", "content": "I wanted to cry."}, {"type": "sentence", "content": "Kyle was silent. He was accustom to being \"that guy,\" the one who finds himself in impossible situations; Once he was forced into a three point turn on an unguarded, cliff-side mountain road. Another time, his brakes failed at the top of, you guessed it, a mountain road. So yeah, Kyle had a history with unforgiving situations (mountain roads seem to be his forte). He wasn't particularly optimistic, but he sure as hell was going to be resilient."}, {"type": "sentence", "content": "We soldiered on, opening and closing cattle gates, flooring it up single track hiking trails, cursing the branches and Siri who kept trying to allure us into death traps. Suddenly, we were forced into a stop yet again."}, {"type": "sentence", "content": "The ditch ahead was far deeper than my little Subaru would prefer."}, {"type": "sentence", "content": "\"Are we building?\" I asked."}, {"type": "sentence", "content": "\"We're building.\" Kyle confirmed."}, {"type": "sentence", "content": "Strangely, I felt like a kid building a fort in the snowy backyard. It was as if we had nothing better to do as my gloves clawed at the frozen rocks to haul them to the ditch. We fit them together like puzzle pieces, as I'm sure I did on multiple lazy winter days in my childhood."}, {"type": "sentence", "content": "Sure enough, our work paid off in ways 10 year-old Haley never could have dreamed; My Subaru lurched over our rock bridge and onto the \"road\" on the other side. Needless to say, it was a jumping high-five moment."}, {"type": "sentence", "content": "And so we continued on, to our last test."}, {"type": "sentence", "content": "\"Hey, a house!\" Kyle pointed to a cabin alongside the road. \"We're doing it!\""}, {"type": "sentence", "content": "As we neared the cabin, it appeared to be deserted. Abandoned-chic, a skull hung ominously on the aged door. We kept driving."}, {"type": "image", "content": "https://miro.medium.com/max/7558/1*--tgxFrK1gWNETzCjAOK5Q.jpeg"}, {"type": "sentence", "content": "The dirt turned to gravel. Houses appeared on the hillside. Telephone poles and wires sprung out of the landscape ahead. We were so close. And then we rounded the bend."}, {"type": "sentence", "content": "\"You gotta be kidding me.\""}, {"type": "sentence", "content": "Once again, the car stopped."}, {"type": "sentence", "content": "This gate was no cattle deterrent. Double pad-locked, the steel bars were chained with a purpose. I took this photo of the scenario below:"}, {"type": "image", "content": "https://miro.medium.com/max/6048/1*QhheL09_HX36GwJxVYKoOA.jpeg"}, {"type": "sentence", "content": "But the best part was?"}, {"type": "sentence", "content": "We were locked inside."}, {"type": "sentence", "content": "\"No way the farmer saw this coming.\""}, {"type": "sentence", "content": "We got out to inspect the challenge. \"We could cut the barbed wire?\" I offered reluctantly."}, {"type": "sentence", "content": "\"Or...\" Kyle spun around to the car. After rummaging in the back he magically revealed a wrench. Of all things to bring on a bike ride; you could always trust Kyle to be prepared, especially when bikes are involved."}, {"type": "sentence", "content": "Thus, we proceeded to take the heavily locked gate off its hinges, drive the car through, and put the gate back together. Kyle swears we left it better than we found it. I'm glad we didn't have to destroy your gate, or get arrested for trespassing, mystery Moab dweller."}, {"type": "sentence", "content": "..."}, {"type": "sentence", "content": "It was much funnier when Micheal and Dwight found themselves following GPS into a lake; sheer frustration soon gives way to panic as their car descends into a pond. Salvaging briefcases from the murky, shallow water, we laugh. Sure, we have all followed GPS down a wrong alley or two. But completely off the map? We would never take automated directions into such an over-the-top demise."}, {"type": "sentence", "content": "Yeah, no. Apparently not."}, {"type": "sentence", "content": "No matter how experienced you think you are, it is more than possible to make a few wrong turns; to become dangerously lost."}, {"type": "sentence", "content": "As we drove out of the canyon to real road, the immensity of what almost happened set in."}, {"type": "sentence", "content": "What if we didn't have a wrench?What if we had a little Honda instead of a Subaru?"}, {"type": "sentence", "content": "What if we had to hike out of there? Or spend the night in the car?"}, {"type": "sentence", "content": "Hell, there are so many ways that could have gone terribly, horribly wrong."}, {"type": "sentence", "content": "\"Is it possible to sue google, to soogle, if you will?\" I joked. \"Because maybe we should do some soogling later.\""}, {"type": "sentence", "content": "Kyle laughed and then turned somber. \"You know, I'm sorry,\" he sighed. \"Ever since we started dating I've gotten you into these oddball, crazy situations. I can't help but be \"that guy\" on every adventure. How is it possible? I have no clue.\""}, {"type": "sentence", "content": "\"You know, I think its weirdly, in a backwards way, a blessing,\" I countered. \"I have never been so grateful for safety and routine as I am now.\""}, {"type": "sentence", "content": "Maybe that's part of why we seek out adventure. Every trip has its \"highs\" and \"lows.\" Sure, the \"highs\" of canyon views and steep descents on two wheels are viscerally satisfying. They make me feel alive. But maybe the \"lows\" exist because they put the \"highs\" in perspective. They remind us that demise is right around the corner. Discomfort is real. And those descents? They feel extra good because you evaded that discomfort, when you realize you could have, but didn't fall. You persevered, you earned your comfort. How grounding."}, {"type": "sentence", "content": "To put it crudely: The worse the bad gets, the better the good feels."}, {"type": "image", "content": "https://miro.medium.com/max/10944/1*YPI_GH7WroM5Cuh2CE18hQ.jpeg"}, {"type": "sentence", "content": "There's a fine line between destruction and growth. Luckily, we treaded lightly and ended up with the latter."}, {"type": "sentence", "content": "Despite the consequences, I realized that pushing this envelope of risk now and again is essential. Because \"good\" adventures are not the only ones that amount to something. I came out of that death-trap with a renewed appreciation for my partner, and respect for the outdoors and risk-taking."}, {"type": "sentence", "content": "I developed a hatred for google maps, sure, but I also a rejuvenated my love of even the most dull, predictable qualities of life, even in quarantine. Hit me with hot chocolate and zoom calls, I've never been more ready."}], "topic": "travel", "uuid": "86bb63434161e114fca5ff5287cfcd1054f310c009bad2dbc48324fc", "link": "https://medium.com/datadriveninvestor/a-vacation-gone-terribly-wrong-c4821f65d2f0"}