{"title": "Dear 2021 Readers, Bullet Journaling Is Not Outdated", "data": [{"type": "sentence", "content": "You may have heard the term \"Bullet Journal\" or \"BuJo\" before. Maybe even long before today. The creator of the Bullet Journal is Ryder Carroll, an American digital product designer and art director. And what you may not know (yet) is that he initially created this method to better structure his learning efforts while he was still in college in the late 1990s."}, {"type": "sentence", "content": "In 2013 he started sharing his own life-hack on his website. As he explains it his website went viral in the summer of 2013, since then he has turned his personal routine into a full-time job. Surprising, right? It is indeed even more surprising with today's perspective, as bullet journaling has become a widespread routine for many persons who want to better structure their daily life and achieve their life goals."}, {"type": "sentence", "content": "I am not talking about a minority of people who have a special interest in personal development. I am talking about a number of people representing enough search volume to impact Google search results for \"bullet journal\" every year around New Year's Eve!"}, {"type": "image", "content": "https://miro.medium.com/max/2288/1*oBEXriHT5YGYlZ7rnTwcVA.png"}, {"type": "sentence", "content": "In a word: I am talking about normal people, like you and me, who have dreams in life and want to achieve goals, but who are sometimes overwhelmed by the necessities of everyday life. As I have just started my 2021 Bullet Journal, I would like to share with you the 3 main reasons why I have taken up this daily habit."}, {"type": "subtitle", "content": "1. Have you ever lost a very important post-it note?"}, {"type": "sentence", "content": "To be completely honest, one of the main reasons why I started a bullet journal is because I kept losing my to-do lists, whether they were about grocery shopping, week-end plans or life goals. I used to write all kind of things that seem important to me on several writing supports: post-it notes, smartphone note app, ... It made me lose track of the content but also the priority levels of my various bullet-point lists."}, {"type": "sentence", "content": "One advantage of a bullet journal is that it gathers all your thoughts in one place. Anything that is written in your \"BuJo\" is something less to keep in mind. Hence you will get more free head space and you will be able to - literally - keep an eye on all your notes. By pushing you to write down any kind of ideas, thought and to-dos, bullet journaling helps you organizing your thoughts and getting them out of your head."}, {"type": "subtitle", "content": "2. Have you changed your habits since the beginning of the COVID-19 crisis?"}, {"type": "sentence", "content": "The second reason why 2021 is the perfect year to start writing your own bullet journal is that it represents a fresh start. 2020 was a particularly challenging year for most of us worldwide. As reported by the WHO in October 2020 \"the COVID-19 pandemic has disrupted or halted critical mental health services in 93% of countries worldwide while the demand for mental health is increasing\"."}, {"type": "sentence", "content": "Bullet journaling is one of many exercises to help structuring one's thoughts and keeping track of one's goals. This is particularly beneficial especially in contexts of uncertainty like nowadays. Personally I revised my ambitions and re-ordered my priorities this year, as I experienced unexpected changes in my life during 2020. As I transitioned from a consulting job to a data analyst one and moved from Germany back to France, in 2021 I intentionally put more emphasis on my family and my personal development in the field of data analytics."}, {"type": "subtitle", "content": "3. Have you ever tried to apply a supposedly infallible method to achieve your goals with little to no success?"}, {"type": "sentence", "content": "Finally, one of the big advantages of bullet journaling is that it suits you and you only. The concept of bullet journal may be universal, in the end it is how you build it, how you fill it with your thoughts and how you decide to integrate it into your daily life that makes it unique. There are many tools available that you can use to fill your bullet journal (e.g. future log, vision board, mood tracker): you decide which ones are best for you."}, {"type": "sentence", "content": "The incredible variety of bullet journaling supplies makes your personal journal necessarily customized. Whether you choose to buy a ready-to-use bullet journal or you decide to build your own journal from scratch, what ultimately matters is that it corresponds to your special needs."}, {"type": "image", "content": "https://miro.medium.com/max/8192/1*YNF6HFpuMjMM4KDqzGTrAQ.jpeg"}, {"type": "sentence", "content": "At the end of 2021, you will reflect on what you achieved during this year. Not only will you see all the crossed out items, you will also have gathered a picture of your own personality during this year. Believe me, you don't want to miss that feeling!"}], "topic": "productivity", "uuid": "8cab77f05afecc2a4d65d1083a0e19cfb704fbca40dc2b440859e2e9", "link": "https://medium.com/writers-blokke/dear-2021-readers-bullet-journaling-is-not-outdated-d2fa8569a832"}