{"title": "\"A Tiger Catches a Mouse With His Whole Strength\"", "data": [{"type": "image", "content": "https://miro.medium.com/max/10144/0*nbGDec0RofRldzVL"}, {"type": "subtitle", "content": "Attacking small problems early on eliminates larger ones later"}, {"type": "sentence", "content": "Suzuki Roshi's quote and that of his colleague are about karma and the nature of problems. When the tiger is hunting, he is totally focused on the job at hand. If a problem arises he deals with it then, not later, and eats. Some days he eats well, others not, but with each hunt he eats something."}, {"type": "sentence", "content": "It is easy to procrastinate about problems especially if they are minor. Maybe you made a small promise to a friend but didn't get around to doing it. Maybe you put off a bill because 'it's not that important'. Or skipped an oil change. You get my drift. These small things can blow up into major problems if you let them by simply not taking action when they are manageable."}, {"type": "subtitle", "content": "Procrastination almost always comes back to haunt you"}, {"type": "sentence", "content": "We all do it. I'm tired, I can't get to it right now, it's not that important. Until it is. When I started freelancing, for example, I would often procrastinate until I found myself up against a deadline with no ideas and too much work ahead of me. And faced with making an excuse. I occasionally lost a job because of it and worse, a client."}, {"type": "sentence", "content": "So I made a personal rule: I always start a writing job right away, even if it is only opening a browser tab and starting a doc with a project name. That way it is staring me in my face every time I open the browser. In fact, this is how I organize my current jobs. The tab doesn't get closed until the job is billed or published. It's my way of keeping a how-to list."}, {"type": "sentence", "content": "This extends out to a lot of other things. Paying bills right away while they are still small and manageable. Returning calls and texts. Doing things for people when they need them, not on my schedule. And it's liberating."}, {"type": "sentence", "content": "Don't get me wrong, it took a long time to figure out that using your whole strength on small things helps you avoid needing it for really hard things later. I once procrastinated on a non-fiction book contract. I had three months to write a trade paperback, about 80,000 words. Tight, but doable. But I put it off. Days went by. I couldn't get started even though the entire thing was outlined on a page by page basis."}, {"type": "sentence", "content": "And that deal was important. It was a multi-book deal worth quite a bit and I was something of an unknown risk for the publisher. Not to mention I had been paid an advance. It started to keep me up at night worrying. And every day that mouse was turning into a giant cow I had to kill and eat."}, {"type": "subtitle", "content": "Karma is about reputation"}, {"type": "sentence", "content": "My worrying was as much about my reputation as it was about the project. I'd worked hard to get this deal. Finally, with one month to go. I wrote the first chapter. It wasn't so bad! I started writing more and more and I made my deadline, and got paid. But the payment was not the big thing, nor was the book. It was the sense of relief it brought. A great mental weight was off my shoulders. And I vowed to never let that happen again."}, {"type": "sentence", "content": "There is a notion that karma has to do with good deeds. I think it has to do with being an honorable person, a respected person with a good reputation. To achieve those things you have to deal with problems. And it is a lot easier when they first arise. Big problems seldom start as big problems. They escalate."}, {"type": "subtitle", "content": "This applies to pretty much everything"}, {"type": "sentence", "content": "Suzuki Roshi was a revered Zen teacher who was instrumental in raising awareness of Zen Buddhism in America. Not to be confused with his predecessor, D.T. Suzuki (Suzuki is a common surname in Japan), who actually wrote that book that started American Zen. Shunryu Suzuki came later* and one of the most famous books about Zen, Zen Mind Beginner's Mind consists of his short lectures to his students at the San Francisco Zen Center."}, {"type": "sentence", "content": "Almost the entire focus of Zen, and Buddhism at its core, is living in this moment at all times. Meditation is a practice at doing this and Buddhism is itself far more of a training regimen than a conventional religion. And karma, the law of cause and effect, is central to this training model."}, {"type": "sentence", "content": "When you address the situation at hand instead of putting it off you are living in the present and you will see the nature of karma. It's not some mysterious Asian concept, it is a core aspect of life. Your actions now determine the direction of your life, even the small ones."}, {"type": "sentence", "content": "*Interesting anecdote: When Shunryu was asked about D.T., he said, \"He is the big Suzuki, I am the small Suzuki\"."}], "topic": "productivity", "uuid": "8dae841f681d2b74f9baee71afb9e1fcfaff50c1cf7303a81c22ba63", "link": "https://medium.com/curious/a-tiger-catches-a-mouse-with-his-whole-strength-c9ba3b597383"}