{"title": "Hopscotch", "data": [{"type": "image", "content": "https://miro.medium.com/max/1714/1*pJi4V6FpYHl3BA2MwlrYeA.png"}, {"type": "sentence", "content": "\"Did you buy Ella an hourglass?\" I asked. I didn't think a breakable glass object was a good toy for a nine-year-old."}, {"type": "sentence", "content": "\"She has an hourglass?\" My wife shrugged. \"Not my doing. Maybe she traded one of her dozen pandas for it.\""}, {"type": "sentence", "content": "I padded upstairs and knocked on Ella's door. \"Enter,\" she said. She was fiddling with a foot-tall hourglass enclosed in a wooden, three-column frame engraved with wild animals. Luminescent turquoise sand flowed from one bulb to the other."}, {"type": "sentence", "content": "\"Are you timing something?\" I asked."}, {"type": "sentence", "content": "Ella studied the hourglass. \"Nope. I mean, yup. I'm watching the sand, Daddy.\" She held the hourglass to her ear. \"It sounds like a wind chime.\""}, {"type": "sentence", "content": "\"How's it going?\""}, {"type": "sentence", "content": "She pursed her lips. \"It's almost time.\" She ran her fingertips along the side of the glass. \"Maybe another few minutes.\""}, {"type": "sentence", "content": "\"Where did you get the hourglass?\""}, {"type": "sentence", "content": "\"Magda gave it to me.\""}, {"type": "sentence", "content": "\"Who's Magda?\" I thought I knew all of Ella's friends."}, {"type": "sentence", "content": "\"She's my hopscotch friend.\""}, {"type": "sentence", "content": "I sat next to Ella on her bed. \"Is Magda a new neighbor or a kid in your class?\""}, {"type": "sentence", "content": "\"Nope.\" Ella glanced up. \"I have a playdate with Magda soon.\" She opened her eyes wide and offered me her puppy dog face. \"Can I go outside and play hopscotch, please?\""}, {"type": "sentence", "content": "I looked out the window. Ella's hopscotch board, a quilt of dayglo red, yellow, purple, green, and orange chalk lines forming squares with the numbers one to ten inside, occupied the pavement in front of our house."}, {"type": "sentence", "content": "It was time to do my parental due diligence and learn more about Magda. \"Where does your friend live?\""}, {"type": "sentence", "content": "\"Herstmonceux Castle.\" Ella beamed. \"Yay, I said that right. I've been practicing!\""}, {"type": "sentence", "content": "\"I see.\" I leaned toward Ella. \"And where is Herstox Castle?\""}, {"type": "sentence", "content": "\"Herstmonceux, Daddy. It's brand new.\""}, {"type": "sentence", "content": "\"Herstmonceux.\""}, {"type": "sentence", "content": "\"It's in East Sussex, where Magda lives.\""}, {"type": "sentence", "content": "Who can defeat a child's indefatigable logic? Fine. I'll just keep an eye on her while she and Magda play hopscotch."}, {"type": "sentence", "content": "I glanced out the window, but nobody was there."}, {"type": "sentence", "content": "\"When is Magda arriving?\""}, {"type": "sentence", "content": "\"She doesn't come to me, Daddy. I go to her.\""}, {"type": "sentence", "content": "I narrowed my eyes."}, {"type": "sentence", "content": "\"If Magda and I jump on the exact same hopscotch squares at the same time, I go to her castle. That's why she gave me the hourglass, so we can hopscotch together. The first trip was by accident, but now we know how. Her castle is amazing! There's a moat with a bridge and everything. Magda's older brother is a knight!\" She held the hourglass with the now empty upper bulb to the light. \"I have to go, Daddy.\""}, {"type": "sentence", "content": "I watched Ella from the window. She waved to me and then jumped through several squares, landed on the ten, and vanished."}, {"type": "sentence", "content": "I snapped my phone out of my pocket and summoned Wikipedia."}, {"type": "sentence", "content": "Herstmonceux Castle's construction began in 1441..."}, {"type": "sentence", "content": "I pressed my head into my palms and tried to extract a memory that didn't exist. What squares did Ella jump on, and in what order?"}], "topic": "fiction", "uuid": "972fa530c78e1a86a1dd5865cb23830d100b5a7874aefc83bf5a8565", "link": "https://medium.com/sci-fi-shorts/hopscotch-6d3dde54ee38"}