{"title": "I'm a Very Popular Hermit", "data": [{"type": "subtitle", "content": "Fiction Friday"}, {"type": "image", "content": "https://miro.medium.com/max/5198/1*_XjUzy-YcnyJqMO7j87ShQ.jpeg"}, {"type": "sentence", "content": "Brophy sat down on his suitcase."}, {"type": "sentence", "content": "Anyone else would have surrendered, but not him. He would enjoy his weekend in the wilderness."}, {"type": "sentence", "content": "Night was falling fast. Birds or bats swooped overhead. The quiet felt ominous, like he was being watched with eager appetite."}, {"type": "sentence", "content": "He squinted up at the stars, the sun-blessed clouds. Van Gogh hadn't been crazy - or even mildly delusional like Brophy. The sky really was waves of energy pulsating the music of the universe."}, {"type": "sentence", "content": "It was too dark to take a picture to send to Audrey. She would see Brophy did not need an intervention, was not another one of her broken artists to coddle and flatter into yet another gallery show."}, {"type": "sentence", "content": "Genius sells, but mad genius shatters sales records and builds her brand. Dead artists have always been her bestsellers."}, {"type": "sentence", "content": "From somewhere behind him, a branch snapped."}, {"type": "sentence", "content": "Brophy spun around. A slobbering hound from hell knocked him flat and panted drool on his chest."}, {"type": "sentence", "content": "\"Down, Skye!\" Her voice was clear, confident, and undeniable authority."}, {"type": "sentence", "content": "The hound stood down, eying Brophy and licking its chops."}, {"type": "sentence", "content": "\"Who are you and why are you in my woods?\""}, {"type": "sentence", "content": "She was thirties-young, tall, lithe, and dark blonde. Her cool blue eyes assessed his threat. Folding her arms, she was grounded goddess."}, {"type": "sentence", "content": "She probably had a gun."}, {"type": "sentence", "content": "She definitely had a dog who couldn't wait to mangle him."}, {"type": "sentence", "content": "Brophy sat up, holding his hands high."}, {"type": "sentence", "content": "\"Please don't kill me! I'm lost. My name is Brophy James and I'm trying to find Wild River Cabins.\""}, {"type": "sentence", "content": "\"I'm not going to kill you. Too much trouble to get you out of here. You're only five miles from the resort.\" She hacked a long, serious cough and spat into the leaves."}, {"type": "sentence", "content": "Brophy stood up and stretched. \"Five miles, you say?\" He looked down at filthy jeans and ruined Italian leather boots."}, {"type": "sentence", "content": "\"Five miles. That way.\" She pointed the way he'd come."}, {"type": "sentence", "content": "She was shorter than she looked when he knew he was going to die."}, {"type": "sentence", "content": "\"That's the way I came.\" He couldn't believe he'd have to hack through the woods again to get to a warm fire and featherbed luxury."}, {"type": "sentence", "content": "\"You took the wrong fork in the road.\""}, {"type": "sentence", "content": "He rubbed his hands together and stuck them in his pockets."}, {"type": "sentence", "content": "She took a step back. \"Skye! Alert!\""}, {"type": "sentence", "content": "\"Stop! I'm an artist, not a killer!\""}, {"type": "sentence", "content": "\"Interesting how you happen to wandering around on private land the very day that my location was leaked to the media....\" She bit her lip, looked at her dog."}, {"type": "sentence", "content": "\"I don't know who you are. I'm just lost. And why would anyone care where you are?\""}, {"type": "sentence", "content": "\"I am the most popular hermit in the world. My woods are infested with bloggers, journalists, and losers.\""}, {"type": "sentence", "content": "\"Why you?\""}, {"type": "sentence", "content": "\"I come from a long line of hermits. The Clancy's. No doubt you've heard of us.\""}, {"type": "sentence", "content": "\"I haven't - and how is that even possible? How do you...have children?\""}, {"type": "sentence", "content": "\"We're not total hermits. We live with the rest of the world until we can't take it any longer. Then we come here and recover.\""}, {"type": "sentence", "content": "\"Do you...?\" He looked into her eyes. \"Who are your friends?\""}, {"type": "sentence", "content": "\"You mean lovers? Believe me, my man, I have no problem attracting exactly what I need exactly when I need it.\""}, {"type": "sentence", "content": "The dog slumped onto the ground, lay his head on his paws."}, {"type": "sentence", "content": "\"Why do you think you wound up in my woods tonight?\" She smiled."}, {"type": "sentence", "content": "A month later, Brophy's entire Hermit Series sold out the night of the opening."}, {"type": "sentence", "content": "After the show, Audrey sent him to Wild River Cabins for another intervention/inspiration weekend."}], "topic": "fiction", "uuid": "97ae821ff616ebff4d98eb017f20a9392d855e87e03f18a2914158a3", "link": "https://psiloveyou.xyz/im-a-very-popular-hermit-aa29a337483e"}