{"title": "What American Parents Can Learn from the World's Happiest Children", "data": [{"type": "sentence", "content": "Childhood in Scandinavia is a very serious business. Moreover, it's an investment that Scandinavian governments, and citizens, take very seriously. After all, a secret to a happy adulthood is in a happy childhood."}, {"type": "sentence", "content": "Perhaps, it's one of the main reasons why these Northern European countries top the list of the world's happiest nations year after year."}, {"type": "sentence", "content": "Since the birth of my (Danish-American) daughter I've been giving a lot of thought to the major differences in how Danish and American societies accommodate their children's needs."}, {"type": "sentence", "content": "Here are just a few things that I noticed Danish parents prioritize for their kids."}, {"type": "subtitle", "content": "Ability to explore and take risks"}, {"type": "sentence", "content": "My Danish husband and I were walking through Brooklyn's Prospect Park when we noticed a boy of around 5 years old leaning over a rail of a small bridge in curiosity. Neither of us paid much attention, until we noticed a woman who suddenly stopped and stood frozen, eyeing the boy and nervously looking around, searching for his parents. I could tell she was getting agitated when, luckily, a busy-with-two-other-kids mother appeared and asked her son to step down. The stranger lady barely held back from making a comment and walked away, shaking her head. Not only was she a neurotic New Yorker, but also a fear-driven American, to whom a child exploring alone in the park, even if for a minute, is a dangerous game."}, {"type": "sentence", "content": "While I wasn't surprised at all, my husband was perplexed by the woman's reaction. He said that no one in Denmark would think the boy was in danger, trusting him to be careful and mindful of his actions."}, {"type": "sentence", "content": "Danish children are treated with respect and allowed to make their own mistakes. And since getting hurt is a part of life, you might as well teach your kids about that right from the start, their parents say."}, {"type": "sentence", "content": "Forget children wearing helmets in rubber-floor playgrounds, so often seen in America. Danish kids are actually encouraged to take risks. For them, playing with saws and hammers, making fire or climbing trees with minimum supervision or interference are all perfectly normal activities, meant to make them resilient and life-proof."}, {"type": "sentence", "content": "While certainly no one wants to see their child get hurt, fear-driven parenting, so common in the U.S., is not always the best solution to keeping our kids safe. Teaching them common sense and trusting them to do the right thing might be a much better investment in the long term."}, {"type": "subtitle", "content": "Bicycles for life"}, {"type": "sentence", "content": "When I think of my childhood, I remember occasional bike rides as some of my happiest and most adventurous moments. Now, imagine a childhood of biking every day, everywhere."}, {"type": "sentence", "content": "One of the things that struck me the most upon my arrival in Denmark's capital was the number of bicycles in the streets. No one in Copenhagen seemed to be without a bike, including children. The youngest ones were pedaled around by their parents, the rest biked on their own along the city's many bike roads and paths."}, {"type": "sentence", "content": "Since bicycling everywhere is a big part of Danish culture, children are taught to ride at an early age and cycling lessons and exams are a part of the school curriculum. Due to fantastically developed biking infrastructure, riding a bike in Denmark is stress and danger-free, making it the healthiest, and happiest, way to commute. Even in Copenhagen, children of all ages use bicycles to get to their schools, arriving rosy-cheeked and energized."}, {"type": "sentence", "content": "Unfortunately, commuting by bike is not a safe option for most children, or even adults, in the U.S., especially those living in the cities. Yet it's still possible to incorporate cycling into kids' lives by seeking out safe and accessible routes, even if only on weekends."}, {"type": "image", "content": "https://miro.medium.com/max/10494/1*pxP3MG3rILHaoEGJd-L6VQ.jpeg"}, {"type": "subtitle", "content": "Beautiful surroundings"}, {"type": "sentence", "content": "When my 10 year old step-daughter joined a (well-ranked) public school in Brooklyn, she asked me why schools in New York looked like jails. I got defensive, but I knew what she meant. Bleak corridors, colorless rooms, barred windows, lack of fresh air, metal fences around the building - nothing about her school was \"cozy,\" the word so loved in her home country."}, {"type": "sentence", "content": "Back in Denmark, famous for its architecture, my step-daughters' public school looked like a building out of a design magazine. It wasn't a repurposed structure, as it's often the case in America, but a well thought-through environment, meant to stimulate children's development and growth. It provided more than just desks. The rooms were airy and filled with light. There were areas for play and relaxation, nooks for reading, and various outdoor spaces for playing and studying. It reflected the Danish belief that growing up, especially for younger kids, is not about academic success but about playing, exploring, taking risks and connecting with the outdoors."}, {"type": "sentence", "content": "Likewise, Danish playgrounds are world-famous and known for their unique and creative designs. Everywhere you look, children's environment in Denmark is given a lot of thought."}, {"type": "sentence", "content": "While not all schools in America look, and feel, like jails, many of them do resemble institutions for mini-adults, rather than those for kids. And while we can't always control the American school system, we can make sure that at least children's home environment is full of coziness and opportunities for relaxation. Open windows, gentle lights, warm colors, soft blankets and hiding nooks don't cost a lot and can give your child that sense of comfort he or she isn't likely to get in school."}, {"type": "image", "content": "https://miro.medium.com/max/2160/1*0oyIeLmOuF-7Z3scfKjkPA.jpeg"}, {"type": "subtitle", "content": "Lots of outdoor time"}, {"type": "sentence", "content": "A Russian friend of mine told me of a time when she left her baby in a stroller on the balcony in winter, as many Russians do, causing tenants in her New York building call the management company to complain. This much is obvious: not only Americans like to put their noses in other people's business, they also don't trust that fresh air, even, or especially, when it's cold outside, is good for children. This is a belief that parents in all Northern European countries share."}, {"type": "sentence", "content": "Despite, or because of, their infamous climate, Scandinavians are obsessed with fresh air. And they start early. Babies sleep outside in their strollers for hours each day, even in the coldest months. Bundled up, they gradually develop resistance to cold, while receiving all the benefits of fresh air. In general, people across all Scandinavia believe that connecting with nature and the outdoors of any kind is an essential part of growing up healthy and happy."}, {"type": "sentence", "content": "In Danish kindergartens and schools children spend a lot, if not all, of their time outside, in any weather, both playing but studying. Forest schools, where children's entire study is conducted in a forest, originated in Denmark and is now quickly gaining traction around the world."}, {"type": "sentence", "content": "On the contrary, in her Brooklyn school, my step-daughter often spent her days in poorly, if at all, ventilated rooms, with short outdoor breaks and alarmingly short recess times. And while not much can be done to take the lessons, or at least play, outside in any weather in American schools, there are many opportunities to increase our kids' outdoor time. After all, fresh air is the best, and cheapest, way to improve moods and overall productivity in children."}, {"type": "sentence", "content": "As for my own family, while we certainly struggle to maintain our lifestyle since arriving in the U.S., we're aware of the differences and gaps that need to be filled in. I know for sure, though, that my daughter, who went on her first hike at three weeks of age and didn't stop since, will be spending as much time outdoors and in nature as possible. And I'll find a way for her to bike daily, even if it means that there won't be a Starbucks around the corner for me."}], "topic": "travel", "uuid": "9b950ff1f9b23f4e6f79de8ada537eb14bb1f1d47b9a076608ec9863", "link": "https://psiloveyou.xyz/what-american-parents-can-learn-from-the-worlds-happiest-children-1ab60236ac91"}