{"title": "The Remains", "data": [{"type": "image", "content": "https://miro.medium.com/max/7776/0*luKdo4QaCw-lwJoF"}, {"type": "sentence", "content": "Cigarette smoke recalled better times. Were he a childless bachelor again, Amin could spend a lifetime at that nameless street, inhaling secondhand smoke and reminiscing about Hasan."}, {"type": "sentence", "content": "Hasan would smoke in the same manner: always anchored with one foot to the wall behind him. The only difference was that, unlike the stranger before Amin now, Hasan would rather fidget with a lighter than a smartphone, amused by how, with one, seamless motion of the thumb, man could summon fire."}, {"type": "sentence", "content": "\"Isn't it interesting?\" he asked."}, {"type": "sentence", "content": "\"I suppose so. I just never really thought about it,\" Amin replied."}, {"type": "sentence", "content": "\"Suppose?\" Hasan repeated, \"Friend, I know you don't smoke, but at least think. This substance - if we can call it that - fills your stomach. Fire is food. Fire is industry. It's Dhaka. It's New York. Fire is finance and economy. And yet, all of us today can call it and bid adieu as we please.\" Hasan lifted his thumb from the lighter's button to illustrate."}, {"type": "sentence", "content": "After an hour-long exam about search and sort algorithms, Amin wondered how his classmate could muster the energy for poetry."}, {"type": "sentence", "content": "\"Ever consider switching your major to literature?\" he asked."}, {"type": "sentence", "content": "\"Hah, don't tempt me!\" Hasan laughed. He inhaled once more and released a wisp of smoke, trailing which were the words, \"I'll need to give something up if I want to leave this fucking city.\""}, {"type": "sentence", "content": "\"And go to America?\" Amin asked."}, {"type": "sentence", "content": "\"Sure. Anywhere that'll take me.\""}, {"type": "sentence", "content": "Hasan's desire to leave Dhaka couldn't be motivated by money; the rich, he said, were prone to worse tragedies than the poor, citing Shakespearean plays."}, {"type": "sentence", "content": "Amin, who had no intention to abandon his family for adventures abroad, watched Hasan labor for reasons unspoken. Through university, Hasan's lectures became less abstract and more grounded in current events and business. Ramblings about fire were replaced by findings on LinkedIn - about bigger and better ways to outshine one's colleagues."}, {"type": "sentence", "content": "\"Why don't you intern?\" Hasan once asked. \"Don't you want to work?\""}, {"type": "sentence", "content": "\"Well, I'm not sure. I'd just rather focus on what I have going on for the time being and save work for when it comes,\" Amin replied."}, {"type": "sentence", "content": "\"Amin, my friend, you need to keep your eye on the game - keep yourself relevant. No one's going to hire a clumsy fresher waiting for the right time to ripen.\""}, {"type": "sentence", "content": "Internships were Hasan's obsession in his third year of university. Maps of Bangladesh and Dhaka spanned his dormitory wall, adorned with lists of companies hiring. Signifying trainlines were trails of orange highlighting meandering through the country - a reference for interviews and, should things go well, the daily commute. Such geographical details were perhaps excessive, but they yielded success nevertheless; interviews and daily commutes were plentiful."}, {"type": "sentence", "content": "After graduation, the walls of Hasan's apartment reflected a similar reverence for geography; yet the various maps of Bangladesh and Dhaka were now replaced by those of England, Canada, and the United States."}, {"type": "sentence", "content": "\"I hear you'll need a driver's license to live in Silicon Valley,\" Amin said, admiring an intricate road map of California."}, {"type": "sentence", "content": "\"America's a weird place. So big, so rich, yet no public transport,\" Hasan said."}, {"type": "sentence", "content": "\"Hopefully the food's nice. They say the women are at least,\" Amin said, chuckling at his imagination of blonde, bikini-clad women walking the streets. Of course, for a man arranged to be married by the end of the year, blondes and bikinis were far-fetched fantasies to Amin. Yet, he was sure the charms of California were within reach for Hasan and his free spirit."}, {"type": "sentence", "content": "\"I see women are on your mind lately. Not a surprise, though,\" Hasan said."}, {"type": "sentence", "content": "\"They're not on yours?\" Amin asked, encroaching on territory undiscussed in their college life."}, {"type": "sentence", "content": "Hasan didn't entertain the topic. Instead, his face was buried in a book about graph algorithms. Accustomed to Hasan's aloofness, Amin imagined his friend's mind lost, as it often was, in thoughts of space-time complexity - a place without love and sex."}, {"type": "sentence", "content": "A place without love and sex - was that not Dhaka to Hasan everyday? When he received the call, Amin realized it had to be so."}, {"type": "sentence", "content": "\"It was a mess,\" said Farhad."}, {"type": "sentence", "content": "Farhad had been a former classmate who lived nearby Hasan. Obligation forced him to make the call."}, {"type": "sentence", "content": "\"I won't tell you the details - I just can't. Don't turn on the news either. Please,\" he said."}, {"type": "sentence", "content": "\"I ju - I just don't understand,\" Amin said, his voice muffled by a relentless urge to sob."}, {"type": "sentence", "content": "\"But, you do know, don't you?\" Farhad said. \"Hasan was gay.\""}, {"type": "sentence", "content": "Amin didn't know. As he mourned Hasan, he couldn't care to know."}, {"type": "sentence", "content": "\"I know he was your friend. But, with all due respect, this is what happens to such people, Amin.\""}, {"type": "sentence", "content": "\"This hitman,\" Farhad continued, \"on paper he might have been sent by a vengeful wife, but we all know he was sent by God. You were close to him, but please remember that. Keep yourself safe.\""}, {"type": "sentence", "content": "Keep yourself safe. As Amin watched the stranger stomp out his cigarette's blaze, those words of warning lingered in the remains. What could possibly endanger me now? Amin wondered. The only fire that could - he was no more."}], "topic": "fiction", "uuid": "a0f67442514d537a5d3f241474441d41de379d2072a44bc7e8cf0296", "link": "https://psiloveyou.xyz/the-remains-f6549847122d"}