{"title": "The Most Successful Superbowl Ad Was Never Aired and It Was Genius", "data": [{"type": "image", "content": "https://miro.medium.com/max/1752/1*HQ1vTWIRSb21dG2jHLf2FA.png"}, {"type": "sentence", "content": "Skittles Case Study: The Play"}, {"type": "sentence", "content": "Opening Scene"}, {"type": "sentence", "content": "The curtains open to the Skittles Boardroom. The marketing team sits around a large table with a giant bowl of Skittles in the middle. There is a whiteboard with lots of ideas scrawled on it, many of which are crossed out."}, {"type": "sentence", "content": "A stressed-out lady, Lisa, is pulling at her hair. She shouts, \"the Superbowl is fast approaching. We need a creative, innovative commercial to cut through the clutter. We need something different!\""}, {"type": "sentence", "content": "Gary, the intern, nods his head, \"it's like the Superbowl of advertising,\" he says with a huge smile. The room is silent."}, {"type": "sentence", "content": "Brittany, the new head of creative, stands. \"I've got a crazy idea... so crazy that it just may work. Close your eyes and picture this...\""}, {"type": "subtitle", "content": "It Started With an Idea So Far Out of the Box; the Box Wasn't in the Picture"}, {"type": "sentence", "content": "Advertising during the Superbowl is a costly exercise. The rate for a 30-second spot this year is approximately $5.5 million. That's a lot to invest for such a short spot, and of course, it doesn't include the cost of producing the commercial. Several companies have been looking at inventive ways around this, but none compare to what Skittles did in 2019."}, {"type": "sentence", "content": "Mars, the parent company of Skittles, and their advertising agency DDB Worldwide decided to ambush the USA's biggest sporting event. Instead of advertising during the game, they decided to run their commercial as a Broadway musical on the same day, leading up to the Superbowl."}, {"type": "sentence", "content": "It would be a 30-minute live commercial viewed by theatergoers and never air on TV or online. The idea sounded crazy - so crazy it just might work."}, {"type": "subtitle", "content": "Forget Hamilton; See Skittles"}, {"type": "sentence", "content": "To make this a success, DDB needed to do it right. The first step was obtaining the help of a Broadway expert, Patrick Milling-Smith, winner of eight Tony Awards for production. The advertising team behind the campaign then attended almost every show running on Broadway and read hundreds of plays."}, {"type": "sentence", "content": "They enlisted playwright and Pulitzer finalist Will Enol to write the musical. It needed to be of high quality to make the campaign a success. Finally, they employed a 17-member cast with Michael C. Hall of Dexter fame in the lead role."}, {"type": "sentence", "content": "As word spread of the audacious project, Skittles the Musical started generating a buzz. Billboards appeared in Times Square advertising the musical, and tickets went online for sale. Priced similarly to a real Broadway show - up to $200 a ticket - it sold out in 72 hours (all proceeds went to Broadway Cares/Equity Fights AIDS and were matched by Skittles.) At a minute-per-minute cost, it was actually more expensive than the cost of top-tier seats for Hamilton."}, {"type": "sentence", "content": "A week before the musical, a behind-the-scenes recording of the show's main musical number, 'Advertising Ruins Everything,' was released."}, {"type": "sentence", "content": "(Warning: this song is a guaranteed earworm)"}, {"type": "sentence", "content": "It was soon followed by a cast recording of the full song list on Spotify. This was following all the marketing promotion of a regular musical."}, {"type": "sentence", "content": "But it was a commercial."}, {"type": "subtitle", "content": "Take Your Seats, Please"}, {"type": "sentence", "content": "The advertising team behind the stunt wanted the theatrical experience to be as realistic as possible. They had vendors outside the theater selling 'unauthorized' knockoff Skittles Commercial: The Broadway Musical T-shirts at half the price of the 'official' T-shirts sold inside."}, {"type": "sentence", "content": "Audience members were invited on stage before the show to visit the bodega, which was the production setting. They were allowed to peruse the shelves and attempt to make a purchase. There were standard household items, pet food, snacks, and lots of candy stocked on the shelves. The only thing anyone could actually buy - Skittles."}, {"type": "sentence", "content": "It truly was an immersive experience."}, {"type": "sentence", "content": "But it was a commercial."}, {"type": "subtitle", "content": "\u200bMega Meta"}, {"type": "sentence", "content": "That was one of the musical's opening lines in what the New York Times described as \"metatheatrical to the max.\""}, {"type": "sentence", "content": "From the outset, the musical did not attempt to hide the fact that it was a marketing stunt aimed at promoting Skittles. They trolled the world of advertising and marketing, and the script was littered with self-deprecating humor."}, {"type": "sentence", "content": "The plot centers upon Hall's anxiety upon the realization that participating in a musical advertisement could negatively impact his career. Throughout, he questions his decision to accept the role. His first song is This Might Have Been a Bad Idea. The main song, Advertising Ruins Everything (still in your head, isn't it?), features lyrics such as, \"it ruins the web, and it ruins TV, and it fills our inboxes with spam/And there's nothing we hate more than each time you pay for a targeted ad on Instagram.\""}, {"type": "sentence", "content": "While making fun of the whole experience, the musical was an entertaining production, and people started sharing their experience on social media with the hashtags #SkittlesTheMusical and #AdvertisingRuinsEverything."}, {"type": "subtitle", "content": "What the Critics Said"}, {"type": "sentence", "content": "Who would have ever thought that the New York Times would write about an advertising campaign in the Arts section? Yet the show got glowing reviews from theatre critics in The New York Times and The Washington Post. Many media outlets praised both the production and the advertising campaign. In all, the campaign was covered in more than 1,000 publications and news broadcasts."}, {"type": "sentence", "content": "The musical got far more media coverage than a 'regular' Superbowl ad. It received more than 2.5 billion earned impressions - 25 times the viewership of the big game."}, {"type": "subtitle", "content": "And the Award Goes To"}, {"type": "sentence", "content": "Each year the best of Broadway compete for the ultimate prize in theatre - the Tony award. While Skittles sadly didn't win any Tonys, it did win the following:"}, {"type": "sentence", "content": "Cannes Lions 2019"}, {"type": "sentence", "content": "M&M Global Awards 2019"}, {"type": "sentence", "content": "Adweek Media Plan of the Year 2019"}, {"type": "sentence", "content": "AdClub Brave Brands Honoree 2019"}, {"type": "subtitle", "content": "Advertising Doesn't Need To Ruin Everything"}, {"type": "sentence", "content": "Skittles took a huge risk with this campaign. If it wasn't executed perfectly it could have been a mistake."}, {"type": "sentence", "content": "The time and research they took to ensure they could produce a Broadway standard production paid off. You need commitment to an idea when it is as audacious as this one - attempting to disrupt the Superbowl, the biggest day in advertising."}, {"type": "sentence", "content": "I can't recall any Superbowl ads from 2019, and I'm willing to bet you can't either. But Skittles the Musical will live on in marketing history."}, {"type": "sentence", "content": "Let's hope more brands take risks like this."}], "topic": "marketing", "uuid": "a24aab30a0c1174ef5e1c48b7863b4f661ea1e68bb70a37cdb148709", "link": "https://medium.com/better-marketing/the-most-successful-superbowl-ad-was-never-aired-and-it-was-genius-b91c606e51ef"}