{"title": "The big paradox of productivity", "data": [{"type": "subtitle", "content": "Design Leadership Series"}, {"type": "image", "content": "https://miro.medium.com/max/10000/1*FIeCiFyPzaMMBSDrlLV8UQ.jpeg"}, {"type": "subtitle", "content": "Productivity \u2260 Speed"}, {"type": "sentence", "content": "There is a lot of rhetoric around productivity, particularly during the current climate. Whether we lead designers, engineers or product people, we're all likely governed by the same overriding drive to nurture and maintain a \"productive\" workforce. This matra compels those in leadership roles to look beyond short-term hacks and quick fixes, in the search for more radical approaches to increasing our teams' productivity."}, {"type": "sentence", "content": "Generally speaking, who wouldn't want their teams to be more productive? The benefits are fairly obvious. Achieving a higher state of productivity is likely to give organisations a competitive advantage, allowing them to bring ideas to market quicker than their competitors."}, {"type": "sentence", "content": "Being more productive also has the virtue of allowing organisations to be highly responsive to the needs of their customers; making better decisions and getting value in customers' hands on a regular and steady cadence. Closing the metaphorical feedback loop."}, {"type": "sentence", "content": "However, the language associated with a drive for productivity can and often is easily misconstrued as a message of speed. Go faster, do more, increase our output and achieve more with the same. I'd argue, however, that focus, not speed, is the biggest ally in our pursuit of productivity."}, {"type": "sentence", "content": "Being productive isn't about doing more, it's about making our current efforts count - maximising the impact of every endeavour."}, {"type": "subtitle", "content": "The paradox"}, {"type": "sentence", "content": "In the world of product, I believe the pursuit of speed is actually at odds with the sentiment of productivity. An overriding emphasis on speed can actually do more harm than good! Productivity isn't about constantly making compromises. It isn't about reducing the quality of work. Neither is it about measuring velocity, story points, lines of code written, screens prototyped and so on."}, {"type": "sentence", "content": "Productivity is defined as:"}, {"type": "sentence", "content": "I'd draw special attention there to the word \"useful\". In a product context, this means creating something that adds real, demonstrable value to the customer and the business. A relentless pursuit of speed has little bearing on whether working faster actually derives any more value. The likelihood, in most cases, is that working faster will actually mean making poorer, ill-informed choices."}, {"type": "sentence", "content": "This is the paradox of productivity."}, {"type": "sentence", "content": "In the absence of focus, the consequence of speed is to increase risk, create waste and incur product debt. We turn every endeavour into a high stakes gamble, rather than do the due diligence of discovery. We end up shortcutting or altogether circumventing those practices that are designed to reduce risk, validate our ideas and reduce our reliance on assumptions, biases and the lure of our own hubris."}, {"type": "sentence", "content": "Where the only and overriding concern is speed, we'll inevitably start to trade off on the rigour and robustness of our decision-making, as well as the quality and likely impact of our outputs."}, {"type": "sentence", "content": "So, if focus is our biggest ally and we need to temper speed to obtain a state of healthy productivity, how do we, as leaders, drive and leverage focus?"}, {"type": "subtitle", "content": "Leading with focus"}, {"type": "sentence", "content": "As leaders, one of our key responsibilities is to provide clarity and focus. This should be apparent both in terms of how we communicate with our teams, as well as our efforts to help them align and orientate around the work that really matters. Cutting through the noise of possibility to focus relentlessly on that which will have a meaningful impact."}, {"type": "sentence", "content": "Our job is to help teams filter their conversations, to triage opportunities and to establish a strong causal link between their day-to-day work and outcomes they are trying to drive. Sometimes this will mean putting on the brakes; momentarily fending off that urge to be busy, to feed the machine and to keep the wheels of productivity turning."}, {"type": "sentence", "content": "In some cases, the best route forward may be to pause, think, evaluate and decide; a sequence that oddly feels counter-productive. However, time allows us to reflect, to reassess our choices, and to make sure we're doing the right things, for the right people, for the right reasons. It allows us to carefully consider our options, establish a trajectory, and define what success looks like."}, {"type": "sentence", "content": "As Mahatma Gandhi famously said:"}, {"type": "sentence", "content": "Fortunately, many organisations will have developed the systems and practices necessary to help modern product companies achieve focus; including:"}, {"type": "subtitle", "content": "Product Discovery"}, {"type": "sentence", "content": "A mature and established approach to Product Discovery is critical to providing focus. Faced with a number of opportunities and ideas, discovery practices help product teams to narrow in on the most valuable problems to solve and relevant solutions to build; mitigating the risks of acting on our assumptions. The absence of discovery is not only a very expensive way to learn but overlooks the role of discovery in providing focus; establishing what to build, for whom and to what end."}, {"type": "subtitle", "content": "OKRs (Objectives & Key Results)"}, {"type": "sentence", "content": "OKRs (or Objectives and Key Results) are a great tool for providing focus and alignment. OKRs allow product teams to explicitly connect their efforts to a wider set of cascading, outcome-focused objectives. These objectives and their associated measures (or key results) should serve as a filter; narrowing in on only those endeavours that can specifically be attributed to a team's current objectives. This allows teams and individuals to actively filter out anything that would otherwise be considered out of scope."}, {"type": "subtitle", "content": "Product Thinking"}, {"type": "sentence", "content": "Again, whether you are a leader in the design, engineering or product space, Product Thinking unites us in an approach and mindset towards the intentional act of Product Design. Product Thinking seeks to create an explicit connection between the goals and needs of a target market and your product offering; creating the core of a proposition that resonates and addresses customers' Jobs-to-be-Done. Product Thinking drives us to focus on the fundamentals of what's needed to achieve and maintain Product-Market Fit."}, {"type": "subtitle", "content": "Changing the conversation"}, {"type": "sentence", "content": "So, to lead with focus, not only do we need to become comfortable with these tools and approaches, but we need to actively integrate them both as part of our design activities and wider product practices. We need to ensure those we lead can apply these tools to help shape their decisions, inform their product work and move forwards quickly, but most importantly with focus."}, {"type": "sentence", "content": "To avoid the productivity paradox, we need to shift the conversation from one of speed to one of focus; where there is a shared and prevalent belief that focus is the leading indicator of productivity. We need to help reframe conversations around productivity to consider how we reduce waste and increase the impact of our work."}, {"type": "sentence", "content": "Remember, productivity is not about going faster, It's about spending our efforts where it matters most."}, {"type": "sentence", "content": "Cover image by upklay courtesy of www.freepik.com."}, {"type": "image", "content": "https://miro.medium.com/max/188/0*XuGsuLxRbbHCG4uN"}], "topic": "productivity", "uuid": "a6c3141e36f125fa2ca677d27cfd1e76adaeab7552355133e506eed2", "link": "https://uxdesign.cc/the-big-paradox-of-productivity-8cde7ed9ed8a"}