{"title": "Affiliate Marketing: Creating a Salesforce or Side Income", "data": [{"type": "image", "content": "https://miro.medium.com/max/12000/1*KI0FI2FAasQ3y5jIKetxiQ.jpeg"}, {"type": "sentence", "content": "Marketing can be a costly investment for businesses. Significant investments into advertising can be an elevated risk if you do not know the return."}, {"type": "sentence", "content": "Wouldn't it be great if someone else better at marketing took up that risk and funded the marketing?"}, {"type": "sentence", "content": "You could pay them a small commission fee for each sale."}, {"type": "sentence", "content": "You can also earn money selling other businesses' products, without the risk of needing to invest in a business and creating products yourself."}, {"type": "sentence", "content": "This process is called affiliate marketing."}, {"type": "sentence", "content": "This article explores affiliate marketing, how it works, and the benefits it provides."}, {"type": "subtitle", "content": "What Is Affiliate Marketing?"}, {"type": "sentence", "content": "Affiliate marketing is an endorsement-based advertising strategy that earns promoters (affiliates) money when internet users act on that marketing."}, {"type": "sentence", "content": "Based on a revenue-sharing model, vendors (merchant) offer a financial incentive such as a commission, through an affiliate program. Affiliates earn a piece of the profit for each sale by creating marketing content to try redirect customers through a customer URL to the merchant's product."}, {"type": "sentence", "content": "Affiliates can make money promoting products and services and earn an income, without actually having any of their own."}, {"type": "sentence", "content": "For the merchant, affiliates invest their own time and money into marketing your products or services, expanding their reach to their target audience."}, {"type": "sentence", "content": "According to Mediakix, affiliate marketing spending increases every year in the USA, with around a 10% yearly increase in affiliate marketing spending."}, {"type": "subtitle", "content": "How Affiliate Marketing Works"}, {"type": "sentence", "content": "Affiliate marketing involves four different parties:"}, {"type": "sentence", "content": "From a marketing point of view, there are two components: the merchant who has produced the product or service for sale and the affiliate marketer who promotes it."}, {"type": "sentence", "content": "With a traditional business model, the seller bears the risk that profit exceeds the overall marketing costs. However, an affiliate takes on the promotion efforts and then earns a piece of the profit from each sale they make. Usually, via a predefined commission, sales are tracked via personalised affiliate links."}, {"type": "sentence", "content": "For the affiliate, they need to be good at marketing. It works similarly to somebody employed in sales on commission, such as real estate agents, to incentivise their performance."}, {"type": "sentence", "content": "It is a massive benefit to the merchant to have a purely commissioned sales force and predictable marketing costs."}, {"type": "sentence", "content": "On the other hand, affiliates can create a revenue stream without investing in inventory or infrastructure."}, {"type": "image", "content": "https://miro.medium.com/max/1500/0*oy6R7pMLE0Hm1YAm"}, {"type": "subtitle", "content": "1. The merchant"}, {"type": "sentence", "content": "The merchant is also known as the seller, vendor, or retailer. They are the party who created the product to market - it could be a physical object or a service. They could be a sole trader or a large corporation."}, {"type": "sentence", "content": "After creating a product or service, the firm does not have to be actively involved in marketing. They have others do the promotion, in exchange for a commission on sales."}, {"type": "subtitle", "content": "2. The affiliate"}, {"type": "sentence", "content": "Also known as the content creator or the publisher, the affiliates try to create appealing marketing to attract customers to the merchant's website. They create content for the products to share on social media, blogs, and websites."}, {"type": "sentence", "content": "Affiliates often already have an audience or following on social media, so they choose products in their niche that meet their audience's needs. For example, If I had built an audience posting content about fitness and health, I would not become an affiliate marketer for a candy company."}, {"type": "subtitle", "content": "3. The network"}, {"type": "sentence", "content": "Often, affiliate marketing networks manage merchant/affiliate relationships. There are two fundamental relationships: the first is with the affiliate, and the second is with the merchant. The network works as an intermediary between the merchant and the affiliate."}, {"type": "sentence", "content": "Affiliate marketing networks such as Linkshare, Commission Junction, and Clickbank facilitate tracking sales transactions, payments, and product delivery. Their technology tracks all the activities and manages the commissions and the issuance of payments to affiliates."}, {"type": "sentence", "content": "These networks serve as a database for affiliates to choose products or services to promote."}, {"type": "sentence", "content": "Networks make participation easy for both the merchant and the affiliate by managing the application process."}, {"type": "sentence", "content": "Amazon also has an affiliate network (Amazon Associates Affiliates Program) to promote consumer products, such as books and toys, sold on their platform."}, {"type": "subtitle", "content": "4. The consumer"}, {"type": "sentence", "content": "The consumer (or customer) needs to purchase for this relationship to work. If they do not purchase, there is no revenue, and affiliates do not receive a commission if consumers don't buy the product - the seller and the affiliate share in the profits."}, {"type": "subtitle", "content": "The Benefits of Affiliate Marketing"}, {"type": "sentence", "content": "Affiliate marketing is beneficial to both the merchant and the affiliate. The relationship spreads the responsibilities of marketing, leveraging various individuals' abilities for a more effective marketing strategy."}, {"type": "sentence", "content": "For the affiliate, it is an inexpensive method of making money with little overheads. It allows digital marketers to make money as free agents for a variety of merchants. The affiliate gets a share of the profit and the merchant benefits from predictable marketing costs as a percentage of sales."}, {"type": "subtitle", "content": "How do affiliates get paid?"}, {"type": "sentence", "content": "Affiliates receive a commission payment from the merchant, depending on predefined consumer actions. These include pay per click - redirect of a consumer, such as a click-out to their online shop for a lead; or they might pay per sale if a transaction takes place."}, {"type": "sentence", "content": "The retail price includes the affiliate's share of the profit, so there is no extra fee placed on the customer for sale through affiliates. Affiliate marketing company or networks create customised affiliate URLs for each affiliate, to track their sales."}, {"type": "subtitle", "content": "Merchant Strategy"}, {"type": "sentence", "content": "Assume you already have a product or service to sell and there is a market for it. Merchants find affiliates, often through an affiliate network, to promote their product or service."}, {"type": "sentence", "content": "The difficult part for the merchant is finding an affiliate who already has an engaged audience that matches their target market."}, {"type": "sentence", "content": "The commission amount positively affects the number of leads. The affiliate will work harder on their marketing. For digital products, commission rates can be 50% or even higher because they are easily replicable."}, {"type": "subtitle", "content": "Affiliate Strategy"}, {"type": "sentence", "content": "Affiliate marketers find a product or numerous products that they think are worth promoting."}, {"type": "sentence", "content": "Websites such as Gumroad help affiliates find merchants to partner with and allow them to collect commissions."}, {"type": "sentence", "content": "If an affiliate marketer starts without having a following, they could begin by reviewing products on a YouTube channel or blogging with product reviews and comparisons in their chosen niche. Part of this strategy involves trying to build your contact list by incentivising people to join your mailing list. When an affiliate has an income, using pay per click advertising will help scale up faster growth."}, {"type": "sentence", "content": "Merchants should provide their affiliates with various advertising media to suit different applications and keep fresh in the marketplace and improve the affiliates' results."}, {"type": "subtitle", "content": "Marketing Tools"}, {"type": "sentence", "content": "There are several marketing tools that an affiliate marketer can use. Firstly, targeted marketing should reach the people most likely to be a customer. If you are selling a B2B service, for example, do not use TikTok. Use the methods most likely to reach them. It could be through social media, blogging, email marketing, or paid advertising."}, {"type": "sentence", "content": "If you have chosen a product in a niche where you already have an extensive email database or a large social media following, those are the most logical places to start."}, {"type": "sentence", "content": "It could be a banner on a blog article on your website you wrote to compare products in that category that sends potential buyers to the merchant's website."}, {"type": "sentence", "content": "You might develop a whole website dedicated to the merchant's products."}, {"type": "sentence", "content": "You could use search engine optimisation through having sufficiently exciting content to get an adequate number of natural hits."}, {"type": "subtitle", "content": "Social media"}, {"type": "sentence", "content": "Studies indicate (See Olbrich, Schultz, & Bormann, 2019) that affiliates' social media activities positively affect the number of ad impressions."}, {"type": "image", "content": "https://miro.medium.com/max/12000/1*0tAvaLm2g-YrL-HWEaUs1A.jpeg"}, {"type": "sentence", "content": "Through social media, affiliates can regularly engage with existing customers and reach new ones through providing meaningful content. Leave links in your email to view social media content that may be valuable to them and have buttons at the bottom of the email to your accounts."}, {"type": "sentence", "content": "There may be a captive audience on platforms you never even considered, such as Pinterest. So at least have an account on the major social media platforms and repurpose the marketing content you already have, to suit the users."}, {"type": "sentence", "content": "Pinterest content will be different from Instagram content, for example."}, {"type": "subtitle", "content": "PPC advertising"}, {"type": "sentence", "content": "Once an affiliate is making money via organic (non-paid) lead generation, they can then take the next step and pay for advertising, to drive even more traffic to their affiliate sites."}, {"type": "sentence", "content": "However, it is essential to know and improve your numbers through analysis and optimising ads. Firms should analyse the analytics such as price paid for each click, conversion rates after clicking through to the website from ads, and the average commission. These figures dictate how profitable their advertising is."}, {"type": "subtitle", "content": "Summary"}, {"type": "sentence", "content": "In sum, if you sell products and services online but are struggling to get many results from your marketing, affiliate marketing could be an avenue for you to approach."}, {"type": "sentence", "content": "Equally, if you want to start a side income, affiliate marketing could be a good option. If you are already blogging, affiliate marketing can complement your blog strategy."}, {"type": "sentence", "content": "Affiliate marketing works on a revenue-sharing model, where affiliates market products or services for other companies online, receiving a commission on each sale or other deliverable."}, {"type": "sentence", "content": "Thank you for reading. I hope you enjoyed the content."}], "topic": "marketing", "uuid": "acc6cebcb5817b0ffde1ff386824ff5dafcd9225acf69300c7f8d379", "link": "https://medium.com/better-marketing/affiliate-marketing-creating-a-salesforce-or-side-income-ea9f58ae4f30"}