{"title": "Discovering the Cruise Port of Livorno", "data": [{"type": "sentence", "content": "We sailed into Livorno under a blazing Mediterranean sun. Sailing these waters is like sailing into the past - long stretches of barren coastline, little villages marked with their groves of olives and grapes, the sails of small boats dotting the water. It is travelling the works of Homer, and the history of legend."}, {"type": "sentence", "content": "This area has been occupied since Neolithic times, with pieces of copper, ceramics and carved bones found in nearby caves. The Romans named the cove Liburna, in reference to a ship used by their navy. The town has been owned by Pisa, Milan, Genoa and Florence. Under the Medici, the port expanded, and two Medici fortresses still dominate the port: the Fortezza Nuovo and the Fortezza Vecchia (Cosmio I had a palace built within the Fortress Vecchia). By the end of the 17th C had become a major trading port -Livorno is now apparently the second largest shipping port in Tuscany, but little work seemed to get done. On a side note, the Italian Communist Party was founded here in 1921."}, {"type": "sentence", "content": "A bus took us to the centre of town, stopping at the Comune di Livorno (or Town Hall). Already the day was hot, and the queues outside the Tourist Information ridiculously long; many would-be explorers sat in the few spots in the shade, fanning themselves with guide-books and maps. So, we simply wandered, as gently as the heat allowed."}, {"type": "sentence", "content": "The narrow Via del Porticcolo beckoned, which leads to the Via Borra, and so to the area of Livorno called either Little Venice or New Venice (Venice Nuovo). The Via Borra traverses a small island, lined with the houses of the nobility and important merchant families of the 17th and 18th C. It runs across the Ponte di Marmo, a delightful bridge with marble parapets and covered with inscriptions left by Livornese boatmen for their loved ones."}, {"type": "sentence", "content": "Little Venice was designed by Medici architects in an effort to create the prefect city. The canals once linked the trading warehouses with the ships of the port. Most of the buildings date from the same time, giving a uniformity to design rarely seen in an Italian town. Wider than the canals of Venice, they are now filled with fishing boats and little outboards. Many of the streets are small winding lanes and, like Venice, it's a great place to wander with no destination in mind, other than a morning coffee."}, {"type": "sentence", "content": "Where the Via Borra becomes the Via San Marco stands the Chiesa Santa Caterina. Like many Tuscan churches, it has a fa\u00e7ade of rough stone, but the octagonal fa\u00e7ade is quite unusual. Founded by the Dominicans in 1720, it was not mentioned in any guide-books, but a door stood open. What an amazing find! A few hours away by bus is Florence, packed with tourists; here we were the only people in the empty church. The Chiesa Santa Caterina was empty, light, and spacious, with side chapels opening off the central corridor. Being empty, there is plenty of room to step back and admire the detailing and the numerous trompe l'oil used to give depth to the church."}, {"type": "sentence", "content": "To one side, unmarked, I found a Coronation of the Virgin, once attributed to the School of Giotto but now considered to be by Vasari. Originally published in 1550, Vasari's The Lives of The Artists remains essential reading for anyone interested in this period of art. Often called the father of art history, he was the first to use the term Renaissance in print."}, {"type": "sentence", "content": "Vasari designed the Vasari corridor in Florence and painted some of the frescoes adorning the Duomo's cupola, plus some on the walls of the Palazzo Vecchio. He also designed the loggia of the Uffizi, which opens onto the Arno."}, {"type": "sentence", "content": "Continuing along the Scali del Pontino and Scali delle Cantine, we left Little Venice and reached the Piazza della Repubblica. On the way, we dallied in some local markets. From the Piazza della Republica the Via Grande runs past the Cathedral of St. Francis of Assisi. Completely destroyed by Allied bombing in 1943, its reconstruction was not completed until 1952. Hidden in a corner I found is a small The Suffering of Christ by Fra Angelico. One of my favourite renaissance artists, Angelico's works in Florence's San Marco remain an ethereal wonder."}, {"type": "sentence", "content": "Sailing out of port we dined off cherries and plums bought in a market, along with some local prosecco, redolent of apple. As the sun set behind the hills it set the water ablaze. A stunning end to a day filled with unexpected delight."}, {"type": "sentence", "content": "If you enjoy my writing, please visit my blog Wise Men Fish Here , where (if you feel like contributing to my coffers) you can also buy my photos and my latest ebook of poetry, Songs of a Sad Summer. Thank you!"}], "topic": "travel", "uuid": "b126f57a67c84c5338a0919a02583e951d71d3b4486ac468a9787756", "link": "https://medium.com/weeds-wildflowers/discovering-the-cruise-port-of-livorno-88193e925b79"}