{"title": "How Habit Streaks Can Help Change Your Life For the Better", "data": [{"type": "image", "content": "https://miro.medium.com/max/2160/0*fkbEotfe-3zYaQdm.jpg"}, {"type": "sentence", "content": "I've experimented with various techniques over the years to build good habits. Given I'm nowhere near perfection, let's say not all methods worked well. I've since then discovered the power of habit streaks. I'm a fan, and I reckon you'd be too if you saw these results."}, {"type": "sentence", "content": "I started the year trying to get into a habit of closing all three rings (for move, exercise, and stand) on my Apple watch for 30 continuous days. Before this endeavor, my longest stretch had been eight days - so I figured a 30-day habit streak would make me feel accomplished."}, {"type": "sentence", "content": "I got through that milestone relatively easily and went on to hit the 200-day milestone. That seemed like a big deal then until I hit the 366-day milestone - holywhoppinguacamole - a whole year!"}, {"type": "image", "content": "https://miro.medium.com/max/2484/0*WWytm4oJKKJQWhV4.jpeg"}, {"type": "sentence", "content": "I know I probably sound overly excited. And for what?"}, {"type": "sentence", "content": "It's not like I invented a vaccine (the only kind of achievement that genuinely matters these days) or won an Olympic medal. But, I managed to break through a self-imposed barrier inside my own mind."}, {"type": "sentence", "content": "Without a doubt, the lesson that will stay with me forever after this one-year ring-closing-streak is this: Incredible, hard to imagine things can happen through the power of tiny positive habits."}, {"type": "sentence", "content": "So how do we create these consistent habits?"}, {"type": "sentence", "content": "There are a few options, but I'd like to focus specifically on habit streaks."}, {"type": "sentence", "content": "In my experience, no other technique comes even close in terms of guaranteeing successful habits."}, {"type": "sentence", "content": "Before I discuss any further, I'd like to emphasize that this discussion is about building positive habits. The same technique can be used in reverse to break negative habits, but I'll get to that at the end."}, {"type": "subtitle", "content": "What are Habit Streaks?"}, {"type": "sentence", "content": "Habit streaks are when you develop a streak: a continuous chain of repeating a task over a long period."}, {"type": "sentence", "content": "For instance, if you want to be better informed, you may choose a goal of reading for 30 minutes every day. A streak is when you devote 30 minutes EVERY DAY to reading regardless of how you feel, how busy you are, or what the weather is."}, {"type": "sentence", "content": "You can keep such streaks going for days, weeks, months in a row, or even years. Somewhere down the line, reading will become an automatic habit, something you simply do every day like eating and sleeping."}, {"type": "sentence", "content": "A well-known proponent of habit streaking is Jerry Seinfeld of the eponymous show. Seinfeld calls it the \"Don't break the chain\" technique."}, {"type": "sentence", "content": "Seinfeld famously wrote every day regardless of how he felt, whether or not he was inspired. On a printed calendar, he'd mark each day he wrote with a big red X. Soon, a chain of X's formed on the calendar. The growing chain became his motivation. Even when stuck in a slump, just seeing the chain of Xs would be enough to get him motivated to write because he didn't want to break the chain."}, {"type": "sentence", "content": "Similarly, seeing a chain of closed rings was sufficient motivation for me (or a guilt trip, if you're a glass-half-empty person) to not break the flow."}, {"type": "sentence", "content": "I kept this practice up for enough days in a row, and at some point, closing the three rings became a daily habit. It is part of my routine now. Has been for a year."}, {"type": "subtitle", "content": "Five Key Benefits of Habit Streaks"}, {"type": "sentence", "content": "Compared to other habit formation techniques, I find habit streaks work very well for a multitude of reasons."}, {"type": "sentence", "content": "But here are my top five:"}, {"type": "sentence", "content": "1. Avoids procrastination"}, {"type": "sentence", "content": "When you have to do something every day, you just go ahead and do it. You take away the option of postponing your action to another day."}, {"type": "sentence", "content": "This kind of forced behavior, unpleasant though it may sound, is a blessing in disguise. Instead of spending your time dreaming up creative excuses, you just get stuff done and over with."}, {"type": "sentence", "content": "2. Takes the pressure off"}, {"type": "sentence", "content": "Daily results matter less when you are engaged in an activity every day."}, {"type": "sentence", "content": "For instance, if you only run once a week, it can erode your confidence if you happen to have a bad run. However, when you run daily, a lousy day is easy to overlook since you can start the next day afresh."}, {"type": "sentence", "content": "3. Improves your craft"}, {"type": "sentence", "content": "As a general rule, barring a few exceptions, the more time you spend honing your craft, the better you'll get at it. Habit streaking guarantees that you'll spend time refining your skills."}, {"type": "sentence", "content": "If you've recently learned to drive but only take the car out once a week for 30 minutes, you are bound to encounter anxiety on the road. On the other hand, if you drive every day for 30 minutes, you will be a better, more confident driver soon."}, {"type": "sentence", "content": "4. Builds confidence"}, {"type": "sentence", "content": "Just knowing you've committed to and accomplished something, however trivial (3-ring streaks, for instance), is a major self-confidence booster."}, {"type": "sentence", "content": "There are few areas in life we get to dictate how what, and when things will happen."}, {"type": "sentence", "content": "5. Gets you organized"}, {"type": "sentence", "content": "Even if you aren't the most organized person on the planet, just having to keep up a habit streak will force you to plan your days better. And that skill will trickle into other areas of your life."}, {"type": "sentence", "content": "If your goal is to exercise for 20 minutes every day, you'll learn soon to schedule those 20 minutes earlier in the day, so you're not blindsided when you look at your watch and notice it's already 11.15 p.m."}, {"type": "sentence", "content": "Habit streaks and poor planning are antithetical to each other. Only one will survive in a battle. Hopefully, it's the habit."}, {"type": "subtitle", "content": "Five Lessons Learned"}, {"type": "sentence", "content": "I've already written quite extensively about this in my previous post here - 11 Lessons on Grit, so I won't repeat them."}, {"type": "sentence", "content": "Here are five standout lessons, based on my experience, for anyone attempting to start a habit streak."}, {"type": "subtitle", "content": "1. Start small to avoid getting overwhelmed."}, {"type": "sentence", "content": "I kept my move goal at an achievable level and didn't aim for the sky. Apple watch's algorithm kept prodding me every week to increase my move goal."}, {"type": "sentence", "content": "I was juggling several activities this year and knew my limitations in terms of time and energy. So, I found a challenging-enough baseline level and didn't change the goal as the year progressed."}, {"type": "sentence", "content": "Additionally, I aimed for a habit streak of 30 days at a time. I cannot stress how important this is. Had I started this project hoping to close three rings for a whole year, I almost certainly would have given up much earlier."}, {"type": "sentence", "content": "It can be overwhelming when you set lofty goals when it comes to habit formation. I equate this to the feeling you get on mile 2 of a marathon. If you start thinking about the 25 miles left to run, it's going to weigh you down. The trick is to keep your focus on the short term. Eventually, you'll get to the 26th mile, but thinking about it every step of the way can be mentally draining."}, {"type": "subtitle", "content": "2. It takes a system, not willpower."}, {"type": "sentence", "content": "I made exercise a non-negotiable part of my day. I'd say about 95% of the time, I managed to get my 30 minutes of exercise done in the morning when I had more control over my day. This meant waking up at 4 a.m. sometimes, but it was a small price to pay for the subsequent relief I felt through the day."}, {"type": "sentence", "content": "The words discipline and willpower are over-rated. Find a way to develop a fool-proof system to get your task done earlier in the day, if possible. Consistently, at the same time, every day is the best way to go. Make this activity non-negotiable."}, {"type": "subtitle", "content": "3. The first few days are the hardest."}, {"type": "sentence", "content": "Twenty-one days for habit change is a made-up number. Depending on the habit, it may take longer. That said, the first 60 or so days were the hardest for me."}, {"type": "sentence", "content": "I've tried other habit routines in the past but have failed because I didn't persist enough in the first few days when the going got tough."}, {"type": "sentence", "content": "So, prepare yourself for your inner voice to keep telling you it's not worth the change those first 60 or so days. This is simply your brain on resistance."}, {"type": "sentence", "content": "Don't be shy, in the early days, to treat yourself to a reward for completing your habit. Positive reinforcements help with habit building."}, {"type": "subtitle", "content": "4. Don't try too many new habits or habit changes at once."}, {"type": "sentence", "content": "I'm guilty of this. I've attempted in the past to add too many new habits too soon. That resulted in me getting nowhere. I whittled my list way down this year and was able to achieve so much more. Quality over quantity!"}, {"type": "subtitle", "content": "5. Create your own luck."}, {"type": "sentence", "content": "The common wisdom is that you need to be lucky to keep habit streaks going. I beg to differ. Luck plays a teeny-tiny part, but, in reality, you have way more leeway in creating your own luck than you admit to yourself."}, {"type": "sentence", "content": "In my case, there were countless days when the weather was too hot /too cold /too rainy, or I had too much going on at work or home. I absolutely had more than my share of legitimate excuses I could have used. But I chose not to use those because ultimately, who was I kidding?"}, {"type": "sentence", "content": "You get an extra sense of accomplishment when you brave a challenging situation to keep up your habit streaks. Cherish the challenges. They help build better humans."}, {"type": "subtitle", "content": "Ending Habit Streaks"}, {"type": "sentence", "content": "Ultimately every streak has to end. It just has to. And that's okay."}, {"type": "sentence", "content": "It's healthy and natural to end your habit streaks and move on to an improved, better habit once you get to your goal."}, {"type": "sentence", "content": "Think of it like a child mastering the alphabet. It's great when they get to a point where they can read and write all the letters from A to Z. That takes a lot of effort and practice. But then, they need to move on to words and sentences. Staying on at the level of the alphabet forever isn't helpful."}, {"type": "sentence", "content": "So, don't get too attached to the number of Xs on your habit chain once you've mastered a habit. If you genuinely don't see any value carrying on, then it's time to break the chain. Otherwise, you'll stay within your comfort zone, and that's not conducive to growth."}, {"type": "subtitle", "content": "Negative Habits"}, {"type": "sentence", "content": "Habit streaking is just a tool. It is possible to use the tool to build healthy, positive habits and, on the flip side, strengthen and reinforce negative habits."}, {"type": "sentence", "content": "That said, you can harness the power of habit streaking to remove negative habits by working to create a streak of non-performance, i.e., NOT performing the harmful habit."}, {"type": "sentence", "content": "Quitting smoking is a classic example of this. Use the power of habit streaks by marking an X for each day you don't smoke. By increasing the number of days in a row you don't smoke, you're de-addicting to the harmful habit."}, {"type": "subtitle", "content": "Tracking Habit Streaks"}, {"type": "sentence", "content": "When the tech industry realized there was a monetization opportunity to motivate people to start habit streaks, they developed apps to track streaks. You can absolutely use some of these apps if you choose to."}, {"type": "sentence", "content": "Otherwise, simply use the old-school Seinfeld-method of using a calendar and red sharpie to mark your Xs."}, {"type": "sentence", "content": "In my opinion, the only mandatory requirement of whatever tracking system you use is its visibility. You should be able to visually see the progress you are making every day, ideally first thing in the morning and at various times during the day. Not to stress yourself but to let your subconscious know that this endeavor matters to you."}, {"type": "sentence", "content": "As the habit chain starts to grow to a reasonable length, it develops superpowers of motivation. It can get you out of whatever slump you feel."}, {"type": "subtitle", "content": "Finally"}, {"type": "sentence", "content": "We rarely commit to doing something day in and day out for a whole year (other than eating and sleeping). But when we do, it opens our minds and hearts up to other possible achievements."}, {"type": "sentence", "content": "Forming a great habit does not require rocket science. It requires commitment and dedication."}, {"type": "sentence", "content": "Habit streaking can be used as a crutch to build such commitment and dedication. This tool works for a legend like Seinfeld. Even an ordinary, non-legend like me has been able to use it well. It's your turn now."}, {"type": "sentence", "content": "Go forth and streak. In the best way possible!"}], "topic": "productivity", "uuid": "b1e85bc13a360772c057b27355d1cc5dd240a853721729b68e5eb5c0", "link": "https://medium.com/the-ascent/how-habit-streaks-can-help-change-your-life-for-the-better-a194b1a22980"}