{"title": "The Rising Smoke Of My Past", "data": [{"type": "image", "content": "https://miro.medium.com/max/8672/0*1jC5WKwnXjpnrgo8"}, {"type": "sentence", "content": "Even though it was an unknown number and it had been four years since I left Delhi, the moment I picked up the call and heard a faint whisper of someone breathing, I knew it was her."}, {"type": "sentence", "content": "Realizing that, I froze."}, {"type": "sentence", "content": "I was sitting with my wife in the lounge, and my two kids were sitting on the floor beside the table, with colourful Lego blocks scattered about them."}, {"type": "sentence", "content": "\"Hello, who is it?\" I said anyway as I saw my wife looking at me, curious in her own ways about the call."}, {"type": "sentence", "content": "\"You changed your number,\" she said slowly, \"because of me, right?\""}, {"type": "sentence", "content": "I shifted the phone to my left hand, not sure what to say. The easy way was to cut the call. But I just couldn't bring myself to do that."}, {"type": "sentence", "content": "There was a pause at the other end, though I could still hear the slow rhythm of her breathing. I nodded my head a couple of times, just to give an impression that I was listening."}, {"type": "sentence", "content": "I cocked my head slightly toward my wife."}, {"type": "sentence", "content": "She had stopped looking at me, her eyes now back to the magazine she was holding limply in her hands."}, {"type": "sentence", "content": "I pressed the phone harder against my ear to ensure that whatever she says now doesn't leak out of the space between my ear and the phone."}, {"type": "sentence", "content": "But there was no sound. None at all."}, {"type": "sentence", "content": "I waited for her to say something. Say anything as the silence was roaring in my ears now."}, {"type": "sentence", "content": "\"Okay!\" I blurted out just to fill the silence."}, {"type": "sentence", "content": "A slightest of the sounds at the other end, a snicker, and suddenly I was back in time, four years in the past, nested in the bed with her, my body melting into hers as she arched and moaned and writhed in my hands."}, {"type": "sentence", "content": "I let out a shudder."}, {"type": "sentence", "content": "\"You okay, honey?\""}, {"type": "sentence", "content": "I looked at my wife. She had put the magazine down and was leaning in my direction."}, {"type": "sentence", "content": "I tried to smile, but my heart was pumping wildly in my chest now, and my face has must have given away my anxiety for she had gotten up from the couch and was coming towards me."}, {"type": "sentence", "content": "And then the courage I had not been able to muster until then came, and my fingers found the red button and disconnected the call."}, {"type": "sentence", "content": "I put the phone back at my ears and blurted out, \"Hello! Hello! Hello!\" in quick succession at the hollow silence that remained after she was gone."}, {"type": "sentence", "content": "\"Who was it?\" my wife asked."}, {"type": "sentence", "content": "\"Some shitty prankster,\" I said at once."}, {"type": "sentence", "content": "\"Why? What did he say?\""}, {"type": "sentence", "content": "\"He said - \" I gulped once. \"He said that you were in some accident, and I need to come down there.\""}, {"type": "sentence", "content": "\"What!\" she threw her head back and laughed. \"These people!\" And she laughed again."}, {"type": "sentence", "content": "It was only when I heard her laughing like that, laughing in a way which makes her eyes twinkle and entire face lights up, that I finally began to calm down."}, {"type": "sentence", "content": "She didn't suspect; she didn't suspect at all."}, {"type": "sentence", "content": "That night after the dinner, after we had put the kids to bed and after she and I had had sex, and she lay calmly sleeping behind me, I stayed awake, looking at the murky darkness of the night air above me, fighting the old sensations that had long been buried, as they rose again, exhuming the dead body of my past, giving shape to the worst of my fears."}], "topic": "fiction", "uuid": "b704e0330847130e54204aeb8d2dd4f64802988b8cf96fe4884e4f26", "link": "https://psiloveyou.xyz/the-rising-smoke-of-my-past-1149f912e37e"}