{"title": "How I Survived The Storms of 2020 as a Full-Time Traveler", "data": [{"type": "sentence", "content": "2020 was a grim year for travelers."}, {"type": "sentence", "content": "Whether you were seeking some well-deserved holidays, planning new adventures, or living a digital nomad lifestyle, the past twelve months were disappointing at best."}, {"type": "sentence", "content": "For people in the tourism industry, it was even worse."}, {"type": "sentence", "content": "According to an August 2020 policy brief from the United Nations, the industry could lose up to 100 million jobs and 1 trillion dollars in revenue. Worse still, 2020 will have a dramatic effect on some of the world's least-developed countries - many of which are heavily reliant on foreign visitors."}, {"type": "sentence", "content": "Personally, my digital nomad lifestyle got a forced break. On the road for the entirety of 2019, my journey ground to a sudden halt in February 2020."}, {"type": "sentence", "content": "Throughout the next three months, I lost over half of my freelance clients, most of my photography gigs, and 70% of my income."}, {"type": "sentence", "content": "Times looked bleak."}, {"type": "sentence", "content": "Luckily, the tide soon turned. Around mid-May, European countries started to lift their restrictions, reopen their borders, and welcome back travelers. There was a general hint of optimism in the air."}, {"type": "sentence", "content": "After three stationary months, I packed my bags once again and hit the road. I traveled nonstop between May and November, cruising around the Balkans and Southern Europe."}, {"type": "sentence", "content": "Traveling was more complicated than before, but I managed to succeed as a digital nomad in 2020."}, {"type": "sentence", "content": "Nevertheless, digital nomadism was far from plain sailing in 2020."}, {"type": "sentence", "content": "To this day, lots of countries around the world remain shut - and many people assert the claim that no one should travel during a Pandemic."}, {"type": "sentence", "content": "That's easy to say when you can stay home for an entire year and still enjoy regular paychecks. I can't. A vast proportion of my income is reliant on travel. As a travel photographer, I don't have a choice."}, {"type": "sentence", "content": "As such, it took until October before my income was back to pre-COVID levels. Many lost freelance clients, however, never returned."}, {"type": "sentence", "content": "As a self-employed content creator, I got very little from the government. Couple that with economic downturns in some of the markets I depend upon - like stock photography and tourism cooperations - and you might understand why I can't just sit around and wait."}, {"type": "sentence", "content": "However, 2020 also had its upsides."}, {"type": "sentence", "content": "During the first half of the year, diversification was on the agenda. By broadening my horizons, learning novel skills, and looking into new projects, I built four additional income streams in 2020."}, {"type": "sentence", "content": "As such, 2020 was a whirlwind with many negatives but also lots of positives."}, {"type": "sentence", "content": "On this basis, here is how I survived the storms of 2020 as a full-time traveler."}, {"type": "subtitle", "content": "The shock"}, {"type": "sentence", "content": "In March 2020, when most of the world went into lockdown, I was in my hometown - Luxembourg-City - preparing for six months in Asia."}, {"type": "sentence", "content": "A year before, my digital nomad odyssey had begun. In early 2019, I said farewell to my well-paid job in the finance sector, packed my bags, and set off to travel the world full-time. Through smart prioritization, hard work, and countless trial and error lessons, I made the lifestyle work. I built various online businesses and achieved financial independence after a year of traveling through Asia and Latin America."}, {"type": "sentence", "content": "In December 2019, I met up with my family in an Austrian skiing resort. One night at a well-known apr\u00e8s-ski bar, I said the following to my brother:"}, {"type": "sentence", "content": "I've made it. I work for myself now, and I can travel the world full-time. That's all I ever wanted."}, {"type": "sentence", "content": "Little did I know that the following months would bring me back to square one. Ironically, the bar where we celebrated that night would become an infamous COVID-19 hotspot in the coming weeks."}, {"type": "sentence", "content": "January and February were the \"calm before the storm.\" There was some talk about a virus in China, but no one took it seriously. It didn't look like my Asia trip would be in jeopardy."}, {"type": "sentence", "content": "Fast forward to mid-March, and the whole world was in lockdown. My Asia trip got canceled, and my income took a nosedive."}, {"type": "sentence", "content": "A mere four months earlier, I had been celebrating my success as a digital nomad - convinced that 2020 would bring even grander adventures."}, {"type": "sentence", "content": "The shocks of March provided several powerful lessons:"}, {"type": "subtitle", "content": "Assessing the damage and picking up the pieces"}, {"type": "sentence", "content": "One of my favorite books of 2020 was Matthew McConaughey's fantastic autobiography Greenlights."}, {"type": "sentence", "content": "When it comes to navigating personal crises, the Academy Award winner writes the following:"}, {"type": "sentence", "content": "In the spring of 2020, similar steps helped me out of a dark hole."}, {"type": "sentence", "content": "The global crisis had decimated my income and taken away my passion. I had financial woes - not knowing whether my business would go under - and mental troubles. I was facing an existential crisis."}, {"type": "sentence", "content": "After reading an entire library of books about Stoicism and practicing stillness in everyday life, I realized that it was time to assess the damage and pick up the pieces."}, {"type": "sentence", "content": "I reorganized the problem by analyzing what kind of income streams were unlikely to return any time soon. I then stabilized the situation by focusing on the remaining clients and slowing my life down."}, {"type": "sentence", "content": "Finally, I organized a response. I drew up plans to diversify and worked on solutions to travel safely during the Pandemic. After a tough month of crisis management, I responded."}, {"type": "subtitle", "content": "Adaptation and diversification"}, {"type": "sentence", "content": "The month of April became a life-changer, both for my business and my digital nomad lifestyle."}, {"type": "sentence", "content": "I started taking Medium seriously and launched a newsletter on my blog. I had countless Skype calls with professionals in the tourism industry - eagerly planning future collaborations. I also started a new Instagram page for my travels and re-orientated my photography. In short, I diversified."}, {"type": "sentence", "content": "By mid-May, Europe was on a reopening trajectory. Tourism is a vital industry, and closed borders are not a sustainable option."}, {"type": "sentence", "content": "With a renewed zeal for adventure, diversified income streams, and some sense of normality, I left Luxembourg and restarted my digital nomad lifestyle."}, {"type": "subtitle", "content": "On the road again"}, {"type": "sentence", "content": "I started digital nomadism 2.0 in Germany and Austria as they were among the first reopen."}, {"type": "sentence", "content": "The measures were stringent, but most travel attractions were open. Bars had to close early, there were no events, and you had to wear masks everywhere. For me, it was just another set of restrictions. I will never use the hideous term \"new normal.\""}, {"type": "sentence", "content": "In June, I continued to Slovenia and Croatia. It was on the Austro-Slovenian border that I got my first taste of the chaos that would characterize 2020 travel."}, {"type": "sentence", "content": "On the bus, the Slovenian border police asked for my passport. In normal times, there are no border controls between Austria and Slovenia as both countries are members of the Schengen Treaty."}, {"type": "sentence", "content": "You are not allowed into Slovenia. Your country is on the red list. You need to turn back to Austria."}, {"type": "sentence", "content": "Are you kidding me? I thought I had checked all the entry requirements."}, {"type": "sentence", "content": "I took out my phone and showed them the list of \"green\" European countries - the ones that were allowed to visit Slovenia. Luxembourg and Austria were on the list."}, {"type": "sentence", "content": "The officers took my passport and called their superiors. As it turned out, Luxembourg had been added to the list a few days before. They weren't aware of that. One week later, after I had left Slovenia for Croatia, my country was off the list again. A window of opportunity, I suppose."}, {"type": "sentence", "content": "My brief Slovenian border episode became a small drop in an ocean of travel bureaucracy and incomprehensible entry regulations."}, {"type": "sentence", "content": "The European Commission published some guidelines throughout 2020, but as always, countries went their own ways. For young Europeans - who are used to crossing borders on a whim without even taking their passport - it was a nightmare."}, {"type": "sentence", "content": "Nevertheless, travel was possible, and there were also lots of advantages."}, {"type": "sentence", "content": "It was my fourth time in Croatia, and the experience was incomparable to most summers - when millions of tourists flock to the alluring Balkan nation. The cities were empty, the beach resorts were half-empty, and I had the Plitvice Lakes National Park - one of the most stunning natural sights in all of Europe - to myself."}, {"type": "sentence", "content": "The same applied to Italy. I managed to finish off the last two Italian regions that I hadn't visited before - Sicily and Calabria - and spent six weeks traveling around the rest of the country."}, {"type": "sentence", "content": "Having been to Italy almost every year, I can safely say that there has never been a better time to visit the Colosseum, Leonardo Da Vinci's Last Supper, or Apulia's beach resorts. It was marvelous."}, {"type": "sentence", "content": "After that, I headed to Portugal, where I spent two months improving my Portuguese and working on new projects. Much like Italy and Croatia, the lack of crowds was unprecedented, and the tourism-loving country welcomed foreigners with open arms."}, {"type": "sentence", "content": "Italy and Portugal had barely any restrictions, and for a short period, I forgot that COVID even existed. Yes, you had to wear a mask in supermarkets and on trains, but other than that, nothing had changed."}, {"type": "sentence", "content": "At the end of September, I headed to my next nomad base: Athens, Greece."}, {"type": "sentence", "content": "My arrival in Greece coincided with COVID spikes all over Europe. Upon arriving at Athens Airport, an unfriendly airport official barked out orders at the passengers. Straight toward the testing center!"}, {"type": "sentence", "content": "Everyone got tested at the airport. Passengers didn't have a choice. On the official website, it said that they would randomly select passengers for testing. In my case, the random selection included an entire plane of 200 travelers."}, {"type": "sentence", "content": "It was my fifth test and came back negative, like the previous four. I had taken three in Luxembourg and one in Portugal, but this one was different."}, {"type": "sentence", "content": "A positive result would have meant two weeks in a Greek quarantine facility. There was no information about the facilities online."}, {"type": "sentence", "content": "Don't get me wrong. I didn't have a problem with the test itself. After all, I was entering Greece, and I needed to play by their rules. However, the supposedly random selection and the lack of information about subsequent procedures made it a bit sketchy."}, {"type": "sentence", "content": "The testing in Greece was just one of the many aspects that made traveling in 2020 an uncertain affair."}, {"type": "sentence", "content": "I nonetheless had a brilliant time in Greece and left just before they entered their second full-scale lockdown."}, {"type": "image", "content": "https://miro.medium.com/max/12000/1*JFs6I2SSkRzh3952AGnCOQ.jpeg"}, {"type": "subtitle", "content": "Taking another break"}, {"type": "sentence", "content": "By November, most of Europe was in some sort of lockdown again. I first spent a few weeks in a chalet in Slovakia and then returned to Luxembourg, where I rented a room for two months."}, {"type": "sentence", "content": "It was another break from my digital nomad lifestyle, but this time it was well-planned and intentional."}, {"type": "sentence", "content": "I could have gone to other parts of the world where restrictions are non-existent, but I decided to take a break. 2020 taught me the value of slowing down - both as a traveler and entrepreneur."}, {"type": "subtitle", "content": "Being a digital nomad in 2020 - changes and lessons"}, {"type": "sentence", "content": "So, how would I recap my digital nomad year 2020?"}, {"type": "sentence", "content": "If I had to describe it in one word, it would be uncertainty."}, {"type": "sentence", "content": "In 2019, I booked a plane to Bangkok two days before leaving. I did the same for Montevideo and Istanbul. I didn't have the slightest worry that something could go wrong."}, {"type": "sentence", "content": "In 2020, I needed to check five different websites before booking anything. Is the country open to foreigners? Who is allowed to enter? Do I need a PCR test? Is there some weird form that I have to download? And what are other conditions?"}, {"type": "sentence", "content": "Consequently, as a digital nomad, planning became even more difficult. Many attractions remained closed, creating a hindrance for the necessary balancing act between work and adventure."}, {"type": "sentence", "content": "However, we shouldn't complain about bureaucracy and closed nightclubs."}, {"type": "sentence", "content": "Those of us who can travel are still in a privileged position. I only visited one new country in 2020, the microstate of San Marino, compared to 12 in 2019. Nevertheless, most people would consider my year lucky."}, {"type": "sentence", "content": "Worse still, to this day, lots of people bombard me with accusatory lines like: \"you still travel the world while others lose family members. You are irresponsible. Nobody should promote travel when thousands of people die every day.\""}, {"type": "sentence", "content": "Telling people that I was in a dark spot at the beginning of the year usually doesn't change their opinion. In that same vein, explaining that I had to rebuild my professional life from scratch does little more."}, {"type": "sentence", "content": "That's why the two primary lessons of being a digital nomad in 2020 were the following:"}, {"type": "subtitle", "content": "My outlook: 2021 for digital nomads and remote workers"}, {"type": "sentence", "content": "As far as travel and digital nomadism go, the first months of 2020 will probably be more of the same. The vaccines are here, but it will take months before we'll feel their impact on a global scale."}, {"type": "sentence", "content": "Nevertheless, the world is as open as it's ever been - at least since March 2020. I am leaving Europe in early January and plan to travel to new countries before returning home for the vaccine."}, {"type": "sentence", "content": "But if there's anything I've learned from being a digital nomad in 2020, it's that things can change rapidly. That's why I don't plan much in advance and spend a lot of time in each nomad base."}, {"type": "sentence", "content": "Now to the million-dollar question: should you become a digital nomad in 2021?"}, {"type": "sentence", "content": "Ask yourself whether you can live with the current uncertainties surrounding travel. If you want lots of adventurous experiences with spontaneous expeditions, it might not be the best time."}, {"type": "sentence", "content": "Digital nomadism is about making a living on the road while seeking thrilling adventures. Right now, the \"making a living on the road\" part is challenging. The \"seeking thrilling adventures\" part, on the other hand, is next to impossible."}, {"type": "sentence", "content": "In contrast, if you already have ample income streams and simply want to change locations and work remotely to broaden your horizons, now is as good a time as any to become a digital nomad."}, {"type": "sentence", "content": "Finally, I'll end with an ancient Chinese proverb:"}, {"type": "sentence", "content": "Yes, it was easier to become a digital nomad in 2019, 2018, or 2017."}, {"type": "sentence", "content": "However, the situation - both in the world and in your personal life - will never be perfect. Now might not be the best time to embark on a digital nomad adventure, but it's the second-best time. Because the past is gone and the future is uncertain."}, {"type": "subtitle", "content": "Join my email list for more ideas on lifestyle design and digital nomadism."}, {"type": "image", "content": "https://miro.medium.com/max/2700/1*SKwELdEBKcKsuEW5XX6-jw.png"}, {"type": "sentence", "content": "The more you know, the better you travel!"}], "topic": "travel", "uuid": "b73470b165adcb19dd2c081db7becdf3d3a9aa7bdeaeeff58e22b2bf", "link": "https://medium.com/world-travelers-blog/how-i-survived-the-storms-of-2020-as-a-full-time-traveler-da8da22b6e3d"}