{"title": "A couple and their dog live full-time in a 298-square-foot bus they transformed into their mid-century modern dream home on wheels", "data": [{"type": "subtitle", "content": "A couple and their dog live full-time in a 298-square-foot bus they transformed into their mid-century modern dream home on wheels"}], "topic": "travel", "uuid": "b7f0acf322fc545a8d26149de7194ec465324ea8e389852308d94507", "link": "https://medium.com/insider/a-couple-lives-in-a-bus-they-transformed-into-a-mid-century-modern-dream-home-1f9f450440f6"}