{"title": "A Winter Walk in The Woods", "data": [{"type": "sentence", "content": "Liz enjoys living in solitude outside of a large state forest preserve. When she isn't working shifts at a nearby hospital she enjoys driving out to the local trails to run or hike. This feeds her need to explore. One of her favorite things to do is to go for a short hike with her husky, Max, in fresh snow."}, {"type": "sentence", "content": "The time alone in the woods with fresh snow provides Liz with the opportunity to reflect and the crisp air and snow awaken her senses."}, {"type": "sentence", "content": "Luckily for Liz, it snowed the night before and blanketed the trails with a fresh coating of 3-inches of snow. The perfect early winter conditions to bring Max out and enjoy a leisurely hike with your dog."}, {"type": "sentence", "content": "Liz picks a trail system she has visited and hiked numerous times before. When Liz arrives with Max there is no one in sight so she knows the trails will be deserted. The wildness will be entirely hers if even just for a short while. Liz heads out and before long reaches the end of the trail Liz enjoys a view from a ledge with Max before heading back."}, {"type": "sentence", "content": "When Liz returns to the lot there is one car in the lot, a nondescript Chevy from the early 2000s. That's odd because there was nobody in sight along the trail on the way back and Liz was almost certain she would have noticed extra footprints."}, {"type": "sentence", "content": "Curiosity gets the best of Liz. After putting her pack in her own car she decides to walk around to investigate the mystery of the other hiker. These outlying trails are not used very often except by those looking for some solitude. Liz doesn't want to startle anyone but curiosity is eating at her."}, {"type": "sentence", "content": "It's not long before Liz notices that the owner of the Chevy did hike out on that same outlying trail but followed her and Max's tracks in the snow. The extra pair of footprints was barely noticeable. After about ten minutes into investigating the trail, the tracks suddenly take a sharp turn to the left. They head off into the woods. Well, this explains why no one was within sight on the way back, Liz thinks to herself."}, {"type": "sentence", "content": "Liz thinks maybe the person decided to take a quick break, possibly to relieve themselves, before backtracking. She then remembers the car was still in the parking lot when she arrived so this is not probable. There are no tracks leading out either and from here it looks like there are actually two sets of tracks leading out into the woods! The tracks continue and just disappear into the distance of the woods."}, {"type": "sentence", "content": "Curiosity has fully absorbed Liz's imagination at this point and she decides to also step off the trail. Liz heads into the woods for about ten feet. Max, the ever happy husky, does not seem to like this idea. After scanning the landscape, Liz realizes she is on an unmarked herd path. There are no discernible blazes, but it is clear there is a path. Even more intrigued, Liz realizes that there are no advantages to sneaking up on two people in the woods so she makes her way back to her own car. The thought that she had been following two unknown people and had no idea of what she was going to do when she found them sends shivers down her back. Liz walks a little faster."}, {"type": "sentence", "content": "Once Liz reaches her car she puts Max in the back, takes off her pack, retrieves her trail map. From looking at the map it's apparent there is no trail listed off of the primary hiking trail. The map just shows a forest for at least a mile."}, {"type": "sentence", "content": "Liz is tempted to stick around, partially out of curiosity, and also to make sure BOTH people emerge from the forest. If not for her own safety, Liz needs to get going to prepare for a shift at work. This will be quite a story - Liz and her colleagues will have no trouble passing their hours of work filling in the potential details behind Liz's mystery of what two strangers were doing on a secret forest trail in the winter. The truth is likely boring but the possibilities are limitless."}], "topic": "fiction", "uuid": "b8dcac478706fa87defec253ae9aed82c2779ffb112252a97201aa61", "link": "https://psiloveyou.xyz/a-winter-walk-in-the-woods-91929180a640"}