{"title": "A Quick Thought on Focus: Learn to Say No to Other Good Ideas", "data": [{"type": "sentence", "content": "What does it mean to focus on your work?"}, {"type": "sentence", "content": "Regardless of what kind of work it might be, when it comes to sparking ideas, working with them, and infusing creativity in the process, what does focus look like?"}, {"type": "sentence", "content": "Steve Jobs had a powerful outlook on the subject:"}, {"type": "sentence", "content": "It isn't that you won't have other good ideas, but what you do with the one great idea that really explodes inside your soul, that catches fire and doesn't stop burning."}, {"type": "sentence", "content": "Focusing on such an idea as that means learning how to recognize it before it takes hold and learning how to recognize it among all the other good ideas."}, {"type": "sentence", "content": "What if focus meant stripping away the non-essential stuff, learning to say no to the hundred other good ideas. Could you accomplish such a feat?"}, {"type": "sentence", "content": "Looking for your next read? Check this out:"}], "topic": "productivity", "uuid": "c2c036b9986457772acb1d59b7200c980a77bc5357b848539711bdf2", "link": "https://medium.com/scribblerpress/a-quick-thought-on-focus-learn-to-say-no-to-other-good-ideas-aac7e9c72659"}