{"title": "9 Easy Tips To Make Your Blog Post More Readable", "data": [{"type": "image", "content": "https://miro.medium.com/max/3840/0*XdDvHxNSC9NV5bL9.jpg"}, {"type": "sentence", "content": "A lot of us have a blog nowadays. While some of us might not have too much of an issue getting visitors to read the actual content, quite a lot of us are struggling to get people to actually read what we have written after so much research and hard work. The first step to doing that is to understand how to make your blog more readable."}, {"type": "sentence", "content": "As writers, a lot of us only consider what we write."}, {"type": "sentence", "content": "What we forget to consider is how our audience reads and what they want."}, {"type": "sentence", "content": "Apart from the quality of our content, what are the little things that better their experience of reading on our blog?"}, {"type": "sentence", "content": "Based on my personal experience of blogging for almost 10 years, here are nine easy tips to make your blog more readable."}, {"type": "subtitle", "content": "1. Use Lots of Subheadings"}, {"type": "sentence", "content": "This would be my first and foremost point."}, {"type": "sentence", "content": "Use a lot of H2 and H3 sub-headings in your blog post."}, {"type": "sentence", "content": "This creates sections of text instead of making your blog post seem like an academic research paper."}, {"type": "sentence", "content": "Also, multiple sub-headings make your content seem more organized. It gives the reader a better user experience in terms of being able to skim content, but at the same time get the gist of what you have written."}, {"type": "subtitle", "content": "2. Break Content Into the Small(est) Paragraphs"}, {"type": "sentence", "content": "You'll have to forget the rule of English writing that you learned in school for this."}, {"type": "sentence", "content": "Break your paragraphs into the smallest length possible, even if it means a paragraph has just one sentence."}, {"type": "image", "content": "https://miro.medium.com/max/4440/0*HlN2nHHKJmHgPyAq.jpg"}, {"type": "sentence", "content": "Just take a look above at how most of my paragraphs look. Almost none of them have more than three sentences. This makes it easier to scan and read."}, {"type": "sentence", "content": "The human mind usually reads the first and last sentences of a paragraph when skim reading. But if there are only 1-2 sentences in each paragraph, then there's a higher chance of the reader actually reading the whole thing."}, {"type": "subtitle", "content": "3. Keep Sentences Short"}, {"type": "sentence", "content": "Now that you have decided to keep your paragraphs short, let's take it up a notch."}, {"type": "sentence", "content": "Make your sentences as short as possible. Use more periods (full-stops) than commas."}, {"type": "sentence", "content": "This helps create more white space in your presentation and obviously helps with making your blog more readable."}, {"type": "subtitle", "content": "4. Use Bullets and Lists"}, {"type": "sentence", "content": "One of the easiest ways to write short sentences is to create bullet points."}, {"type": "sentence", "content": "It keeps your sentences short and crisp."}, {"type": "sentence", "content": "We all love reading lists as compared to normal blocks of text. No wonder listicle blog posts perform better than others."}, {"type": "subtitle", "content": "5. Bold Important Words/Phrases"}, {"type": "sentence", "content": "By now you know how important it is to make your content skimmable while ensuring that the reader takes away as much information as possible."}, {"type": "sentence", "content": "Bold words/phrases do just that. It brings the attention of the reader to that set of word(s)."}, {"type": "sentence", "content": "Make sure you use this facility sparingly. If you just put everything in bold, you lose the whole point of why you are doing it in the first place."}, {"type": "subtitle", "content": "6. Break Paragraphs With Visuals"}, {"type": "sentence", "content": "No matter how short or long your blog post, make sure you have a good mix of visuals included."}, {"type": "image", "content": "https://miro.medium.com/max/2872/0*uVOS6Ky9zIdclfKo.jpg"}, {"type": "sentence", "content": "By visuals, I don't just mean images. It can be videos, GIFs, charts, tables, etc. Anything that adds to the visual element of presentation."}, {"type": "sentence", "content": "Your reader will definitely thank you for including something other than just a bunch of text."}, {"type": "subtitle", "content": "7. Choose a Legible Font"}, {"type": "sentence", "content": "There are reasons why we don't write documents in comic sans or joker man."}, {"type": "sentence", "content": "The readability goes down to zero and you also make sure that the reader never comes to your blog ever again."}, {"type": "sentence", "content": "Going for a fancy font is a very novice mistake. When in doubt, just go with the default font your CMS provides, or just go with decent web font."}, {"type": "subtitle", "content": "8. Keep Your Language Simple"}, {"type": "sentence", "content": "Unless you are out to write Shakespearean literature, it is better to stick to the simplest of words."}, {"type": "sentence", "content": "Irrespective of how educated your target audience might be, writing in plain language is the easiest to read."}, {"type": "sentence", "content": "This way, not only are you opening up your writing to a larger audience, but you are also making sure that the existing audience has an easy journey while reading your content."}, {"type": "subtitle", "content": "9. Consider a Good Contrast"}, {"type": "sentence", "content": "Almost always use dark grey text on a white background."}, {"type": "sentence", "content": "Anything else, just say no to. Even white text on a black background is strenuous to the eyes."}, {"type": "sentence", "content": "For example, please never use yellow text on a purple background or something equally wild."}], "topic": "marketing", "uuid": "c53dbbb38d679a87f4e322115f3233c8b4ceac5310193caae8f90bf5", "link": "https://medium.com/better-marketing/9-easy-tips-to-make-your-blog-more-readable-f7ab9f34a99f"}