{"title": "How Quitting Drinking Has Made Travel SO Much Better", "data": [{"type": "subtitle", "content": "AINYF SHORTS"}, {"type": "image", "content": "https://miro.medium.com/max/2800/1*KxKYIa_g5FW4iQ-c3FsuFQ.png"}, {"type": "sentence", "content": "Anyone who knows me and my wife knows that we love to travel. This was one of our favorites drinking past-times. There is nothing that invites drinking without shame for three straight days than a trip to somewhere you've never been."}, {"type": "sentence", "content": "I had my drinking routine down to a science also."}, {"type": "sentence", "content": "Hit the airport up about 90 minutes to two hours before the flight to make sure I was good and sauced up before the plane took off."}, {"type": "sentence", "content": "Next, I would drink one or maybe two rum and cokes on the plane to not lose that buzz and then proceed to drink basically from the time I landed to the time I left for the flight home."}, {"type": "sentence", "content": "Vacations and traveling are the reasons that most people give themselves the license to drink more than they usually do, and I was no exception."}, {"type": "sentence", "content": "I mean...what else do you do for a VACATION?"}, {"type": "sentence", "content": "It almost seems like drinking and vacations are synonymous. Can you really do one without the other?"}, {"type": "sentence", "content": "The answer is a resounding YES."}, {"type": "sentence", "content": "Not only can you do it, but what I've learned in the past two years is that it has made traveling for me and my wife much better for a number of reasons."}, {"type": "subtitle", "content": "WE SAVE A SH*TLOAD OF MONEY"}, {"type": "sentence", "content": "Alcohol is already one of the biggest money sucks of anything you will ever do in life."}, {"type": "sentence", "content": "As shared in the Three HIDDEN Positive Financial Effects of Quitting Drinking, the amount of money that you will save from not drinking is enormous."}, {"type": "sentence", "content": "Think about that."}, {"type": "sentence", "content": "On a trip in which I was probably already spending $1500-2000, I would easily be in the $500-750 range on just alcohol. Now, instead of adding this surcharge to each of our trips, we are able to save that money for investment purposes for our future or use it to take even more vacations during the course of the year."}, {"type": "sentence", "content": "Huge win."}, {"type": "subtitle", "content": "WE HAVE TO GET WAY MORE CREATIVE WITH WHAT WE DO"}, {"type": "sentence", "content": "Since COVID put a bit of a kibosh on most international travel, we went on a Thanksgiving cross-country driving trip instead of our usual international one this year."}, {"type": "sentence", "content": "Therefore, instead of traveling overseas for 10 days, we drove from Atlanta, GA to Austin, TX to visit my brother and visit a few cities on the way there and the way back."}, {"type": "sentence", "content": "We hit up New Orleans, Houston, Little Rock, and Nashville."}, {"type": "sentence", "content": "When we were drinking, the only thing we would plan for each city would be to make sure we found a bar to hit up during the day to play pool and drink. We might hit up a restaurant or two from time to time, but the majority of our time was spent in a pool hall drinking in a different city."}, {"type": "sentence", "content": "As shared in, Why You Don't Need to An Alcoholic to Have a Drinking Problem, one of the issues I had was that if something didn't involve alcohol, I didn't want to do it."}, {"type": "sentence", "content": "Therefore, a lot of the activities, like food and city tours, as well as cultural cooking classes, just didn't appeal to me because I couldn't drink as much as I would've liked during it."}, {"type": "sentence", "content": "Now, I'm always super excited about those opportunities to learn new things and see a different side of a city that I wouldn't have ever experienced before."}, {"type": "subtitle", "content": "WE CAN ACTUALLY REMEMBER WHAT WE DID"}, {"type": "sentence", "content": "For me, this is the one that is probably the most precious."}, {"type": "sentence", "content": "Before, when my wife and I traveled, we would have nights in which we figured we had fun according to our Instagram or Snapchat documentation, but I couldn't 100% say that I actually remembered any of it."}, {"type": "sentence", "content": "Now that we're alcohol-conscious, I cherish the memories that we make each and every day, especially when we travel."}, {"type": "sentence", "content": "And while the experience of seeing all the different pools halls and bars of the world was an interesting experience before, I'm excited that we are now able to truly take advantage of how much more the world has to offer instead."}, {"type": "image", "content": "https://miro.medium.com/max/2800/1*KxKYIa_g5FW4iQ-c3FsuFQ.png"}, {"type": "sentence", "content": "Thanks so much for reading."}, {"type": "sentence", "content": "If you enjoyed reading, learned anything interesting, or know anyone who should read this, please feel free to recommend or write a response. I'm always excited to hear from others and learn."}, {"type": "sentence", "content": "If interested in learning about how alcohol affects your life and ways to quit/moderate, please feel free to follow my Medium publication, AINYF, and/or join my newsletter group below for information and updates."}, {"type": "sentence", "content": "Also, if looking for a social group that can help with your journey for alcohol-consciousness, please check out my mate, Janet Gourand, at World Without Wine, where she has a lot of great content to help."}, {"type": "sentence", "content": "Thanks for reading again, as always, and remember..."}, {"type": "sentence", "content": "You never lose the battle until you stop fighting..."}], "topic": "travel", "uuid": "c544adb81d5af874032a83304fd7be73257219a82f6caec4ef17a24a", "link": "https://medium.com/ainyf-alcohol-is-not-your-friend/how-quitting-drinking-has-made-travel-so-much-better-eca0c16ee2b"}