{"title": "Three White Women Erased 200 Years of Chinese Culture With Their $425 Neon Mahjong Sets", "data": [{"type": "image", "content": "https://miro.medium.com/max/1280/0*TLOBy0rsOgECC8cw"}, {"type": "sentence", "content": "Click. Click. Click."}, {"type": "sentence", "content": "That's the sound of Chinese tradition being played across generations, a game that grandkids can play with their grandparents. A game passed down from their ancestors and their ancestors before them. The swooshing of the tiles on the velvety green table is mesmerizing, as are the hands doing the swooshing."}, {"type": "sentence", "content": "Mahjong is a Chinese game. But more importantly, it's a game filled with Chinese heritage and culture. Not many games have stood the test of time like Mahjong. Created in the 1800s and originating from the Qing Dynasty (1644-1912), it's an elegant game of tradition, cycles, and strategy."}, {"type": "sentence", "content": "As players stack, discard and collect tiles for their sets, there is a certain ebb and flow to the game, and one can't help but be mesmerized by the poetic nature of the game. The game appears rather quick-paced and there isn't time to think - but if you're well versed, you know that the game is about give and take. You can't be afraid to take what you need but you also need to know when to give."}, {"type": "image", "content": "https://miro.medium.com/max/2560/0*cPq8o95UeN0Nj033.jpg"}, {"type": "sentence", "content": "The tiles themselves have significant meaning, each etched and painted just right. The tiles have stood the test of time, remaining relatively unchanged for centuries, even when different countries adapted the game to their own cultures."}, {"type": "sentence", "content": "That is until three white women from Dallas decided the tiles that originated from the Qing Dynasty weren't good enough for them."}, {"type": "subtitle", "content": "The Launch of The Mahjong Line"}, {"type": "sentence", "content": "The Mahjong Line was created by three white women in Dallas in November of 2020. In the short two months since their grand opening, they have faced national backlash and even received threats. They have been accused of cultural appropriation, referred to as racist, colonizers, and modern-day versions of Columbus."}, {"type": "image", "content": "https://miro.medium.com/max/1156/0*y_4O8rmkNsOKjsgi.png"}, {"type": "image", "content": "https://miro.medium.com/max/1164/0*x3HZuCYeczp88coS.png"}, {"type": "image", "content": "https://miro.medium.com/max/1160/0*mDu88K3EFwdELlcG.png"}, {"type": "sentence", "content": "The last time I checked, their original About Us page was taken down and replaced with a half-hearted apology. They have since shut down their comments section and their Facebook page has been deleted."}, {"type": "sentence", "content": "Mahjong tiles have been redesigned over and over to suit the taste of other cultures, so how did The Mahjong Line manage to upset an entire race with their vision to modernize the tiles?"}, {"type": "subtitle", "content": "The Redesign and the Price"}, {"type": "sentence", "content": "While Mahjong is inherently a Chinese game - the American variation of Mahjong (also referred to as Mah Jongg) was adapted for America when Joseph Park Babcock introduced it to the United States in the 1920s. The American version uniquely differs from the Chinese version but the tiles used have remained largely unchanged from the original."}, {"type": "sentence", "content": "It's important to point out that The Mahjong Line's intention was to modernize American Mah Jongg, not Chinese Mahjong."}, {"type": "sentence", "content": "The design and symbolism of each Mahjong tile have important significance to the Chinese culture. The designs and colors are bold and meaningful. Typically, only three colors are used - red for luck, blue for the sky, and green for the earth. Each character and symbol is etched and painted on an ivory white tile."}, {"type": "sentence", "content": "The founders of The Mahjong Line decided the traditional white tiles were too monochromatic and didn't \"come close to mirroring their style and personality.\" They decided that the tiles needed a refresh to entice and modernize the game for new players."}, {"type": "sentence", "content": "The Mahjong Line has five sets of designs, which you can choose based on a quick seven-question quiz (I'm a Minimal Gal myself)."}, {"type": "sentence", "content": "The Minimal Line: Neon Purple ReleaseThe Minimal Line: Kelly Green ReleaseThe Minimal Line: Ceylon Blue ReleaseThe Botanical Line: Paris Pink ReleaseThe Cheeky Line: Skylight Blue Release"}, {"type": "sentence", "content": "The tiles vastly differed from the Chinese originals. Rather than painted on ivory white tiles, the vibrancy of each stroke, symbol, and character was lost in garishly neon backdrops."}, {"type": "image", "content": "https://miro.medium.com/max/2958/0*zdGTLWz6OsRkTKnp"}, {"type": "sentence", "content": "The redesigns did not go over well."}, {"type": "sentence", "content": "The Mahjong Line's were priced astronomically high, ranging from $325 to $425. One quick browse on Amazon of the most featured Mahjong sets indicates a price of $100 to $200, some even less. If their purpose was to introduce American Mahjong to new players and make it more accessible, they missed the mark with the price alone."}, {"type": "sentence", "content": "Thousands of people have lost their jobs and the entire world is currently in an economic downfall. Nobody is going to buy a $425 Mahjong set when they can spend that money on rent and keep a roof over their heads for at least one more month."}, {"type": "subtitle", "content": "The Copy Behind the Backlash"}, {"type": "sentence", "content": "Whether it's the American version, the Japanese version, or otherwise, Mahjong is inherently Chinese. When you're trying to sell something that you have no cultural background in, the right thing to do is to pay homage to its origins. A deep history into the game wasn't necessary, a simple acknowledgment that Mahjong originated from China probably would have been good enough. Most times, it's enough that we're seen."}, {"type": "sentence", "content": "The Mahjong Line didn't do that."}, {"type": "sentence", "content": "Instead, they erased China's origins from the game entirely. There was no mention of China or the Qing Dynasty but rather they focused on the American history of Mahjong. Given that their intent was to bring back American Mah Jongg, the erasure of China's history could have been ignored if they didn't go on to insult it."}, {"type": "sentence", "content": "The Mahjong Line's website, redesign of the tiles, and pricing strategy were problematic but they were not the reasons for the backlash and accusations of cultural appropriation - it was their copy."}, {"type": "sentence", "content": "Since the launch of The Mahjong Line, the only copy on their website is their apology. Fortunately, we have Twitter as our archival resource."}, {"type": "sentence", "content": "Here are snippets of their original website copy."}, {"type": "image", "content": "https://miro.medium.com/max/1090/0*Bv5smUbGHzV0WXer"}, {"type": "image", "content": "https://miro.medium.com/max/1016/0*2YifLKVklEz0bSe3"}, {"type": "image", "content": "https://miro.medium.com/max/1720/0*qpjoTbdmI-S-lXYO"}, {"type": "image", "content": "https://miro.medium.com/max/910/0*YazqXX0u1sYC0fqr"}, {"type": "sentence", "content": "And one from Paper City magazine:"}, {"type": "image", "content": "https://miro.medium.com/max/1394/0*Tq8uyNQo8oX92Bjq"}, {"type": "sentence", "content": "Intentional or not, every word in their copy insulted the aesthetics of the Chinese tiles."}, {"type": "sentence", "content": "Mahjong tiles have been reinvented, redesigned, and transformed into cards. The Japanese have several designs of their own."}, {"type": "subtitle", "content": "The product itself wasn't the issue, it's what they said to sell their product that was so offensive"}, {"type": "sentence", "content": "Their entire story and business idea revolved around insulting and belittling the Chinese origin of Mahjong - boring, confusing, embarrassing, and out of date."}, {"type": "sentence", "content": "It wasn't just the fact that they erased the very origin of the game they loved, it was the fact that they felt the need to condemn it to make their product look better. Every word in their copy had an air of superiority in it. So while their purpose may have been driven from a place of appreciation, their story and words stemmed from a place of appropriation."}, {"type": "subtitle", "content": "Their \"Fix\" Made Things Worse"}, {"type": "sentence", "content": "After initially being called out, The Mahjong Line added a throwaway line to acknowledge Mahjong's Chinese origins. It was even more insulting than the erasure of it in the first place."}, {"type": "image", "content": "https://miro.medium.com/max/1402/0*Kan1hFYvbz6amzfM"}, {"type": "sentence", "content": "After this abominable excuse of a fix and even further ridicule from the public and news media, they've taken down all copy and replaced it with a sorry-not-sorry apology."}, {"type": "sentence", "content": "They've shut down comments even when they said they were open to criticism. It doesn't seem like they'll be opening them up any time soon."}, {"type": "image", "content": "https://miro.medium.com/max/2030/0*K7XUqe3xOcZqdwPD"}, {"type": "subtitle", "content": "Does It Matter That the Founders Were White?"}, {"type": "sentence", "content": "Across all news platforms and social media, one thing was apparent - the three women who founded the company are white."}, {"type": "sentence", "content": "The reference to their whiteness and lack of Chinese heritage may have been for more clicks but the question remains - does it matter that they were white? If the founders were of Chinese, Black, or of Hispanic descent, with the same copy and design, would they have been accused of cultural appropriation? Would we refer to them as daring innovators instead of privileged and racist?"}, {"type": "sentence", "content": "Mahjong has been reinvented and modified to suit American players before and now The Mahjong Line wanted to reinvent it to suit millennials. Was that so wrong because they happened to be white?"}, {"type": "sentence", "content": "While it could be perceived that white people have a superiority complex and this was yet another example of white-washing another culture's tradition, I don't believe race is an issue in this case. Race is always an emotionally charged subject regardless of which cultures are involved. I personally don't care that these were three white women trying to redesign Mahjong tiles. I care that, in order to sell their business idea, they felt the need to insult the culture that created it."}, {"type": "sentence", "content": "Theresa Christine Johnson said it best in her article, Cultural Appropriation Through Blanding: Where The Mahjong Line Went Wrong:"}, {"type": "subtitle", "content": "Key Takeaway"}, {"type": "sentence", "content": "The reinvention of something that has a rich and historical past is brave and innovative if done properly. Prepare to face a bombardment of accusations and backlash if done wrong."}, {"type": "sentence", "content": "The Mahjong Line could have been successful if they spent some time researching the origins of the product they were trying to change, hired cultural experts, and have professional (and culturally sensitive)copywriters edit their website (although they might have)."}, {"type": "sentence", "content": "This isn't a story about three white women trying to redesign Mahjong tiles. It's about three women insulting another culture's origins to make a buck (or in this case, $425)."}, {"type": "sentence", "content": "Their words indicated nothing but embarrassment and disrespect for the Chinese culture. If you have no cultural heritage or experience in the product or idea you're trying to change, the way to success isn't to erase or insult the culture that your product is trying to emulate."}, {"type": "sentence", "content": "The way to successfully redesign a product that is rich in culture and history is to do some research and hire a damn good copywriter."}, {"type": "subtitle", "content": "Sources"}], "topic": "marketing", "uuid": "ca7fcb4cd84d11e273a0f93cbeadd2ffffde94d953589a8931c01961", "link": "https://medium.com/better-marketing/three-white-women-erased-200-years-of-chinese-culture-with-their-425-neon-mahjong-sets-a9dde5ee6e6a"}