{"title": "4 Mental Habits of Highly Productive People", "data": [{"type": "image", "content": "https://miro.medium.com/max/8712/1*TCOV3hl_ak6PRo1DTWmaKA.jpeg"}, {"type": "sentence", "content": "Becoming more productive isn't about more productivity hacks or yet another time management framework."}, {"type": "sentence", "content": "In fact, those things are usually distractions from adressing the real issues with productivity. Because here's what most people trying to be more productive miss:"}, {"type": "sentence", "content": "In particular, it's your mental habits that will determine your ability to consistently stay focused and do your best work."}, {"type": "sentence", "content": "If you're ready to get serious about becoming more productive, work to cultivate these four mental habits."}, {"type": "subtitle", "content": "1. Manage Energy, Not Time."}, {"type": "sentence", "content": "Energy is the currency of motivation."}, {"type": "sentence", "content": "Most of the productivity and habit building advice you hear offers tips and tricks for better time management. With promises of making you more efficient in your work, they suggest all sorts of techniques and strategies for carving up and dividing your day to manage your time better."}, {"type": "sentence", "content": "But here's the thing:"}, {"type": "sentence", "content": "You can have all the time in the world but if you're doing things that drain you of energy, you're not going to feel motivated."}, {"type": "sentence", "content": "Luckily, the reverse is true: Even if your time is extremely limited, you can accomplish a tremendous amount with enough energy and enthusiasm."}, {"type": "sentence", "content": "So forget about managing your time and learn how to manage your energy instead:"}, {"type": "subtitle", "content": "2. Learn to Use Forcing Functions"}, {"type": "sentence", "content": "A forcing function is a mechanism that forces you to take some kind of action. It's the antidote to inconsistent willpower or motivation."}, {"type": "sentence", "content": "When a pop-up takes over your screen and asks if you want to save 50% on this month's newest styles, it forces you into one of two decisions - click the big green \"YES\" button or spend 3 minutes hunting for the tiny, barely-visible \"x\" to close out of the popup."}, {"type": "sentence", "content": "Marketers and salespeople use forcing functions all the time to increase the odds that a potential customer becomes an actual customer. But forcing functions can be just as useful for personal productivity."}, {"type": "sentence", "content": "Suppose I really wanted to get this article done by Monday, but I kept procrastinating on writing it. I could write a check for $100 and make it out to my buddy Todd, telling him that if I hadn't emailed him a completed draft of this article by Monday at 5:00 pm, he should immediately cash the check and buy himself something."}, {"type": "sentence", "content": "That's a forcing function. By putting $100 dollars on the line, I'm forcing (or at least strongly encouraging) myself to follow through on my goals instead of getting distracted by short-term desires."}, {"type": "sentence", "content": "They have the humility to realize that distractions are prevalent, motivation sometimes wanes, and in general, we're all a lot less disciplined than we'd like to be. So, instead of hoping for the best, they assume the worst and plan accordingly."}, {"type": "sentence", "content": "Here are a few good examples of forcing functions you can use to improve your productivity:"}, {"type": "subtitle", "content": "3. Spend More Time with Productive People."}, {"type": "sentence", "content": "For better or for worse, the people we surround ourselves with impact us greatly. Highly motivated people use this to their advantage."}, {"type": "sentence", "content": "In small, everyday interactions, you probably realize how much impact other people can have on your levels of motivation:"}, {"type": "sentence", "content": "But there's a bigger principle here:"}, {"type": "sentence", "content": "If you have to consistently interact with energy-draining people, you can't expect to feel energetic and enthusiastic on a regular basis. But, if you habitually interact with energy-giving people, you can't help but have some of their enthusiasm and motivation rub off on you."}, {"type": "sentence", "content": "So be thoughtful about the people you choose to spend your time with:"}, {"type": "subtitle", "content": "4. Be Gentle with Your Failures."}, {"type": "sentence", "content": "There's no better way to kill your motivation than beating yourself up after a failure or setback."}, {"type": "sentence", "content": "People with chronically low motivation almost always have a habit of being harsh and judgmental with themselves after failures and mistakes:"}, {"type": "sentence", "content": "But being a jerk to yourself doesn't motivate you to do anything but be more of a jerk to yourself."}, {"type": "sentence", "content": "Luckily, the reverse is also true:"}, {"type": "sentence", "content": "Highly motivated people aren't merely good at giving themselves energy and motivation - they're also skilled at maintaining their motivation, even in the face of setbacks."}, {"type": "sentence", "content": "And the best way to preserve your energy and motivation in the face of failure or mistakes is to practice a little self-compassion:"}, {"type": "subtitle", "content": "All You Need to Know"}, {"type": "sentence", "content": "If you want to be consistently productive at a high level, you need to build the right mindset and mental habits:"}, {"type": "subtitle", "content": "Join my newsletter to get my newest articles each week \u2192"}, {"type": "sentence", "content": "Thanks for reading,"}, {"type": "sentence", "content": "- Nick"}], "topic": "productivity", "uuid": "d07cdb13fed822a898ab3a71d83c6bc6ef79db6bb9464fcc1a540feb", "link": "https://medium.com/personal-growth/4-mental-habits-of-highly-productive-people-cd37c474f6cc"}