{"title": "Run for Your Life", "data": [{"type": "image", "content": "https://miro.medium.com/max/6912/1*F44bllXfQB1QCT-V1LqLJw.jpeg"}, {"type": "sentence", "content": "Today..."}, {"type": "sentence", "content": "\"Dani, wake up!\" I shook her shoulder. Her makeshift bed of leaves and pine needles rustled underneath. The forest cast an ominous pitch black, too late at night for fireflies, too early for even the slightest hint of dawn."}, {"type": "sentence", "content": "The growling and hissing were getting louder, closer. We needed to hurry."}, {"type": "sentence", "content": "\"What? What happened?\" Her words sounded raspy and lost. I couldn't see her face in the darkness."}, {"type": "sentence", "content": "My heart pounded, threatening to shatter a rib. I swiveled my head toward the advancing din, then back to Dani. \"We have to go now. Leave everything. I - \""}, {"type": "sentence", "content": "\"I hear them, too.\" She gasped and bolted up. \"They found us.\""}, {"type": "sentence", "content": "I grabbed her trembling hand, and we sprinted away from the sound."}, {"type": "sentence", "content": "Yesterday morning..."}, {"type": "sentence", "content": "Dr. Zimmer smiled at Dani and me from behind his expansive mahogany desk. \"Do you have any questions?\""}, {"type": "sentence", "content": "Dani and I shook our heads. I had no questions. I only wished to fall asleep quickly and slumber through the night, something I'd never done in my thirty-nine years. Dani, too. We were two peas in an insomniac's pod. \"We're ready.\""}, {"type": "sentence", "content": "\"This is a breakthrough,\" Zimmer said. \"You're lucky to be among the first hundred to receive the cure. The company won't be able to gear up for mass production for another year, so the first individuals who get the treatment all live within a short drive from their Bangor headquarters. From tonight forward, your insomnia will be no more.\""}, {"type": "sentence", "content": "\"It's just one shot?\" Dani asked. She ran her finger along the edges of the pamphlet Dr. Zimmer had provided us."}, {"type": "sentence", "content": "\"Yes. We're modifying a single gene with an RNA-encoded virus, so it only requires one dose.\""}, {"type": "sentence", "content": "\"And the side effects?\""}, {"type": "sentence", "content": "\"None, unless you consider a good night's sleep a side effect. I'm giving myself a shot, too. Frankly, I can't wait to get off Ambien.\""}, {"type": "sentence", "content": "The virus inserts an ordinary house cat's gene, the gene that gives cats the ability to sleep anywhere, anytime. Cats' genetic code was published in 2007; it took twenty years to research and develop this cure.\" Zimmer flattened his palms together, tilted his head, and pressed them to his cheek, pantomiming sleep. \"Cats are the world's best sleepers.\""}, {"type": "sentence", "content": "Zimmer brought over a tray of three syringes with Lightz Pharmaceuticals stamped in blue, wiped our arms with alcohol swabs, and injected Dani and me. He did the same to himself."}, {"type": "sentence", "content": "\"What do we need to do?\" Dani asked."}, {"type": "sentence", "content": "\"Nothing. When you want to sleep, pull your blanket up and close your eyes.\""}, {"type": "sentence", "content": "\"People actually fall asleep that easily?\""}, {"type": "sentence", "content": "\"They do. And you will, too.\""}, {"type": "sentence", "content": "Today..."}, {"type": "sentence", "content": "Simultaneously, we clicked on our flashlights. It would do no good if Dani or I collided with a tree and one of us had to carry the other. I wasn't worried we'd give our location away. If we could hear them, they'd already zeroed in on us, and besides, they could see in the dark, and we couldn't. Judging from the volume, there were hundreds."}, {"type": "sentence", "content": "We zigzagged around oak and pine trees, ducking to avoid low-hanging branches and shifting our gaze from in front of us to below, so we didn't trip on a rock or root. Before leaving our house, I hadn't had time to retrieve my compass, so for all I knew we could have been circling back to our doom."}, {"type": "sentence", "content": "I shivered in the chilled October air."}, {"type": "sentence", "content": "Several trees away, an owl hooted. I envied creatures that could fly."}, {"type": "sentence", "content": "Our only hope was to outrun them. We were built for marathons; they for sprints. If we could keep ahead, they'd eventually tire or become bored. The question was, how long would that take?"}, {"type": "sentence", "content": "My left foot landed on a dry twig that snapped loudly. We ran faster."}, {"type": "sentence", "content": "Surviving meant staying on the move, hiding in the woods, sleeping in shifts, hoping that we didn't wake to each other's screams as their razor-sharp claws and teeth shredded us."}, {"type": "sentence", "content": "Baleful hissing filled the still air."}, {"type": "sentence", "content": "I detected the burnt-egg stink of a paper mill. We altered course toward it. The racket would work in our favor, assuming we made it there. The din of wood chippers and electric saws would provide acoustic camouflage, and the predators might even be afraid of the noise. The stench could mask our scent, too. The paper mill was both our best, and only, hope."}, {"type": "sentence", "content": "\"Is it far?\" Dani asked, her words slurred. I shined my flashlight at her droopy eyes."}, {"type": "sentence", "content": "\"I don't know.\" I wrapped my arm around her waist and bore most of her weight. Our advance slowed. Dani looked like she was in danger of falling asleep."}, {"type": "sentence", "content": "\"Will we make it?\" She leaned into me."}, {"type": "sentence", "content": "Lying takes energy, of which I had little left. \"I'm not sure,\" I said."}, {"type": "sentence", "content": "Dani snored, standing up while we continued toward the paper mill. We stumbled forward toward the mill like children tied together in a three-legged race."}, {"type": "sentence", "content": "Last night..."}, {"type": "sentence", "content": "My phone's Fur Elise ringtone roused me from a sound sleep at 2:15 a.m., a time I would previously have been staring at the ceiling. But I was fast asleep, thanks to Lightz's creation."}, {"type": "sentence", "content": "\"Who's there?\""}, {"type": "sentence", "content": "Zimmer spoke with staccato urgency. \"Get out! Run! They're coming.\""}, {"type": "sentence", "content": "\"Who's coming?\""}, {"type": "sentence", "content": "\"They're about to break into my house.\""}, {"type": "sentence", "content": "\"I don't understand.\""}, {"type": "sentence", "content": "\"Cats. It's the gene! They see us as intruder cats who have invaded their territory.\""}], "topic": "fiction", "uuid": "d174ecec9984ef6a510a44511ea842f2e948a49de1f5a11df42bf133", "link": "https://medium.com/parson-and-the-chanticleer/run-for-your-life-1bbf76dc49ba"}