{"title": "Did 'Death of the Outsider' Undermine Daud's Character?", "data": [{"type": "image", "content": "https://miro.medium.com/max/2400/1*4qQgcHiJ_77YgH7AGLOulw.png"}, {"type": "image", "content": "https://miro.medium.com/max/476/1*DtTIst6Ts2dCiu5bqHoCBA.png"}, {"type": "sentence", "content": "From a veteran assassin to an unsung saviour of the Empire, Daud, the conflicted anti-hero of the Dishonored franchise (2012-2017), stands out as the series' most complex and enthralling character."}, {"type": "sentence", "content": "However, his inclusion and role in the final DLC, Dishonored: Death of the Outsider raises concerns pertaining to whether this somehow undermined the cathartic resolution to his redemption storyline achieved during the first game and its subsequent DLCs."}, {"type": "sentence", "content": "Daud was first introduced in Dishonored as a ruthless and highly-skilled mercenary heading a band of assassins known as the Whalers, typically hired by members of Dunwall's scheming aristocracy."}, {"type": "sentence", "content": "However, Daud's character fundamentally changes once he assassinates Empress Jessamine Kaldwin and kidnaps her daughter, Emily, a treasonous act that acted as the catalyst for the Empire's plunge into disorder and tyranny."}, {"type": "sentence", "content": "As the above passage indicates, Daud felt immensely responsible for his role in the murder of an innocent woman and in sparking the near-fatal collapse of the Empire, even embarking on a perilous quest to save the new Empress Emily from a further heinous plot to steal the throne."}, {"type": "image", "content": "https://miro.medium.com/max/1800/1*AACsQUD4949J0LR0zrXNhQ.png"}, {"type": "sentence", "content": "The next time the player meets Daud is 15 years later in DOTO after he has returned to Dunwall from exile a bitter and dying old man. This time around he's hellbent on retrieving a fabled sacred weapon he intends to use to kill the series' enigmatic Machiavellian deity, the Outsider, a figure charged with ruling over a vast existential purgatory called the Void."}, {"type": "sentence", "content": "Daud curses the Outsider, the 'black-eyed bastard,' as the true being responsible for all the evils to befall the world, only gifting people with his Mark, including himself, to enable them to enact his own twisted agenda on the world."}, {"type": "sentence", "content": "This radical departure from Daud's earlier reconciliation with his past actions signifies that he either never changed or was not capable of great change to begin with."}, {"type": "sentence", "content": "If anything, he reverted to his previous volatile behaviour by triggering another possible doomsday scenario following his successful defeat of the Outsider, leaving the fate of the universe hanging in the balance more than ever before."}, {"type": "sentence", "content": "Although Daud convinced himself of the legitimacy of his mission, he evidently regressed from accepting full ownership to deflecting responsibility for his actions by reducing his own status to that of another mere victim, or 'puppet' of the Outsider."}, {"type": "sentence", "content": "His noble undertaking to slay the Outsider subsequently resembles little more than a misguided crusade for heroism, a narcissistic ploy conceived by an idle killer to shift the blame and absolve himself of his past transgressions."}, {"type": "sentence", "content": "This controversial evolution, or rather, devolution of Daud's character ultimately echoes the recurring theme of the series, concerning the freedom of choice."}, {"type": "sentence", "content": "Daud's sole justification for killing the Outsider rests on his belief that the Outsider bestows his powers to select people in order to tempt them into leading a destructive and criminal existence."}, {"type": "sentence", "content": "However, considering that characters such as Corvo and Emily use their gifts to fight corruption and restore order to the Empire, this largely discredits Daud's argument that all people are blameless, unknowing playing pieces in the Outsider's grand plan."}, {"type": "sentence", "content": "After all, it was the Outsider who approached Daud following his murder of the Empress, offering him the name of Emily's would-be killer so that he could find and defeat her, redeeming himself for killing Emily's mother in the process, before further informing him that he could still shape how his story would end."}, {"type": "image", "content": "https://miro.medium.com/max/2000/1*0EMeaXWx-29r58z0VVGdUw.png"}, {"type": "sentence", "content": "While the Outsider is an untrustworthy figure, Daud's entire basis for resenting him rests largely on a stubborn refusal to confront his own sins and morbid passion for killing, rather than to free others from the Outsider's corrupting influence."}, {"type": "sentence", "content": "Whether a conscious decision to explore the character in an alternative manner or simply a gratuitous gesture to please the fanbase, Daud's inclusion and portrayal in DOTO is undoubtedly problematic."}, {"type": "sentence", "content": "It denies players the full satisfaction of Daud's redemption and self-discovery story arc established during earlier games by implicating him as an inherently flawed character, which he may well be. Nevertheless, this exposure and return to his old ways make Daud's most notable character transformation feel trivial and arbitrary in retrospect."}], "topic": "fiction", "uuid": "d191f39823446aa855861997553f432fbc0da8eff41856fb79c2fed3", "link": "https://medium.com/super-jump/did-death-of-the-outsider-undermine-daud-s-character-c55db43428ab"}