{"title": "How Do I Push Myself to Learn New Things Everyday?", "data": [{"type": "image", "content": "https://miro.medium.com/max/8480/0*l5NEzGUhb_jBCAkd"}, {"type": "subtitle", "content": "Introduction"}, {"type": "sentence", "content": "Our brain is like a muscle, you should always train it in order to make it stronger. Learning is a part of this process, it makes the brain active and energized. As a human being, you need to always spend some of your daily time learning new things. I know it's not easy to be disciplined and motivated every day. However, if you know your goals and your purpose in life, you will definitely try to push yourself into learning and make it a habit because it has a lot of benefits and it's related to your success."}, {"type": "sentence", "content": "In this article, I will share with you some of the tips that I follow to push myself into learning every day. Let's get right into it."}, {"type": "subtitle", "content": "The mindset of learning"}, {"type": "sentence", "content": "In my situation, I knew that learning is the only way to improve myself. It helps me to achieve my goals and has a lot of benefits to my personality. Last year, I started learning web development to become a web developer. So I had to learn some technologies such as HTML, CSS, JavaScript, and many more. Without learning every day, my goal of becoming a web developer cannot happen, especially when the web development industry is changing a lot and new technologies are coming. So I will have to learn them in order to be updated."}, {"type": "sentence", "content": "What I wanted to say here is that you should have a strong reason or goal if you want to push yourself into the habit of learning every day. In my case, it was my goal of becoming a web developer which requires learning a lot. Also, I knew the benefits of learning and the impact it will keep on my personality."}, {"type": "subtitle", "content": "I try to be organized"}, {"type": "sentence", "content": "I try to organize myself by planning times of learning throughout the day. I always think of the bad aspect of useless stuff such as playing video games or watching movies all the time, which will never get me to my goals. So try to keep yourself far from distractions as much as you can."}, {"type": "sentence", "content": "I also encourage you to make the place where you learn, more organized and far from tools of distraction such as your phone for example. This will increase your productivity and make you more energized."}, {"type": "subtitle", "content": "I wake up early"}, {"type": "sentence", "content": "The extra hours in the morning have a lot to offer, particularly if you're looking to improve your lifestyle. You can put that morning time into learning, early rising also boosts your creativity, productivity, and mindset during the day, so no task feels daunting."}, {"type": "sentence", "content": "I encourage you to have a morning routine where you learn new things for the day. I do that and it has a lot of benefits for my mental and physical health. You can get more done while others are sleeping, that's what successful people do."}, {"type": "subtitle", "content": "I reward myself"}, {"type": "sentence", "content": "One of the tips to get things done is by trying to reward yourself. I do it almost every day, I try to reward myself if I get things done. For example, if I learned something new related to my field, I will have the ability to play a video game. This encourages me to get more things done in order to reward myself a lot. It's a good strategy to try if you want to push yourself to do your daily tasks."}, {"type": "subtitle", "content": "Conclusion"}, {"type": "sentence", "content": "Learning new things has its own sets of perks which brings success and helps you become a better version of yourself. So think about your goals before trying to spend your time on useless stuff."}, {"type": "sentence", "content": "Thank you for reading this article, I hope you found it useful."}, {"type": "subtitle", "content": "More Reading"}], "topic": "productivity", "uuid": "d45d917558a2597b53d067718bf4edd3e86b327b42917516256d2add", "link": "https://medium.com/dev-genius/how-do-i-push-myself-to-learn-new-things-everyday-9051d8255d51"}