{"title": "3 Reasons Adversity Enhances Your Success and How You Can Use It to Achieve More", "data": [{"type": "sentence", "content": "Think about the words we use to describe continued achievement. Upward movement. Increased momentum. Forward progress. What these phrases have in common is that they can all be applied to science - and success."}, {"type": "sentence", "content": "Consider Newton's first law of motion. It states that \"an object at rest stays at rest and an object in motion stays in motion with the same speed and in the same direction unless acted upon by an unbalanced force.\""}, {"type": "sentence", "content": "I've never been a science gal (teaching literature has been my life's work), but the lesson I interpret from this law is that doing the things you normally do, such as mindlessly performing daily routines and using the same \"trusty\" toolbox of strategies over and over again, makes you an \"object at rest.\" Not a good thing if you're looking to attain the \"upward movement\" you want in your area of focus."}, {"type": "sentence", "content": "Let's say you're not at rest. You are an \"object in motion,\" moving along \"at the same speed and in the same direction\" as always. If you're already accomplishing a lot, then your \"same direction\" is a good one. But what about moving in this positive direction \"at the same speed\" as always? Is that a good thing? I'm pretty sure it is if your success is skyrocketing at the speed of light, and if this is you, don't change a thing. Stop reading. You've found the secret to unparalleled progress."}, {"type": "sentence", "content": "However, if you are reading this article, I'm assuming your direction or speed towards your goals is not exactly what you're hoping for. So the question is, how do you change this?"}, {"type": "sentence", "content": "You need the \"unbalanced force\" Newton mentions, the one he states is the only thing that forces you into movement and changes your direction, speed, or both. The problem is the phrase \"unbalanced force\" is scary. We crave balance. It makes us feel safe. Secure. Comfortable. Unfortunately, it also keeps us \"at rest.\" The fact is we need this imbalance to move us in the right direction at the increased pace we desire."}, {"type": "sentence", "content": "And this \"unbalanced force\" we need to achieve more is known by a common name: adversity. Failure. Stagnation. Disappointment. Sadly enough, these three things are only a few of the many ways life slaps us in the face. But the \"good news\" is the \"unbalanced force\" of adversity is everywhere."}, {"type": "sentence", "content": "We experience it in some way every single day, whether it's a failed project, a rejected proposal, a financial crisis, or a personal or professional conflict. The reality is our world will never truly be free of some form of adversity."}, {"type": "sentence", "content": "So perhaps we should consider Newton's law as a metaphor for life, one worthy of greater consideration. We should embrace this imbalance he speaks of and makes it work for us, not against us. If we use adversity to our advantage, it can make us more powerful than ever before."}, {"type": "sentence", "content": "And yes, it's hard to do this. When struggles surround us, we want to quit. We want to hide, so we can be \"at rest\" again. But giving in to these thoughts is the most poisonous form of self-sabotage."}, {"type": "sentence", "content": "Steven Covey, the famed author of The 7 Habits of Highly Effective People, states \"just as we develop our physical muscles through overcoming opposition - such as lifting weights - we develop our character muscles by overcoming challenges and adversity.\""}, {"type": "sentence", "content": "So those of you like me who want success have some serious weightlifting to do. We have to use the \"opposition\" and pressure of adversity to become stronger individuals, people whose potential to reach our greatest aspirations is multiplied. And the truth is by refusing to run from the pressure adversity exerts on us we can drastically increase our forward movement towards our dreams"}, {"type": "sentence", "content": "Here's why and how."}, {"type": "subtitle", "content": "Adversity builds confidence and courage"}, {"type": "sentence", "content": "If we remain steadfast and undeterred, continuing to work on our goals in spite of the obstacles we face, our belief in our own power to overcome trouble increases. Think of the boldest, most dramatic life changes you've embarked on. I'll wager that many of them came after you persevered and managed to overcome some conflict in your life."}, {"type": "sentence", "content": "For example, think of people who have survived tragedies, life-threatening illnesses, or near-death experiences. Their ability to endure and move past these situations have made them embrace life in an exponentially more positive way."}, {"type": "sentence", "content": "One notable example is the famed filmmaker Oliver Stone. Stone's first novel was spurned by publishers, and when he eventually found a publisher, the novel failed to find success. He then moved to Vietnam to teach English, and soon after, he enlisted in the United States Army to fight in the Vietnam War. His bravery in combat earned him two Purple Hearts and a Bronze Star."}, {"type": "sentence", "content": "After the war, Stone enrolled in cinema school and worked under legendary director Martin Scorsese. The combination of the traumatic life experiences he gained in war and the ability to endure its unfathomable horrors gave him both the material and fortitude to produce award-winning movies such as Platoon and Born on the Fourth of July."}, {"type": "subtitle", "content": "How you can apply this knowledge"}, {"type": "sentence", "content": "The more you fight back against the hurdles life throws your way, the more success you will be capable of. This is due to the fact that with each barrier you move past, the feeling of \"I did this. I can do ________too\" increases. As a result, you are more courageous and resilient when the next stumbling block presents itself. And courage and resilience are the backbone of growth, productivity, and prosperity."}, {"type": "sentence", "content": "So accept that there will be continuous hardships towards the destinations you are working towards and make a commitment to yourself to be undaunted by this fact. Know that eventually, your persistence will pay off, and when it does (even in small ways), the byproducts of this struggle will be self-assurance, tenacity, and a growing ability to take the risks required to achieve your goals."}, {"type": "subtitle", "content": "Adversity increases learning"}, {"type": "sentence", "content": "When we face extremely important situations where our body, financial status, psychological health, or loved ones are at risk of harm, we are forced to act. None of us want to see ourselves, the things we have worked for, or the people we care about suffer."}, {"type": "sentence", "content": "As a result, our mind is flooded with thoughts. What did we do wrong that created these complications? How can we avoid doing them again? What immediate measures or \"damage control\" can we undertake to lessen the consequences of our previous actions?"}, {"type": "sentence", "content": "By asking ourselves these questions, we gain new insights that will help us improve our present and future circumstances. Entrepreneur agrees, stating that \"adversity is a great teacher.\" And being a teacher myself, I can assure you knowledge is one of the quickest ways to go further faster."}, {"type": "sentence", "content": "The publication gives examples of some valuable questions our struggles and failures reward us with. When we encounter difficult situations or setbacks, we begin to ponder many things: our planning and preparations, our execution, and our efforts concerning the reasons for our misfortunes. As a result of this deliberation, we then seek solutions through more introspection, the counsel of others, and other sources of knowledge we feel may help us resolve the issue at hand."}, {"type": "sentence", "content": "When the solution to our difficulties is found, we make a deliberate decision to never again make the same bad choices. This habit of continuously examining the error of our ways and changing our courses of action is the fundamental strategy the world's most successful people use to acquire phenomenal accomplishments."}, {"type": "sentence", "content": "American author Robert Collier summarizes the benefits of adversity in its connection to success when he states, \"In every adversity there lies the seed of an equivalent advantage. In every defeat is a lesson showing you how to win the victory next time.\""}, {"type": "subtitle", "content": "How you can apply this knowledge"}, {"type": "sentence", "content": "When you encounter problems that hinder your happiness or the fulfillment of your wishes, analyze the problems themselves. Find the origins of your troubles and work from there. For example, what was the first misstep? What thoughts or actions led you to make this mistake? Are there actions that occurred after the initial mistake that made the problem increase in magnitude? If the problem is inescapable, what are ways you can best minimize its backlash? In the future, what actions and mindsets must you implement to make sure the errors do not repeat themselves?"}, {"type": "sentence", "content": "Understand that in most of these situations, you will not have all the answers you seek. So consults experts or people who have faced the same dilemmas. Find books on the subject. Do online research. Make a plan and then commit to it so the likelihood of repeated mistakes is minimized or erased."}, {"type": "subtitle", "content": "Adversity helps us realize our strengths"}, {"type": "sentence", "content": "If we study the way we've overcome past failures or hardships in life, a common pattern usually emerges, a repeated trait, plan, or action that allowed us to rise above our challenges."}, {"type": "sentence", "content": "This common trait could be risk-taking, researching, utilizing repeated contacts or resources for help, or any other number of things. Look back at your own history of adversity and ask yourself what recurring things you did well that helped you overcome the trials you faced. Your talents are unique, and utilizing your strongest personal traits is the easiest way to prevail over the present and future hardships that threaten to derail your success."}, {"type": "sentence", "content": "Leaderonomics cites the advice of Robert Caplan, author of the book What You're Really Meant to Do: A Roadmap for Reaching Your True Potential, who states most people are ignorant of their own strengths and that \"people should take ownership of assessing themselves\" in order to become more successful."}, {"type": "subtitle", "content": "How you can apply this knowledge"}, {"type": "sentence", "content": "Realize that there is no one \"right\" way for everyone to triumph over hardship. However, there is a right way for you to fight your battles and that is to use the weapons you are most skilled with. If you are analytical, sitting down with the facts and finding answers in a logical and methodical way may work best for you. If you are creative, brainstorming innovative ways or approaches to difficulties may help you find the best course of action to take. If you have great people skills, utilizing the people around you may be the way to most effectively resolve troublesome situations."}, {"type": "sentence", "content": "If you are unsure of exactly what your strengths may be, there are many tests that can help you figure out the answer. For example, this free test is one that can help you decipher your greatest assets."}, {"type": "subtitle", "content": "The bottom line"}, {"type": "sentence", "content": "Author Roy T. Bennett states the value of adversity best when he says \"Your hardest times often lead to the greatest moments of your life. Keep going. Tough situations build strong people in the end.\""}, {"type": "sentence", "content": "And though we certainly don't relish the thought of another struggle coming our way, at least we know it can bring about something positive. After all, we don't want to be \"objects at rest.\" We want to be in motion, moving confidently, and wisely towards the life we envision. Adversity gives us that ability, even if there are a few tears in the process."}], "topic": "productivity", "uuid": "de0e1b418a218a355a164ec992e85055f85df68d9078fc2e23a0f527", "link": "https://medium.com/live-your-life-on-purpose/3-reasons-adversity-enhances-your-success-and-how-you-can-use-it-to-achieve-more-7704f332ef5"}