{"title": "3 Ways Leaders Can Facilitate Social Opportunities While Working Remotely", "data": [{"type": "image", "content": "https://miro.medium.com/max/10368/1*tWwS_KrTXtmMadzkKiz1Lg.jpeg"}, {"type": "sentence", "content": "I met four of my best friends at work. This wasn't by design. It just sort of happened after spending half of our waking hours working alongside one another. And, although we don't work together currently, our connection - and our group chat - remains as alive as it was back when we did."}, {"type": "sentence", "content": "Research tells us that having best friends at work is a great thing for us and for our companies. Gallup found that women who strongly agree they have a best friend at work are more than twice as likely to be engaged compared with the women who say otherwise, and we know that higher levels of engagement lead to a slew of desirable outcomes for organizations."}, {"type": "sentence", "content": "My work friendships were built slowly over time through small touchpoints that snowballed into meaningful connections. Without these touchpoints, Gallup says:"}, {"type": "sentence", "content": "The occasional afternoon walk to a coffee shop helped me power through my day, but it also gave me a chance to vent about the frustrating meeting I had just come from."}, {"type": "sentence", "content": "Our team huddle equipped me with the information I needed to do my job, but it also gave me a chance to linger around afterward to hear about everyone's weekends."}, {"type": "sentence", "content": "Lunch with a colleague gave me a respite before embarking on a busy afternoon, but it also allowed me to forge a relationship with the person sitting across from me."}, {"type": "sentence", "content": "The result of all this was that even on my toughest days, I wasn't tempted to look for jobs elsewhere because I knew the only way I would get to work with this group of people was to stay put."}, {"type": "sentence", "content": "I can't help but wonder what impact remote work will have on the friendships yet to be made in the absence of chance encounters like these, and I don't think the same organic connections will spontaneously happen without leaders putting some thought into it."}, {"type": "sentence", "content": "Here are three ways today's leaders can set the stage for their teams to forge meaningful friendships at work, even while working remotely."}, {"type": "subtitle", "content": "Create Non-Productive Space at Work"}, {"type": "sentence", "content": "I can almost hear the nay-sayers as I type this. My team is just too busy for that. Give me a break - no, they're not. If it's important, you'll find time for it."}, {"type": "sentence", "content": "Remember the coffee breaks, hallway gossip, and watercooler talk that transpired when we all physically worked together? None of those things are happening now, and they all took time. You can afford to have your team spend an hour or two a month intentionally not working."}, {"type": "sentence", "content": "It won't be for naught, either. The interactions that contributed most to my work friendships were the seemingly unproductive moments spent together at work."}, {"type": "sentence", "content": "Those were the moments where the meaningful connections were built, and those connections were what powered us to be more productive when we were working."}, {"type": "subtitle", "content": "How to do it"}, {"type": "subtitle", "content": "Take Time To Learn Together as a Team"}, {"type": "sentence", "content": "In Nine Lies About Work, Marcus Buckingham and Ashley Goodall discuss the impact that learning together as a team has on the team's overall level of trust, a key element of any relationship."}, {"type": "sentence", "content": "Goodall explains how he brought this practice to life at his company, Cisco, through the Power of Teams program."}, {"type": "sentence", "content": "The specific learning topics are less important to this approach. The point:"}, {"type": "subtitle", "content": "How to do it"}, {"type": "subtitle", "content": "Excuse Yourself"}, {"type": "sentence", "content": "Let's face it - sometimes employees just need to vent to their co-workers without their boss listening in. Sometimes they might even need to vent to their co-workers about their boss. That's OK."}, {"type": "sentence", "content": "Feeling safe enough to share your frustrations with someone you trust is an important part of a friendship, and it's safe to assume that not everyone feels comfortable doing that with the person who writes their review in the virtual room."}, {"type": "sentence", "content": "Leaders need to know when to excuse themselves so that their people can show up as their authentic selves and real connections between team members can be formed."}, {"type": "subtitle", "content": "How to do it"}], "topic": "productivity", "uuid": "df1c9ac988020416e7fc8eca2ac891660b174eaf0eda8a9afa1c5c56", "link": "https://medium.com/better-humans/3-ways-leaders-can-facilitate-social-opportunities-while-working-remotely-c011c5f78a9b"}