{"title": "15 Productivity Hacks that Have Become Irrelevant (Thanks COVID)", "data": [{"type": "sentence", "content": "While COVID-19 has affected each and every one of them differently, there's also no denying that it's completely turned productivity inside out. Most notably, the productivity hacks that have been promoted for years are no longer effective. In fact, most of these strategies aren't even realistic anymore and we have to adjust."}, {"type": "sentence", "content": "While I'm not hating on traditional productivity techniques, the new reality is that they are outdated and must be adapted. For example, these popular productivity hacks just aren't cutting any longer following COVID-19."}, {"type": "subtitle", "content": "1. The early bird catches the worm."}, {"type": "sentence", "content": "I'm sure that you've come across this adage a million times. In fact, this has been championed by some of the most productive and successful people throughout time. Everyone from Ben Franklin, Tim Cook, Michelle Obama, and Dwayne \"The Rock\" Johnson are morning birds."}, {"type": "sentence", "content": "To be fair, there is merit to being an early riser. \"It's been said that morning birds are more proactive, consistent, and aren't rushing out the door,\" Deanna Ritchie wrote in a previous Calendar article. \"What's more, it's a pretty good time to exercise or find your muse. And, because the world is still sleeping, you're more productive.\""}, {"type": "sentence", "content": "\"Here's the problem with that,\" adds Deanna. \"Not everyone is an early riser.\" And, you can blame genetics for this."}, {"type": "sentence", "content": "\"Biological differences between early birds and night owls exist,\" Robert Matchock, associate professor of psychology at Penn State Altoona, told Fast Company. \"The hormone melatonin, whose rise makes the body feel less alert, decreases later in the morning for night owls.\" Larks also \"have a higher core body temperature in the afternoon, which can be a sign of increased energy at that time,\" he added."}, {"type": "sentence", "content": "So, instead of forcing yourself to wake up at some ungodly hour, follow your own circadian rhythm. Now that you aren't fighting against yourself, you can plan your schedule when you're at your best."}, {"type": "sentence", "content": "And, since you may be homeschooling your kids, there's another way that this could work in your favor as well. If you're a night owl, you can focus on your most important work when the kids go to bed. That means you can be with them during the day while still being productive during your peak hours."}, {"type": "subtitle", "content": "2. You need a morning routine."}, {"type": "sentence", "content": "Yet another common productivity hack promoted by successful individuals is having a morning routine. Look, I totally get it. These habits can supercharge your day since they can set the tone for the day."}, {"type": "sentence", "content": "But, let's be real here. Not all morning routines are created equal. Case in point, the hour-long morning routine of Tim Ferriss."}, {"type": "sentence", "content": "\"In an ideal world, we'd all start our mornings like Tim Ferriss,\" notes Audrey Goodson Kingo for Working Mother. \"The podcaster, investor and productivity expert told Business Insider he begins his day with a 'very clearly defined' 60-minute morning routine that includes precisely 22 minutes of meditation, drinking tea (preferably oolong), journaling and working out (on a Peloton or doing acroyoga).\""}, {"type": "sentence", "content": "Ferriss calls it the \"recipe\" needed to \"set up\" the rest of his day. While I have nothing against it, it's just not realistic for everyone, in particular parents."}, {"type": "sentence", "content": "\"Over here in the real world, most working parents begin their day soothing grumpy children and yapping pets while chugging a giant cup of coffee,\" states Kingo. \"Our 'recipes' typically involve pouring cereal in a bowl.\""}, {"type": "sentence", "content": "If you can, definitely try to have some sort of morning routine. But, make sure that you keep it simple enough so that it's realistic. Most parents recommend prepping at much as you can the night before so that you do have the time to squeeze in some physical activity, journaling, and definitely getting the coffee percolating."}, {"type": "subtitle", "content": "3. Never check your email in the AM."}, {"type": "sentence", "content": "\"I understand why this sounds like a good tip: Reading and responding to email could derail your entire morning and set you back (you know when your 15 minutes of reviewing emails turn into 45 - and suddenly, you're late for work,\" writes Emmy Award-winning television producer and founder of ListProducer.com Paula Rizzo. \"But, in so many industries, it can be difficult to ignore what has been going on overnight - even for a few hours.\""}, {"type": "sentence", "content": "\"Translation: This tip just isn't realistic in your fast-paced life,\" continues Rizzo. \"In fact, it might actually cause additional anxiety before you even get into the office.\""}, {"type": "sentence", "content": "To fix this, Rizzo says to go ahead and check your email in the morning. However, \"don't respond unless it will take you less than a minute.\" For messages that only require a \"yes\" or \"no\" or \"that can be forwarded to someone who can take care of it for you is fine,\" she adds."}, {"type": "sentence", "content": "\"But anything that requires research or a longer response is off-limits. Mark that message as \"unread,\" and \"go back to it later when you have more time,\" adds Rizzo. \"Better yet, add it to your to-do list so you'll be sure to check on it later.\""}, {"type": "sentence", "content": "\"Scrolling through and skimming emails first thing in the morning is a good use of time even when you can't respond right away. Letting them marinate before firing off a response can be invaluable.\""}, {"type": "subtitle", "content": "4. You have to eat frogs in the morning."}, {"type": "sentence", "content": "The frog concept was popularized by author Brian Tracey. For the uninitiated, it doesn't mean literally eating frogs - which I don't find all that appetizing. Instead, it's tackling your most important or challenging task bright and early."}, {"type": "sentence", "content": "I totally get the appeal here. Most of us tend to be most alert and energetic in the morning. Besides, once this is no longer hanging over your head, it feels like a weight has been lifted off your shoulders."}, {"type": "sentence", "content": "But, as already mentioned, not everyone is a morning person. Again, as opposed to forcing yourself to work when you aren't at your peak is counterproductive. As such, it's a better idea to schedule your \"frogs\" during your golden hours."}, {"type": "sentence", "content": "Additionally, even if you are a morning person, there's a solid chance that you've had to adjust your schedule. For example, let's say you currently have kids at home, and you need to help them with schoolwork. It's not possible to \"eat frogs\" at the same time, meaning you'll have to chomp them down when you can."}, {"type": "subtitle", "content": "5. Use to-do-lists."}, {"type": "sentence", "content": "Research from Kevin Kruse has found that millionaires don't rely on to-do-lists. I know. Shocking."}, {"type": "sentence", "content": "The first reason he found was that they don't account for time. \"When we have a long list of tasks, we tend to tackle those that can be completed quickly in a few minutes, leaving the longer items left undone,\" he writes in Forbes. \"Research from the company iDoneThis indicates that 41% of all to-do list items are never completed!\""}, {"type": "sentence", "content": "Secondly, \"a to-do list doesn't distinguish between urgent and important. Once again, our impulse is to fight the urgent and ignore the important. (Are you overdue for your next colonoscopy or mammogram?)\""}, {"type": "sentence", "content": "And, finally, \"to-do lists contribute to stress,\" Kruse states. \"In what's known in psychology as the Zeigarnik effect, unfinished tasks contribute to intrusive, uncontrolled thoughts. It's no wonder we feel so overwhelmed in the day, but fight insomnia at night.\""}, {"type": "sentence", "content": "Rather than using lists, they live and die by their calendar. How? They add their priorities to their calendar before anything else."}, {"type": "sentence", "content": "I should add, though, that there's absolutely nothing wrong with jotting down reminders. The occasional braindump ensures that you won't forget anything while clearing your head. However, committing to only lists may not be as effective as scheduling."}, {"type": "subtitle", "content": "6. Work in Pomodoros."}, {"type": "sentence", "content": "In all seriousness, I'm a fan of the Pomodoro Technique. After all, it encourages me to take frequent breaks throughout the day to keep me fresh. Moreover, it has benefits like improving planning and dealing with distractions and interruptions."}, {"type": "sentence", "content": "The problem is that it's essentially a time tyrant. How so? Because you're supposed to work in 25-minutes and then take a break."}, {"type": "sentence", "content": "Some people don't like that level of regimentation. More problematic, though, is that it interrupts your flow. That just means that if you're fully immersed in a task, you have to stop and take a break when the timer goes off."}, {"type": "sentence", "content": "To solve this predicament, try a modified version called the Flowtime Technique. Created by Zo\u00eb Read-Biven, here's how it works."}, {"type": "sentence", "content": "That's pretty much it. The jest is that you're tracking your time while also identifying common distractions. Also, it still encourages you to take breaks, but whenever you need them."}, {"type": "subtitle", "content": "7. Outsource and delegate."}, {"type": "sentence", "content": "Full transparency here. When done properly, outsourcing and delegating tasks can be timesavers. But that's only if you know how to clearly communicate your expectations and have people that you trust."}, {"type": "sentence", "content": "Furthermore, you still need to carve out time to monitor the task. And, most importantly, you also need to know what exactly to delegate and to whom."}, {"type": "sentence", "content": "If you're missing any of the above, outsourcing and delegating properly won't be effective. In fact, they may end up costing you more time - i.e., identifying the right person for the right job and having to correct their mistakes."}, {"type": "sentence", "content": "There's another consideration here. Since a majority of us have had to tighten our belts, we may not have the budget to hire freelancers, contractors, or even maintain a full-time team. As such, a better option might be to automate tasks like scheduling, posting to social media, responding to email, billing, and customer service."}, {"type": "subtitle", "content": "8. Stop multitasking."}, {"type": "sentence", "content": "Multitasking is a myth. Or, so you've been told."}, {"type": "sentence", "content": "In reality, what this refers to is a task-switching, where you're bouncing your attention from one thing to another. In this care, it's not possible and can even have consequences like hindering your productivity and lowering your IQ"}, {"type": "sentence", "content": "But what about doing two things at once? Well, some of us can totally pull that off. And it might even be a good thing. Studies have found that multitasking can improve your performance by sharpening multisensory integration."}, {"type": "sentence", "content": "Additionally, multitasking can \"deepen\" your time. \"There's a nice form of multitasking, which I tend to think of more as 'alignment,'\" says Laura Vanderkam, author of What the Most Successful People Do Before Breakfast; \"This means deepening time, not fragmenting it.\""}, {"type": "sentence", "content": "An example of this would be when you workout with a friend. \"You're running, but you're also talking and nurturing your relationship at the same time. That's good multitasking,\" she says."}, {"type": "sentence", "content": "The catch? Multitasking on tasks that don't conflict with each other. \"In other words, you can multitask as long as you're doing two things that don't tax the same parts of your brain,\" explains Peter Bregman in a Forbes article. \"Email while on a conference call? Bad idea. But exercise and commuting? It's a perfect multitasking marriage.\""}, {"type": "subtitle", "content": "9. Silence is golden."}, {"type": "sentence", "content": "Obvious, right? How can you possibly focus when you're surrounded by noise? Besides, science has shown that you'll get more done when it's quiet."}, {"type": "sentence", "content": "Of course, can you actually be in an environment where it's completely silent? Most likely not. I mean, just as I'm writing this, my dog barked because she heard the mail truck, and my neighbor has been running his leaf blower wild. Even if I head noise-canceling headphones,s higher-pitched random noises, like voices, can still come through."}, {"type": "sentence", "content": "At the same time, there are advantages to listening to music and background noise."}, {"type": "sentence", "content": "\"Overall, research shows that listening to music and background noise can offer various benefits, including improved cognitive performance, improved task performance, improved concentration, increased energy levels, and improved mood,\" write the folks over at Effectivilogy. \"These benefits mean that listening to music or background noise can be highly beneficial in a variety of circumstances, especially since it is often relatively easy to set them up.\""}, {"type": "sentence", "content": "The caveat is that we all respond differently to music and background noise. You may work best listening to classical music, while others prefer video game tunes. I suggest trying out focus@will. It will curate a personalized playlist to improve your focus."}, {"type": "subtitle", "content": "10. You need a home office."}, {"type": "sentence", "content": "For those who were fortunate enough to have a home office, the transition to working from home hasn't been as trying. But, if you don't have the space for a home office? No worries. You can still be productive."}, {"type": "sentence", "content": "In another Calendar post, Max Palmer shares how this is possible by:"}, {"type": "sentence", "content": "If you're really limited on space because you're in a small apartment or sharing tablespace with your family, get creative. For instance, you could clean out a closet and make a cozy office in there."}, {"type": "subtitle", "content": "11. Always dress for success."}, {"type": "sentence", "content": "I guarantee that when you're new to working from home that this is the most common piece of advice that you come across. Science has also found that what you wear to work matters. But, to be honest, you really don't need research to prove this."}, {"type": "sentence", "content": "Just think about the times that you do dress up. You probably feel like a million bucks. And, it can also help you mentally shift into work mode."}, {"type": "sentence", "content": "However, these are unprecedented times. We're grieving the loss of the world we used to know - and love. And, we're all struggling right now."}, {"type": "sentence", "content": "Despite what conventional wisdom has previously said, the new reality is that you can wear whatever you damn feel like."}, {"type": "sentence", "content": "I think in a rebuttal to an L.A. Times piece entitled Enough With the WFH Sweatpants. Dress Like the Adult You're Getting Paid to Be, Esquire's Ben Boskovich, put it best. \"Whether dressing like you're headed to the office makes you feel better or not is up to you. Not me, and not a deputy fashion director who wants you to wear jeans.\""}, {"type": "sentence", "content": "As long as you're still being a pro and getting things done, wear what you want. Of course, use some common sense as well. If you have a video call, throw on an appropriate outfit instead of your cozy, yet raggedy, bathrobe."}, {"type": "subtitle", "content": "12. Avoid procrastination."}, {"type": "sentence", "content": "Procrastination has a bad reputation. And, for good reason."}, {"type": "sentence", "content": "Putting things off can cause you to fall behind or even stress you out. That can damage your credibility and overall well being. It can also cause you to miss out on opportunities and put a strain on your relationships."}, {"type": "sentence", "content": "But, believe it or not. Procrastination can actually be good for you. In fact, it may even be able to improve your productivity and happiness."}, {"type": "subtitle", "content": "Why procrastination isn't always the enemy."}, {"type": "sentence", "content": "How so? Well, here are six reasons, according to Susanna Newsonen, MAPP:"}, {"type": "subtitle", "content": "13. Turn that frown upside down."}, {"type": "sentence", "content": "I don't think that any of us want to experience negative emotions like anxiety, stress, or hopelessness. Not only is that detrimental to your health, but it also influences your productivity. And, while there are small ways to lift your spirits, like going for a walk or talking to a friend, forcing yourself can be just as bad."}, {"type": "sentence", "content": "Back in 2017, research from UC Berkeley found that trying to force yourself doesn't work. Mainly because resisting negative emotions leads to feeling more psychologically stressed. More interesting was that those who do accept these feelings reported fewer mood disorder symptoms."}, {"type": "sentence", "content": "\"It turns out that how we approach our own negative emotional reactions is really important for our overall well-being,\" said study lead author Brett Ford, an assistant professor of psychology at the University of Toronto. \"People who accept these emotions without judging or trying to change them can cope with their stress more successfully.\""}, {"type": "sentence", "content": "That couldn't be any more relevant than right now. During the COVID-19 pandemic, psychologists have recommended that we don't ignore difficult feelings. Instead, we need to acknowledge them and reach out for help."}, {"type": "subtitle", "content": "14. Using productivity apps."}, {"type": "sentence", "content": "\"It's fun to get on the app and layout your tasks and set goals, but if you get too into planning, that's a waste of time,\" explains Stephanie Wells, founder of Formidable Forms, over at Inc. \"A simple calendar or to-do list is best to quickly plan out your schedule and get things done.\""}, {"type": "sentence", "content": "From my experience, many productivity apps also have a learning curve. That means you need to make a time investment in figuring out the work. Moreover, these tools are so robust that they can be overwhelming and you'll probably spend more time organizing than doing."}, {"type": "subtitle", "content": "15. Maintain a work-life balance."}, {"type": "sentence", "content": "For years, it was advised that we strive for work-life balance. Here's the truth, though. Balance doesn't exist."}, {"type": "sentence", "content": "I feel that most of us realized this as we began working remotely. It would be great if you could clock-in at 9 a.m. and work a full day. But, you have to walk the dog, keep up with household chores, and take care of the kids. And, even when you call it a day, you may still have to respond to emails or wrap-up the tasks you didn't finish earlier."}, {"type": "sentence", "content": "A better approach is work-life integration."}, {"type": "sentence", "content": "According to UC Berkeley's Haas School of Business, work-life integration is \"an approach that creates more synergies between all areas that define 'life': work, home/family, community, personal well-being, and health.\" In other words, instead of setting hard boundaries and compartmentalizing, you connect work and life."}, {"type": "sentence", "content": "Examples could be bringing your dog to work, having a conference call when your kids are playing in the backyard, or inviting a friend to tag along when running errands. How is this possible in a post-COVID world? Well, stick to a schedule and routine, but also be flexible. But, above all, it's admitting that you're not perfect and that you should also put your priorities first."}, {"type": "sentence", "content": "15 Productivity Hacks that Have Become Irrelevant (Thanks COVID) was originally published on Calendar by John Rampton."}], "topic": "productivity", "uuid": "e0e509938db5b193da14c0d4779bc9cfe2fafd6c900c222cc082f87d", "link": "https://medium.com/calendar/15-productivity-hacks-that-have-become-irrelevant-thanks-covid-c927d25de8db"}