{"title": "How I Created a System to Fit My Writer's Lifestyle", "data": [{"type": "sentence", "content": "I knew I needed to change my \"system\" when I was becoming more stressed and less fulfilled. As a writer, I felt like there were never enough hours in the day to do everything. I wanted to do too much, and I wanted to do it now. I was piling so much on my plate and stretching myself far too thin. It was important for me to write each day. However, so many things often got in the way of my daily word count goal. When doing everything became impossible, I became discouraged, which created a negative cycle."}, {"type": "sentence", "content": "The thing is: there simply aren't enough hours in the day to do everything I want. Once I admitted that, I realized I needed to change my system to better fit my writer's lifestyle."}, {"type": "sentence", "content": "I began by writing down a list of everything I wanted to do. And I mean everything: from long-term goals like publishing a book to short-term goals like refreshing my portfolio."}, {"type": "sentence", "content": "Once I did this, I noticed a trend: many tasks I wanted to do took some time to complete. Most of them were projects that went through various stages of completion, and others required ongoing, never-ending maintenance. In the past, I have always set goals for the day, but would beat myself up if I didn't complete them all. That's when I realized my expectations for myself were unrealistic. I needed to start thinking in terms of days instead of hours."}, {"type": "subtitle", "content": "First, I switched from Daily Tasks to Weekly Tasks."}, {"type": "sentence", "content": "After accepting the fact that there simply aren't enough hours in the day, I gave myself permission to take more time."}, {"type": "sentence", "content": "I started with my bullet journal. Instead of having a daily to-do list, I began a running weekly Master Task List. There, I wrote down everything I wanted to complete by the end of the week, instead of the day. Then, as I prepared for each day ahead, I cherrypicked the tasks I was up to tackling."}, {"type": "sentence", "content": "This gave me the flexibility of only selecting tasks based on my mental health and availability. If some days were unpredictably busier than usual, I didn't have to feel bad if I couldn't get to a certain task because I still had the rest of the week to complete it."}, {"type": "subtitle", "content": "Next, I implemented a Content Calendar."}, {"type": "sentence", "content": "When I ran a digital fashion magazine in my early 20s, I created a Content Calendar to help me prepare features a month or two in advance. A Content Calendar is just what it sounds like: it's a calendar (I use a weekly format) where you can plan out what content will go live each day. At Clich\u00e9 Magazine, my team and I had a week when we brainstormed content ideas for the following month. Then, we decided when each feature would go live. That way, we had a better idea of how much time we had to reach the deadline."}, {"type": "sentence", "content": "While I've often prepped blog posts a week in advance, rarely have I planned content a month out. However, working a month in advance again has given me much more time to prepare thoughtful content without feeling rushed. I'm still getting the same amount of writing done, but now I'm much more prepared and less stressed out."}, {"type": "subtitle", "content": "Then, I recruited help from apps like Ulysses and Trello."}, {"type": "sentence", "content": "Discovering the apps Ulysses and Trello changed my life this past year."}, {"type": "sentence", "content": "Ulysses, which replaced Pages and Microsoft Word for me, is my favorite writing processor app purely for its easy organization and customization. Here, I can keep track of all my different projects all in one place without opening various windows in my Documents."}, {"type": "sentence", "content": "Trello's kanban-style design makes it even easier for me to implement my Content Calendar. Here is where I schedule tasks for the week or the month, arranged by stages of completion."}, {"type": "sentence", "content": "For example, I have one Trello board called January 2021 Content with the following lists: To Write, Creating an Outline, Writing Draft, Taking Photos, Editing, Promo Copy, Scheduled, then finally, Published. I start by placing a blog title idea in the To Write column, then drag and drop it along the columns as it nears completion."}, {"type": "sentence", "content": "Both apps help me visualize the various moving stages of my writing, and I can't recommend them enough."}, {"type": "subtitle", "content": "Finally, I schedule the content in advance."}, {"type": "sentence", "content": "Once my writing projects are complete, I schedule them in advance. This way, they are all ready to go come their publish date and I can shift my focus to my next project. There is also much more freedom and flexibility when scheduling content in advance, especially when needing to make last-minute switches or changes. I schedule all blog posts to go live on WordPress, then finally, I schedule their corresponding social media posts to go up on Buffer."}, {"type": "sentence", "content": "My writing projects have gone much smoother ever since."}, {"type": "sentence", "content": "Megan Portorreal is a professional writer, editor, and creative in the New York City area. She can be found on Twitter and Instagram @meganportorreal"}, {"type": "sentence", "content": "Originally published at http://meganportorreal.com on January 14, 2021."}], "topic": "productivity", "uuid": "e2f90cd57909c2089856ad7c445fb10315c7629f8bc9f7bc6dee2f14", "link": "https://medium.com/thursday/how-i-created-a-system-to-fit-my-writers-lifestyle-df8c5f3daf6a"}