{"title": "Be Quick or Be Dead", "data": [{"type": "subtitle", "content": "1968 - A HISTORICAL NOVEL: CHAPTER 24"}, {"type": "image", "content": "https://miro.medium.com/max/2048/1*oWhULpgxQgnkOvUSFFWJ8A.jpeg"}, {"type": "sentence", "content": "The men of the 3rd Battalion 26th Marines Kilo Company needed this, a night of singing, dancing, laughing, drinking, smoking, and drooling - not necessarily in that order - as the Donut Holes put on a show at base camp that did exactly what it was intended to do: Lift the spirits of the disgruntled men fighting this despicable war."}, {"type": "sentence", "content": "Patrick and his pals had enjoyed some down time in the past week, and the short break was capped off with an appearance by four members of the Red Cross Supplemental Recreational Activities Overseas program, the Donut Holes, or Donut Dollies as the men called them."}, {"type": "sentence", "content": "They were single, female college graduates who signed up to do their part to assist the war effort by going to Vietnam and giving the soldiers a thrill by parading around in their short, tight miniskirts as the men hooted and hollered. They sang and danced, played games like charades and musical chairs, or just talked to individuals who needed a soothing ear. Their shows did not compare in entertainment value to the USO productions that featured Hollywood stars and starlets, but they were more personal because the young ladies mingled with the men and learned a little about them before moving on to the next base camp."}, {"type": "sentence", "content": "Patrick was entranced by one of the Dollies, a redhead from Nashville named Peggy whose perfume smelled like a rose garden and whose green eyes and perfect breasts caused a stir in his fatigues. He had gawked at her almost the entire time and was able to spend about 10 minutes alone with her after the show, just shooting the shit and trying not to get caught glancing down at her pair of prized possessions."}, {"type": "sentence", "content": "Like everyone else that night, Patrick fell asleep with a smile on his face, only to be rousted in the pre-dawn hours and informed that they were about to embark on an unavoidably dangerous mission, one that had even their fearless commanding officer apprehensive. As Sergeant Major Hound Dog Harriman laid out what company command was asking them to do, Patrick bowed his head, closed his eyes, and cursed the God that his Catholic parents made him believe was really up there looking out for him. \"They're throwing us into the shit today,\" Hound Dog said, \"and I ain't gonna lie to you boys, this is a fucked up mess. Those tits you saw last night might be the last tits some of you will ever see. You get some breakfast, and I want every one of you to write home just in case. I ain't fucking kidding. I seen a lot here, but this ain't good. But we got no choice.\""}, {"type": "sentence", "content": "There was a murmuring among the men who were all staring wide-eyed back at this Rock of Gibraltar figure because Hound Dog rarely admitted or showed concern. This guy was the ultimate survivor, a hardened warrior, already on his fourth tour and moving up in rank because the men in Hound Dog's family believed they were put on this earth to do one thing: Fight wars."}, {"type": "sentence", "content": "If there wasn't a war to fight, they didn't know what to do with themselves, and this went back to the Civil War when his great, great grandfather fought for the Union and was a hero in the Battle of Gettysburg as he helped beat back the charge of the Confederates at Cemetery Ridge. About 50,000 men lost their lives in those three days at Gettysburg, but not John Robert Harriman."}, {"type": "sentence", "content": "Patrick saw the uneasiness in Hound Dog's eyes as he explained the mission, and he thought back to the last time his Sergeant gave off this vibe a few months back during Operation Mameluke Trust when Kilo got ambushed and lost five men in a matter of seconds. That day a phrase often recited by the troops rang true: In Vietnam there were only two types of Marines - the quick, and the dead. It seemed like that might get put to the test again during this mission."}, {"type": "sentence", "content": "The 3/26 Kilo were tasked with providing security for the main supply route, National Route #1, from the Hai Van Pass at the southern boundary of Thua Thien Province, north to Phu Loc Village. None of this meant much to Patrick because all of these villages and provinces looked the same to him. But when Hound Dog went over the particular coordinates and pointed them out on the map, everyone snapped to attention because they recognized this was a hot zone of hostile activity, a place where the VC and NVA had inflicted heavy American casualties."}, {"type": "sentence", "content": "They knew how important that stretch of road was to get the motor convoys through, and it had to be kept clear at all cost. The enemy knew this, too, and over the past several weeks there had been almost daily skirmishes in the region, the firefights growing in intensity as the enemy fortified its positions in the surrounding hills."}, {"type": "sentence", "content": "The Marines were always ready for a fight no matter how mundane the mission may have seemed, but there would be nothing mundane about this. Hound Dog made them perfectly aware that there was going to be a fight, and the best they could do was to react quickly when it started, hope they could hunker down without anyone perishing, and then rise to the challenge with all their might to secure the road. In other words, be quick or be dead. One thing was certain: This was not going to be a good day. Patrick could only hope it wasn't going to be his last day."}, {"type": "sentence", "content": "When Hound Dog finished his briefing, corpsman Dan Lamorello, the company medic, headed to the supply tent to load up, and he asked Patrick to give him a hand."}, {"type": "sentence", "content": "\"Doc, I'm scared,\" Patrick said. \"This seems like lambs being led to the slaughter.\""}, {"type": "sentence", "content": "\"This whole fucking war is lambs to the slaughter, McDonald,\" Lamorello said as he grabbed extra rolls of gauze and vials of morphine and stuffed them into his bag, then collared Patrick by the scruff of his neck and told him, \"You're a Marine. You do what you're trained to do and you'll be fine.\""}, {"type": "sentence", "content": "When chow was finished, Patrick walked over to the tent he shared with five others, sat on his cot, and did what Hound Dog had demanded. He wrote his death letter."}, {"type": "sentence", "content": "After Patrick handed his letter to Hound Dog, the Sergeant gave it back and told him he forgot to stamp it. That meant he hadn't written the word \"free\" on the envelope where the stamp would normally go, one of the only perks the soldiers received while they were in country: Free mail service from Uncle Sam back home."}, {"type": "sentence", "content": "\"I wish more things in life were free,\" Patrick said as he wrote the word and gave the envelope back to Hound Dog."}, {"type": "sentence", "content": "Patrick then began packing for the mission. When he was finished at the supply shed, he did a quick inventory: M-16 rifle in working order; three bandoleers of ammo to strap over his shoulders and across his chest; a pistol belt complete with two pouches to hold four hand grenades, with a smoke grenade and a canteen of water attached to the strap; a ruck sack to carry extra ammo and smoke grenades; a couple flares; a small fold-up shovel for digging fox holes; two days' worth of C-Rats in cans; a rain poncho; extra socks; a toothbrush; cigarettes; and a pen and note paper. About 50 pounds in all to lug around in the stifling jungle heat. Boy scout camp for killers, Patrick liked to say."}, {"type": "sentence", "content": "Two hours after Hound Dog stored the letters in a canvas bag and shoved them under his cot, the men of Kilo company were on their way into the shit. Literally, for Patrick, as it turned out. The C-123 transport planes had dumped thousands of gallons of Agent Orange into the mountainside along their route in the preceding weeks, and the powerful defoliant had started to kill the vegetation and forest, but not enough yet to deprive the enemy of the proper cover it required to execute their ambushes."}, {"type": "sentence", "content": "About two clicks into this journey to the unknown, Patrick began to catch strong whiffs of the stuff, and his mind drifted back to some of the conversations among the guys smarter than him who swore that someday, being exposed to Agent Orange would cause serious health issues for the soldiers. But that was a worry for another day. Today, the focus when Patrick looked up at those chemically covered hills was spotting any movement by the enemy that would tip off Kilo to a coming firefight."}, {"type": "sentence", "content": "It was early afternoon, about three hours on the trail under an unrelenting sun, and the men were starting to feel the effects of the heat, and the fear, and Hound Dog was scouting for a covered area to stop and take a break. But then Patrick noticed something that looked suspicious off to his left maybe 20 yards away up a slight incline, barely visible in the foliage, and he alerted Hound Dog who was about 10 yards ahead of him."}, {"type": "sentence", "content": "\"Sergeant,\" Patrick said, trying his best not to speak too loudly."}, {"type": "sentence", "content": "Hound Dog turned around, and Patrick pointed to what looked like some kind of man-made structure. Hound Dog put up his fist to halt the march, and then motioned with his head for Patrick to go up and check it out as every man went silent and crouched down."}, {"type": "sentence", "content": "Patrick slipped through the brush, stepped over some rocks, ever mindful of those deadly Bouncing Betty mines, and came upon a slightly cleared out space which he immediately identified. There were four bamboo poles stuck into the ground with palm fronds positioned on top and on the sides, and in the middle there were two basketball-sized holes dug out."}, {"type": "sentence", "content": "\"Gook shitter,\" Patrick said, again using a muffled voice."}, {"type": "sentence", "content": "Hound Dog nodded, and pointed to the ground, meaning that he wanted Patrick to get down on his knees and take a whiff to see if it was active. Patrick did, and the rancid smell made him feel like puking right there. No doubt it was active, and this was not good because that meant the gooks were somewhere close, probably ready to strike at any moment."}, {"type": "sentence", "content": "Patrick stood up, his face contorted from the foul odor, and gave a thumbs up and a nod to Hound Dog that indeed it had been recently used. And just then, out of nowhere it seemed, came the first explosion with it the first two dead Marines on this mission. Al McAfee from Butte, Montana, and Billy Wilson from Tucson, Arizona were standing side by side maybe 100 feet from the latrine, looking at Patrick as he confirmed that danger was likely imminent, and they were torn to shreds by a rocket-propelled grenade, the fucking Russians' gift to the NVA. They died instantly."}, {"type": "sentence", "content": "Within a split second came AK-47 artillery fire, and the men of Kilo began hitting the deck, several filled with lead and screaming in agony. Patrick took cover in the disgusting shitter and that gave him a chance to scope where the enemy was attacking from. Hound Dog was doing the same down below, but it was difficult to do with your head down trying to avoid getting blown to pieces. Patrick located the muzzle flashes through the thick vegetation, got up on his knees with his M-16 set to automatic and began spilling rounds into the distance, hoping to hit something. The other men who were not yet wounded gained their bearings and began firing as well, but the gooks had established their line and knew exactly how they wanted to attack and clearly had the upper hand."}, {"type": "sentence", "content": "Pinned down with no escape, all Kilo Company could do was dig in, return fire, and hope they wouldn't be drawing their last breath in the coming minutes or seconds. Hound Dog yelled into the PRC-25 radio for Tactical Air Command support, and after giving the coordinates he said he'd be sending up red smoke grenades in a few minutes to mark Kilo's exact position. TAC was ready to swoop in because it knew it would likely be needed, and after he was told help would arrive in about two or three minutes, Hound Dog yelled, \"Roger that, over,\" and handed the radio back to Lance Corporal Johnny Cannon from Ames, Iowa, who was always on Hound Dog's hip."}, {"type": "sentence", "content": "\"What the hell are we gonna do, Sergeant,\" a terrified Cannon yelled over the din."}, {"type": "sentence", "content": "\"We're gonna kill as many as we can before they kill us,\" Hound Dog said, and he wasn't kidding."}, {"type": "sentence", "content": "The roar of war was all around as Hound Dog tried to plot his response. He could see the NVA had them flanked to the North and West and were trying to push them into a sparsely vegetated area to the east. Hound Dog knew that was a death wish if he moved the men that way; they had to stay put and wait for TAC to firebomb the shit out of these fuckers."}, {"type": "sentence", "content": "Hound Dog scanned the snake line of men that stretched about 50 yards behind him and began barking his orders. He motioned to Gunnery Sergeant Eugene Mills from Los Angeles and Staff Sergeant Milo Davidson from Fargo, North Dakota to take aim with their M-60s at a position about 60 yards to the west, and he instructed Private First Class Mike Orlowski from Tampa to fire his M-79 grenade launcher toward the North flank. He looked up to where Patrick was taking cover in the latrine, and yelled, \"Get some fire out there\" so Hound Dog could move down the line to communicate with more of the men."}, {"type": "sentence", "content": "Patrick gave him a thumbs up, and on Hound Dog's signal, Patrick began providing cover as his crazy commanding officer got on his feet and, in a crouched position, scurried through the gates of hell with Cannon right behind him. Hound Dog made it to his first position just as Patrick had to stop to load the next bandoleer."}, {"type": "sentence", "content": "Hound Dog shouted instructions to PFC Joe DeLuca of Rochester, New York, then looked up at Patrick to see if he was ready, and Patrick was. Hound Dog began moving to the next position when the unthinkable happened. In all the chaos, Hound Dog didn't see the trip wire in his path that was attached to a booby-trapped hand grenade. The captain's right foot stepped on the wire, and the grenade that was maybe five feet to his right detonated. The blast tore into Hound Dog's torso, chest, and neck, a devastating direct hit that would have killed most men instantly. Such as Jimmy Cannon, who took shrapnel that tore a hole into his neck and nearly severed his head."}], "topic": "fiction", "uuid": "e65d5952244ed31d214b328f42880ae8670f2b93a9187df417a56afe", "link": "https://medium.com/the-junction/be-quick-or-be-dead-38d43c6b8f83"}