{"title": "How To Create Your Most Productive Workspace Ever", "data": [{"type": "sentence", "content": "If you hate your workspace, you are not going to get anything done. Likewise, if you love your workspace, you are going to be extremely productive. There is no in-between on this."}, {"type": "sentence", "content": "People might tell you that where you work doesn't matter, but I think those people are in denial. After all, we are seeing how this plays out every day with people who work from home. Many people who love working from home have a workspace they love. While others, who prefer being in an office setting tend to enjoy the way their desk, office, or cubicle is set up."}, {"type": "sentence", "content": "I have found this to be true in my own life too."}, {"type": "sentence", "content": "Over the years, I have worked in offices with open workspaces, cubicles, and individual offices. Other jobs have allowed me to work from home where I have worked in a designated den/office space, living room, or even our laundry room."}, {"type": "sentence", "content": "Some of the jobs I have had put me to work in event spaces, coffee shops, and out of my car. Its space has positive characteristics and negative ones too."}, {"type": "sentence", "content": "Yet, our workspace matters a great deal."}, {"type": "subtitle", "content": "Workspace Set Up Matters"}, {"type": "image", "content": "https://miro.medium.com/max/11792/0*_ZPMPES2dHh_d-wT"}, {"type": "sentence", "content": "According to studies, your physical workspace matters a great deal to how much work you get done and your overall wellbeing. If you are working in a space that is not conducive to work and even lacks proper natural light you may miss out on getting a lot done."}, {"type": "sentence", "content": "When I last worked in a cubicle setting, I worked in the middle of high-walled cubicles in a building with very minimal natural light. In fact, my cubicle was placed in a location where I never saw a window unless I got up to go to the breakroom. This was one of the more difficult settings for me and for a long time, I didn't know why."}, {"type": "sentence", "content": "While on the other hand, with my current job, I work from home 100% of the time, and currently work in our laundry room. However, I have a ton of natural light in this room and therefore complete a lot of work throughout the day."}, {"type": "sentence", "content": "While natural light is super important, other things like your desk, placement of supplies, cleanliness of space, and the ability to close out distraction matters too."}, {"type": "sentence", "content": "So, how do we set up an optimal space so we can get things done?"}, {"type": "subtitle", "content": "Create Your Most Productive Space Today"}, {"type": "image", "content": "https://miro.medium.com/max/8684/0*cO8qqZUDAX4eBXl4"}, {"type": "sentence", "content": "First and foremost, you need to understand something, your space might be different than mine. While I might give suggestions as to what you could add to your space, these steps should help you better understand what you need and then help you to create the space you need to be the most productive."}, {"type": "subtitle", "content": "\u21161 - Your Desk and Chair"}, {"type": "sentence", "content": "No matter what you are doing, make sure that the space you are going to be parked out for extended amounts of time is comfortable. You need to have a good, ergonomic set up for your desk and chair. In this article from Life Hacker they give the following ergo checks:"}, {"type": "sentence", "content": "While this is for a sitting desk, I have a standing desk so you want to make sure that your computer screens follow these guidelines as well as your keyboard keeping the right comfortable height for typing."}, {"type": "subtitle", "content": "\u21162 - Be Aware of Your Senses"}, {"type": "sentence", "content": "There is three main sense I am talking about here: sight, smell, touch. What you see, smell, and feel in your workspace matters a great deal because they can determine whether you will be distracted or whether you will be able to focus. Here are a few tips for setting up your workspace:"}, {"type": "sentence", "content": "The way you experience your environment impacts the way you interact with it and your work. This is why you need to be mindful of the way you see it, smell it, and feel it under your hands and feet. The more this is tailored to you, the more you will like your workspace, the more you will get done."}, {"type": "subtitle", "content": "\u21163 - Noise"}, {"type": "sentence", "content": "While the sound is part of your senses, this one gets a space all to itself. Why? Because you have a lot of control over the noises that interrupt your work or might help you get more things done throughout the day. Here are three ways to control the noise that contributes to your productivity."}, {"type": "sentence", "content": "Clearly, noise can be both positive and negative when it comes to your workspace and getting things done. That is why it is very important that you tailor this part of your workspace specifically to you."}, {"type": "subtitle", "content": "\u21164 - Organization"}, {"type": "sentence", "content": "Where you keep things is just as important as these other areas because your organization will help you quickly transition from task to task. Now, most of my work is completely digital, however, I always keep a notepad and pens at hand in case I need to jot down a quick note. However, here are a few other things to think about:"}, {"type": "sentence", "content": "No matter what you need it should never be far away and it should be easy to access. The key is the ease of use and access so you can keep getting things done with minimal distraction or interruption."}, {"type": "subtitle", "content": "\u21165 - Prepare Your Breaks"}, {"type": "sentence", "content": "Whether you stop for a quick walk, a cup of coffee, or a snack, you need to have this prepared ahead of time. Now, this doesn't have to be overly complicated, but it matters to know where you will take your breaks. Will you do it in your workspace? Or will you leave your workspace?"}, {"type": "sentence", "content": "If you stay in your workspace, you will need to plan out how you will take a break so you won't be enticed to work while resting. Because this isn't really resting if you are working too."}, {"type": "sentence", "content": "Likewise, if you will leave your workspace for a break, make sure you give yourself the best chance to rest. Don't leave your space just to do household chores or work on something else. Make sure that your breaks are breaks so you can step back into getting things done when it's time to get back to work."}, {"type": "subtitle", "content": "Final Thoughts"}, {"type": "sentence", "content": "Your workspace is the most important part of your daily productivity because you spend some much time there. If it isn't conducive to getting things done, then you won't be productive. However, if you set it up to help you focus on the move from task to task, you can experience a ton of success."}, {"type": "sentence", "content": "No matter what your situation, make it work for you."}, {"type": "sentence", "content": "Don't just copy what others do or what you're told to do or even what the experts say. Since your workspace is your space, it needs to be focused on what will help you get the most done every single day."}, {"type": "sentence", "content": "How do you set up your workspace? Describe it or put a picture into the responses? What is your favorite part of your workspace?"}, {"type": "sentence", "content": "Learn how to maximize your day by maximizing your morning with your e-mail course!"}], "topic": "productivity", "uuid": "e90bbaa81ba853d6c198438871dd670946039d65482d31e56d102b2d", "link": "https://medium.com/the-innovation/how-to-create-your-most-productive-workspace-ever-791cb28c3c6a"}