{"title": "I Met A Syrian Who Lost Everything Because of War", "data": [{"type": "sentence", "content": "Imagine this. You come from a country where girls don't step outside the house after it's dark. Going to a different country all alone is absolutely out of the question."}, {"type": "sentence", "content": "But you have this urge to travel the world. To explore. To feel how people around the world live. And spend a fraction of your time trying to live a different life in this new place."}, {"type": "sentence", "content": "A life different from that of your own, which is tied to the demands of your culture and society."}, {"type": "sentence", "content": "And you do it. You pack your bags, create an interior, and travel. The money is less, but you're positive that the experience will be worth it."}, {"type": "sentence", "content": "You want to do crazy things to experience life. Nah, not the fancy life of travel on Instagram. But genuinely experience things you haven't before. Meet strangers from across the world, make friends, make memories."}, {"type": "sentence", "content": "You have minor social anxiety and going to people and being a conversation starter isn't your forte."}, {"type": "sentence", "content": "There are so many things which worry you - safety, money, new people, a new place. But deep in your heart, you trust that you truly want to experience this in life."}, {"type": "subtitle", "content": "Swiping in Paris"}, {"type": "sentence", "content": "I landed in Paris even though each of my friends had a scary story to tell."}, {"type": "sentence", "content": "And here I was, swiping on my Couchsurfing app. Yes I know, we millennials are swimming in the sea of instant gratification. We have a taxi and a date away one click away if I want."}, {"type": "sentence", "content": "But what is a better way to explore a city than to meet a local?"}, {"type": "sentence", "content": "I have Couchsurfed previously in Stockholm where I had a local take me to underground cafes and local spots which I wouldn't have easily found on my own."}, {"type": "sentence", "content": "But meeting somebody without a profile picture is absurd and calling trouble upon yourself, isn't it? And yet, yours truly swiped right."}, {"type": "sentence", "content": "Now, there was this profile (let's call him Mr. A) which had all the red flags:"}, {"type": "sentence", "content": "And one green flag:"}, {"type": "sentence", "content": "My gut was so sure about meeting this stranger. I absolutely had to meet him. Regardless of not knowing what he looks like or who he is, I had to see him."}, {"type": "subtitle", "content": "Introducing you to Mr. A"}, {"type": "sentence", "content": "Mr. A was a short man of about 5 feet 5 inches. He was bald, build alright, and met me with a warm smile."}, {"type": "sentence", "content": "Mr. A, in person, was full of green flags."}, {"type": "sentence", "content": "We spoke for about two hours while staring at the river in front of us. The locals were around us, some French teenagers listening to music and couples sitting arm in arm. Here we were, with our feet hanging down as we had a long conversation with many walls of silence."}, {"type": "sentence", "content": "Little did I know that this conversation will change me. Forever. Here are some excerpts from what we spoke about, and I'm hopeful they will make you ponder."}, {"type": "subtitle", "content": "Is your life really that hard?"}, {"type": "sentence", "content": "Mr. A covered stories of Syrian refugees. He was a videographer for a famous news channel."}, {"type": "sentence", "content": "People he interviewed came from two scenarios:"}, {"type": "sentence", "content": "Their only hope is to spot land when they spend their days on a raft. Now tell me, is life really so hard or do we just enjoy whining about it?"}, {"type": "subtitle", "content": "The cup of life is too small, love fills it up."}, {"type": "sentence", "content": "Mr. A and his relatives lost their home because of the usual blasts, he claimed. I feel chills down my spine each time somebody normalises bomb blasts, and this wasn't the first time because so did an Afghani man I met in Austria. But that's a story for another time."}, {"type": "sentence", "content": "His family is doing fine and are hopeful that things will get okay. He brightened up when he spoke about his family because it's a blessing for all of them to be together."}, {"type": "sentence", "content": "I love and value my family, but I hardly think of how much they mean to me. Without them, no amount of money I make or the career I lead holds any value. It took somebody else's story of a torn home to remind me this, that's the real problem here."}, {"type": "subtitle", "content": "Take charge of your life."}, {"type": "sentence", "content": "This man had his house shattered and lost a huge part of his family. He supports his younger siblings to study because his education suffered."}, {"type": "sentence", "content": "His circumstances made it extremely difficult for him to turn his life around, but he kept going."}, {"type": "sentence", "content": "No amount of excuses that I've ever made felt worth it when I spoke to him. This man has had his whole world crushed but stands smiling, optimistic about what lies ahead."}, {"type": "sentence", "content": "What's your excuse?"}, {"type": "subtitle", "content": "Lessons I Still Carry to This Day"}, {"type": "sentence", "content": "I met Mr. A in June 2018, that's 2.5 years ago. But my conversation with him gave me lessons I still carry with me today."}], "topic": "travel", "uuid": "ef17258f7558a703922181f643b5ce9d7166bfa1226612f4763d442e", "link": "https://medium.com/the-ascent/i-met-a-syrian-who-lost-everything-because-of-war-46f3fd709eb7"}