{"title": "Cruise to Oblivion: A Triple Disappearance on Lake Michigan", "data": [{"type": "sentence", "content": "Three young women left to spend a day at the beach, and vanished without a trace. Police have been baffled by the case for more than half a century."}, {"type": "image", "content": "https://miro.medium.com/max/2100/1*R5tSoElPlOCyDye3U1af7w.jpeg"}, {"type": "sentence", "content": "Summers in Chicago tend to be very hot and muggy, and the summer of 1966 was no exception. Looking for a way to beat the oppressive heat, three young women decided to spend Saturday, July 2nd at Indiana Dunes State Park. Eager to get the holiday weekend started, 21-year-old Ann Miller left her house early that morning to pick up her two friends. Her first stop was 19-year-old Patricia Blough's house. Patty had been watching for the familiar sight of Ann's 1955 Buick and she ran out the door as soon as Ann pulled up to her house. She yelled a quick goodbye to her mother, telling her that she would be back early. Renee Bruhl, the third girl of the trio, was married and needed to be home in time to cook dinner for her husband, so Patty told her mother to expect her home around 5:00pm. The two girls made the short drive to the west side of Chicago to pick up 19-year-old Renee, and by 8:00am they left the city and headed for the Dunes."}, {"type": "sentence", "content": "They arrived at the park around 10:00am. The beach was packed with people looking forward to enjoying the long holiday weekend, but the girls took little notice of the crowd. They spread their blanket out about 100 yards away from the shore, choosing a spot close to a few poplar trees that would provide a little bit of shade from the relentless sun. Though it was still early, the temperature had already topped 90 degrees and would continue to climb for the next few hours. The girls stripped down to their bathing suits and settled themselves on the blanket, content to just relax and soak in the atmosphere for a while."}, {"type": "image", "content": "https://miro.medium.com/max/1310/1*KNU0ben81Eou2kc4lYuCog.jpeg"}, {"type": "sentence", "content": "Like Ann, Patty, and Renee, Mike Yankalasa and Frances Cicero also lived in Chicago. The teenage couple had also decided to join the crowd at the Dunes that Saturday, and they had staked out a spot in the sand that was close to where the three girls were. Around noon, they watched as the trio got up and began to make the 100-yard walk to the water's edge. Although the teenagers hadn't really been paying much attention to the girls, they couldn't help but notice that they had left all of their belongings - purses, wallets, a radio, and everything else they had brought - unattended on their beach blanket. They assumed the girls were just going to take a quick dip in the water to cool off and then come right back."}, {"type": "sentence", "content": "Mike and Frances continued to lay out in their little spot of sand, idly watching the crowds of people sunbathing and swimming. It was common to see small boats pulling up close to the shoreline, almost all of them piloted by good looking young men. These men would hone in on a group of pretty women, maneuver closer, and try to entice them to take a boat ride. The teenage couple watched in amusement as three young men pulled their boat close to where Ann, Patty, and Renee were, and though they couldn't hear any snippets of conversation from where they were sitting, it was obvious that the men were trying to talk them into getting on their boat. The women must not have been impressed, and the men soon gave up and went off in search of more amiable targets."}, {"type": "image", "content": "https://miro.medium.com/max/1282/1*xlSves0XXAz2od6_EamMuw.jpeg"}, {"type": "sentence", "content": "It wasn't long before a man in a smaller boat moved in towards the three girls, and Mike and Frances exchanged amused glances. The three women sure seemed to be popular with the guys. Their amusement quickly turned to surprise, though, as they watched the three girls climb up into the boat. Once they had settled in, the boat sailed off to the west and the teenagers lost sight of it."}, {"type": "sentence", "content": "As the sun began to set, the crowd on the beach finally started to thin out. Crowds of tired, sunburned people made their way to the parking lot and tried to remember where they had left their cars. Mike and Frances joined the crowd heading for the parking lot, but as they got closer to where they had been sitting earlier in the day, they saw something that made them stop in their tracks. Obviously, the three women hadn't made it back from their boat ride yet. Their beach blanket and all their belongings were still in the exact spot where they had left them so many hours earlier."}, {"type": "sentence", "content": "The teens flagged down park ranger Bud Conner and told him about the three women who had left on a boat around noon and not come back for their things. They had no idea who the women were, but they were able to describe them as well as the boat they had seen them getting into. Bud had been a park ranger for years, and he was used to dealing with situations like this. The women had probably decided to go on an afternoon picnic that had turned into a moonlit cruise."}, {"type": "image", "content": "https://miro.medium.com/max/1118/1*wsJKPZ0S87UgkUtoEUe1tQ.jpeg"}, {"type": "sentence", "content": "Bud thanked the teenagers and told them he would put everything in the park office so that it would be safe until the women returned. Picking the blanket up by its corners, he checked to make sure that nothing had been missed and then carried everything to the Park Superintendent William Svetic's office. It certainly wasn't the first time someone had left something behind on the beach. They would probably get a call from the women in the morning, and they would be pleased to know that their possessions were safe."}, {"type": "sentence", "content": "Sunday was another busy day at the Dunes. The holiday weekend was in full swing, and the park rangers had their hands full dealing with the crowd of people. Monday was July 4th, and the rangers arrived that morning expecting another busy and crowded day at the state park. William had just unlocked his office when he got a phone call from a man who identified himself as Harold Blough. He told the park superintendent that he was trying to locate his daughter. She had gone to the Dunes on Saturday with two friends but had never come home. He was trying to determine if there had been an accident or anything else that might explain what had happened to the three young women. William had forgotten all about the belongings that Bud had brought to the office on Saturday night, but as he was speaking with Harold he checked and saw that the blanket was still in his office. A quick check confirmed that the car keys found on the blanket were to a 1955 Buick that was still sitting in the parking lot, but the women were nowhere to be found. It was only 8:50am, but it was clear this wasn't going to be a routine day at the park. Suspecting he was dealing with something far more serious than some forgotten belongings, William called the Indiana State Police."}, {"type": "image", "content": "https://miro.medium.com/max/1500/1*lCfH28hCQmtnAA_O-cOFRw.jpeg"}, {"type": "sentence", "content": "Indiana State Trooper Harry Young was the first officer on the scene. The first thing he did was call in the license plate number of the Buick. It didn't take long for him to determine that there had been a missing person report filed on the owner of the Buick and two of her friends, all of whom had been missing since Saturday. Sergeant Edward Burke, a state police detective, was the next officer to arrive at the scene. He inventoried all the items that the women had left on the beach, as well as those that were still in the car. In addition to leaving their purses and wallets behind, it soon became clear that the women had left their clothing and shoes behind as well. Wherever the women went, they were barefoot and clad only in their bathing suits."}, {"type": "sentence", "content": "The first 48 hours of an investigation are always the most critical, but police had already lost those crucial first hours. Search parties began the grueling task of going over every inch of the 2180-acre park. It was one of the most extensive manhunts the state of Indiana had ever seen. In addition to the beach and the lake, there were many wooded areas and open fields in the state park. With no way of knowing if the women had gone missing on the lake or after they were brought back to shore, police searched each section of the park."}, {"type": "sentence", "content": "It didn't take long for the media to pick up on the story of the three missing girls, and their pictures made the front page of newspapers around the country. While the publicity helped to generate many tips, most involved purported sightings of the women that police were unable to confirm. Boaters who had been on the lake that Saturday told investigators that they had seen the women in water up to their chins, and police wondered if perhaps the women had just gone out too far and had drowned. But all three women were strong swimmers, and it was hard to imagine that three people would have been able to drown without any of the lifeguards on duty noticing a thing."}, {"type": "image", "content": "https://miro.medium.com/max/3800/1*YjKwzlOwejpexayShuaifw.jpeg"}, {"type": "sentence", "content": "Detectives got their first break in the case when a man came forward and told them he had been shooting home videos at the lake the day the women had gone missing. Although he didn't remember seeing the trio, he told police that they were welcome to go through his videos if they thought it would help in the investigation. Police took him up on his offer, hoping that the videos would help them in their search for the boat that the women had gotten on. They were lucky; the video showed three women getting onto a small white boat that had a distinctive three-hulled design. Although it was hard to make out their faces on the video, the three women were wearing swimsuits that matched the descriptions of what Ann, Renee, and Patty had been wearing, and the male that was piloting the boat matched the description given by witnesses. The boat could be seen heading to the west before it disappeared from the video."}, {"type": "sentence", "content": "Some witnesses told police the small boat had dropped the women off at a beach to the west of where they left all their belongings. An attorney and his wife were certain they had seen the women getting something to eat and wandering around the dunes before being picked up by a cabin cruiser with three men aboard."}, {"type": "sentence", "content": "After a week of intensive searching, officials were confident that the women were not anywhere in the state park. Every inch of the park had been searched without finding any trace of the women. They were also certain that the women hadn't drowned, as their bodies would have surfaced by that point. Once they had ruled out accidental drowning, police were left with two main theories about what might have happened. Either the women had run into foul play after accepting a boat ride with an unknown person, or they had staged had their own disappearance. Their families insisted that there was no way the young women would have voluntarily walked away from their families, but police weren't so sure. As the focus of the investigation shifted to the personal lives of the three women, investigators grew more convinced that they were dealing with a voluntary disappearance."}, {"type": "sentence", "content": "Renee and Patty had been classmates and friends for years. They got to know Ann because she and Patty both boarded their horses at the Tricolor Stables in Palatine, Illinois. The three women had bonded over their mutual love of horses and would often ride together. On the surface, their horseback riding seemed to be a wholesome pastime, but detectives soon learned it had some sinister undertones. Tricolor Stables was owned by George Jayne. Both George and his half-brother Silas Jayne had been involved in various fraudulent activities and police were quite familiar with the pair. Police were certain that Silas had orchestrated the murder of three young boys in 1955, but they were never able to come up with the evidence needed to charge him and they suspected that George had helped him cover it up."}, {"type": "image", "content": "https://miro.medium.com/max/1934/1*toGdSdKovT6NdABjjfDLXg.jpeg"}, {"type": "sentence", "content": "While they may have been involved in mutual criminal activities, George and Silas were not close and there was a long-standing feud between the two of them. In June of 1965, an incident at Tricolor Stables illustrated just how serious the feud had become. George's Cadillac was blocking the entrance to the stables, and a young woman named Cheryl Ann Rude had been sent out to move it. As soon as she started the engine, the car blew up. There was no doubt that George had been the intended target, and he was sure that Silas had been behind the bombing. The incident made him so paranoid that he devised a way to start a car while standing outside the passenger side door. After Ann, Patty, and Renee went missing, there were whispers that perhaps one or more of the women had witnessed the car bomb being planted and they were killed because of it. But the bombing incident had taken place more than a year before the women went missing, and it seems unlikely that someone would have waited that long before ensuring their silence."}, {"type": "sentence", "content": "A couple of months before the women vanished, Patty came home with an extremely bruised and swollen face. She told her family that she had an accident while horseback riding, but it was obvious to her friends that the injury had come from a fist, not a fall. When her friends asked her about it, she told them that she was having trouble with some \"horse syndicate\" people. She didn't elaborate, but her friends were sure that at least one of the Jayne brothers was to blame. Perhaps the women realized that they were in over their heads and believed that disappearing was the safest course of action."}, {"type": "sentence", "content": "Dick Wylie was a reporter in Chicago when the women went missing, and he covered the disappearance extensively. Although he went on to become a police officer in Florida, he returned to Chicago after he retired and spent years researching this case. Dick believed that at least one of the women had arranged to have an illegal abortion done on that day, only to have something go horribly wrong. According to Dick, there was a husband and wife team who operated an illegal abortion mill on a houseboat somewhere in the waters of Lake Michigan. Their nephew would supposedly pick up women in a small boat to shuttle them to the larger boat where abortions were performed. Dick believed a botched abortion resulted in the death of one of the women, and the other two may have been killed so that there would be no witnesses. Yet the fact that the women left all their belongings on the beach makes this theory seem unlikely."}, {"type": "image", "content": "https://miro.medium.com/max/1894/1*jUuSLa8qkxzoz2m9tpR1Cg.jpeg"}, {"type": "sentence", "content": "It's possible the women did stage their own disappearance, and there were some credible sightings of them in Michigan after they went missing. If the women disappeared voluntarily, it would explain why they had left all of their belongings on the beach - they wanted people to think that they were dead. None of their relatives believed this was the case, but they also didn't know about some of the things that had been going on in the women's lives. They were aware that the women liked to go horseback riding together and would often meet at Tricolor Stables, but they had no idea about any of the criminal activity that was going on there. The girls were young when they started going to the stables, and they may have found some of the criminal undertones to be quite exciting at first. Eventually they would have heard rumors about the heavy criminal activity that the men were involved in; allegations of drug use, murder, and the killing of show horses for insurance money would have been hard to ignore. Patty had been roughed up on at least one occasion. Could this have been the catalyst that led to the women deciding they needed to escape somehow? It's certainly a possibility."}, {"type": "sentence", "content": "Renee appeared to be happily married, but detectives had made an interesting discovery when they were inventorying the items she had left behind in her purse. In a letter addressed to her husband, Renee wrote that she was unhappy in her marriage and was contemplating getting a divorce. She accused her husband of spending far too much time building hot rod cars with his friends and not paying any attention to her. Her husband told investigators that he didn't think they had been having any marital problems and he was confused by the letter. Her family was also unaware of any problems in the relationship."}, {"type": "sentence", "content": "Perhaps the best argument against the women staging their own disappearance is the fact that none of them ever contacted anyone in their families. Adults go voluntarily missing all the time, but it's extremely rare for them to never be heard from again. If the women felt that events going on in their lives that summer necessitated them running away, it's reasonable to assume that they would have reached out to their relatives once those issues had been taken care of. George Jayne was shot to death in 1970, and Silas was found guilty of conspiracy in his brother's murder and sent to prison. If the women had disappeared in an attempt to hide from the brothers, they likely would have come out of hiding once both brothers were out of the picture."}, {"type": "sentence", "content": "It's also possible that the horse industry and its criminal connections had absolutely nothing to do with the disappearance of the three women. Although it would still be several years before Ted Bundy would capture the attention of the nation and make serial killers a household name, such killers did exist and there's always a chance that the women were unfortunate enough to cross paths with one. The man who was piloting the boat that picked the women up has never been identified, and it's unknown if he had anything to do with the disappearance or not. So many years have passed that it's possible there is no one still alive today that knows just what happened to the three women. Unless the bodies of the women are found or the killer decides to come forward, the truth may never be discovered."}, {"type": "sentence", "content": "The women are still listed as missing persons, although police know that it is highly unlikely that any of them are still alive. The case file is still reviewed periodically, and investigators remain hopeful that they will one day learn just what happened on that hot summer day more than 50 years ago to turn a routine trip to the beach into one of Indiana's most baffling missing person cases."}, {"type": "image", "content": "https://miro.medium.com/max/4096/1*h0xwghOR1_31_uYw_Af42A.jpeg"}], "topic": "fiction", "uuid": "f3a0237f0367ff255c0b0302992f33b9f8507a0b612064e49ad7ef75", "link": "https://medium.com/@jennbaxter_69070/cruise-to-oblivion-a-triple-disappearance-on-lake-michigan-fdb3693ea0c"}