{"title": "Offline Reporting is for Chumps", "data": [{"type": "image", "content": "https://miro.medium.com/max/2400/0*GFNuRIYf4CkwhmbS.png"}, {"type": "sentence", "content": "I talk to brands around the world every day. Big brands. Multibillion-dollar brands. Often it is in the context of some adtech or martech business challenge. One of my first questions is usually: \"Where's the data?\""}, {"type": "sentence", "content": "Today, most brands have contractual ownership of their data. What sort of data?"}, {"type": "sentence", "content": "In the past, much of this data was owned by the ad agency of record. Other data sets might have been owned by the publisher or media owner. Today, it is a common contractual practice to have the entity cutting all the checks (the brand) remain the owner of all the data. Although, that ownership shift took the better part of a decade to achieve."}, {"type": "subtitle", "content": "Contractual ownership \u2260 control."}, {"type": "sentence", "content": "After I confirm that the brand owns the data, I typically say, \"Ok great! Can we have a look?\""}, {"type": "sentence", "content": "That's where things get awkward."}, {"type": "sentence", "content": "There's often a chuckle or some darting stares across the conference room table (back when in-person meetings were a thing) followed by, \"Oh...uh...you'll have to ask the agency.\""}, {"type": "sentence", "content": "Just because you have a contract that says you technically own your marketing data does not mean you control it. It definitely does not mean you are getting value from it."}, {"type": "sentence", "content": "If you do not have explicit ownership of your brand's campaign data in all of your contracts...OMG. What are you waiting for?!"}, {"type": "sentence", "content": "Just last week, the ANA released new Master Services Agreement templates (free access) and resources for ad tech and martech procurement. Also, the ANA standard contract templates for brands and agencies include language to ensure proper data ownership."}, {"type": "subtitle", "content": "Control \u2260 value"}, {"type": "sentence", "content": "Control of your brand's data does not mean that you are getting a single penny of value from it. The data exhaust coming off of all your campaigns is one of the most valuable assets your marketing department has. Is all that data goodness sitting in a virtual drawer, collecting dust? Probably."}, {"type": "sentence", "content": "The primary reasons brands do not focus more time, energy, and resource on managing marketing data are:"}, {"type": "subtitle", "content": "Why should you care?"}, {"type": "sentence", "content": "Remember when digital or new media was a cute little gig given to the intern to handle? No one took it seriously. Marketing crumbs were thrown at it just so the CMO could claim they were innovative. Now, the digital intern is the CMO."}, {"type": "sentence", "content": "That's where we are right now with marketing data. The individuals that crack the code and generate millions of dollars in value using data that's otherwise just sitting around will become the marketing gods of the decade."}, {"type": "image", "content": "https://miro.medium.com/max/2400/1*9dtn4GbTm0SMQszhpwIUAg.png"}, {"type": "subtitle", "content": "Where to start"}, {"type": "sentence", "content": "In other newsletters, I've discussed the critical importance of first-party customer data. Owning, controlling, and creating value from marketing data includes the first-party goodies and all of the other data exhaust that comes from your campaigns. Those are the tea leaves, so to speak."}, {"type": "sentence", "content": "For the purposes of this discussion, we will set first-party data assets aside and focus on data resulting from in-market communications."}, {"type": "sentence", "content": "Our goal for today is to gather as much of your marketing data as possible, get control of the source, and apply a base level of reporting capability on top of it. This is the first, most basic step to get you started, but expect it to take at least six months if you also have a day job with other responsibilities."}, {"type": "subtitle", "content": "Time to hunt"}, {"type": "sentence", "content": "To accomplish this, you need to go hunting. A full-blown, wide-scale audit is in order. You need to turn over every stone internally, at your agencies, and within your directly owned tech platforms to get a full picture of what is out there. This is a prerequisite for all data management related work in the future. The goal is to generate an inventory or manifest of all campaign data and related brand data."}, {"type": "sentence", "content": "Next, you need to understand what each data set contains, how it is constructed, and how the data is organized. To do this, you'll need to roll up your sleeves and get your hands dirty."}, {"type": "sentence", "content": "For example, do you know what data your ad server collects? I promise you it is more than impressions, clicks, and conversions. Most ad servers have a row in a log or database for each impression with about 100 attributes and metrics for each. Your job is to understand what metrics are currently used versus what might be valuable to explore going forward."}, {"type": "sentence", "content": "Also, you need to get a sense of how portable the data is. Can you easily move it to an external reporting tool? Is there an API? Are there data logs?"}, {"type": "subtitle", "content": "Pools, lakes, and warehouses"}, {"type": "sentence", "content": "Once you have a sense of what data is available, where it currently lives, and have thought up a couple of use cases, you will need to begin joining the data sets. Here is where new vendors come into the picture. You will likely need to create what is broadly known as a data lake. Note: This is where you'll probably need to phone a friend. You'll need a data architecture subject matter expert if you do not already have one."}, {"type": "sentence", "content": "Unless you are a quant or have some level of data science experience, this area will be very foreign. That's ok. Just know that this is the central collection and processing point for all of your marketing data. It is where all the raw data finds its way home to you, where it belongs."}, {"type": "subtitle", "content": "Show me the m\u0336o\u0336n\u0336e\u0336y\u0336 numbers"}, {"type": "sentence", "content": "One of the most basic services built on top of your snazzy new data lake is a reporting service. The reporting service gets presented to you, the end-user, in the form of a data visualization like those generated by Business Intelligence tools (BI tools)."}, {"type": "sentence", "content": "Some example vendors providing these services include (not exhaustive):"}, {"type": "sentence", "content": "Note: I do not endorse any of these vendors. This is just a sample of the more popular choices you'll find in the market."}, {"type": "sentence", "content": "Once you have your source data in hand, explorable and extractable by a basic BI tool, your mind will be unlocked. If done correctly, you'll never go back to the dark days of offline reporting again."}, {"type": "subtitle", "content": "Powerpoint reports are for amateurs"}, {"type": "sentence", "content": "If the main way you consume or experience your campaign results is via Powerpoint reports created by someone else, stop it. Reports delivered to you via PPT, PDF, XLS, whiteboard, or crayon should be a thing of the past. The only appropriate use of Powerpoint for the delivery of campaign performance results is on a giant screen in a conference room or on stage at a trade show."}, {"type": "sentence", "content": "Most of your campaign analysis needs (85% +) can and should be delivered in a live BI tool of some sort. Why?"}, {"type": "sentence", "content": "In short, you should have direct, near real-time access to the totality of your campaign data, including ownership and control of the underlying source data."}, {"type": "sentence", "content": "Straight talk: this is hard work. However, it is 110% worth it and will be table stakes sooner than you realize. That means you'll have the strategic edge over your competitors (and your colleagues)."}, {"type": "sentence", "content": "Run, don't walk towards completing these five steps:"}, {"type": "image", "content": "https://miro.medium.com/max/2200/1*f4nyyFeuWqqoltXzCMBS_w.gif"}, {"type": "sentence", "content": "\ud83e\udd47Ari wrote the most read AdExchanger post of 2020. Adios cookies."}, {"type": "sentence", "content": "\ud83d\udcb8 Adweek had a busy week buying Social Media Week."}, {"type": "sentence", "content": "\ud83d\udc40 The BuiltIn \" Best places to____\" lists are out, and apparently, everyone is one them."}, {"type": "sentence", "content": "\ud83d\udea8 And maybe don't illegally storm the US Capitol like the CEO of Cogensia did and expect to be in the mainstream marketing business afterward..."}, {"type": "sentence", "content": "Originally published at https://www.adlingo.org. If you enjoyed this article, consider subscribing to the AdLingo weekly newsletter."}], "topic": "marketing", "uuid": "f3d67fb4215e813ef0746279d19cfd8ab7312f21d2dc3059a74f4612", "link": "https://travislusk.medium.com/offline-reporting-is-for-chumps-9970005251b4"}