{"title": "How To Get Unstuck", "data": [{"type": "image", "content": "https://miro.medium.com/max/1600/0*U8GxUPrPp12oxcrw.jpg"}, {"type": "sentence", "content": "By Stephanie Harrison"}, {"type": "sentence", "content": "You know what to do, but you can't make yourself do it."}, {"type": "sentence", "content": "You know that if you took that leap, things would be so much better - but the leap is too big and scary."}, {"type": "sentence", "content": "You sit down each day with the resolve to do the big thing, but at the end of every day, it is still unchecked on your to-do list."}, {"type": "subtitle", "content": "You're stuck."}, {"type": "sentence", "content": "Getting stuck is an inevitable part of living a New Happy life. It isn't a moral failing or something wrong with you: it's just something normal that happens when you are pursuing your dreams. Because if there is one thing that your brain doesn't like, it's feeling scared. It will do whatever it takes to stop you from taking the step into the scary unknown. If you want to live your true potential, it's essential that you learn the skill of coaxing yourself into coming out of the safe, cozy cave and into the daylight to make stuff happen."}, {"type": "sentence", "content": "Here are the three steps that will help you to get unstuck."}, {"type": "subtitle", "content": "Trick your brain"}, {"type": "sentence", "content": "When you are stuck, your brain is running two completely conflicting programs. The first program, run by our primitive brain, senses imminent danger and is screaming at us to not take a single step further. When this program is in control, you tend to either stare hopelessly at your task, procrastinate endlessly, or simply give up before you get started."}, {"type": "sentence", "content": "The second part of our brain, run by our more evolved selves, is begging us to please, please, please, just open the email and send it, start the poem, or make the call. It's reminding you that you decided on this goal for a reason and that you really want to achieve it because it will make you happier. It also loves to berate you, telling you that you're flawed and stupid and horrible because you can't just do the thing."}, {"type": "sentence", "content": "The primitive program and the evolved program are battling it out in an arm wrestle fight for control. Usually, neither one wins, and deadlocked, you end up doing nothing for days and months and years, torn between stopping and starting."}, {"type": "sentence", "content": "To trick your brain, you need to shrink the task that your evolved self has set your primitive self. Big tasks that represent extreme vulnerability and require big courage like \"Write a book\" or \"Start a company\" are way too much for the primitive program to cope with. They trigger instant five-alarm alerts. Instead, you have to shrink the big dream into separate tasks that are much more palatable, ones that your primitive brain might not even realize ladder up into the bigger dream. \"Write a book\" turns into \"write 100 words each day.\" \"Start a company\" turns into \"buy a domain name today.\" This allows you to gently coax your primitive program into doing what your evolved program wants to."}, {"type": "subtitle", "content": "Check your control mindset"}, {"type": "sentence", "content": "Sometimes we get stuck because we have developed an external locus of control, which is the belief that external circumstances have control over your life, and what you do doesn't really matter. If you have an external locus of control, you might catch yourself engaging in self-talk like \"nothing I do really matters,\" \"this is never going to change,\" or \"no matter how hard I try, I won't succeed.\" (To learn a lot more about your locus of control, check out our new book, which teaches you how to reclaim control in the pandemic!)"}, {"type": "sentence", "content": "If your conflicting brain programs have been locked in an arm-wrestle for a while, you'll likely develop an external locus of control. When times are hard, like these ones, it's even easier to start to believe that your life isn't your responsibility. Why bother acting? Nothing matters. Your lack of activity then results in no progress or changes, making you feel even more stuck. It's a vicious cycle."}, {"type": "sentence", "content": "You have to reclaim a sense of agency by exercising control over your life in some way. My favorite way to do this is to make some really weird choices that shake up this mindset. Here are a few examples:"}, {"type": "sentence", "content": "If you normally walk or drive a specific route to work, take a completely different one"}, {"type": "sentence", "content": "If you usually have yogurt and granola for weekday breakfast, make yourself a full-on bacon and eggs breakfast"}, {"type": "sentence", "content": "If you always flop on the couch when you get home, flop on the floor and do 20 pushups instead"}, {"type": "sentence", "content": "Any small, strange choice jostles your mindset just enough to see that, in fact, you are always making choices, not acting is still a choice, and you've just gotten mired in a pattern of making choices that make you feel stuck."}, {"type": "subtitle", "content": "Find the right type of support"}, {"type": "sentence", "content": "Through our relationships with other people, we can find the security and safety that inspires us to take big, bold risks. If we believe that we have enough support - and critically, that that support will still be there no matter what happens with the risk - we can release ourselves from our self-imposed prisons. I love how New Happy member Steph described this:"}, {"type": "sentence", "content": "\"My friends often have different perspectives than me and provide great words of wisdom on how I can reframe the situation and become more action-oriented (rather than dwell on a situation). Knowing that I can take action on the situation and make it better, rather than being a victim, helps me feel less stuck.\""}, {"type": "sentence", "content": "Who in your life makes you feel safe and secure? Who can you share your dreams with? Who unconditionally supports your biggest, boldest ideas? These are your essential sources of support when you're stuck. Here are a few ways you can lean on them to get unstuck:"}, {"type": "sentence", "content": "The next time you find yourself stuck, try out one of these strategies. The more that you use them, the more you'll discover that getting unstuck is simply a skill that, like anything else, can be developed and strengthened."}, {"type": "sentence", "content": "Here's to you moving past roadblocks with record speed!"}, {"type": "sentence", "content": "-"}, {"type": "sentence", "content": "The story was previously published on The Good Men Project."}, {"type": "sentence", "content": "-"}, {"type": "subtitle", "content": "About Stephanie Harrison"}, {"type": "sentence", "content": "Stephanie Harrison is the founder & CEO of The New Happy, a platform and community changing the way the world thinks about happiness. She has a MA in positive psychology from the University of Pennsylvania and was as instructor in their graduate program. Previously, she was Head of Curriculum for Thrive Global, where she led the development of both their behavior change curriculum and products to help employees thrive at work."}], "topic": "productivity", "uuid": "f9478f36d6d45ad0becf08d02d9129aea674c32d7a91dde2405df723", "link": "https://medium.com/change-becomes-you/how-to-get-unstuck-2d20d00d3d49"}