{"title": "The Tinder Chronicles: The Guy Who Rode a Unicycle", "data": [{"type": "image", "content": "https://miro.medium.com/max/6334/0*DU1ULR22E2KhGEvR"}, {"type": "sentence", "content": "In his Tinder profile picture, Terry was balanced on a unicycle - with a parrot perched on his shoulder. Of course I swiped right; this was a guy who looked like he had an interesting story. I was tired of the same old \"Let's get drinks and talk about bland topics\" dates. I wanted something different."}, {"type": "sentence", "content": "Terry was definitely different."}, {"type": "sentence", "content": "We met at Piedmont Park, where Terry had suggested we could ride bikes. That sounded like fun to me, so I put on a cute outfit and arrived early, in the off-chance that parking would be an issue."}, {"type": "sentence", "content": "I was standing under the shade of a large tree when I first spotted Terry. Really, there was no mistaking the boy."}, {"type": "sentence", "content": "Terry was coming toward me, a huge grin plastered on his face - as he pumped his legs on his unicycle."}, {"type": "sentence", "content": "\"Hi, Viggy!\" He had to nearly shout to make himself heard - because this wasn't a normal unicycle. He was perched on a cycle that was at least five feet tall. When he reached me, he threaded his fingers through one of the tree's low-hanging branches and came to a wobbly stop."}, {"type": "sentence", "content": "I had been so distracted by his dramatic entrance that it wasn't until I heard a squawky \"Viggy! Viggy!\" that I realized his beloved parrot was, of course, perched on his shoulder."}, {"type": "sentence", "content": "\"Wow,\" I said, craning my neck to get a look at Terry and his parrot."}, {"type": "sentence", "content": "\"His name is Julius,\" he said."}, {"type": "sentence", "content": "As if on cue, Julius squawked, \"No shit, Sherlock!\""}, {"type": "sentence", "content": "I recoiled in surprise. \"You taught him to swear?\""}, {"type": "sentence", "content": "Even at such a great height, I could see Terry blush. Sheepishly, he said, \"Julius has been with me since I was a kid, when I was...fairly immature.\""}, {"type": "sentence", "content": "\"Oh boy,\" I said, laughing. My movements jostled the sunglasses perched atop my head, and they fell to the ground with a clack."}, {"type": "sentence", "content": "\"Fuck!\" Julius yelled, earning horrified and disapproving looks from a few nearby strangers."}, {"type": "sentence", "content": "Terry only shrugged, which made Julius ruffle his wings and readjust his feet on Terry's shoulder."}, {"type": "sentence", "content": "\"So, um,\" I said, bending to pick up my sunglasses, \"Are you going to come down from there?\""}, {"type": "sentence", "content": "\"Once I'm up, I stay up,\" he said. \"I thought you were bringing your own bike?\""}, {"type": "sentence", "content": "\"I don't have one,\" I said. \"I thought we were renting bikes?\""}, {"type": "sentence", "content": "\"That's bullshit!\" Julius yelled, startling me yet again."}, {"type": "sentence", "content": "Terry laughed uncomfortably. \"I guess we can just walk, then? Or, I mean, you can walk, and I'll cycle next to you.\""}, {"type": "sentence", "content": "\"Oh,\" I said, already feeling less excited about Terry. \"Okay.\""}, {"type": "sentence", "content": "I stepped out from under the shade of the tree and started walking slowly along the path. After a bit of swearing from both Terry and Julius, the unicycle squeaked onto the pavement next to me, and we were off."}, {"type": "sentence", "content": "\"So,\" I said, nearly having to shout just so Terry could hear me all the way up in the clouds, \"what do you do for a living?\""}, {"type": "sentence", "content": "\"It's not that interesting,\" he said, reaching into his pocket with one hand. \"I work at Katz's Deli downtown during the day, but at night, I'm a performer with the Atlanta Circus.\""}, {"type": "sentence", "content": "Ah, now it all made sense. The unicycle, the parrot, the unwavering commitment to the act. I could see it all."}, {"type": "sentence", "content": "Without waiting for a response, he said, \"Oh, I almost forgot. This was on special today because it's going bad soon, and I thought you might like some?\" He pulled his hand out of his pocket and tilted his palm, sending a sweaty stack of ham slices raining down onto my head. \"Oops, sorry about that!\""}, {"type": "sentence", "content": "\"Fuck that shit!\" Julius squawked."}, {"type": "sentence", "content": "The ham was already starting to smell, and I feared I wouldn't be able to get the stench out of my hair for quite awhile. \"Um, thanks? I'm a vegetarian, though.\""}, {"type": "sentence", "content": "\"Oh. Whoopsie!\""}, {"type": "sentence", "content": "I was in the process of picking the rotten chunks of ham out of my carefully coiffed hair, trying not to make a big deal out of it, when several things happened in rapid succession."}, {"type": "sentence", "content": "First, I heard Terry scream, \"No, Julius! No!\""}, {"type": "sentence", "content": "Next, I felt Julius' little clawed feet alight in my hair, where he proceeded to peck at my scalp, foraging for the ham, no doubt. I started yelling and batting my head, letting go of my calm demeanor completely."}, {"type": "sentence", "content": "Then, I heard a rickety metal clacking, and Terry was sprawled out on the pavement by my side."}, {"type": "sentence", "content": "\"Unnhhhh,\" he said, before trying awkwardly to push himself up. \"Julius, stop!\""}, {"type": "sentence", "content": "Despite his grasp of inappropriate language, Julius was not a well-trained parrot. He was still pecking at my head in a frenzy. Unintentionally, I had started to jog around, fanning my head to no avail. Just when I thought I'd have to find a really creative way to explain my bare scalp to my hairdresser, I finally caught hold of Julius' little claw and managed to pull him off of my head."}, {"type": "sentence", "content": "\"Let me go, bitch! Let me go, skank! This is bullshit!\" he squawked, flapping his wings uncontrollably. Terry was still somewhere behind me, struggling to remount his unicycle."}, {"type": "sentence", "content": "\"Okay, we're done here,\" I said, and took a deep breath. I readied myself, and then I released Julius while simultaneously taking off in a sprint. I held my arms over my head as tightly as possible, and didn't stop running until I was back at my car."}, {"type": "sentence", "content": "What I had feared ended up coming true - my hair smelled like Terry's discount ham for weeks."}], "topic": "fiction", "uuid": "f9bfd1dd2345cc161b245a1db3518379eda3969581e193b20daed057", "link": "https://psiloveyou.xyz/the-tinder-chronicles-the-guy-who-rode-a-unicycle-2ca9906cb7d3"}