{"title": "The Backwards Balloon", "data": [{"type": "image", "content": "https://miro.medium.com/max/4402/1*GK9ldLBoGIZVf6-rAFUTmA.jpeg"}, {"type": "sentence", "content": "The way I see it, Jimmy begins, is that we all have a choice in life to either suck in the appropriate information we need to make us happy or to just let our passions seep out and leave us deflated, like a balloon. Jimmy then lets the air escape out of his prop balloon."}, {"type": "sentence", "content": "Jimmy seems to always have balloons around his apartment to use during the demonstration of his backwards balloon theory. It's our third date and my third time seeing this show. I've attempted to have some sort of get-to-know-you conversation with Jimmy but so far he hasn't taken a breath."}, {"type": "sentence", "content": "Jimmy keeps talking, enjoying the sound of his own voice. He hasn't looked up from his balloon. I could probably walk out and he wouldn't notice."}, {"type": "sentence", "content": "The thing is, I might even like what he's saying and maybe even agree with him. If only he'd pause and ask my opinion. If only he didn't talk over me when I tried to interject. But he can't. He's too focused on teaching me something."}, {"type": "sentence", "content": "I toss a Frito into my mouth and pop open another Heineken as I settle in and feign fascination by his stellar observations."}, {"type": "sentence", "content": "Of course, Jimmy continues, it would be a lot easier to totally comprehend all of this if balloons actually worked this way. If a balloon could magically be filled by having a hole in it, I could demonstrate that one must have an open mind in order to suck in all that is good the world. But never so open that you lose yourself and allow your strengths to seep out."}, {"type": "sentence", "content": "That's when I doze off."}, {"type": "sentence", "content": "Jimmy's out of Fritos and I'm just not in the mood to learn the secrets of the Universe from Bozo and his balloons."}, {"type": "sentence", "content": "\u2192 The \u00dcber Annie-link to all the Annie-links \u2190"}], "topic": "fiction", "uuid": "fa384baa7e69c710102cfc4e808144ad8cf00a7b15606ef1791dce72", "link": "https://psiloveyou.xyz/the-backwards-balloon-55e53b167b82"}