{"title": "The Best Time to Declutter Is Right Before Taking a Trip", "data": [{"type": "sentence", "content": "It begins in the back of your closet. After removing a shirt from its hanger, you shake off the dust and hold it up to the light."}, {"type": "sentence", "content": "You're packing for a trip. The flight leaves tomorrow morning. The weather at your destination is mild, and this long sleeve shirt would be perfect-"}, {"type": "sentence", "content": "-in theory."}, {"type": "sentence", "content": "There's just something about it that's not quite right. Maybe it's the fabric. Maybe it's the color."}, {"type": "sentence", "content": "But if you're not going to wear it now, when did you plan on wearing it?"}, {"type": "sentence", "content": "Never."}, {"type": "sentence", "content": "Your decision not to pack it is a referendum on that shirt. On paper, it's a perfect, casual, long-sleeve shirt. In practice, there are more than five-or ten-long-sleeve shirts you'd pack in its place. When that one shirt doesn't make it into your luggage, then that's all the answers you need."}, {"type": "sentence", "content": "And that's why the best time to declutter is right before taking a trip."}, {"type": "subtitle", "content": "Declutter While Packing"}, {"type": "sentence", "content": "My only suitcase is carry-on sized. Therefore, anything I pack has to be well-thought-out. I end up packing a sort of capsule wardrobe - essential, functional, and each piece matches with the others."}, {"type": "sentence", "content": "Being so, this has always been a good time to figure out what in my closet is the opposite of that: nonessential, nonfunctional, and noncooperative."}, {"type": "sentence", "content": "In other words, when packing for a trip, I figure out what doesn't work for me."}, {"type": "sentence", "content": "Here are some examples:"}, {"type": "sentence", "content": "To be clear, I don't purge a huge pile of items every time. That's great if you do, but don't get discouraged if you don't. Most times I only declutter one or two things. I think of this as \"marinating\" your minimalism-otherwise known as \"taking it slow.\""}, {"type": "sentence", "content": "Minimalism has always been a one-day-at-a-time process for me."}, {"type": "sentence", "content": "And each time, I get stuck on something. I hit a wall and can't decide. That's why I pack another item or two to make a decision while I'm on my vacation."}, {"type": "subtitle", "content": "Trial Period for \"Maybe\" Items"}, {"type": "sentence", "content": "A trip works as a great trial period for something you're not sure about. It's an optimal time to do some testing."}, {"type": "sentence", "content": "Up until the last few years, I rarely decluttered because of decision fatigue. In the midst of my chaotic schedule, the last thing I wanted to do was decide if I should keep a pair of shoes or not."}, {"type": "sentence", "content": "On a vacation though, I have more energy to spare. And less decisions to make overall. More so, if I see an item paired with other essentials I've packed, then that makes the \"keep or toss\" decision easier because it's isolated from the rest of my clutter."}, {"type": "sentence", "content": "Here are some examples of items I trialed:"}, {"type": "sentence", "content": "For clothes I'm uncertain about keeping, I'll pack them within the capsule wardrobe because - theoretically - they should work with the other items. If a piece feels scratchy, doesn't fit right, or I have a \"blah\" feeling about wearing it, then I feel free to leave it at the nearest donation bin."}, {"type": "sentence", "content": "Again, I only pack one or maybe two items I'm unsure about. Remember, decision fatigue is real. Pace yourself."}, {"type": "sentence", "content": "Decluttering begins at the bottom of the drawer. Usually, when packing, we grab the stuff we use every day. We skim off the top. Instead, we should give thought to items that haven't seen the light of day-at least not recently."}, {"type": "sentence", "content": "After all, stuff sits at the back of the closet because it's at the back of our minds. Now is the time to consciously excavate."}, {"type": "sentence", "content": "You can develop the habit of decluttering if you connect it to other routines. And here, packing just makes the most sense. It makes the \"keep or toss\" decision easier. When packing, you're already asking the question, \"what do I need?\""}, {"type": "sentence", "content": "In the end, you may as well kill two birds with one stone and declutter that which you don't need."}], "topic": "travel", "uuid": "fc06035ddac44a43af8fcad05fc9b069b1b75a3a01dce0afbb5d94e6", "link": "https://medium.com/curious/the-best-time-to-declutter-is-right-before-taking-a-trip-764f6796743"}