{
  "title": "Migration",
  "data": [
    {
      "type": "sentence",
      "content": "Cousin Sunny showed them to us at the dinner table, jerking at the neckline of her tie-dye tank top, flashing us the scars that underlined her chest, her nipples bolded with pearl piercings. She'd gone to Taiwan to get them done, and she came back a month later with suitcases full of dried squid and nipples that dribbled egg yolk into our palms. Cousin Sunny was six years older than me, her mother dead years ago from drinking pesticide, and when she first came to live with us, we slept together on the same mattress, her shoulder blades sharpening themselves against mine. We were familied by friction: every night I kneaded her dreams into a shape she could swallow. She used to have nightmares and wet the mattress every night, dressing me in her piss, but she never told me what the dreams were about. Every night I swaddled myself in saran wrap and slept on the edge of the mattress, waking up when she bayed in her sleep, the way hounds do when they've seen something shot. She fetched me the hem of her nightshirt and gnawed it to ribbons. The bedwetting ended when she was fourteen, but by then the mattress was steeped dark as tea, and I slept on the ground instead. She still had nightmares, but instead of wetting herself, she'd trained herself to bite down on the inside of her elbow, puncturing the soft skin there like a bladder. My mother shook her head and bandaged the crook of her arm, saying that Sunny was going to bleed herself out like pork, but I said nothing. Back when she moved in, I missed the nights when I slept alone on my mattress, and my mother said I was selfish, that Sunny and I were sistered now, and if I wanted to complain I could help her bleach the sheets and hang them from the branches of the neighbor's lime tree."
    },
    {
      "type": "sentence",
      "content": "When Sunny turned nineteen, she got a boyfriend. He was twenty-three and co-owned his father's restaurant, the one on the corner where they sold blood tofu by the pound, though the blood turned out to be fake: it was saltwater dyed red and congealed with gelatin. Despite the blood tofu scandal, and the fact that the boyfriend's dick was the width of a chopstick - according to Sunny - she claimed to love him. I know I love him, she told me once, because I would entirely eat him. That's what love is, she told me. You love someone so much you eat them the whole day and carry them forever in your intestines. It's called companionship, she said. I told her it was called cannibalism, but she told me that I was too young to know these things, and besides, I was clearly a lesbian, considering the way I slurped my congee so loudly, slapping my tongue against the surface, denting my spoon flat as a coin."
    },
    {
      "type": "sentence",
      "content": "Sunny left that summer to follow the boyfriend to Taipei, where he was going to meet with a duck-blood supplier. He wanted to make honest blood tofu. My mother drove her to the airport and made her promise that she wouldn't get pregnant. She brought things for Sunny to take onto the flight, but they had to be thrown away in the security line: a sheathed fruitknife, a tin of rat poison, a tub of horse oil. Sunny did not come back pregnant, but the breasts were sudden enough to silence my mother, who finished skinning a silver pear and sat down again. Above us, the ceiling fan stuttered, dicing the flies alive. Wings littered our laps, a winter lace. This is the wrong lighting, Sunny said, I'll show you again in the morning. In the morning, in front of the bathroom sink, I watched Sunny drain her breasts. She said the implants were migrating. I get infected easily, she told me, and swabbed the pus beneath her breasts with a tissue, showing me the thickness of it, enough egg whites for a wedding cake, she said to me laughing. What kind of implants are they, I said, saline? Silicon? And Sunny said she didn't know what they stocked in there, only that it was cheap. At night she rolled over onto her stomach and I heard her breasts crackle beneath her like eggshell, and I wondered what was incubating in her blood. I'll probably get so infected they'll have to cut off my head to keep it from spreading to my brain, Sunny said. Do you remember, ha, when a fishbone threaded through my tongue and it got so swollen I couldn't say anything for a week? Yeah, I said to Sunny, I wouldn't mind if that happened again. Sunny laughed and turned back to the mirror. She batted her breasts, swinging them like bells, their shadows curtaining our shared window. With a silver safety pin, she pierced the bottom of her left breast and tweaked it like a lemon. Some kind of yolk rivered out, pooling in the sink, rinsed down like beads. I asked Sunny how it was possible for her implants to migrate - isn't that what birds did during winter? Sunny laughed and said that was her favorite part about being back in Taiwan, how there was no winter, how nothing needed to seek heat. The heat originated from inside you, and there was no way to shy from your own skin. Over there, she said, your blood lives closer to the surface of your body. Your bones bob up and you have to beat them down again."
    },
    {
      "type": "sentence",
      "content": "I'm supposed to inject them with chickenblood, Sunny said, that's what the surgeon said. I asked what happened to her boyfriend, and why didn't he go out and buy some blood for her. Sunny sheathed her breasts in her tank top and sighed and said, he stayed there. That's what men do. They migrate and don't come back. We laughed, and her breasts buoyed up to the neckline of her shirt. Gross, I said, it's like they're growing wings. They're floating. Sunny pressed them to her chest with her palms and said, that's the problem with new body parts. They don't listen to gravity until they're grown up. For breakfast, Sunny and I ate the dried squid she'd brought back in her suitcase, sitting cross-legged on the carpet of our bedroom and chewing with our least-weakened teeth. I asked Sunny what she'd done on the island, and she said she'd ditched her boyfriend on the second day, the day before the surgery, and gone back to our mothers' hometown. I wanted to say, don't you mean your mother?, but I remembered what my mother said, that I should never remind her that my aunt was dead, and especially that she drank pesticide, or that she was not married when she had cousin Sunny, or that she had breasts no bigger than fists, or that she ate raw scallions every day because someone told her that would make her smart."
    },
    {
      "type": "sentence",
      "content": "Sunny told me that our mothers' hometown was the last place on the entire island to get electricity. Before that, they burned fat. Sunny propped her breasts in her palms and said, I guess if we ever lose electricity again we could burn these! They'd last a decade! See, I did it for the good of the family! I laughed, and Sunny said it was a green place with geese and ducks, shit everywhere, but the good kind, the kind of shit that clings to the tongue like black sugar, that is harvested straight from the night sky, the stars left behind like scars. In that town, Sunny said, everyone is Indigenous and shares their profits equally. The way we should, Sunny said, if we were still a tribe. We would share land, too, she said, and we wouldn't have to pay rent. And we could go anywhere in the world because we'd have the town to come back to, the river like coiled around our wrists like copper wire, the ducks and their green-green sweet shit. Where would we go? I asked Sunny, and she said, south where the fat-ass geese go! I laughed. I said that despite all I'd heard about birds flying south, I didn't see any birds around here, not even the pigeons and crows that used to pluck at the carcasses of stray cats like playing an instrument, eulogizing the body as they swallowed it. Hunger was our only accompaniment."
    },
    {
      "type": "sentence",
      "content": "It's our damn neighbors, Sunny said, those Tsings. It was two summers ago when the Tsings bought a pair of finches for their oldest daughter, a girl who was always being shunted from piano recitals to ink-painting classes and was mummified in velvet and pantyhose. Fake velvet, my mother said. I used to sew those kinds of dresses at the factory and let me tell you, it's just nylon and furry shit. The Tsings didn't realize that because one of the birds was male and the other was female, by the end of summer they had hundreds of finches, a colony of razored wings and orange cheeks. They started releasing the finches from their windows, and Sunny and I used to try to catch them mid-air like confetti, tiny finches the size of our fingerprints. The problem was that zebra finches were not native to our environment, and we started finding their carcasses everywhere, on the street and in the gutters or on top of my mother's 1993 Lexus that she drove every day to the press-on nail factory. If we left the windows open, we found finches floundering in our sinks or eating the oiled hair clotted in our hairbrushes or shitting on our mattresses or pecking nests into the soggy plaster of our walls. Sunny and I had to run around zapping them with an electric flyswatter, and even that was not enough to cull the population. There were a few albino finches that my mother trapped in a colander and attempted to sell to the church as doves-for-hire, good for funerals and weddings alike, but they were too small to be released as ornaments. We scraped finches off our windshield, off our windows, but the corpses were too boney to be eaten, and there was no blood left in their bodies to coagulate into tofu."
    },
    {
      "type": "sentence",
      "content": "That was the same summer that the other birds disappeared. Crows and pigeons and ducks and geese were voted out of the sky, but cousin Sunny and I couldn't decide why. I said it was because the finches were crowding out even the clouds, and the other species were tired of their flight paths getting perforated by thousands of little bullet-birds. Sunny said that the larger birds ate the finches and got poisoned and died, because that was what the Tsings did: they fed poison to their flock in an attempt to cull it, but instead, the finches escaped and were sipped into the bellies of other species. I said that there just wasn't enough territory to share among them, not enough sky to submerge them all, but Sunny said I was thinking like an American, not like our tribe, so I speculated nothing else. She said that the air in our lungs was no one's property, and that's why we always had to give it back."
    },
    {
      "type": "sentence",
      "content": "I missed the ducks and geese the most: newspapers said we weren't supposed to feed them, but Sunny and I used to chase them behind the train tracks, where the creek shriveled like a salted slug and trash hung from the trees like tinsel. We fed them everything we could tow from the mud. A plastic rape whistle, a soda can tab, a quarter-machine ring, a tampon wrapper. Sunny flung a shard of beer glass at one of the white-backed geese, but I told her we weren't supposed to rupture them. The newspapers said that feeding the geese and ducks was banned because if they got too big, they wouldn't be able to fly south in the winter, but Sunny said there wasn't anything bad about that: if we were glued to this ground, they should be too. Nothing in this world should have wings, she told me. We should all be subjected to the same gravity."
    },
    {
      "type": "sentence",
      "content": "Sunny's breasts migrated south to her belly button. They were like the sand bags I watched daily on the Taiwanese news channel: this was the summer our mothers' hometown was flooded skyhigh for months. Sunny was the one who stole the TV set from an ex-boyfriend who used to punch her breasts. Actually, Sunny said, my breasts look the same as they did then. I don't know why he punched only my boobs. I thought they'd slop off my chest. I told him he should punch my stomach, because then at least maybe I'd throw up and lose some weight. How do my hips look? She stood up in front of the TV screen, flicking the light off her bare thighs. I said she looked fine. My mother said that Sunny wasn't pretty, but she had the kind of face that was bordering beauty - you could see it if she stood to your left or right - while my face was dead-on ugly. After she said that, Sunny and I spent nights in front of the mirror, swiveling our faces, bulging our cheeks out, trying to identify which features diverged us from the movie kind of beauty: Sunny said she had an asymmetrical face and nipples. I said I had a chin like a red turtle-cake."
    },
    {
      "type": "sentence",
      "content": "Sunny and I sat on the sofa, listening to the reporter say that our mothers' hometown had lost electricity again. The screen was cracked bad, and the image of the town was blistered like a burnt finger, but we could see the dirt roads breaching their veins, bleeding down the mountain's face. In the sky, the water looked solid as a palm, slapping down on the town and dissolving its slate walls, the white wells, the tin houses leaned against breadfruit trees. This is not what I imagined a flood would look like, I said sideways to Sunny. What did you think it would look like? she said. I don't know, I said, I thought the water would be clean. But this is just mud. Sunny laughed and said this was a typhoon, not some biblical watercolor. You ever been in one? I said of course not. Mud can eat you, she said. It has a mouth. It glides onto you nice and then slips off your skin and wears it for you. Mud glazed the TV screen and dried over it, and after that, we couldn't see what was happening anymore, except that the villages were rafting down the mountain, all of their sandbags spent. The sacks floated after them like a fleet of ducks."
    },
    {
      "type": "sentence",
      "content": "Because there was no more birdwatching in the city, I spied on Sunny's bruise-blurred breasts instead. She was undressing with her back to me, sitting on the mattress, when she turned to the side and I saw the seams of her chest. I remembered she once tried to pierce one of my nipples with a scissor blade, saying it wouldn't hurt at all, but I told her what my mother said: that a woman's breasts belong to her like plucked pears, that they will go bad if the skin is broken, that they are born soft for a baby's gnaw. Sunny laughed at me that night, and then in the morning she said I was lucky, to have a mother who said shit like that, and someday if I was lucky my breasts might grow to be the size of freshwater pearls. I kicked her in the thigh, but Sunny kept laughing."
    },
    {
      "type": "sentence",
      "content": "We stopped watching the flood, but only because we lost the signal and whenever we turned the TV on, we could only hear rain clinking down like earrings. I asked Sunny if it was possible to co-own a disaster, to divvy up the destruction. What the hell are you talking about, she asked me. I said, remember when you told me that all profits are shared among the people? So are all the ruins shared too? What about deaths, are those shared too? Do they mourn together? Sunny didn't answer me. I realized that we had never mourned on her mother's death date, that my mother let it raft by us every summer, that I never even asked what day it'd happened, the pesticide, the swallowing, Sunny flying to us and homing on my mattress. Sunny kneed the TV until the screen shivered, the image graining into sugar. I'll go get the vacuum, she said, even though we didn't have one. I don't know about what you asked, she said while walking away from me. I think some things we own alone."
    },
    {
      "type": "sentence",
      "content": "That night, Sunny kicked me awake, punting me off the mattress. I woke face-down on the carpet, spitting the hair that was flossing my teeth. You're eating your braid again, she said, stop it. I spat again and sat up. Sunny was standing by the window, opening the pane that was silvered with bird-poop stains. I used to think that the stains were stars, that somehow our window was a telescope, enlarging the night so that we could see its pores, the good grease of its light. I thought we were neighbors to the moon. But it was Sunny who told me it was just shit."
    },
    {
      "type": "sentence",
      "content": "In the gravy-thick moonlight, Sunny stripped off her tank top. Her breasts swung out, feathered with hair that looked white in this light. Stop, I said, someone will see you, but I was the only one in the room. There were bruises on her breasts, tiny as if they'd been made by rain or pecked by a beak, and I wondered if I'd been batting them in my sleep, elbowing her like I used to. But all I dreamed about now was the flood on TV, how they showed a shot of birds slathering the screen, fleeing the trees that were trying to hold their heads above the water. Where do they go, I'd asked Sunny, and she said I shouldn't be worried about the damn birds. They had the sky to house them, and nothing could ever flood that high. It was the people I should worry about. You're right, I said, and didn't ask anymore."
    },
    {
      "type": "sentence",
      "content": "The window gaped open. Sunny stood bare-chested in front of it, and from the side I could see the threads beneath her breasts, the zippers studding her skin. She reached beneath each breast, fondling for a seam, and unclasped herself like a coin purse. Opened from the bottom, her breasts let out light, flashing their gems of fat. Inside, I could hear something flapping. Her breasts writhed in the dim light, clenching like fists. You can come out now, Sunny said. It's time. Yolk webbed her fingers, flooding gold down her belly. Sunny turned to me and said today was the day her mother died. I stood up and walked to the window, standing beside her, and watched as blue-black birds edged out of her breasts, threading out the window, struggling to free their gummed-up wings as they knifed into the night. They hummed inside me like eggs, she told me, and I was afraid I was going to break them too bad. But look how I've pinned them to a beginning. Look, she said, and I did. Her newborn birds slicked up the sky. I listened with all my blood, asking where they were going and if they could carry us. Beside me, Sunny unknotted her breasts and let them sway in the night air, wind ruffling the loose scarves of her skin, raising them into wings."
    },
    {
      "type": "sentence",
      "content": "K-Ming Chang/ \u5f35\u6b23\u660e is a Kundiman fellow, a Lambda Literary Award finalist, and a National Book Foundation 5 Under 35 honoree. Her debut novel Bestiary (One World/Random House, 2020) was longlisted for the Center for Fiction First Novel Prize and named a New York Times Book Review Editors' Choice. Her micro-chapbook BONE HOUSE, a queer retelling of Wuthering Heights, is forthcoming from Bull City Press in 2021, and her short story collection, RESIDENT ALIENS, is forthcoming from One World. https://www.kmingchang.com/"
    }
  ],
  "topic": "fiction",
  "uuid": "fc5fa07d2e2009dc1037771dddc12446a56409de791a60ce0fcec5b3",
  "link": "https://arcturus.chireviewofbooks.com/migration-829aa40965f4"
}
