{"title": "For the Sake of Their Kids Education: Iznik", "data": [{"type": "image", "content": "https://miro.medium.com/max/2800/1*ADVbH7ys3lh0v4iK7ZaCZQ.png"}, {"type": "sentence", "content": "Since having a stroke in December of 2018, Adem O\u0308ner let his wife P\u0131rlanta O\u0308ner take the reins of their restaurant Iznik which they opened in 1989. While he is still mostly resting at his home in Islington, he agreed to meet me at his restaurant on the bustling streets of Highbury - right across from Mrs Lovell's Greengrocer and La Fromagerie. O\u0308ner was waiting for me at the back table near the kitchen, his cane next to him. I walked to the back noticing the magenta brick walls that surprisingly worked with the rest of the decoration that included an abundance of mosaic lamps, a photo of Mustafa Kemal Atatu\u0308rk, portraits of Sultans from the Ottoman Empire, evil eyes and Iznik tiles."}, {"type": "sentence", "content": "His wife was prepping the kitchen for lunch and O\u0308ner eagerly started telling me his story without me asking a question to start with. His life, similar to O\u0308ner, was one of hardship. The difference, however, was that while O\u0308ner's life back in Turkey was difficult, O\u0308ner's life in London had proven to be more challenging. He was born in Ordu, the port city on the Black Sea coast of Turkey. He immigrated to the capital, Ankara, when he was 9 because his father was murdered in prison due to a vendetta that he did not go into detail as tears started streaming down his face. His mom, scared that they could be next decided it would be the safest idea to go to the capital and stay with family. He stayed in Ankara for 25 years, studied economy and finance and worked at the General Directorate of Highways in Ankara. He met his wife, P\u0131rlanta, at an engagement party."}, {"type": "sentence", "content": "They were happy. O\u0308ner was getting paid a respectable amount and his wife, who could not work in Turkey because she was a Cypriot, was finishing her degree in math. However, after a while his mother started treating O\u0308ner's wife badly. He told me with some sadness in his voice that although his mother was an amazing person, after he got married, she turned into a different person. He described her behavior as \"\u200btats\u0131z\u200b,\" without flavor or tasteless. His father-in-law decided that the best solution would be to move abroad, so they sold everything they had in Turkey. He recalls that they arrived in London with 300 pounds and that it was a difficult journey with their 10-month old son. They arrived as tourists and sought solace in their family members who lived here."}, {"type": "sentence", "content": "However conditions were rough. Although he was a college graduate, he needed to work at very low-paying jobs and worked illegally in the beginning. He told me that it was extremely jarring - the fear of getting caught was a daily worry. He always believed that with language classes and some luck he would get to stay, saying \"\u200bKervan yolda du\u0308zu\u0308lu\u0308r\"\u200b which is an idiom that means you can face things as they come first as O\u0308ner was scammed. While he thought he was applying for a visa, his money was taken, the government learned about his status and he was deported. Through connections in Turkey, he was appointed to the Turkish Embassy in London and he finally had \"immunity,\" as he puts it. He tells me how he did not have to follow traffic rules because he had a diplomatic license plate - he quickly tells me that he always abides by them but if he wanted to break them, he could. Things were looking up for O\u0308ner, his two sons were going to private school at Highgate and his wife was working in a sewing factory."}, {"type": "sentence", "content": "Iznik used to be a greasy spoon that O\u0308ner tells me people would not walk past by - they would cross the street. The place was on sale by an Italian man that he describes as \"sticky, unreliable, fraudulent and slippery like soap.\" They bought it because it was in horrible condition but cheap. The reason they opened a restaurant was so they could afford living in London and make sure their kids get the good education they deserve. He started out by serving British fare but the people living around the neighborhood pushed him to serve Turkish food."}, {"type": "sentence", "content": "So they switched the menu to traditional Turkish food. They call the restaurant Iznik because \"it is a very important location both for our culture and Christian culture.\" One of his dreams after opening up the restaurant was to host one of the Sabanc\u0131's, a very prominent and rooted family in Turkey, and feed them \u200bmant\u0131. His dream became a reality when S\u0327evket Sabanc\u0131, his wife Hay\u0131rl\u0131 Sabanc\u0131 and his friends came for a meal one day. He served them mant\u0131, which was a brave choice because the family is from the mant\u0131\u200b capital of Turkey, Kayseri."}, {"type": "sentence", "content": "After he got a liquor license, the restaurant became very popular especially among foreigners - O\u0308ner tells me that Turks rarely come to this restaurant. While after his stroke, business has been a little slow, he is confident that things will start to pick up again. When I ask him if it was all worth it, I notice tears streaming down his face again. It is clear how difficult it has been for O\u0308ner and his family to leave their country and start a new life in London. No matter how much time passes, the longing he has for Turkey stings the same."}], "topic": "travel", "uuid": "feb75851f6707c9c65a0738dfab93e8ad226618236509d044a891e97", "link": "https://medium.com/curious/for-the-sake-of-their-kids-education-iznik-3b90dff58529"}