{"title": "Salt and Vinegar", "data": [{"type": "sentence", "content": "The magazine on the coffee table has been on page six for over a decade now. It\u2019s been frozen in time using the chips clip that once bound the bag of salt and vinegar chips in the pantry, one bag a week. Dave, setting out every Sunday morning between eight and nine, would always pull one bag off the shelf for his wife, Anne. The infernal things, he couldn\u2019t quite understand the appeal. They burned on his tongue but she devoured them like candy."}, {"type": "sentence", "content": "Page six always brought him a smile, reminded him of a time when everything felt the way it was supposed to \u2014 Dave didn\u2019t have any doubts about his life, or any wishes for things to change even the slightest. For Dave, a perfect evening always consisted of an iced-tea, sweetened, alongside Anne, hers unsweetened, on their back deck as they watched the sun sink below the neighbors treeline."}, {"type": "sentence", "content": "\u201cCotton candy sky in the morning,\u201d said Anne, one warm evening in April, \u201cand caramel apple at night.\u201d"}, {"type": "sentence", "content": "\u201cNature,\u201d said Dave, exhaling after popping his lips following a sip, \u201csure is sweet.\u201d"}, {"type": "sentence", "content": "They both held their bellies in laughter."}, {"type": "sentence", "content": "The day the reporter, as Dave referred to him as, arrived was unusually cold for May. It was a Tuesday afternoon and the reporter had taken an extended lunch break from his day job in order to visit. When Dave answered the door he was half expecting to see a grown man, thick framed glasses, a collared shirt, perhaps a laptop tucked under one arm and a briefcase in the other. Instead he gestured in a young man, no older than twenty, who wore no glasses and had his hair tied up into a bun."}, {"type": "sentence", "content": "The reporter removed his shoes without being asked, which pleased Dave, and added them to the small collection on the rug in the foyer. Instead of a laptop the reporter only had a composition notebook and a pen behind his ear. As the made his way into the kitchen he removed his light jacket and placed it over a chair at the table, then removed something from the coat\u2019s inner pocket and placed it beside the bowl of fruit at the table\u2019s center."}, {"type": "sentence", "content": "\u201cWhat\u2019s that?\u201d asked Dave."}, {"type": "sentence", "content": "\u201cA recorder, in case my notes aren\u2019t too good.\u201d"}, {"type": "sentence", "content": "Dave smiled and gave a slight chuckle. He then called out to Anne, who\u2019d been in the other room reading."}, {"type": "sentence", "content": "\u201cAlmost finished with this chapter!\u201d she replied."}, {"type": "sentence", "content": "\u201cSo,\u201d said the reporter, \u201chow do you know the magazine\u2019s editor Mary?\u201d"}, {"type": "sentence", "content": "\u201cI went to school with her mother, actually bumped into her the other day at the store. I was scanning the aisle for Anne\u2019s chips and noticed Mary had taken the last bag.\u201d Dave smirked. \u201cI almost got down on hands and knees to beg her for it. We got to talking, and then this all transpired.\u201d"}, {"type": "sentence", "content": "\u201cWell I\u2019m excited to hear the whole story,\u201d said the reporter."}, {"type": "sentence", "content": "Anne emerged from the living room, a huge grin on her face."}, {"type": "sentence", "content": "\u201cYou won\u2019t believe who the culprit is,\u201d she said to Dave. \u201cMy bookmark is a few chapters ahead of yours but you\u2019ll have to read a bit after dinner so we can talk about it.\u201d She turned her attention to the reporter. \u201cPleasure to meet you.\u201d"}, {"type": "sentence", "content": "When they were all situated at the table, and the red light was blinking on the recorder, Dave and Anne nestled into the story of how they met."}, {"type": "sentence", "content": "\u201cHow old were we?\u201d asked Anne. \u201cI must\u2019ve been twenty, you\u2019re five years older so you were\u2026\u201d"}, {"type": "sentence", "content": "\u201cTwenty-five,\u201d continued Dave, \u201cand our parents had been trying to set us up since we were teenagers, we\u2019d gone to the same church you see,\u201d he said as he pushed his face towards the recorder. \u201cAnd we\u2019d seen each other in passing, talked briefly here or there, but we\u2019d gone to different schools.\u201d"}, {"type": "sentence", "content": "\u201cWhenever I was single he\u2019d be dating someone and vice-versa. It drove our parents crazy.\u201d"}, {"type": "sentence", "content": "\u201cThen one day, I think I\u2019d skipped breakfast and just grabbed something on the way out,\u201d Dave stroked his chin and looked up to the popcorn ceiling for the memory. \u201cI had a bag of chips I was eating outside the church. I didn\u2019t want to bring them in so I was eating in a bit of a hurry, and it was tough because they tasted quite terrible.\u201d"}, {"type": "sentence", "content": "\u201cI saw him eating,\u201d said Anne. \u201cHis face was twisted into knots after each bite, it was hysterical. I was walking in with my parents when I noticed the bag and asked him for a chip. They were my favorite\u2026\u201d"}, {"type": "sentence", "content": "\u201cSalt and vinegar,\u201d said Dave, \u201cand she helped me finish the bag so we could go in. That was the first time we\u2019d really spoken to each other, aside from the polite how-do-you-dos. Both our usual spots had been filled in, so we sat together and ended up going out for drinks afterwards, well, tea.\u201d"}, {"type": "sentence", "content": "\u201cHe takes his extra sweet,\u201d said Anne, wrapping her fingers around her husband\u2019s wrist, \u201cand I like mine just as nature intended.\u201d"}, {"type": "sentence", "content": "\u201cShe likes it to taste like sewer water.\u201d Dave threw his head back and cackled."}, {"type": "sentence", "content": "\u201cAt lease he has good taste in women,\u201d added Anne."}, {"type": "sentence", "content": "The photographer stopped by the day after they\u2019d told their story to the reporter. She snapped a few pictures, and that was it, she was in and out in less than ten minutes. Dave couldn\u2019t contain himself, he felt like a celebrity, and couldn\u2019t believe their little memory would make its way into print."}, {"type": "sentence", "content": "The magazine was bi-monthly, so they waited until July for the issue to turn up at the grocery store. Dave placed it into his cart, right alongside Anne\u2019s chips. When he arrived home he read it aloud and watched his wife revel in the memories of their meeting. He displayed it on the coffee table, the cover becoming crinkled as he\u2019d push it on anyone who\u2019d visit to check out page six."}, {"type": "sentence", "content": "As the years went on, and Anne resided somewhere beyond the popcorn ceiling, he used the bright green chip clip, the one he\u2019d always see in use in the pantry, to leave page six open, on display for everyone to see, where he could always be reminded day after day of how he\u2019d managed to be so lucky, and the greatest breakfast he\u2019d ever had."}]}