{"title": "The Leadership Attributes Associated with Successful Leaders", "data": [{"type": "sentence", "content": "After a decade of studying leadership theories, attributes associated with individual leaders, the following traits and skills tend to be consistent across each study:"}, {"type": "sentence", "content": "The article will explore the validity of traits as a predictor for success."}, {"type": "subtitle", "content": "Personality Traits"}, {"type": "sentence", "content": "Specific personality traits commonly discussed in research studies cover the following:"}, {"type": "subtitle", "content": "Self Confidence"}, {"type": "sentence", "content": "Considered to include related themes such as self-esteem and self-efficacy. Leaders with higher levels of self-confidence are:"}, {"type": "subtitle", "content": "High Energy and Stress Tolerance"}, {"type": "sentence", "content": "Trait research shows that energy levels, physical stamina, and stress tolerance are associated with effectiveness. They are relevant in situations such as:"}, {"type": "subtitle", "content": "Power Motivation"}, {"type": "sentence", "content": "Someone with a high need for power enjoys influencing people and events. They are more likely to seek positions of authority, pointing to a strong relationship between the need for power and career advancement."}, {"type": "sentence", "content": "Need for power is categories as socialized power and personalized power with the following characteristics:"}, {"type": "subtitle", "content": "Narcissism"}, {"type": "sentence", "content": "Narcissism is a personality syndrome with several traits associated with effective leadership such as a strong need for esteem, attention, and status."}, {"type": "sentence", "content": "The characteristics of these leaders are:"}, {"type": "sentence", "content": "There are some benefits where leaders with these attributes will mobilize and lead bold projects and strongly deal with severe threats."}, {"type": "subtitle", "content": "Emotional Maturity"}, {"type": "sentence", "content": "The term emotional maturity encompasses a number of motives and values. Characteristics of an emotionally mature person include:"}, {"type": "sentence", "content": "Research shows that emotional maturity is linked to managerial effectiveness and advancement."}, {"type": "subtitle", "content": "Internal Locus of Control"}, {"type": "sentence", "content": "People with a strong locus of control orientation believe they can control situations and outcomes through action. People with a low orientation believe events are random, by chance or fate and their actions have little or no effect."}, {"type": "sentence", "content": "Research shows a correlation with \u2018Internal\u2019 and managerial effectiveness, with the following characteristics"}, {"type": "sentence", "content": "Research also shows there is a stronger relationship to the effectiveness of dynamic firms where the requirement for product innovation is high."}, {"type": "subtitle", "content": "Personal Integrity"}, {"type": "sentence", "content": "Integrity in the context of business behavior is in line with espoused values, that a person is honest, ethical, and trustworthy. Characteristics of high integrity in leaders include:"}, {"type": "sentence", "content": "Low integrity is linked to career derailment while high Integrity linked to growth and advancement"}, {"type": "subtitle", "content": "Achievement Orientation"}, {"type": "sentence", "content": "Achievement orientation is grounded in personal needs. There is some debate as to its impact on effectiveness, but most studies do find a link between high achievement orientation and effectiveness."}, {"type": "sentence", "content": "Those with high achievement orientations more likely to:"}, {"type": "sentence", "content": "Effectiveness linked to power orientation, achievement orientation is more effective if grounded in socialized power orientation."}, {"type": "sentence", "content": "That said, it may be destructive, counterproductive if driven by personalized power orientation."}, {"type": "subtitle", "content": "Need for Affiliation"}, {"type": "sentence", "content": "People with a high need for affiliation feel great satisfaction from being liked and accepted."}, {"type": "sentence", "content": "There is a low correlation between a high need for affiliation and managerial effectiveness. People with a high need for affiliation tend to:"}, {"type": "sentence", "content": "Low need for affiliation:"}, {"type": "sentence", "content": "Too low a need for affiliation can be negative as it can cause individuals to fail to develop interpersonal skills."}, {"type": "subtitle", "content": "Link to Big 5 Personality Types"}, {"type": "sentence", "content": "There is some debate on the link of attributes with the Big 5 Personality traits, mostly confused by terms, taxonomies, so more research is required."}, {"type": "subtitle", "content": "Skills for Effective Leaders"}, {"type": "sentence", "content": "Three skillful areas required for effective leaders are:"}, {"type": "sentence", "content": "\u21161 ~ Technical Skills \u2014 Important at lower-level management, whereby knowledge of organization technologies, methods, structures, and processes is more relevant."}, {"type": "sentence", "content": "Technical skills are also important for the supervision of subordinates and knowledge of competitor\u2019s products."}, {"type": "sentence", "content": "Technical skills are common in entrepreneurial managers and their competencies can feed innovation initiatives."}, {"type": "sentence", "content": "Technical skills can change over a manager's career."}, {"type": "sentence", "content": "\u21162 ~ Interpersonal Skills \u2014 This is knowledge of human behavior, group processes and the ability to interpret the feelings and motivation of others."}, {"type": "sentence", "content": "Specific aptitudes Include:"}, {"type": "sentence", "content": "These skills can:"}, {"type": "sentence", "content": "\u21163 ~ Conceptual Skills \u2014 These consist of:"}, {"type": "sentence", "content": "Refined cognitive agility enables those with such skills to see patterns and inter-relationships in complex working environments."}, {"type": "sentence", "content": "The phrase \u201cCharming but not brilliant\u201d relates to managers with strong technical and interpersonal skills but a lack of conceptual skills."}, {"type": "subtitle", "content": "Managerial Competencies"}, {"type": "sentence", "content": "Such competencies are considered to be a combination of skills, behaviors, and traits. They include:"}, {"type": "sentence", "content": "\u21161 ~ Emotional Intelligence \u2014 Includes soft-skills like:"}, {"type": "sentence", "content": "Emotional Intelligence is relevant in the following areas:"}, {"type": "sentence", "content": "There is some controversy on emotional intelligence with critics claiming that it simply bundles known traits and skills, adding no new insights on effective leadership."}, {"type": "sentence", "content": "\u21162 ~ Social Intelligence \u2014 Is the ability to determine the right leadership approach in a certain situation by selecting the appropriate response."}, {"type": "sentence", "content": "A core ability here is social perception \u2014 the awareness to understand the needs, challenges, and opportunities facing an individual or group."}, {"type": "sentence", "content": "\u21163 ~ Learning Ability \u2014 Lifelong learning is woven into the modern business world, requiring leaders who can:"}, {"type": "sentence", "content": "Relevant traits are:"}, {"type": "sentence", "content": "Leaders with these traits tend to be:"}, {"type": "subtitle", "content": "Situational Relevance"}, {"type": "sentence", "content": "Leaders need many skills but specific skill selection is situation-dependent, such as:"}, {"type": "subtitle", "content": "Technical Skills"}, {"type": "sentence", "content": "As touched on above, the requirement for technical skills can change over a manager's career."}, {"type": "sentence", "content": "Technical skills are the highest importance at the beginning of the career followed by interpersonal skills and then conceptual skills."}, {"type": "sentence", "content": "As a manager progresses into leadership the importance of skills inverts \u2014 conceptual skills and interpersonal skills becomes more important than technical skills."}, {"type": "subtitle", "content": "Type of Organization"}, {"type": "sentence", "content": "An interesting question about leadership skills is how transferable they are."}, {"type": "sentence", "content": "There is a general agreement in research that they are not transferable to other functions or organizations at a lower level. With less agreement and more debate at higher levels with the following considerations:"}, {"type": "subtitle", "content": "External Environment"}, {"type": "sentence", "content": "Theories suggest that the skills required are relevant to the environment and status of the organization. Some examples include:"}, {"type": "sentence", "content": "Premium skills identified in research for dealing with these situations include:"}, {"type": "subtitle", "content": "Final Thoughts"}, {"type": "sentence", "content": "There\u2019s a lot of \u2018dense\u2019 material on this topic with cross-reference between terms and interpretations commonplace."}, {"type": "sentence", "content": "Research is hindered by methodology and some conceptual weaknesses:"}, {"type": "sentence", "content": "Research repeats a lot too, which is perhaps indicative of the variation and complexity associated with trait theory."}, {"type": "sentence", "content": "That said, to distill a few simple takeaways, my recommendations for managers and future leaders are:"}, {"type": "sentence", "content": "If you\u2019re hungry for more, there\u2019s a selection of articles in the piece below:"}]}