{"title": "A practical template to develop Augmented Reality ideas", "data": [{"type": "sentence", "content": "The use of Augmented Reality (AR) is getting increasingly popular for a variety of activities, such as marketing campaigns and brand activations. This is due to more smartphones being AR-compatible as well as a number of easy to use software applications that help simplify AR development. Most importantly, it provides a new and exciting way for the public to interact with a brand."}, {"type": "sentence", "content": "My first entry point into AR is when I was at Google designing AR experiences to delight users. There I was introduced to the limitless potential of AR and I was so fascinated by this momentarily glimpse into the future. In my experience designing and developing AR experiences for a number of different clients (commercial and non-commercial), agencies and for my own personal projects, I find myself doodling in my sketchbook, using random arrows to connect things and creating diagrams only I could understand. Hence, I was inspired to create a template to help communicate the AR experience and focusing on how the users can interact with it."}, {"type": "sentence", "content": "This is the template I\u2019ve come up with:"}, {"type": "subtitle", "content": "The purpose of this template"}, {"type": "subtitle", "content": "How to use the template"}, {"type": "sentence", "content": "Step 1: Write your project name and goals"}, {"type": "image", "content": "https://miro.medium.com/max/7016/1*9yvFq68Msoyoc0-pYwiZLA.jpeg"}, {"type": "sentence", "content": "It\u2019ll be great to determine a project goal to stay on track with what you\u2019re building or be reminded of your intentions for this AR work."}, {"type": "sentence", "content": "Goals such as:"}, {"type": "sentence", "content": "Step 2: \u201cWhen this happens\u201d"}, {"type": "image", "content": "https://miro.medium.com/max/7016/1*DnqO6KMjS3MVBgdaadwS6g.jpeg"}, {"type": "sentence", "content": "This is when the AR app is launched and the camera feed is on. What do you want the user to do first?"}, {"type": "sentence", "content": "Examples such as:"}, {"type": "sentence", "content": "Step 3: \u201cThis will happen\u201d"}, {"type": "image", "content": "https://miro.medium.com/max/7016/1*jorxf0OO95DyQ0VL13lBYA.jpeg"}, {"type": "sentence", "content": "This is where the main AR magic happens. What do you want it to do after the users have done step 2?"}, {"type": "sentence", "content": "There is a lot of inspiration or campaigns companies have done online to get some ideas flowing, I recommend checking out award-winning AR/VR advertising experiences like this. I also added an asset, animation and sound checklist next to it to communicate a clearer idea of how the experience will shape up."}, {"type": "sentence", "content": "Step 4: The \u201cTransition\u201d"}, {"type": "image", "content": "https://miro.medium.com/max/7016/1*D4n2gqAWmPJDdilCbrcD4w.jpeg"}, {"type": "sentence", "content": "\u201cTransition\u201d means the thing that is going to happen once the user activates the AR experience."}, {"type": "sentence", "content": "Examples of transitions:"}, {"type": "sentence", "content": "This is optional or you can simply put \u201cAutomatic\u201d. I put it there because it is the user\u2019s first touchpoint with the AR experience and it could be a surprising or delightful experience if done well. Secondly, not a majority of people are used to AR experiences and it\u2019ll be great to have more of an onboarding experience."}, {"type": "sentence", "content": "Step 5: The \u201cContent\u201d and \u201cInteraction\u201d"}, {"type": "image", "content": "https://miro.medium.com/max/7016/1*GEbUvxHhE_PkMh-PjqyG-Q.jpeg"}, {"type": "sentence", "content": "\u201cContent\u201d means information that will be displayed in your AR experiences. This could tie in with your project goals written above. For example, if your project goal is to educate the public about recycling, the content can be about practical ways to recycle."}, {"type": "sentence", "content": "\u201cInteraction\u201d means the actions that the users would need to do to fully access the AR experience."}, {"type": "sentence", "content": "Examples of interactions:"}, {"type": "sentence", "content": "Both of these are optional depending on the experiences you\u2019d like to produce. I\u2019ve added a dot at the side in case you\u2019d like to link it up to an element you\u2019ve sketched to avoid excessive text on your drawing."}, {"type": "subtitle", "content": "Testing the template"}, {"type": "sentence", "content": "I\u2019ve tested this template with a group of designers where they were required to propose and present new AR experiences. To provide more examples, I\u2019ve chosen a few AR projects out there and tried to use the template to communicate it."}, {"type": "sentence", "content": "Example 1: United State Postal Service\u2019s 2014 Holiday AR Campaign"}, {"type": "sentence", "content": "United States postal service made gift giving a more magical experience in their AR marketing holiday campaign. Customers are able to scan their mail and mailboxes outdoor and they would be surprised with a festive holiday animation through a mobile app."}, {"type": "sentence", "content": "Applying the idea with the template:"}, {"type": "image", "content": "https://miro.medium.com/max/14032/1*NHz-BhiIkk14x4yA3g2s8w.jpeg"}, {"type": "sentence", "content": "Example 2: OpalAR, AR in public transportation"}, {"type": "sentence", "content": "OpalAR is my personal project (shameless plug!) of using an Opal card (Sydney\u2019s transport card) to bring up Sydney\u2019s train map with AR, inspired by times when I needed to see a train map to check where I am going but there\u2019s none around. I\u2019m putting it here because I want to show a variety of AR experiences that is not necessarily for marketing purposes."}, {"type": "sentence", "content": "Applying the idea with the template:"}, {"type": "image", "content": "https://miro.medium.com/max/14032/1*CBbCYeMWM1MThfnGAuKdXw.jpeg"}, {"type": "sentence", "content": "Example 3: Absolut Vodka\u2019s AR App"}, {"type": "sentence", "content": "Absolut Vodka used a label tied on their signature bottle to show interactive images of locations in which Absolut cultivates the necessary ingredients to make their vodka through a mobile app. At the back of the label, they showed recipe ideas too."}, {"type": "sentence", "content": "Applying the idea with the template:"}, {"type": "image", "content": "https://miro.medium.com/max/14032/1*R0FoH1k6kKL4Dp5BbkvUoA.jpeg"}, {"type": "sentence", "content": "The graphics of the locations they showed in AR might look 3D but they are actually 2D planes with spacing between them, a neat trick if you want to achieve a 3D look without the complexity of it!"}, {"type": "subtitle", "content": "Taking it further"}, {"type": "sentence", "content": "This template is for the ideation stage of an AR experience. With this template, it also helps to determine the skills you need to execute it like a 3D designer, animator, specialised developer or sound composer."}, {"type": "sentence", "content": "Download the PDF template here"}, {"type": "sentence", "content": "I hope this template helps you in generating ideas, planning or pitching AR experiences to others! If you\u2019ve used it, I would love to know what you think or feel free to drop me a message if you have any feedback!"}, {"type": "sentence", "content": "Hi, I\u2019m Sarah Tan and I am a Visual Designer based in Sydney, I mainly do product design, graphic design, illustration and AR experiments. Check out more about my work or connect with me on LinkedIn and Instagram. If you would like to support me, buy me a coffee!"}]}