{"title": "Our Favorite Stories About the Wacky Things We Do in Isolation", "data": [{"type": "image", "content": "https://miro.medium.com/max/4800/1*UDHXU8EtTphtyd1rBlf5xg.jpeg"}, {"type": "sentence", "content": "Each week on Medium Rare, I\u2019ll be sharing stories you might have missed that are definitely worth a second look. Got a suggestion for a piece we should feature? Pop it in the responses below!"}, {"type": "subtitle", "content": "\u2018If we return to normal, we\u2019re screwed\u2019"}, {"type": "sentence", "content": "Candace Hollingsworth, mayor of Hyattsville, Maryland, cuts through the bullshit about what we really mean when we cheer on a \u201creturn to normal.\u201d Though she\u2019s sympathetic to calls to return to the era of BC (Before Coronavirus), she also says we should stop and think about it for a sec:"}]}